ID_MARK,brand,country,model
ABARTH,Abarth,IT,124 Spider
ABARTH,Abarth,IT,500
ABARTH,Abarth,IT,600e
AC,AC,GB,378 GT Zagato
AC,AC,GB,Ace
AC,AC,GB,Aceca
AC,AC,GB,Cobra
AC,AC,GB,Cobra GT
ACURA,Acura,JP,ADX
ACURA,Acura,JP,CDX
ACURA,Acura,JP,CL
ACURA,Acura,JP,CSX
ACURA,Acura,JP,EL
ACURA,Acura,JP,ILX
ACURA,Acura,JP,Integra
ACURA,Acura,JP,Legend
ACURA,Acura,JP,MDX
ACURA,Acura,JP,NSX
ACURA,Acura,JP,RDX
ACURA,Acura,JP,RL
ACURA,Acura,JP,RLX
ACURA,Acura,JP,RSX
ACURA,Acura,JP,SLX
ACURA,Acura,JP,TL
ACURA,Acura,JP,TLX
ACURA,Acura,JP,TSX
ACURA,Acura,JP,ZDX
ADAM,Adam,PK,Revo
ADLER,Adler,DE,Diplomat
ADLER,Adler,DE,Trumpf Junior
AION,GAC Aion,CN,Hyptec GT (Hyper GT)
AION,GAC Aion,CN,Hyptec HT (Hyper HT)
AION,GAC Aion,CN,Hyptec SSR (Hyper SSR)
AION,GAC Aion,CN,Hyptec HL
AION,GAC Aion,CN,LX
AION,GAC Aion,CN,LX Plus
AION,GAC Aion,CN,RT
AION,GAC Aion,CN,S
AION,GAC Aion,CN,S Plus
AION,GAC Aion,CN,UT
AION,GAC Aion,CN,V
AION,GAC Aion,CN,Y
AION,GAC Aion,CN,Y Plus
AITO,Aito,CN,M5
AITO,Aito,CN,M7
AITO,Aito,CN,M8
AITO,Aito,CN,M9
AIWAYS,Aiways,CN,U5
AIWAYS,Aiways,CN,U6
AIXAM,Aixam,FR,500
ALFA_ROMEO,Alfa Romeo,IT,105/115
ALFA_ROMEO,Alfa Romeo,IT,145
ALFA_ROMEO,Alfa Romeo,IT,146
ALFA_ROMEO,Alfa Romeo,IT,147
ALFA_ROMEO,Alfa Romeo,IT,155
ALFA_ROMEO,Alfa Romeo,IT,156
ALFA_ROMEO,Alfa Romeo,IT,159
ALFA_ROMEO,Alfa Romeo,IT,164
ALFA_ROMEO,Alfa Romeo,IT,166
ALFA_ROMEO,Alfa Romeo,IT,1900
ALFA_ROMEO,Alfa Romeo,IT,2600
ALFA_ROMEO,Alfa Romeo,IT,33
ALFA_ROMEO,Alfa Romeo,IT,33 Stradale
ALFA_ROMEO,Alfa Romeo,IT,4C
ALFA_ROMEO,Alfa Romeo,IT,6
ALFA_ROMEO,Alfa Romeo,IT,6C
ALFA_ROMEO,Alfa Romeo,IT,75
ALFA_ROMEO,Alfa Romeo,IT,8C Competizione
ALFA_ROMEO,Alfa Romeo,IT,90
ALFA_ROMEO,Alfa Romeo,IT,Alfasud
ALFA_ROMEO,Alfa Romeo,IT,Alfetta
ALFA_ROMEO,Alfa Romeo,IT,Arna
ALFA_ROMEO,Alfa Romeo,IT,Brera
ALFA_ROMEO,Alfa Romeo,IT,Disco Volante
ALFA_ROMEO,Alfa Romeo,IT,Giulia
ALFA_ROMEO,Alfa Romeo,IT,Giulietta
ALFA_ROMEO,Alfa Romeo,IT,GT
ALFA_ROMEO,Alfa Romeo,IT,GTA Coupe
ALFA_ROMEO,Alfa Romeo,IT,GTV
ALFA_ROMEO,Alfa Romeo,IT,Junior
ALFA_ROMEO,Alfa Romeo,IT,MiTo
ALFA_ROMEO,Alfa Romeo,IT,Montreal
ALFA_ROMEO,Alfa Romeo,IT,RZ
ALFA_ROMEO,Alfa Romeo,IT,Spider
ALFA_ROMEO,Alfa Romeo,IT,Sprint
ALFA_ROMEO,Alfa Romeo,IT,Stelvio
ALFA_ROMEO,Alfa Romeo,IT,SZ
ALFA_ROMEO,Alfa Romeo,IT,Tonale
ALPINA,Alpina,DE,B10
ALPINA,Alpina,DE,B11
ALPINA,Alpina,DE,B12
ALPINA,Alpina,DE,B3
ALPINA,Alpina,DE,B4
ALPINA,Alpina,DE,B5
ALPINA,Alpina,DE,B6
ALPINA,Alpina,DE,B7
ALPINA,Alpina,DE,B8
ALPINA,Alpina,DE,B9
ALPINA,Alpina,DE,C1
ALPINA,Alpina,DE,C2
ALPINA,Alpina,DE,D10
ALPINA,Alpina,DE,D3
ALPINA,Alpina,DE,D4
ALPINA,Alpina,DE,D5
ALPINA,Alpina,DE,Roadster
ALPINA,Alpina,DE,XB7
ALPINA,Alpina,DE,XD3
ALPINA,Alpina,DE,XD4
ALPINE,Alpine,FR,A110
ALPINE,Alpine,FR,A290
ALPINE,Alpine,FR,A310
ALPINE,Alpine,FR,A390
ALPINE,Alpine,FR,A610
ALPINE,Alpine,FR,GTA
AMBERAUTO,Амберавто,RU,А5
AMBERTRUCK,Ambertruck,RU,Work
AMC,AMC,US,Eagle
AMC,AMC,US,Gremlin
AMC,AMC,US,Hornet
AMC,AMC,US,Matador
AMC,AMC,US,Rambler Ambassador
AMC,AMC,US,Rambler Classic
AM_GENERAL,AM General,US,HMMWV (Humvee)
APAL,Apal,RU,21541 Stalker
ARCFOX,Arcfox,CN,Alpha S
ARCFOX,Arcfox,CN,Alpha S5
ARCFOX,Arcfox,CN,Alpha T
ARCFOX,Arcfox,CN,Kaola
ARIEL,Ariel,GB,Atom
ARIEL,Ariel,GB,Nomad
ARO,Aro,RO,10
ARO,Aro,RO,24
ASIA,Asia,KR,Retona
ASIA,Asia,KR,Rocsta
ASIA,Asia,KR,Topic
ASIA,Asia,KR,Towner
ASTON_MARTIN,Aston Martin,GB,Bulldog
ASTON_MARTIN,Aston Martin,GB,Cygnet
ASTON_MARTIN,Aston Martin,GB,DB11
ASTON_MARTIN,Aston Martin,GB,DB12
ASTON_MARTIN,Aston Martin,GB,DB5
ASTON_MARTIN,Aston Martin,GB,DB6
ASTON_MARTIN,Aston Martin,GB,DB7
ASTON_MARTIN,Aston Martin,GB,DB9
ASTON_MARTIN,Aston Martin,GB,DBS
ASTON_MARTIN,Aston Martin,GB,DBX
ASTON_MARTIN,Aston Martin,GB,DB AR1
ASTON_MARTIN,Aston Martin,GB,Lagonda
ASTON_MARTIN,Aston Martin,GB,Lagonda Taraf
ASTON_MARTIN,Aston Martin,GB,One-77
ASTON_MARTIN,Aston Martin,GB,Rapide
ASTON_MARTIN,Aston Martin,GB,Tickford Capri
ASTON_MARTIN,Aston Martin,GB,Vanquish
ASTON_MARTIN,Aston Martin,GB,V12 Speedster
ASTON_MARTIN,Aston Martin,GB,V12 Vantage
ASTON_MARTIN,Aston Martin,GB,V12 Zagato
ASTON_MARTIN,Aston Martin,GB,V8 Vantage
ASTON_MARTIN,Aston Martin,GB,V8 Zagato
ASTON_MARTIN,Aston Martin,GB,Valhalla
ASTON_MARTIN,Aston Martin,GB,Valiant
ASTON_MARTIN,Aston Martin,GB,Valkyrie
ASTON_MARTIN,Aston Martin,GB,Valour
ASTON_MARTIN,Aston Martin,GB,Virage
ASTON_MARTIN,Aston Martin,GB,Vulcan
ATOM,Атом,RU,1
AUBURN,Auburn,US,Speedster
AUDI,Audi,DE,100
AUDI,Audi,DE,200
AUDI,Audi,DE,50
AUDI,Audi,DE,80
AUDI,Audi,DE,90
AUDI,Audi,DE,920
AUDI,Audi,DE,A1
AUDI,Audi,DE,A2
AUDI,Audi,DE,A3
AUDI,Audi,DE,A4
AUDI,Audi,DE,A4 allroad
AUDI,Audi,DE,A5
AUDI,Audi,DE,A6
AUDI,Audi,DE,A6 e-tron
AUDI,Audi,DE,A7
AUDI,Audi,DE,A8
AUDI,Audi,DE,A6 allroad
AUDI,Audi,DE,Cabriolet
AUDI,Audi,DE,Coupe
AUDI,Audi,DE,E5
AUDI,Audi,DE,e-tron
AUDI,Audi,DE,e-tron GT
AUDI,Audi,DE,e-tron S
AUDI,Audi,DE,e-tron Sportback
AUDI,Audi,DE,e-tron S Sportback
AUDI,Audi,DE,Front
AUDI,Audi,DE,NSU RO 80
AUDI,Audi,DE,Q2
AUDI,Audi,DE,Q3
AUDI,Audi,DE,Q3 Sportback
AUDI,Audi,DE,Q4 e-tron
AUDI,Audi,DE,Q4 Sportback e-tron
AUDI,Audi,DE,Q5
AUDI,Audi,DE,Q5 e-tron
AUDI,Audi,DE,Q5 Sportback
AUDI,Audi,DE,Q6
AUDI,Audi,DE,Q6 e-tron
AUDI,Audi,DE,Q6 Sportback e-tron
AUDI,Audi,DE,Q7
AUDI,Audi,DE,Q8
AUDI,Audi,DE,Q8 e-tron
AUDI,Audi,DE,Q8 Sportback e-tron
AUDI,Audi,DE,Quattro
AUDI,Audi,DE,R8
AUDI,Audi,DE,R8 LMP
AUDI,Audi,DE,RS 2
AUDI,Audi,DE,RS 3
AUDI,Audi,DE,RS 4
AUDI,Audi,DE,RS 5
AUDI,Audi,DE,RS 6
AUDI,Audi,DE,RS 7
AUDI,Audi,DE,RS Q3
AUDI,Audi,DE,RS e-tron GT
AUDI,Audi,DE,RS Q3 Sportback
AUDI,Audi,DE,RS Q8
AUDI,Audi,DE,S1
AUDI,Audi,DE,S2
AUDI,Audi,DE,S3
AUDI,Audi,DE,S4
AUDI,Audi,DE,S5
AUDI,Audi,DE,S6
AUDI,Audi,DE,S6 e-tron
AUDI,Audi,DE,S7
AUDI,Audi,DE,S8
AUDI,Audi,DE,SQ2
AUDI,Audi,DE,SQ5
AUDI,Audi,DE,SQ5 Sportback
AUDI,Audi,DE,SQ6 e-tron
AUDI,Audi,DE,SQ6 Sportback e-tron
AUDI,Audi,DE,SQ7
AUDI,Audi,DE,SQ8
AUDI,Audi,DE,SQ8 e-tron
AUDI,Audi,DE,SQ8 Sportback e-tron
AUDI,Audi,DE,S e-tron GT
AUDI,Audi,DE,TT
AUDI,Audi,DE,TTS
AUDI,Audi,DE,TT RS
AUDI,Audi,DE,Typ R
AUDI,Audi,DE,V8
AURUS,Aurus,RU,Komendant
AURUS,Aurus,RU,Lafet
AURUS,Aurus,RU,Senat
AUSTIN,Austin,GB,Allegro
AUSTIN,Austin,GB,Ambassador
AUSTIN,Austin,GB,FL2
AUSTIN,Austin,GB,FX4
AUSTIN,Austin,GB,Maestro
AUSTIN,Austin,GB,Maxi
AUSTIN,Austin,GB,Metro
AUSTIN,Austin,GB,Mini
AUSTIN,Austin,GB,Montego
AUSTIN,Austin,GB,Princess
AUSTIN,Austin,GB,Sprite
AUSTIN_HEALEY,Austin Healey,GB,100
AUSTIN_HEALEY,Austin Healey,GB,3000
AUTOBIANCHI,Autobianchi,IT,A 112
AUTO_UNION,Auto Union,DE,1000 Sp
AVATR,Avatr,CN,6
AVATR,Avatr,CN,7
AVATR,Avatr,CN,11
AVATR,Avatr,CN,12
AVTOKAM,Автокам,RU,2160
AVTOKAM,Автокам,RU,2163
AVTOKAM,Автокам,RU,3101
BAIC,BAIC,CN,A1
BAIC,BAIC,CN,BJ2021
BAIC,BAIC,CN,BJ2025F
BAIC,BAIC,CN,BJ2030
BAIC,BAIC,CN,BJ30
BAIC,BAIC,CN,BJ40
BAIC,BAIC,CN,BJ60
BAIC,BAIC,CN,BJ80
BAIC,BAIC,CN,BJ90
BAIC,BAIC,CN,BJ2020
BAIC,BAIC,CN,BJ2026
BAIC,BAIC,CN,BJ212
BAIC,BAIC,CN,EU
BAIC,BAIC,CN,EU5
BAIC,BAIC,CN,EU7
BAIC,BAIC,CN,EX3
BAIC,BAIC,CN,EX5
BAIC,BAIC,CN,Jeep 2500
BAIC,BAIC,CN,Kenbo 600
BAIC,BAIC,CN,Luba (XB624)
BAIC,BAIC,CN,Ruixiang X5
BAIC,BAIC,CN,U5
BAIC,BAIC,CN,U5 Plus
BAIC,BAIC,CN,U7
BAIC,BAIC,CN,X3
BAIC,BAIC,CN,X35
BAIC,BAIC,CN,X5
BAIC,BAIC,CN,X55
BAIC,BAIC,CN,X7
BAIC,BAIC,CN,X75
BAJAJ,Bajaj,IN,Qute
BALTIJAS_DZIPS,Baltijas Dzips,Латвия,BD-1322
BAOJUN,Baojun,CN,510
BAOJUN,Baojun,CN,530
BAOJUN,Baojun,CN,E100
BAOJUN,Baojun,CN,E300
BAOJUN,Baojun,CN,Kiwi EV
BAOJUN,Baojun,CN,RC-5
BAOJUN,Baojun,CN,RC-6
BAOJUN,Baojun,CN,RM-5
BAOJUN,Baojun,CN,RS-3
BAOJUN,Baojun,CN,RS-5
BAOJUN,Baojun,CN,Valli
BAOJUN,Baojun,CN,Xiangjing
BAOJUN,Baojun,CN,Yep
BAOJUN,Baojun,CN,Yep Plus
BAOJUN,Baojun,CN,Yunduo
BAOJUN,Baojun,CN,Yunhai
BATMOBILE,Batmobile,US,1989
BATMOBILE,Batmobile,US,2018
BAW,BAW,CN,212
BAW,BAW,CN,212 T01
BAW,BAW,CN,Ace M7
BAW,BAW,CN,Calorie F7
BAW,BAW,CN,Jiabao
BAW,BAW,CN,MPV
BAW,BAW,CN,Pony (Yuanbao)
BELGEE,Belgee,Беларусь,S50
BELGEE,Belgee,Беларусь,X50
BELGEE,Belgee,Беларусь,X70
BENTLEY,Bentley,GB,Arnage
BENTLEY,Bentley,GB,Azure
BENTLEY,Bentley,GB,Bentayga
BENTLEY,Bentley,GB,Brooklands
BENTLEY,Bentley,GB,Continental
BENTLEY,Bentley,GB,Continental Flying Spur
BENTLEY,Bentley,GB,Continental GT
BENTLEY,Bentley,GB,Eight
BENTLEY,Bentley,GB,Flying Spur
BENTLEY,Bentley,GB,Mark VI
BENTLEY,Bentley,GB,Mulliner Bacalar
BENTLEY,Bentley,GB,Mulliner Batur
BENTLEY,Bentley,GB,Mulsanne
BENTLEY,Bentley,GB,R Type
BENTLEY,Bentley,GB,S
BENTLEY,Bentley,GB,Turbo R
BENTLEY,Bentley,GB,T-Series
BERTONE,Bertone,IT,Freeclimber
BESTUNE,Bestune,CN,B70
BESTUNE,Bestune,CN,T55
BESTUNE,Bestune,CN,T77
BESTUNE,Bestune,CN,T90
BILENKIN,Bilenkin,RU,Vintage
BIO_AUTO,Bio Auto,CN,evA-4
BITTER,Bitter,DE,CD
BITTER,Bitter,DE,Type 3
BLAVAL,Blaval,CN,FH-EQ
BMW,BMW,DE,02 (E10)
BMW,BMW,DE,1 серии
BMW,BMW,DE,1M
BMW,BMW,DE,2 серии Active Tourer
BMW,BMW,DE,2 серии
BMW,BMW,DE,2 серии Gran Tourer
BMW,BMW,DE,315
BMW,BMW,DE,3200
BMW,BMW,DE,321
BMW,BMW,DE,326
BMW,BMW,DE,327
BMW,BMW,DE,340
BMW,BMW,DE,3 серии
BMW,BMW,DE,3/15
BMW,BMW,DE,4 серии
BMW,BMW,DE,501
BMW,BMW,DE,502
BMW,BMW,DE,503
BMW,BMW,DE,507
BMW,BMW,DE,5 серии
BMW,BMW,DE,600
BMW,BMW,DE,6 серии
BMW,BMW,DE,700
BMW,BMW,DE,7 серии
BMW,BMW,DE,8 серии
BMW,BMW,DE,E3
BMW,BMW,DE,E9
BMW,BMW,DE,i3
BMW,BMW,DE,i4
BMW,BMW,DE,i5
BMW,BMW,DE,i7
BMW,BMW,DE,i8
BMW,BMW,DE,Isetta
BMW,BMW,DE,iX
BMW,BMW,DE,iX1
BMW,BMW,DE,iX2
BMW,BMW,DE,iX3
BMW,BMW,DE,iX5
BMW,BMW,DE,M2
BMW,BMW,DE,M3
BMW,BMW,DE,M4
BMW,BMW,DE,M5
BMW,BMW,DE,M6
BMW,BMW,DE,M8
BMW,BMW,DE,M1
BMW,BMW,DE,Nazca
BMW,BMW,DE,New Class
BMW,BMW,DE,X1
BMW,BMW,DE,X2
BMW,BMW,DE,X3
BMW,BMW,DE,X3 M
BMW,BMW,DE,X4
BMW,BMW,DE,X4 M
BMW,BMW,DE,X5
BMW,BMW,DE,X5 M
BMW,BMW,DE,X6
BMW,BMW,DE,X6 M
BMW,BMW,DE,X7
BMW,BMW,DE,XM
BMW,BMW,DE,Z1
BMW,BMW,DE,Z3
BMW,BMW,DE,Z3 M
BMW,BMW,DE,Z4
BMW,BMW,DE,Z4 M
BMW,BMW,DE,Z8
BORGWARD,Borgward,DE,2000
BORGWARD,Borgward,DE,BX5
BORGWARD,Borgward,DE,Hansa 1100
BRABUS,Brabus,DE,7.3S
BRABUS,Brabus,DE,Crawler
BRABUS,Brabus,DE,E V12
BRABUS,Brabus,DE,G V12
BRABUS,Brabus,DE,ML 63 Biturbo
BRABUS,Brabus,DE,M V12
BRABUS,Brabus,DE,Rocket GTS
BRABUS,Brabus,DE,SV12
BRILLIANCE,Brilliance,CN,FRV (BS2)
BRILLIANCE,Brilliance,CN,H230
BRILLIANCE,Brilliance,CN,H530
BRILLIANCE,Brilliance,CN,M1 (BS6)
BRILLIANCE,Brilliance,CN,M2 (BS4)
BRILLIANCE,Brilliance,CN,M3 (BC3)
BRILLIANCE,Brilliance,CN,V3
BRILLIANCE,Brilliance,CN,V5
BRISTOL,Bristol,GB,Blenheim
BRISTOL,Bristol,GB,Blenheim Speedster
BRISTOL,Bristol,GB,Fighter
BUFORI,Bufori,MY,Geneva
BUFORI,Bufori,MY,La Joya
BUGATTI,Bugatti,FR,Bolide
BUGATTI,Bugatti,FR,Centodieci
BUGATTI,Bugatti,FR,Chiron
BUGATTI,Bugatti,FR,Divo
BUGATTI,Bugatti,FR,EB 110
BUGATTI,Bugatti,FR,EB 112
BUGATTI,Bugatti,FR,EB Veyron 16.4
BUGATTI,Bugatti,FR,Tourbillon
BUGATTI,Bugatti,FR,Type 55
BUGATTI,Bugatti,FR,W16 Mistral
BUICK,Buick,US,Cascada
BUICK,Buick,US,Century
BUICK,Buick,US,Electra
BUICK,Buick,US,Electra E4
BUICK,Buick,US,Electra E5
BUICK,Buick,US,Enclave
BUICK,Buick,US,Encore
BUICK,Buick,US,Encore GX
BUICK,Buick,US,Encore Plus
BUICK,Buick,US,Envision
BUICK,Buick,US,Envista
BUICK,Buick,US,Estate Wagon
BUICK,Buick,US,Excelle
BUICK,Buick,US,GL6
BUICK,Buick,US,GL8
BUICK,Buick,US,GS
BUICK,Buick,US,LaCrosse
BUICK,Buick,US,LeSabre
BUICK,Buick,US,Limited
BUICK,Buick,US,Lucerne
BUICK,Buick,US,Park Avenue
BUICK,Buick,US,Rainier
BUICK,Buick,US,Reatta
BUICK,Buick,US,Regal
BUICK,Buick,US,Rendezvous
BUICK,Buick,US,Riviera
BUICK,Buick,US,Roadmaster
BUICK,Buick,US,Skyhawk
BUICK,Buick,US,Skylark
BUICK,Buick,US,Special
BUICK,Buick,US,Super
BUICK,Buick,US,Terraza
BUICK,Buick,US,Velite 6
BUICK,Buick,US,Verano
BUICK,Buick,US,Wildcat
BYD,BYD,CN,Atto 2
BYD,BYD,CN,Chazor
BYD,BYD,CN,D1
BYD,BYD,CN,Destroyer 05
BYD,BYD,CN,Dolphin
BYD,BYD,CN,E1
BYD,BYD,CN,E2
BYD,BYD,CN,E3
BYD,BYD,CN,E5
BYD,BYD,CN,E6
BYD,BYD,CN,E7
BYD,BYD,CN,E9
BYD,BYD,CN,F0
BYD,BYD,CN,F3
BYD,BYD,CN,F5
BYD,BYD,CN,F6
BYD,BYD,CN,F8 (S8)
BYD,BYD,CN,FangChengBao Leopard 5
BYD,BYD,CN,FangChengBao Leopard 8
BYD,BYD,CN,FangChengBao Titanium 3
BYD,BYD,CN,FangChengBao Titanium 7
BYD,BYD,CN,Flyer
BYD,BYD,CN,Frigate 07
BYD,BYD,CN,G3
BYD,BYD,CN,G6
BYD,BYD,CN,Han
BYD,BYD,CN,Han L
BYD,BYD,CN,L3
BYD,BYD,CN,M6
BYD,BYD,CN,Qin
BYD,BYD,CN,S6
BYD,BYD,CN,Seagull
BYD,BYD,CN,Seal
BYD,BYD,CN,Seal 05
BYD,BYD,CN,Seal 06
BYD,BYD,CN,Seal 06 GT
BYD,BYD,CN,Seal 07
BYD,BYD,CN,Sea Lion 05
BYD,BYD,CN,Sea Lion 06
BYD,BYD,CN,Sea Lion 07
BYD,BYD,CN,Shark
BYD,BYD,CN,Song
BYD,BYD,CN,Song EV
BYD,BYD,CN,Song L
BYD,BYD,CN,Song Max
BYD,BYD,CN,Song Plus
BYD,BYD,CN,Song Pro
BYD,BYD,CN,Tang
BYD,BYD,CN,Tang L
BYD,BYD,CN,Xia
BYD,BYD,CN,Yangwang U7
BYD,BYD,CN,Yangwang U8
BYD,BYD,CN,Yangwang U9
BYD,BYD,CN,Yuan
BYD,BYD,CN,Yuan Plus
BYD,BYD,CN,Yuan Up
BYVIN,Byvin,CN,BD132J (CoCo)
BYVIN,Byvin,CN,BD326J (Moca)
CADILLAC,Cadillac,US,Allante
CADILLAC,Cadillac,US,ATS
CADILLAC,Cadillac,US,ATS-V
CADILLAC,Cadillac,US,BLS
CADILLAC,Cadillac,US,Brougham
CADILLAC,Cadillac,US,Catera
CADILLAC,Cadillac,US,Celestiq
CADILLAC,Cadillac,US,CT4
CADILLAC,Cadillac,US,CT4-V
CADILLAC,Cadillac,US,CT5
CADILLAC,Cadillac,US,CT5-V
CADILLAC,Cadillac,US,CT6
CADILLAC,Cadillac,US,CTS
CADILLAC,Cadillac,US,CTS-V
CADILLAC,Cadillac,US,DeVille
CADILLAC,Cadillac,US,DTS
CADILLAC,Cadillac,US,Eldorado
CADILLAC,Cadillac,US,ELR
CADILLAC,Cadillac,US,Escalade
CADILLAC,Cadillac,US,Escalade iQ
CADILLAC,Cadillac,US,Escalade-V
CADILLAC,Cadillac,US,Fleetwood
CADILLAC,Cadillac,US,GT4
CADILLAC,Cadillac,US,Lyriq-V
CADILLAC,Cadillac,US,LSE
CADILLAC,Cadillac,US,Lyriq
CADILLAC,Cadillac,US,Model 30
CADILLAC,Cadillac,US,Optiq
CADILLAC,Cadillac,US,Optiq-V
CADILLAC,Cadillac,US,Series 314
CADILLAC,Cadillac,US,Series 341
CADILLAC,Cadillac,US,Series 62
CADILLAC,Cadillac,US,Seville
CADILLAC,Cadillac,US,Sixty Special
CADILLAC,Cadillac,US,SRX
CADILLAC,Cadillac,US,STS
CADILLAC,Cadillac,US,STS-V
CADILLAC,Cadillac,US,Vistiq
CADILLAC,Cadillac,US,XLR
CADILLAC,Cadillac,US,XT4
CADILLAC,Cadillac,US,XT5
CADILLAC,Cadillac,US,XT6
CADILLAC,Cadillac,US,XTS
CALLAWAY,Callaway,US,C12
CARBODIES,Carbodies,GB,FX4
CATERHAM,Caterham,GB,21
CATERHAM,Caterham,GB,CSR
CATERHAM,Caterham,GB,Seven
CHANA,Chana,CN,Benni
CHANA,Chana,CN,SC6390
CHANGAN,Changan,CN,Alsvin
CHANGAN,Changan,CN,Alsvin V7
CHANGAN,Changan,CN,Auchan A600 EV
CHANGAN,Changan,CN,Benben E-Star
CHANGAN,Changan,CN,Benni
CHANGAN,Changan,CN,Benni EC/EV
CHANGAN,Changan,CN,CM-8
CHANGAN,Changan,CN,CS15
CHANGAN,Changan,CN,CS35
CHANGAN,Changan,CN,CS35 Plus
CHANGAN,Changan,CN,CS55
CHANGAN,Changan,CN,CS55 Plus
CHANGAN,Changan,CN,CS75
CHANGAN,Changan,CN,CS75 Plus
CHANGAN,Changan,CN,CS85
CHANGAN,Changan,CN,CS95
CHANGAN,Changan,CN,CS95 Plus
CHANGAN,Changan,CN,CX20
CHANGAN,Changan,CN,Oshan CX70
CHANGAN,Changan,CN,Deepal G318
CHANGAN,Changan,CN,Deepal L07
CHANGAN,Changan,CN,Deepal S05
CHANGAN,Changan,CN,Deepal S09
CHANGAN,Changan,CN,Eado
CHANGAN,Changan,CN,Eado Plus
CHANGAN,Changan,CN,Lantuozhe (Explorer)
CHANGAN,Changan,CN,Hunter
CHANGAN,Changan,CN,Hunter Plus
CHANGAN,Changan,CN,Kaicene F70
CHANGAN,Changan,CN,Lamore
CHANGAN,Changan,CN,Linmax
CHANGAN,Changan,CN,Lumin
CHANGAN,Changan,CN,Oushan Changxing
CHANGAN,Changan,CN,Raeton
CHANGAN,Changan,CN,Raeton CC
CHANGAN,Changan,CN,Raeton Plus
CHANGAN,Changan,CN,Deepal S07 (S7)
CHANGAN,Changan,CN,Deepal SL03
CHANGAN,Changan,CN,UNI-K
CHANGAN,Changan,CN,UNI-S (CS55 Plus)
CHANGAN,Changan,CN,UNI-T
CHANGAN,Changan,CN,UNI-V
CHANGAN,Changan,CN,UNI-Z
CHANGAN,Changan,CN,X5 Plus
CHANGAN,Changan,CN,X7 Plus
CHANGAN,Changan,CN,Yida
CHANGAN,Changan,CN,Z-Shine
CHANGFENG,Changfeng,CN,SUV (CS6)
CHANGFENG,Changfeng,CN,Flying
CHANGFENG,Changfeng,CN,Liebao Leopard
CHANGHE,Changhe,CN,Ideal
CHERY,Chery,CN,Amulet (A15)
CHERY,Chery,CN,Arrizo 6
CHERY,Chery,CN,Arrizo 7
CHERY,Chery,CN,Arrizo 3
CHERY,Chery,CN,Arrizo 5
CHERY,Chery,CN,Arrizo 5 GT
CHERY,Chery,CN,Arrizo 5 Plus
CHERY,Chery,CN,Arrizo 8
CHERY,Chery,CN,Arrizo 8 Pro
CHERY,Chery,CN,B13
CHERY,Chery,CN,Bonus (A13)
CHERY,Chery,CN,Bonus 3 (E3/A19)
CHERY,Chery,CN,CrossEastar (B14)
CHERY,Chery,CN,Domi
CHERY,Chery,CN,E5
CHERY,Chery,CN,eQ1
CHERY,Chery,CN,eQ5
CHERY,Chery,CN,eQ7
CHERY,Chery,CN,Explore 06
CHERY,Chery,CN,Face
CHERY,Chery,CN,Fora (A21)
CHERY,Chery,CN,Fulwin A8
CHERY,Chery,CN,Fulwin A9L
CHERY,Chery,CN,Fulwin T10
CHERY,Chery,CN,Fulwin T6
CHERY,Chery,CN,Fulwin T8
CHERY,Chery,CN,Fulwin T9
CHERY,Chery,CN,IndiS (S18D)
CHERY,Chery,CN,Karry
CHERY,Chery,CN,Kimo (A1)
CHERY,Chery,CN,M11 (A3)
CHERY,Chery,CN,Omoda 5
CHERY,Chery,CN,Oriental Son (B11)
CHERY,Chery,CN,Sweet (QQ)
CHERY,Chery,CN,QQ6 (S21)
CHERY,Chery,CN,QQme
CHERY,Chery,CN,QQ Ice Cream
CHERY,Chery,CN,Tiggo (T11)
CHERY,Chery,CN,Tiggo 2
CHERY,Chery,CN,Tiggo 2 Pro
CHERY,Chery,CN,Tiggo 3
CHERY,Chery,CN,Tiggo 3x
CHERY,Chery,CN,Tiggo 3xe
CHERY,Chery,CN,Tiggo 4
CHERY,Chery,CN,Tiggo 4 Pro
CHERY,Chery,CN,Tiggo 5
CHERY,Chery,CN,Tiggo 5x
CHERY,Chery,CN,Tiggo 7
CHERY,Chery,CN,Tiggo 7L
CHERY,Chery,CN,Tiggo 7 Plus
CHERY,Chery,CN,Tiggo 7 Pro
CHERY,Chery,CN,Tiggo 7 Pro Max
CHERY,Chery,CN,Tiggo 7 Pro Plug-in Hybrid
CHERY,Chery,CN,Tiggo 8
CHERY,Chery,CN,Tiggo 8L
CHERY,Chery,CN,Tiggo 8 Plus
CHERY,Chery,CN,Tiggo 8 Pro
CHERY,Chery,CN,Tiggo 8 Pro e+
CHERY,Chery,CN,Tiggo 8 Pro Max
CHERY,Chery,CN,Tiggo 8 Pro Plug-in Hybrid
CHERY,Chery,CN,Tiggo 9
CHERY,Chery,CN,Very (A13)
CHERY,Chery,CN,Windcloud (A11)
CHERYEXEED,Exeed,CN,Sterra ES
CHERYEXEED,Exeed,CN,Exlantix ES
CHERYEXEED,Exeed,CN,Exlantix ET
CHERYEXEED,Exeed,CN,LX
CHERYEXEED,Exeed,CN,RX
CHERYEXEED,Exeed,CN,Sterra ET
CHERYEXEED,Exeed,CN,TX
CHERYEXEED,Exeed,CN,TXL
CHERYEXEED,Exeed,CN,VX
CHERYEXEED,Exeed,CN,Yaoguang
CHEVROLET,Chevrolet,US,3000-Series
CHEVROLET,Chevrolet,US,Alero
CHEVROLET,Chevrolet,US,Apache
CHEVROLET,Chevrolet,US,Astra
CHEVROLET,Chevrolet,US,Astro
CHEVROLET,Chevrolet,US,Avalanche
CHEVROLET,Chevrolet,US,Aveo
CHEVROLET,Chevrolet,US,Bel Air
CHEVROLET,Chevrolet,US,Beretta
CHEVROLET,Chevrolet,US,Blazer
CHEVROLET,Chevrolet,US,Blazer EV
CHEVROLET,Chevrolet,US,Bolt
CHEVROLET,Chevrolet,US,Bolt EUV
CHEVROLET,Chevrolet,US,Camaro
CHEVROLET,Chevrolet,US,Caprice
CHEVROLET,Chevrolet,US,Captiva
CHEVROLET,Chevrolet,US,Captiva Sport
CHEVROLET,Chevrolet,US,Cavalier
CHEVROLET,Chevrolet,US,Celebrity
CHEVROLET,Chevrolet,US,Celta
CHEVROLET,Chevrolet,US,Chevelle
CHEVROLET,Chevrolet,US,Chevette
CHEVROLET,Chevrolet,US,Citation
CHEVROLET,Chevrolet,US,C/K
CHEVROLET,Chevrolet,US,Classic
CHEVROLET,Chevrolet,US,Matiz
CHEVROLET,Chevrolet,US,Cobalt
CHEVROLET,Chevrolet,US,Colorado
CHEVROLET,Chevrolet,US,Corsa
CHEVROLET,Chevrolet,US,Corsica
CHEVROLET,Chevrolet,US,Corvair
CHEVROLET,Chevrolet,US,Corvette
CHEVROLET,Chevrolet,US,Cruze
CHEVROLET,Chevrolet,US,Cruze (HR)
CHEVROLET,Chevrolet,US,CSV CR8
CHEVROLET,Chevrolet,US,C-10
CHEVROLET,Chevrolet,US,Damas
CHEVROLET,Chevrolet,US,Deluxe
CHEVROLET,Chevrolet,US,El Camino
CHEVROLET,Chevrolet,US,Epica
CHEVROLET,Chevrolet,US,Equinox
CHEVROLET,Chevrolet,US,Evanda
CHEVROLET,Chevrolet,US,Express
CHEVROLET,Chevrolet,US,Fleetmaster
CHEVROLET,Chevrolet,US,Groove
CHEVROLET,Chevrolet,US,HHR
CHEVROLET,Chevrolet,US,Impala
CHEVROLET,Chevrolet,US,Blazer K5
CHEVROLET,Chevrolet,US,Kalos
CHEVROLET,Chevrolet,US,Lacetti
CHEVROLET,Chevrolet,US,Lanos
CHEVROLET,Chevrolet,US,Lumina
CHEVROLET,Chevrolet,US,Lumina APV
CHEVROLET,Chevrolet,US,LUV D-MAX
CHEVROLET,Chevrolet,US,Malibu
CHEVROLET,Chevrolet,US,Master
CHEVROLET,Chevrolet,US,Menlo
CHEVROLET,Chevrolet,US,Metro
CHEVROLET,Chevrolet,US,Monte Carlo
CHEVROLET,Chevrolet,US,Monza
CHEVROLET,Chevrolet,US,MW
CHEVROLET,Chevrolet,US,Nexia
CHEVROLET,Chevrolet,US,Niva
CHEVROLET,Chevrolet,US,Nova
CHEVROLET,Chevrolet,US,Nubira
CHEVROLET,Chevrolet,US,Omega
CHEVROLET,Chevrolet,US,Onix
CHEVROLET,Chevrolet,US,Orlando
CHEVROLET,Chevrolet,US,Prizm
CHEVROLET,Chevrolet,US,Rezzo
CHEVROLET,Chevrolet,US,Sail
CHEVROLET,Chevrolet,US,Seeker
CHEVROLET,Chevrolet,US,Silverado
CHEVROLET,Chevrolet,US,Sonic
CHEVROLET,Chevrolet,US,Spark
CHEVROLET,Chevrolet,US,Spark EUV
CHEVROLET,Chevrolet,US,Special DeLuxe
CHEVROLET,Chevrolet,US,Spin
CHEVROLET,Chevrolet,US,SS
CHEVROLET,Chevrolet,US,SSR
CHEVROLET,Chevrolet,US,Standard
CHEVROLET,Chevrolet,US,Starcraft
CHEVROLET,Chevrolet,US,Suburban
CHEVROLET,Chevrolet,US,S-10 Pickup
CHEVROLET,Chevrolet,US,Tacuma
CHEVROLET,Chevrolet,US,Tahoe
CHEVROLET,Chevrolet,US,Tavera
CHEVROLET,Chevrolet,US,Tracker
CHEVROLET,Chevrolet,US,TrailBlazer
CHEVROLET,Chevrolet,US,Trans Sport
CHEVROLET,Chevrolet,US,Traverse
CHEVROLET,Chevrolet,US,Trax
CHEVROLET,Chevrolet,US,Uplander
CHEVROLET,Chevrolet,US,Van
CHEVROLET,Chevrolet,US,Vectra
CHEVROLET,Chevrolet,US,Venture
CHEVROLET,Chevrolet,US,Viva
CHEVROLET,Chevrolet,US,Volt
CHEVROLET,Chevrolet,US,Zafira
CHRYSLER,Chrysler,US,180
CHRYSLER,Chrysler,US,200
CHRYSLER,Chrysler,US,300
CHRYSLER,Chrysler,US,300C
CHRYSLER,Chrysler,US,300M
CHRYSLER,Chrysler,US,300 Letter Series
CHRYSLER,Chrysler,US,Aspen
CHRYSLER,Chrysler,US,Cirrus
CHRYSLER,Chrysler,US,Concorde
CHRYSLER,Chrysler,US,Cordoba
CHRYSLER,Chrysler,US,Crossfire
CHRYSLER,Chrysler,US,Daytona
CHRYSLER,Chrysler,US,Dynasty
CHRYSLER,Chrysler,US,ES
CHRYSLER,Chrysler,US,Fifth Avenue
CHRYSLER,Chrysler,US,Imperial
CHRYSLER,Chrysler,US,Imperial Crown
CHRYSLER,Chrysler,US,Intrepid
CHRYSLER,Chrysler,US,LeBaron
CHRYSLER,Chrysler,US,LHS
CHRYSLER,Chrysler,US,Nassau
CHRYSLER,Chrysler,US,Neon
CHRYSLER,Chrysler,US,Newport
CHRYSLER,Chrysler,US,New Yorker
CHRYSLER,Chrysler,US,Pacifica
CHRYSLER,Chrysler,US,Prowler
CHRYSLER,Chrysler,US,PT Cruiser
CHRYSLER,Chrysler,US,Saratoga
CHRYSLER,Chrysler,US,Sebring
CHRYSLER,Chrysler,US,Six
CHRYSLER,Chrysler,US,Stratus
CHRYSLER,Chrysler,US,TC by Maserati
CHRYSLER,Chrysler,US,Town & Country
CHRYSLER,Chrysler,US,Viper
CHRYSLER,Chrysler,US,Vision
CHRYSLER,Chrysler,US,Voyager
CHRYSLER,Chrysler,US,Windsor
CHRYSLER,Chrysler,US,Ypsilon
CIIMO,Ciimo (Dongfeng-Honda),CN,M-NV
CIIMO,Ciimo (Dongfeng-Honda),CN,X-NV
CITROEN,Citroen,FR,2 CV
CITROEN,Citroen,FR,Ami
CITROEN,Citroen,FR,Ami EV
CITROEN,Citroen,FR,AX
CITROEN,Citroen,FR,Basalt
CITROEN,Citroen,FR,Berlingo
CITROEN,Citroen,FR,BX
CITROEN,Citroen,FR,C1
CITROEN,Citroen,FR,C2
CITROEN,Citroen,FR,C3
CITROEN,Citroen,FR,C3L
CITROEN,Citroen,FR,C3 Aircross
CITROEN,Citroen,FR,C3 Picasso
CITROEN,Citroen,FR,C3-XR
CITROEN,Citroen,FR,C4
CITROEN,Citroen,FR,C4 Aircross
CITROEN,Citroen,FR,C4 Cactus
CITROEN,Citroen,FR,C4 Picasso
CITROEN,Citroen,FR,C4 SpaceTourer
CITROEN,Citroen,FR,C5
CITROEN,Citroen,FR,C5 Aircross
CITROEN,Citroen,FR,C5 X
CITROEN,Citroen,FR,C6
CITROEN,Citroen,FR,C8
CITROEN,Citroen,FR,CX
CITROEN,Citroen,FR,C-Crosser
CITROEN,Citroen,FR,C-Elysee
CITROEN,Citroen,FR,C-Quatre
CITROEN,Citroen,FR,C-Triomphe
CITROEN,Citroen,FR,C-ZERO
CITROEN,Citroen,FR,DS
CITROEN,Citroen,FR,DS3
CITROEN,Citroen,FR,DS4
CITROEN,Citroen,FR,DS5
CITROEN,Citroen,FR,Dyane
CITROEN,Citroen,FR,Evasion
CITROEN,Citroen,FR,E-Mehari
CITROEN,Citroen,FR,GS
CITROEN,Citroen,FR,Jumpy
CITROEN,Citroen,FR,LN
CITROEN,Citroen,FR,Nemo
CITROEN,Citroen,FR,Saxo
CITROEN,Citroen,FR,SM
CITROEN,Citroen,FR,SpaceTourer
CITROEN,Citroen,FR,Traction Avant
CITROEN,Citroen,FR,Visa
CITROEN,Citroen,FR,Xantia
CITROEN,Citroen,FR,XM
CITROEN,Citroen,FR,Xsara
CITROEN,Citroen,FR,Xsara Picasso
CITROEN,Citroen,FR,ZX
CIZETA,Cizeta,IT,V16t
CODA,Coda,US,EV
COGGIOLA,Coggiola,IT,T Rex
CORD,Cord,US,L-29
COWIN,Cowin,CN,Showjet
CUPRA,Cupra,ES,Ateca
CUPRA,Cupra,ES,Born
CUPRA,Cupra,ES,Formentor
CUPRA,Cupra,ES,Leon
CUPRA,Cupra,ES,Tavascan
CUPRA,Cupra,ES,Terramar
DACIA,Dacia,RO,1300
DACIA,Dacia,RO,1310
DACIA,Dacia,RO,1410
DACIA,Dacia,RO,Bigster
DACIA,Dacia,RO,Dokker
DACIA,Dacia,RO,Duster
DACIA,Dacia,RO,Jogger
DACIA,Dacia,RO,Lodgy
DACIA,Dacia,RO,Logan
DACIA,Dacia,RO,Nova
DACIA,Dacia,RO,Pick-Up
DACIA,Dacia,RO,Sandero
DACIA,Dacia,RO,Solenza
DACIA,Dacia,RO,Spring
DACIA,Dacia,RO,SuperNova
DADI,Dadi,CN,City Leading
DADI,Dadi,CN,Shuttle
DADI,Dadi,CN,Smoothing
DAEWOO,Daewoo,KR,Alpheon
DAEWOO,Daewoo,KR,Arcadia
DAEWOO,Daewoo,KR,Chairman
DAEWOO,Daewoo,KR,Damas
DAEWOO,Daewoo,KR,Espero
DAEWOO,Daewoo,KR,Evanda
DAEWOO,Daewoo,KR,G2X
DAEWOO,Daewoo,KR,Gentra
DAEWOO,Daewoo,KR,Kalos
DAEWOO,Daewoo,KR,Korando
DAEWOO,Daewoo,KR,Lacetti
DAEWOO,Daewoo,KR,Lacetti Premiere
DAEWOO,Daewoo,KR,Lanos
DAEWOO,Daewoo,KR,Leganza
DAEWOO,Daewoo,KR,LeMans
DAEWOO,Daewoo,KR,Magnus
DAEWOO,Daewoo,KR,Matiz
DAEWOO,Daewoo,KR,Matiz Creative
DAEWOO,Daewoo,KR,Musso
DAEWOO,Daewoo,KR,Nexia
DAEWOO,Daewoo,KR,Nubira
DAEWOO,Daewoo,KR,Prince
DAEWOO,Daewoo,KR,Racer
DAEWOO,Daewoo,KR,Rezzo
DAEWOO,Daewoo,KR,Royale
DAEWOO,Daewoo,KR,Sens
DAEWOO,Daewoo,KR,Tacuma
DAEWOO,Daewoo,KR,Tico
DAEWOO,Daewoo,KR,Tosca
DAEWOO,Daewoo,KR,Winstorm
DAIHATSU,Daihatsu,JP,Altis
DAIHATSU,Daihatsu,JP,Applause
DAIHATSU,Daihatsu,JP,Atrai
DAIHATSU,Daihatsu,JP,Bee
DAIHATSU,Daihatsu,JP,Be-go
DAIHATSU,Daihatsu,JP,Boon
DAIHATSU,Daihatsu,JP,Boon Luminas
DAIHATSU,Daihatsu,JP,Cast
DAIHATSU,Daihatsu,JP,Ceria
DAIHATSU,Daihatsu,JP,Charade
DAIHATSU,Daihatsu,JP,Charmant
DAIHATSU,Daihatsu,JP,Coo
DAIHATSU,Daihatsu,JP,Copen
DAIHATSU,Daihatsu,JP,Cuore
DAIHATSU,Daihatsu,JP,Delta Wagon
DAIHATSU,Daihatsu,JP,Esse
DAIHATSU,Daihatsu,JP,Extol
DAIHATSU,Daihatsu,JP,Fellow
DAIHATSU,Daihatsu,JP,Feroza
DAIHATSU,Daihatsu,JP,Gran Move
DAIHATSU,Daihatsu,JP,Hijet
DAIHATSU,Daihatsu,JP,Hijet Caddie
DAIHATSU,Daihatsu,JP,Leeza
DAIHATSU,Daihatsu,JP,Materia
DAIHATSU,Daihatsu,JP,MAX
DAIHATSU,Daihatsu,JP,Mebius
DAIHATSU,Daihatsu,JP,Midget
DAIHATSU,Daihatsu,JP,Mira
DAIHATSU,Daihatsu,JP,Mira Cocoa
DAIHATSU,Daihatsu,JP,Mira e:S
DAIHATSU,Daihatsu,JP,Mira Gino
DAIHATSU,Daihatsu,JP,Mira Tocot
DAIHATSU,Daihatsu,JP,Move
DAIHATSU,Daihatsu,JP,Move Canbus
DAIHATSU,Daihatsu,JP,Move Conte
DAIHATSU,Daihatsu,JP,Move Latte
DAIHATSU,Daihatsu,JP,Naked
DAIHATSU,Daihatsu,JP,Opti
DAIHATSU,Daihatsu,JP,Pyzar
DAIHATSU,Daihatsu,JP,Rocky
DAIHATSU,Daihatsu,JP,Rugger
DAIHATSU,Daihatsu,JP,Sirion
DAIHATSU,Daihatsu,JP,Sonica
DAIHATSU,Daihatsu,JP,Storia
DAIHATSU,Daihatsu,JP,Taft
DAIHATSU,Daihatsu,JP,Tanto
DAIHATSU,Daihatsu,JP,Tanto Exe
DAIHATSU,Daihatsu,JP,Terios
DAIHATSU,Daihatsu,JP,Thor
DAIHATSU,Daihatsu,JP,Trevis
DAIHATSU,Daihatsu,JP,Wake
DAIHATSU,Daihatsu,JP,Wildcat
DAIHATSU,Daihatsu,JP,Xenia
DAIHATSU,Daihatsu,JP,YRV
DAIMLER,Daimler,GB,DS420
DAIMLER,Daimler,GB,Regency
DAIMLER,Daimler,GB,Sovereign (XJ6)
DAIMLER,Daimler,GB,SP250
DAIMLER,Daimler,GB,XJ40
DAIMLER,Daimler,GB,XJS
DAIMLER,Daimler,GB,X300
DAIMLER,Daimler,GB,X308
DAIMLER,Daimler,GB,X350
DALLARA,Dallara,IT,Stradale
DATSUN,Datsun,JP,200/220/260/280C
DATSUN,Datsun,JP,240Z
DATSUN,Datsun,JP,280Z
DATSUN,Datsun,JP,280ZX
DATSUN,Datsun,JP,620
DATSUN,Datsun,JP,720
DATSUN,Datsun,JP,Bluebird
DATSUN,Datsun,JP,Cherry
DATSUN,Datsun,JP,GO
DATSUN,Datsun,JP,GO+
DATSUN,Datsun,JP,Laurel
DATSUN,Datsun,JP,mi-DO
DATSUN,Datsun,JP,on-DO
DATSUN,Datsun,JP,Stanza
DATSUN,Datsun,JP,Sunny
DATSUN,Datsun,JP,Urvan
DATSUN,Datsun,JP,Violet
DAYUN,Dayun,CN,Pickup
DAYUN,Dayun,CN,Yuanzhi M1
DAYUN,Dayun,CN,Yuehu
DECO_RIDES,Deco Rides,US,Zephyr
DELAGE,Delage,FR,D12
DELAGE,Delage,FR,D6
DELAGE,Delage,FR,DI
DELOREAN,DeLorean,US,DMC-12
DENZA,Denza,CN,500
DENZA,Denza,CN,D9
DENZA,Denza,CN,N7
DENZA,Denza,CN,N8
DENZA,Denza,CN,N8L
DENZA,Denza,CN,N9
DENZA,Denza,CN,X
DENZA,Denza,CN,Z9
DERWAYS,Derways,RU,Antelope
DERWAYS,Derways,RU,Aurora
DERWAYS,Derways,RU,Cowboy
DERWAYS,Derways,RU,Land Crown
DERWAYS,Derways,RU,Plutus
DERWAYS,Derways,RU,Saladin
DERWAYS,Derways,RU,Shuttle
DESOTO,DeSoto,US,Custom
DESOTO,DeSoto,US,Deluxe
DESOTO,DeSoto,US,Firedome
DESOTO,DeSoto,US,Fireflite
DE_TOMASO,De Tomaso,IT,Bigua
DE_TOMASO,De Tomaso,IT,Guara
DE_TOMASO,De Tomaso,IT,Longchamp
DE_TOMASO,De Tomaso,IT,Mangusta
DE_TOMASO,De Tomaso,IT,Pantera
DE_TOMASO,De Tomaso,IT,Vallelunga
DKW,DKW,DE,3=6
DODGE,Dodge,US,600
DODGE,Dodge,US,Aries
DODGE,Dodge,US,Avenger
DODGE,Dodge,US,Caliber
DODGE,Dodge,US,Caravan
DODGE,Dodge,US,Challenger
DODGE,Dodge,US,Charger
DODGE,Dodge,US,Charger Daytona
DODGE,Dodge,US,Colt
DODGE,Dodge,US,Coronet
DODGE,Dodge,US,Custom Royal
DODGE,Dodge,US,D8
DODGE,Dodge,US,Dakota
DODGE,Dodge,US,Dart
DODGE,Dodge,US,Daytona
DODGE,Dodge,US,Diplomat
DODGE,Dodge,US,Durango
DODGE,Dodge,US,D/W Series
DODGE,Dodge,US,Dynasty
DODGE,Dodge,US,Hornet
DODGE,Dodge,US,Intrepid
DODGE,Dodge,US,Journey
DODGE,Dodge,US,Lancer
DODGE,Dodge,US,Magnum
DODGE,Dodge,US,Mayfair
DODGE,Dodge,US,Monaco
DODGE,Dodge,US,Neon
DODGE,Dodge,US,Nitro
DODGE,Dodge,US,Omni
DODGE,Dodge,US,Polara
DODGE,Dodge,US,Raider
DODGE,Dodge,US,RAM
DODGE,Dodge,US,Ramcharger
DODGE,Dodge,US,RAM Van
DODGE,Dodge,US,Shadow
DODGE,Dodge,US,Spirit
DODGE,Dodge,US,Stealth
DODGE,Dodge,US,Stratus
DODGE,Dodge,US,Super Bee
DODGE,Dodge,US,Viper
DODGE,Dodge,US,WC series
DONGFENG,Dongfeng,CN,370
DONGFENG,Dongfeng,CN,580
DONGFENG,Dongfeng,CN,A30
DONGFENG,Dongfeng,CN,A9
DONGFENG,Dongfeng,CN,Aeolus E70
DONGFENG,Dongfeng,CN,Aeolus Haohan
DONGFENG,Dongfeng,CN,Aeolus Haoji
DONGFENG,Dongfeng,CN,Aeolus L7
DONGFENG,Dongfeng,CN,Aeolus Yixuan
DONGFENG,Dongfeng,CN,Aeolus Yixuan Max
DONGFENG,Dongfeng,CN,AX4
DONGFENG,Dongfeng,CN,AX7
DONGFENG,Dongfeng,CN,Box
DONGFENG,Dongfeng,CN,C36
DONGFENG,Dongfeng,CN,DF6
DONGFENG,Dongfeng,CN,DFSK 500
DONGFENG,Dongfeng,CN,DFSK ix5
DONGFENG,Dongfeng,CN,DFSK ix7
DONGFENG,Dongfeng,CN,E11K
DONGFENG,Dongfeng,CN,EC36
DONGFENG,Dongfeng,CN,Fengon 500
DONGFENG,Dongfeng,CN,Fengon 560
DONGFENG,Dongfeng,CN,Fengon E5
DONGFENG,Dongfeng,CN,Fengon ix5
DONGFENG,Dongfeng,CN,Fengon ix7
DONGFENG,Dongfeng,CN,Fukang ES600
DONGFENG,Dongfeng,CN,H30 Cross
DONGFENG,Dongfeng,CN,Huge
DONGFENG,Dongfeng,CN,Mage
DONGFENG,Dongfeng,CN,Mengshi M-Hero 800
DONGFENG,Dongfeng,CN,Mengshi M-Hero 817
DONGFENG,Dongfeng,CN,Mengshi M-Hero 917
DONGFENG,Dongfeng,CN,MPV
DONGFENG,Dongfeng,CN,Nammi 01
DONGFENG,Dongfeng,CN,Nammi 06
DONGFENG,Dongfeng,CN,Nano EX1
DONGFENG,Dongfeng,CN,Oting
DONGFENG,Dongfeng,CN,Paladin
DONGFENG,Dongfeng,CN,Rich
DONGFENG,Dongfeng,CN,Rich 7
DONGFENG,Dongfeng,CN,S30
DONGFENG,Dongfeng,CN,Shine
DONGFENG,Dongfeng,CN,Shine GS
DONGFENG,Dongfeng,CN,Shine Max
DONGFENG,Dongfeng,CN,Sky EV01
DONGFENG,Dongfeng,CN,Aeolus Yixuan GS
DONGFENG,Dongfeng,CN,Z9
DONINVEST,Doninvest,RU,Assol
DONINVEST,Doninvest,RU,Kondor
DONINVEST,Doninvest,RU,Orion
DONINVEST,Doninvest,RU,Orion M
DONKERVOORT,Donkervoort,Нидерланды,D8
DONKERVOORT,Donkervoort,Нидерланды,D8 Cosworth
DONKERVOORT,Donkervoort,Нидерланды,D8 GT
DONKERVOORT,Donkervoort,Нидерланды,D8 GTO
DONKERVOORT,Donkervoort,Нидерланды,D8 Zetec
DONKERVOORT,Donkervoort,Нидерланды,F22
DR,DR,IT,1.0
DR,DR,IT,1.0 EV
DR,DR,IT,3.0
DR,DR,IT,5.0
DR,DR,IT,6.0
DR,DR,IT,7.0
DR,DR,IT,PK8
DS,DS,FR,3
DS,DS,FR,3 Crossback
DS,DS,FR,4
DS,DS,FR,5
DS,DS,FR,7 Crossback
DS,DS,FR,9
DS,DS,FR,No4
DS,DS,FR,No8
DW_HOWER,DW Hower,RU,H3
DW_HOWER,DW Hower,RU,H5
EAGLE,Eagle,US,Premier
EAGLE,Eagle,US,Summit
EAGLE,Eagle,US,Talon
EAGLE,Eagle,US,Vision
EAGLE,Eagle,US,Vista
EAGLE_CARS,Eagle Cars,GB,SS
ENOVATE,Enovate (Enoreve),CN,ME5
ENOVATE,Enovate (Enoreve),CN,ME7
EONYX,Eonyx,RU,M2
EVERUS,Everus,CN,VE-1
EVOLUTE,Evolute,RU,i-JET
EVOLUTE,Evolute,RU,i-JOY
EVOLUTE,Evolute,RU,i-PRO
EVOLUTE,Evolute,RU,i-SKY
EVOLUTE,Evolute,RU,i-SPACE
EVOLUTE,Evolute,RU,i-VAN
EXCALIBUR,Excalibur,US,Series IV
EXCALIBUR,Excalibur,US,Series V
E_CAR,E-Car,CN,GD04B
E_MOBIL,Ё-мобиль,RU,Ё-Кроссовер
FACEL_VEGA,Facel Vega,FR,FV
FAW,FAW,CN,Bestune B70
FAW,FAW,CN,Bestune B70S
FAW,FAW,CN,Bestune M9
FAW,FAW,CN,Bestune NAT
FAW,FAW,CN,Bestune Pony
FAW,FAW,CN,Bestune T33
FAW,FAW,CN,Bestune T55
FAW,FAW,CN,Bestune T77
FAW,FAW,CN,Bestune T90
FAW,FAW,CN,Bestune T99
FAW,FAW,CN,Bestune Yueyi 03
FAW,FAW,CN,Bestune Yueyi 07
FAW,FAW,CN,Besturn B30
FAW,FAW,CN,Besturn B50
FAW,FAW,CN,Besturn B70
FAW,FAW,CN,Besturn X40
FAW,FAW,CN,D60
FAW,FAW,CN,Jinn
FAW,FAW,CN,Oley
FAW,FAW,CN,V2
FAW,FAW,CN,V5
FAW,FAW,CN,Vita
FAW,FAW,CN,Besturn X80
FERRARI,Ferrari,IT,12Cilindri
FERRARI,Ferrari,IT,208/308
FERRARI,Ferrari,IT,250 GTO
FERRARI,Ferrari,IT,250 GT Berlinetta
FERRARI,Ferrari,IT,288 GTO
FERRARI,Ferrari,IT,296
FERRARI,Ferrari,IT,328
FERRARI,Ferrari,IT,348
FERRARI,Ferrari,IT,360
FERRARI,Ferrari,IT,365 GTC
FERRARI,Ferrari,IT,400
FERRARI,Ferrari,IT,412
FERRARI,Ferrari,IT,456
FERRARI,Ferrari,IT,458
FERRARI,Ferrari,IT,488
FERRARI,Ferrari,IT,512 M
FERRARI,Ferrari,IT,512 BB
FERRARI,Ferrari,IT,512 TR
FERRARI,Ferrari,IT,550
FERRARI,Ferrari,IT,575M
FERRARI,Ferrari,IT,599
FERRARI,Ferrari,IT,612
FERRARI,Ferrari,IT,812
FERRARI,Ferrari,IT,Amalfi
FERRARI,Ferrari,IT,California
FERRARI,Ferrari,IT,Daytona SP3
FERRARI,Ferrari,IT,Dino 206 GT
FERRARI,Ferrari,IT,Dino 208/308 GT4
FERRARI,Ferrari,IT,Dino 246 GT
FERRARI,Ferrari,IT,Enzo
FERRARI,Ferrari,IT,F12
FERRARI,Ferrari,IT,F355
FERRARI,Ferrari,IT,F40
FERRARI,Ferrari,IT,F430
FERRARI,Ferrari,IT,F50
FERRARI,Ferrari,IT,F80
FERRARI,Ferrari,IT,F8
FERRARI,Ferrari,IT,FF
FERRARI,Ferrari,IT,FXX K
FERRARI,Ferrari,IT,GTC4Lusso
FERRARI,Ferrari,IT,LaFerrari
FERRARI,Ferrari,IT,Mondial
FERRARI,Ferrari,IT,Monza SP
FERRARI,Ferrari,IT,Portofino
FERRARI,Ferrari,IT,Purosangue
FERRARI,Ferrari,IT,Roma
FERRARI,Ferrari,IT,SF90
FERRARI,Ferrari,IT,Testarossa
FIAT,Fiat,IT,1100
FIAT,Fiat,IT,124
FIAT,Fiat,IT,124 Spider
FIAT,Fiat,IT,124 Sport Spider
FIAT,Fiat,IT,125
FIAT,Fiat,IT,126
FIAT,Fiat,IT,127
FIAT,Fiat,IT,128
FIAT,Fiat,IT,130
FIAT,Fiat,IT,131
FIAT,Fiat,IT,132
FIAT,Fiat,IT,1500
FIAT,Fiat,IT,2300
FIAT,Fiat,IT,238
FIAT,Fiat,IT,500
FIAT,Fiat,IT,500L
FIAT,Fiat,IT,500X
FIAT,Fiat,IT,508
FIAT,Fiat,IT,600
FIAT,Fiat,IT,600e
FIAT,Fiat,IT,850
FIAT,Fiat,IT,900T
FIAT,Fiat,IT,Albea
FIAT,Fiat,IT,Argenta
FIAT,Fiat,IT,Barchetta
FIAT,Fiat,IT,Brava
FIAT,Fiat,IT,Bravo
FIAT,Fiat,IT,Cinquecento
FIAT,Fiat,IT,Coupe
FIAT,Fiat,IT,Croma
FIAT,Fiat,IT,Doblo
FIAT,Fiat,IT,Duna
FIAT,Fiat,IT,Egea
FIAT,Fiat,IT,Fiorino
FIAT,Fiat,IT,Freemont
FIAT,Fiat,IT,Fullback
FIAT,Fiat,IT,Grande Panda
FIAT,Fiat,IT,Idea
FIAT,Fiat,IT,Linea
FIAT,Fiat,IT,Marea
FIAT,Fiat,IT,Multipla
FIAT,Fiat,IT,Palio
FIAT,Fiat,IT,Panda
FIAT,Fiat,IT,Punto
FIAT,Fiat,IT,Qubo
FIAT,Fiat,IT,Regata
FIAT,Fiat,IT,Ritmo
FIAT,Fiat,IT,Scudo
FIAT,Fiat,IT,Sedici
FIAT,Fiat,IT,Seicento
FIAT,Fiat,IT,Siena
FIAT,Fiat,IT,Stilo
FIAT,Fiat,IT,Strada
FIAT,Fiat,IT,Tempra
FIAT,Fiat,IT,Tipo
FIAT,Fiat,IT,Topolino
FIAT,Fiat,IT,Ulysse
FIAT,Fiat,IT,Uno
FIAT,Fiat,IT,X 1/9
FISKER,Fisker,US,Karma
FISKER,Fisker,US,Ocean
FLANKER,Flanker,RU,F
FORD,Ford,US,300
FORD,Ford,US,Aerostar
FORD,Ford,US,Anglia
FORD,Ford,US,Aspire
FORD,Ford,US,Bronco
FORD,Ford,US,Bronco-II
FORD,Ford,US,Bronco Sport
FORD,Ford,US,B-MAX
FORD,Ford,US,Capri
FORD,Ford,US,Consul
FORD,Ford,US,Contour
FORD,Ford,US,Cortina
FORD,Ford,US,Cougar
FORD,Ford,US,Country Squire
FORD,Ford,US,Crown Victoria
FORD,Ford,US,Custom
FORD,Ford,US,C-MAX
FORD,Ford,US,Econoline
FORD,Ford,US,Econovan
FORD,Ford,US,EcoSport
FORD,Ford,US,Edge
FORD,Ford,US,Equator
FORD,Ford,US,Equator Sport
FORD,Ford,US,Escape
FORD,Ford,US,Escort
FORD,Ford,US,Escort (North America)
FORD,Ford,US,Everest
FORD,Ford,US,Evos
FORD,Ford,US,Excursion
FORD,Ford,US,Expedition
FORD,Ford,US,Explorer
FORD,Ford,US,Explorer EV
FORD,Ford,US,Explorer Sport Trac
FORD,Ford,US,Fairlane
FORD,Ford,US,Fairmont
FORD,Ford,US,Falcon
FORD,Ford,US,Festiva
FORD,Ford,US,Fiesta
FORD,Ford,US,Fiesta ST
FORD,Ford,US,Figo
FORD,Ford,US,Five Hundred
FORD,Ford,US,Flex
FORD,Ford,US,Focus
FORD,Ford,US,Focus RS
FORD,Ford,US,Focus ST
FORD,Ford,US,Freda
FORD,Ford,US,Freestar
FORD,Ford,US,Freestyle
FORD,Ford,US,Fusion
FORD,Ford,US,Fusion (North America)
FORD,Ford,US,F-100
FORD,Ford,US,F-150
FORD,Ford,US,F-2
FORD,Ford,US,Galaxie
FORD,Ford,US,Galaxy
FORD,Ford,US,GPA
FORD,Ford,US,Granada
FORD,Ford,US,Granada (North America)
FORD,Ford,US,GT
FORD,Ford,US,GT40
FORD,Ford,US,Ikon
FORD,Ford,US,Ixion
FORD,Ford,US,KA
FORD,Ford,US,Kuga
FORD,Ford,US,Laser
FORD,Ford,US,LTD
FORD,Ford,US,LTD Country Squire
FORD,Ford,US,LTD Crown Victoria
FORD,Ford,US,M151
FORD,Ford,US,Mainline
FORD,Ford,US,Maverick
FORD,Ford,US,Model A
FORD,Ford,US,Model T
FORD,Ford,US,Mondeo
FORD,Ford,US,Mondeo ST
FORD,Ford,US,Mustang
FORD,Ford,US,Mustang Mach-E
FORD,Ford,US,Orion
FORD,Ford,US,Probe
FORD,Ford,US,Puma
FORD,Ford,US,Puma ST
FORD,Ford,US,Ranchero
FORD,Ford,US,Ranger
FORD,Ford,US,Ranger (North America)
FORD,Ford,US,Scorpio
FORD,Ford,US,Sierra
FORD,Ford,US,Spectron
FORD,Ford,US,S-MAX
FORD,Ford,US,Taunus
FORD,Ford,US,Taurus
FORD,Ford,US,Taurus X
FORD,Ford,US,Telstar
FORD,Ford,US,Tempo
FORD,Ford,US,Territory
FORD,Ford,US,Thunderbird
FORD,Ford,US,Torino
FORD,Ford,US,Tourneo Connect
FORD,Ford,US,Tourneo Courier
FORD,Ford,US,Tourneo Custom
FORD,Ford,US,Transit
FORD,Ford,US,Transit Connect
FORD,Ford,US,Transit Custom
FORD,Ford,US,V8
FORD,Ford,US,Windstar
FORD,Ford,US,Zephyr
FORTHING,Forthing,CN,CM7
FORTHING,Forthing,CN,Friday
FORTHING,Forthing,CN,Lingzhi M5
FORTHING,Forthing,CN,Lingzhi Plus
FORTHING,Forthing,CN,M7
FORTHING,Forthing,CN,T5
FORTHING,Forthing,CN,T5L
FORTHING,Forthing,CN,T5 EVO
FORTHING,Forthing,CN,Thunder
FORTHING,Forthing,CN,Xinghai S7
FORTHING,Forthing,CN,Yacht
FOTON,Foton,CN,Mars 7
FOTON,Foton,CN,Mars 9
FOTON,Foton,CN,Midi
FOTON,Foton,CN,Sauvana
FOTON,Foton,CN,Tunland
FOTON,Foton,CN,Tunland G7
FOTON,Foton,CN,Tunland G9
FOTON,Foton,CN,Tunland V7
FOTON,Foton,CN,Tunland V9
FRANKLIN,Franklin,US,Series 15
FSO,FSO,Польша,125p
FSO,FSO,Польша,126p
FSO,FSO,Польша,127p
FSO,FSO,Польша,132p
FSO,FSO,Польша,Lanos
FSO,FSO,Польша,Polonez
FSO,FSO,Польша,Warszawa
FSR,FSR,Польша,Tarpan
FUQI,Fuqi,CN,6500 (Land King)
GAC,GAC,CN,Empow
GAC,GAC,CN,GN8
GAC,GAC,CN,GS3
GAC,GAC,CN,GS4
GAC,GAC,CN,GS5
GAC,GAC,CN,GS8
GAC,GAC,CN,iA5
GAC,GAC,CN,M8
GAZ,ГАЗ,RU,12 ЗИМ
GAZ,ГАЗ,RU,13 «Чайка»
GAZ,ГАЗ,RU,14 «Чайка»
GAZ,ГАЗ,RU,18
GAZ,ГАЗ,RU,21 «Волга»
GAZ,ГАЗ,RU,22 «Волга»
GAZ,ГАЗ,RU,2308 «Атаман»
GAZ,ГАЗ,RU,2330 «Тигр»
GAZ,ГАЗ,RU,24 «Волга»
GAZ,ГАЗ,RU,25
GAZ,ГАЗ,RU,3102 «Волга»
GAZ,ГАЗ,RU,31022 «Волга»
GAZ,ГАЗ,RU,310221 «Волга»
GAZ,ГАЗ,RU,31029 «Волга»
GAZ,ГАЗ,RU,3103 «Волга»
GAZ,ГАЗ,RU,3105 «Волга»
GAZ,ГАЗ,RU,3110 «Волга»
GAZ,ГАЗ,RU,31105 «Волга»
GAZ,ГАЗ,RU,3111 «Волга»
GAZ,ГАЗ,RU,46
GAZ,ГАЗ,RU,61
GAZ,ГАЗ,RU,64
GAZ,ГАЗ,RU,ГАЗ 67
GAZ,ГАЗ,RU,69
GAZ,ГАЗ,RU,А
GAZ,ГАЗ,RU,М1
GAZ,ГАЗ,RU,М-20 «Победа»
GAZ,ГАЗ,RU,М-72
GAZ,ГАЗ,RU,Volga Siber
GEELY,Geely,CN,Atlas
GEELY,Geely,CN,Atlas Pro
GEELY,Geely,CN,Azkarra
GEELY,Geely,CN,Beauty Leopard
GEELY,Geely,CN,Binrui
GEELY,Geely,CN,Binrui Cool
GEELY,Geely,CN,Binyue
GEELY,Geely,CN,Binyue Cool
GEELY,Geely,CN,Binyue L
GEELY,Geely,CN,Boyue
GEELY,Geely,CN,Boyue Cool
GEELY,Geely,CN,Boyue Pro
GEELY,Geely,CN,Cityray
GEELY,Geely,CN,CK (Otaka)
GEELY,Geely,CN,Coolray
GEELY,Geely,CN,Cowboy
GEELY,Geely,CN,Emgrand
GEELY,Geely,CN,Emgrand 7
GEELY,Geely,CN,Emgrand EC8
GEELY,Geely,CN,Emgrand EC7
GEELY,Geely,CN,Emgrand GL
GEELY,Geely,CN,Emgrand GT
GEELY,Geely,CN,Emgrand L
GEELY,Geely,CN,Emgrand S
GEELY,Geely,CN,Emgrand X7
GEELY,Geely,CN,EX5
GEELY,Geely,CN,Galaxy A7
GEELY,Geely,CN,Galaxy E5
GEELY,Geely,CN,Galaxy E8
GEELY,Geely,CN,Galaxy L6
GEELY,Geely,CN,Galaxy L7
GEELY,Geely,CN,Galaxy LEVC L380
GEELY,Geely,CN,Galaxy M9
GEELY,Geely,CN,Galaxy Starshine 8
GEELY,Geely,CN,Galaxy Starship 7
GEELY,Geely,CN,GC5
GEELY,Geely,CN,GC6
GEELY,Geely,CN,GC7
GEELY,Geely,CN,GC9
GEELY,Geely,CN,Geometry A
GEELY,Geely,CN,Geometry C
GEELY,Geely,CN,Geometry E
GEELY,Geely,CN,Geometry G6
GEELY,Geely,CN,Geometry M6
GEELY,Geely,CN,Geome Xingyuan
GEELY,Geely,CN,GS
GEELY,Geely,CN,GX3 Pro
GEELY,Geely,CN,Haoqing
GEELY,Geely,CN,Haoyue
GEELY,Geely,CN,Haoyue L
GEELY,Geely,CN,Haoyue Pro
GEELY,Geely,CN,Icon
GEELY,Geely,CN,Jiaji
GEELY,Geely,CN,Kandi EX3
GEELY,Geely,CN,LC (Panda)
GEELY,Geely,CN,LC (Panda) Cross
GEELY,Geely,CN,MK
GEELY,Geely,CN,MK Cross
GEELY,Geely,CN,Monjaro
GEELY,Geely,CN,MR
GEELY,Geely,CN,Okavango
GEELY,Geely,CN,Panda
GEELY,Geely,CN,Preface
GEELY,Geely,CN,Radar King Kong
GEELY,Geely,CN,SC7
GEELY,Geely,CN,Tugella
GEELY,Geely,CN,TX4
GEELY,Geely,CN,FC (Vision)
GEELY,Geely,CN,Vision X3
GEELY,Geely,CN,Vision X3 Pro
GEELY,Geely,CN,Vision X6
GEELY,Geely,CN,Vision X6 Pro
GEELY,Geely,CN,Xingyue
GEELY,Geely,CN,Xingyue L
GEELY,Geely,CN,Yuancheng (Farizon) FX
GENESIS,Genesis,KR,G70
GENESIS,Genesis,KR,G80
GENESIS,Genesis,KR,G90
GENESIS,Genesis,KR,GV60
GENESIS,Genesis,KR,GV70
GENESIS,Genesis,KR,GV80
GENESIS,Genesis,KR,GV80 Coupe
GEO,Geo,US,Metro
GEO,Geo,US,Prizm
GEO,Geo,US,Spectrum
GEO,Geo,US,Storm
GEO,Geo,US,Tracker
GMA,GMA,GB,T.33
GMA,GMA,GB,T.50
GMC,GMC,US,100
GMC,GMC,US,Acadia
GMC,GMC,US,Canyon
GMC,GMC,US,C/K
GMC,GMC,US,Envoy
GMC,GMC,US,Hummer EV
GMC,GMC,US,Jimmy
GMC,GMC,US,Safari
GMC,GMC,US,Savana
GMC,GMC,US,Sierra
GMC,GMC,US,Sonoma
GMC,GMC,US,Suburban
GMC,GMC,US,Syclone
GMC,GMC,US,Terrain
GMC,GMC,US,Typhoon
GMC,GMC,US,Vandura
GMC,GMC,US,Yukon
GOGGOMOBIL,Goggomobil,DE,T
GOGGOMOBIL,Goggomobil,DE,TS
GONOW,Gonow,CN,Aoosed G5
GONOW,Gonow,CN,GX6
GONOW,Gonow,CN,Troy
GORDON,Gordon,CZ,Roadster
GP,GP,GB,Madison
GREAT_WALL,Great Wall,CN,Coolbear
GREAT_WALL,Great Wall,CN,Cowry (V80)
GREAT_WALL,Great Wall,CN,Deer
GREAT_WALL,Great Wall,CN,Florid
GREAT_WALL,Great Wall,CN,Hover H3
GREAT_WALL,Great Wall,CN,Hover H5
GREAT_WALL,Great Wall,CN,Hover H6
GREAT_WALL,Great Wall,CN,Hover
GREAT_WALL,Great Wall,CN,Hover M1 (Peri 4x4)
GREAT_WALL,Great Wall,CN,Hover M2
GREAT_WALL,Great Wall,CN,Hover M4
GREAT_WALL,Great Wall,CN,Hover Pi
GREAT_WALL,Great Wall,CN,Pegasus
GREAT_WALL,Great Wall,CN,Peri
GREAT_WALL,Great Wall,CN,Poer
GREAT_WALL,Great Wall,CN,Poer King Kong
GREAT_WALL,Great Wall,CN,Safe
GREAT_WALL,Great Wall,CN,Sailor
GREAT_WALL,Great Wall,CN,Shanhai Poer
GREAT_WALL,Great Wall,CN,Sing RUV
GREAT_WALL,Great Wall,CN,Socool
GREAT_WALL,Great Wall,CN,Voleex C10 (Phenom)
GREAT_WALL,Great Wall,CN,Voleex C30
GREAT_WALL,Great Wall,CN,Voleex C50
GREAT_WALL,Great Wall,CN,Wingle 7
GREAT_WALL,Great Wall,CN,Wingle
HAFEI,Hafei,CN,Brio
HAFEI,Hafei,CN,Minyi
HAFEI,Hafei,CN,Princip
HAFEI,Hafei,CN,Saibao
HAFEI,Hafei,CN,Sigma
HAFEI,Hafei,CN,Simbo
HAIMA,Haima,CN,2
HAIMA,Haima,CN,3
HAIMA,Haima,CN,6P
HAIMA,Haima,CN,7
HAIMA,Haima,CN,7X
HAIMA,Haima,CN,8S
HAIMA,Haima,CN,Aishang EV
HAIMA,Haima,CN,E3
HAIMA,Haima,CN,Family
HAIMA,Haima,CN,Family F7
HAIMA,Haima,CN,Freema
HAIMA,Haima,CN,M3
HAIMA,Haima,CN,S5
HAIMA,Haima,CN,S5 Young
HANOMAG,Hanomag,DE,Rekord
HANOMAG,Hanomag,DE,Typ 13
HANTENG,Hanteng,CN,X7
HAVAL,Haval,CN,Chitu
HAVAL,Haval,CN,DaGou (Big Dog)
HAVAL,Haval,CN,Dargo
HAVAL,Haval,CN,F5
HAVAL,Haval,CN,F7
HAVAL,Haval,CN,F7x
HAVAL,Haval,CN,F8
HAVAL,Haval,CN,H1
HAVAL,Haval,CN,H2
HAVAL,Haval,CN,H2s
HAVAL,Haval,CN,H3
HAVAL,Haval,CN,H4
HAVAL,Haval,CN,H5
HAVAL,Haval,CN,H6
HAVAL,Haval,CN,H6S
HAVAL,Haval,CN,H6 Coupe
HAVAL,Haval,CN,H7
HAVAL,Haval,CN,H8
HAVAL,Haval,CN,H9
HAVAL,Haval,CN,Jolion
HAVAL,Haval,CN,KuGou
HAVAL,Haval,CN,M6
HAVAL,Haval,CN,Menglong (Raptor)
HAVAL,Haval,CN,Shenshou
HAVAL,Haval,CN,Xiaolong
HAVAL,Haval,CN,Xiaolong Max
HAWTAI,Hawtai,CN,Boliger
HAWTAI,Hawtai,CN,B21
HAWTAI,Hawtai,CN,Laville
HEDMOS,Hedmos,CN,6
HEINKEL,Heinkel,DE,Typ 154
HENNESSEY,Hennessey,US,Venom F5
HENNESSEY,Hennessey,US,Venom GT
HINDUSTAN,Hindustan,IN,Ambassador
HINDUSTAN,Hindustan,IN,Contessa
HIPHI,HiPhi,CN,X
HIPHI,HiPhi,CN,Y
HIPHI,HiPhi,CN,Z
HISPANO_SUIZA,Hispano-Suiza,ES,K6
HOLDEN,Holden,AU,Apollo
HOLDEN,Holden,AU,Astra
HOLDEN,Holden,AU,Barina
HOLDEN,Holden,AU,Calais
HOLDEN,Holden,AU,Caprice
HOLDEN,Holden,AU,Commodore
HOLDEN,Holden,AU,Cruze
HOLDEN,Holden,AU,Frontera
HOLDEN,Holden,AU,Jackaroo
HOLDEN,Holden,AU,Monaro
HOLDEN,Holden,AU,Rodeo
HOLDEN,Holden,AU,Statesman
HOLDEN,Holden,AU,UTE
HOLDEN,Holden,AU,Vectra
HOLDEN,Holden,AU,Zafira
HONDA,Honda,JP,145
HONDA,Honda,JP,Accord
HONDA,Honda,JP,Acty
HONDA,Honda,JP,Airwave
HONDA,Honda,JP,Ascot
HONDA,Honda,JP,Ascot Innova
HONDA,Honda,JP,Avancier
HONDA,Honda,JP,Ballade
HONDA,Honda,JP,Beat
HONDA,Honda,JP,Breeze
HONDA,Honda,JP,Brio
HONDA,Honda,JP,Capa
HONDA,Honda,JP,City
HONDA,Honda,JP,Civic
HONDA,Honda,JP,Civic Ferio
HONDA,Honda,JP,Civic Type R
HONDA,Honda,JP,Concerto
HONDA,Honda,JP,Crider
HONDA,Honda,JP,Crossroad
HONDA,Honda,JP,Crosstour
HONDA,Honda,JP,CR-V
HONDA,Honda,JP,CR-X
HONDA,Honda,JP,CR-Z
HONDA,Honda,JP,Domani
HONDA,Honda,JP,e
HONDA,Honda,JP,Edix
HONDA,Honda,JP,Element
HONDA,Honda,JP,Elevate
HONDA,Honda,JP,Elysion
HONDA,Honda,JP,Envix
HONDA,Honda,JP,e:NP1
HONDA,Honda,JP,e:NP2
HONDA,Honda,JP,e:NS1
HONDA,Honda,JP,e:NS2
HONDA,Honda,JP,e:Ny1
HONDA,Honda,JP,Clarity
HONDA,Honda,JP,Fit
HONDA,Honda,JP,Fit Aria
HONDA,Honda,JP,Fit Shuttle
HONDA,Honda,JP,Freed
HONDA,Honda,JP,FR-V
HONDA,Honda,JP,Grace
HONDA,Honda,JP,Horizon
HONDA,Honda,JP,HR-V
HONDA,Honda,JP,Insight
HONDA,Honda,JP,Inspire
HONDA,Honda,JP,Integra
HONDA,Honda,JP,Integra SJ
HONDA,Honda,JP,Jade
HONDA,Honda,JP,Jazz
HONDA,Honda,JP,Lagreat
HONDA,Honda,JP,Legend
HONDA,Honda,JP,Life
HONDA,Honda,JP,Logo
HONDA,Honda,JP,MDX
HONDA,Honda,JP,Mobilio
HONDA,Honda,JP,Mobilio Spike
HONDA,Honda,JP,N360
HONDA,Honda,JP,NSX
HONDA,Honda,JP,N-BOX
HONDA,Honda,JP,N-BOX+
HONDA,Honda,JP,N-BOX Slash
HONDA,Honda,JP,N-One
HONDA,Honda,JP,N-VAN
HONDA,Honda,JP,N-WGN
HONDA,Honda,JP,Odyssey
HONDA,Honda,JP,Odyssey (North America)
HONDA,Honda,JP,Orthia
HONDA,Honda,JP,Partner
HONDA,Honda,JP,Passport
HONDA,Honda,JP,Pilot
HONDA,Honda,JP,Prelude
HONDA,Honda,JP,Prologue
HONDA,Honda,JP,Quint
HONDA,Honda,JP,Rafaga
HONDA,Honda,JP,Ridgeline
HONDA,Honda,JP,S2000
HONDA,Honda,JP,S500
HONDA,Honda,JP,S600
HONDA,Honda,JP,S660
HONDA,Honda,JP,Saber
HONDA,Honda,JP,Shuttle
HONDA,Honda,JP,Stepwgn
HONDA,Honda,JP,Stream
HONDA,Honda,JP,Street
HONDA,Honda,JP,S-MX
HONDA,Honda,JP,That'S
HONDA,Honda,JP,Today
HONDA,Honda,JP,Torneo
HONDA,Honda,JP,UR-V
HONDA,Honda,JP,Vamos
HONDA,Honda,JP,Vezel
HONDA,Honda,JP,Vigor
HONDA,Honda,JP,WR-V
HONDA,Honda,JP,XR-V
HONDA,Honda,JP,Ye P7
HONDA,Honda,JP,Ye S7
HONDA,Honda,JP,Z
HONDA,Honda,JP,Zest
HONDA,Honda,JP,ZR-V
HONGQI,Hongqi,CN,EH7
HONGQI,Hongqi,CN,E-HS3
HONGQI,Hongqi,CN,E-HS7
HONGQI,Hongqi,CN,E-HS9
HONGQI,Hongqi,CN,E-QM5
HONGQI,Hongqi,CN,H5
HONGQI,Hongqi,CN,H6
HONGQI,Hongqi,CN,H7
HONGQI,Hongqi,CN,H9
HONGQI,Hongqi,CN,HQ9
HONGQI,Hongqi,CN,HS3
HONGQI,Hongqi,CN,HS5
HONGQI,Hongqi,CN,HS7
HONGQI,Hongqi,CN,L1 (Guoya)
HONGQI,Hongqi,CN,L5
HONGQI,Hongqi,CN,LS7
HONGQI,Hongqi,CN,Tiangong 05
HONGQI,Hongqi,CN,Tiangong 06
HONGQI,Hongqi,CN,Tiangong 08
HORCH,Horch,DE,830
HORCH,Horch,DE,853
HORCH,Horch,DE,901
HOZON,Hozon,CN,Neta GT
HOZON,Hozon,CN,Neta L
HOZON,Hozon,CN,Neta S
HOZON,Hozon,CN,Neta U
HOZON,Hozon,CN,Neta U-II
HOZON,Hozon,CN,Neta V
HOZON,Hozon,CN,Neta X
HSV,HSV,AU,Maloo
HUAIHAI_HOANN,Huaihai (Hoann),CN,EK01
HUANGHAI,HuangHai,CN,Antelope
HUANGHAI,HuangHai,CN,Landscape
HUANGHAI,HuangHai,CN,N1
HUANGHAI,HuangHai,CN,N7
HUANGHAI,HuangHai,CN,Plutus
HUAZI,Huazi,CN,Omega
HUDSON,Hudson,US,Deluxe Eight
HUDSON,Hudson,US,Super Six
HUMBER,Humber,GB,Hawk
HUMMER,Hummer,US,H1
HUMMER,Hummer,US,H2
HUMMER,Hummer,US,H3
HYCAN,Hycan,CN,7
HYCAN,Hycan,CN,A06
HYCAN,Hycan,CN,V09
HYCAN,Hycan,CN,Z03
HYPERION,Hyperion,US,XP-1
HYUNDAI,Hyundai,KR,Accent
HYUNDAI,Hyundai,KR,Alcazar
HYUNDAI,Hyundai,KR,Aslan
HYUNDAI,Hyundai,KR,Atos
HYUNDAI,Hyundai,KR,Avante
HYUNDAI,Hyundai,KR,Avante N
HYUNDAI,Hyundai,KR,Azera
HYUNDAI,Hyundai,KR,Bayon
HYUNDAI,Hyundai,KR,Casper
HYUNDAI,Hyundai,KR,Celesta
HYUNDAI,Hyundai,KR,Centennial
HYUNDAI,Hyundai,KR,Click
HYUNDAI,Hyundai,KR,Coupe
HYUNDAI,Hyundai,KR,Creta
HYUNDAI,Hyundai,KR,Custin
HYUNDAI,Hyundai,KR,Custo
HYUNDAI,Hyundai,KR,Dynasty
HYUNDAI,Hyundai,KR,Elantra
HYUNDAI,Hyundai,KR,Elantra N
HYUNDAI,Hyundai,KR,Elexio
HYUNDAI,Hyundai,KR,Encino
HYUNDAI,Hyundai,KR,Entourage
HYUNDAI,Hyundai,KR,EON
HYUNDAI,Hyundai,KR,Equus
HYUNDAI,Hyundai,KR,Excel
HYUNDAI,Hyundai,KR,Exter
HYUNDAI,Hyundai,KR,Galloper
HYUNDAI,Hyundai,KR,Genesis
HYUNDAI,Hyundai,KR,Genesis Coupe
HYUNDAI,Hyundai,KR,Getz
HYUNDAI,Hyundai,KR,Grace
HYUNDAI,Hyundai,KR,Grandeur
HYUNDAI,Hyundai,KR,Grand Starex
HYUNDAI,Hyundai,KR,H200
HYUNDAI,Hyundai,KR,HB20
HYUNDAI,Hyundai,KR,H-1
HYUNDAI,Hyundai,KR,i10
HYUNDAI,Hyundai,KR,i20
HYUNDAI,Hyundai,KR,i20 N
HYUNDAI,Hyundai,KR,i30
HYUNDAI,Hyundai,KR,i30 N
HYUNDAI,Hyundai,KR,i40
HYUNDAI,Hyundai,KR,Inster
HYUNDAI,Hyundai,KR,IONIQ
HYUNDAI,Hyundai,KR,IONIQ 5
HYUNDAI,Hyundai,KR,IONIQ 5 N
HYUNDAI,Hyundai,KR,IONIQ 6
HYUNDAI,Hyundai,KR,IONIQ 9
HYUNDAI,Hyundai,KR,ix20
HYUNDAI,Hyundai,KR,ix25
HYUNDAI,Hyundai,KR,ix35
HYUNDAI,Hyundai,KR,ix55
HYUNDAI,Hyundai,KR,Kona
HYUNDAI,Hyundai,KR,Kona N
HYUNDAI,Hyundai,KR,Lafesta
HYUNDAI,Hyundai,KR,Lantra
HYUNDAI,Hyundai,KR,Lavita
HYUNDAI,Hyundai,KR,Marcia
HYUNDAI,Hyundai,KR,Matrix
HYUNDAI,Hyundai,KR,Maxcruz
HYUNDAI,Hyundai,KR,Mistra
HYUNDAI,Hyundai,KR,Mufasa
HYUNDAI,Hyundai,KR,Nexo
HYUNDAI,Hyundai,KR,Palisade
HYUNDAI,Hyundai,KR,Pony
HYUNDAI,Hyundai,KR,Santamo
HYUNDAI,Hyundai,KR,Santa Cruz
HYUNDAI,Hyundai,KR,Santa Fe
HYUNDAI,Hyundai,KR,Santro
HYUNDAI,Hyundai,KR,Scoupe
HYUNDAI,Hyundai,KR,Solaris
HYUNDAI,Hyundai,KR,Sonata
HYUNDAI,Hyundai,KR,Starex
HYUNDAI,Hyundai,KR,Stargazer
HYUNDAI,Hyundai,KR,Staria
HYUNDAI,Hyundai,KR,Stellar
HYUNDAI,Hyundai,KR,Terracan
HYUNDAI,Hyundai,KR,Tiburon
HYUNDAI,Hyundai,KR,Trajet
HYUNDAI,Hyundai,KR,Tucson
HYUNDAI,Hyundai,KR,Tuscani
HYUNDAI,Hyundai,KR,Veloster
HYUNDAI,Hyundai,KR,Venue
HYUNDAI,Hyundai,KR,Veracruz
HYUNDAI,Hyundai,KR,Verna
HYUNDAI,Hyundai,KR,XG
ICAR,iCar,CN,3
ICAR,iCar,CN,V23
ICAUR,iCaur,CN,V27
IG,Иж,RU,2125 «Комби»
IG,Иж,RU,2126 «Ода»
IG,Иж,RU,21261 «Фабула»
IG,Иж,RU,2715
IG,Иж,RU,2717
IG,Иж,RU,27175
IG,Иж,RU,Москвич-412
IM_MOTORS,IM Motors (Zhiji),CN,L6
IM_MOTORS,IM Motors (Zhiji),CN,L7
IM_MOTORS,IM Motors (Zhiji),CN,LS6
IM_MOTORS,IM Motors (Zhiji),CN,LS7
INEOS,Ineos,GB,Grenadier
INFINITI,Infiniti,JP,EX
INFINITI,Infiniti,JP,FX
INFINITI,Infiniti,JP,G
INFINITI,Infiniti,JP,I
INFINITI,Infiniti,JP,J
INFINITI,Infiniti,JP,JX
INFINITI,Infiniti,JP,M
INFINITI,Infiniti,JP,Q
INFINITI,Infiniti,JP,Q30
INFINITI,Infiniti,JP,Q40
INFINITI,Infiniti,JP,Q50
INFINITI,Infiniti,JP,Q60
INFINITI,Infiniti,JP,Q70
INFINITI,Infiniti,JP,QX30
INFINITI,Infiniti,JP,QX4
INFINITI,Infiniti,JP,QX50
INFINITI,Infiniti,JP,QX55
INFINITI,Infiniti,JP,QX56
INFINITI,Infiniti,JP,QX60
INFINITI,Infiniti,JP,QX70
INFINITI,Infiniti,JP,QX80
INNOCENTI,Innocenti,IT,Elba
INNOCENTI,Innocenti,IT,Mille
INNOCENTI,Innocenti,IT,Mini
INTERNATIONAL,International Harvester,US,Scout
INTERNATIONAL,International Harvester,US,Travelall
INVICTA,Invicta,GB,S1
IRAN_KHODRO,Iran Khodro,IR,Arisun
IRAN_KHODRO,Iran Khodro,IR,Dena
IRAN_KHODRO,Iran Khodro,IR,Paykan
IRAN_KHODRO,Iran Khodro,IR,Runna
IRAN_KHODRO,Iran Khodro,IR,Sahra
IRAN_KHODRO,Iran Khodro,IR,Samand
IRAN_KHODRO,Iran Khodro,IR,Sarir
IRAN_KHODRO,Iran Khodro,IR,Soren
IRAN_KHODRO,Iran Khodro,IR,Tara
ISDERA,Isdera,DE,Commendatore 112i
ISDERA,Isdera,DE,Imperator 108i
ISDERA,Isdera,DE,Spyder
ISUZU,Isuzu,JP,117
ISUZU,Isuzu,JP,Amigo
ISUZU,Isuzu,JP,Ascender
ISUZU,Isuzu,JP,Aska
ISUZU,Isuzu,JP,Axiom
ISUZU,Isuzu,JP,Bellett
ISUZU,Isuzu,JP,Bighorn
ISUZU,Isuzu,JP,D-Max
ISUZU,Isuzu,JP,Fargo
ISUZU,Isuzu,JP,Fargo Filly
ISUZU,Isuzu,JP,Florian
ISUZU,Isuzu,JP,Gemini
ISUZU,Isuzu,JP,Hombre
ISUZU,Isuzu,JP,Impulse
ISUZU,Isuzu,JP,KB
ISUZU,Isuzu,JP,Lingtuo
ISUZU,Isuzu,JP,Midi
ISUZU,Isuzu,JP,MU
ISUZU,Isuzu,JP,MU-7
ISUZU,Isuzu,JP,MU-X
ISUZU,Isuzu,JP,Oasis
ISUZU,Isuzu,JP,Piazza
ISUZU,Isuzu,JP,Rodeo
ISUZU,Isuzu,JP,Stylus
ISUZU,Isuzu,JP,T17
ISUZU,Isuzu,JP,T30 Explorer
ISUZU,Isuzu,JP,TF (Pickup)
ISUZU,Isuzu,JP,Trooper
ISUZU,Isuzu,JP,VehiCross
ISUZU,Isuzu,JP,Wizard
IVECO,Iveco,IT,Massif
JAC,JAC,CN,A5
JAC,JAC,CN,E30X
JAC,JAC,CN,Hunter
JAC,JAC,CN,iEV7L
JAC,JAC,CN,iEV7S
JAC,JAC,CN,iEVA50
JAC,JAC,CN,iEVS4
JAC,JAC,CN,J2 (Yueyue)
JAC,JAC,CN,"J3 (Tongyue,Tojoy)"
JAC,JAC,CN,J4 (Heyue A30)
JAC,JAC,CN,J5 (Heyue)
JAC,JAC,CN,J6 (Heyue RS)
JAC,JAC,CN,J7
JAC,JAC,CN,J7 (Binyue)
JAC,JAC,CN,Jiayue X7
JAC,JAC,CN,JS2
JAC,JAC,CN,JS2 Pro
JAC,JAC,CN,JS3
JAC,JAC,CN,JS4
JAC,JAC,CN,JS5
JAC,JAC,CN,JS6
JAC,JAC,CN,JS9
JAC,JAC,CN,M4
JAC,JAC,CN,M5
JAC,JAC,CN,M1 (Refine)
JAC,JAC,CN,Refine M3
JAC,JAC,CN,Refine RF8
JAC,JAC,CN,S1 (Rein)
JAC,JAC,CN,S3 Pro
JAC,JAC,CN,S4
JAC,JAC,CN,S5 (Eagle)
JAC,JAC,CN,S6
JAC,JAC,CN,S7
JAC,JAC,CN,Sehol A5 Plus
JAC,JAC,CN,Sehol Aipao
JAC,JAC,CN,Sehol E20X
JAC,JAC,CN,Sehol X6
JAC,JAC,CN,Sehol X8
JAC,JAC,CN,Sehol X8 Plus
JAC,JAC,CN,S2
JAC,JAC,CN,S3
JAC,JAC,CN,T6
JAC,JAC,CN,T8
JAC,JAC,CN,T8 Pro
JAC,JAC,CN,T9
JAECOO,Jaecoo,CN,J5
JAECOO,Jaecoo,CN,J7
JAECOO,Jaecoo,CN,J8
JAGUAR,Jaguar,GB,E-Pace
JAGUAR,Jaguar,GB,E-type
JAGUAR,Jaguar,GB,F-Pace
JAGUAR,Jaguar,GB,F-Type
JAGUAR,Jaguar,GB,I-Pace
JAGUAR,Jaguar,GB,Mark 2
JAGUAR,Jaguar,GB,Mark IX
JAGUAR,Jaguar,GB,S-Type
JAGUAR,Jaguar,GB,XE
JAGUAR,Jaguar,GB,XF
JAGUAR,Jaguar,GB,XFR
JAGUAR,Jaguar,GB,XJ
JAGUAR,Jaguar,GB,XJ220
JAGUAR,Jaguar,GB,XJR
JAGUAR,Jaguar,GB,XJS
JAGUAR,Jaguar,GB,XK
JAGUAR,Jaguar,GB,XKR
JAGUAR,Jaguar,GB,X-Type
JEEP,Jeep,US,Avenger
JEEP,Jeep,US,Cherokee
JEEP,Jeep,US,CJ
JEEP,Jeep,US,Comanche
JEEP,Jeep,US,Commander
JEEP,Jeep,US,Compass
JEEP,Jeep,US,Gladiator
JEEP,Jeep,US,Grand Cherokee
JEEP,Jeep,US,Grand Commander
JEEP,Jeep,US,Wagoneer
JEEP,Jeep,US,Liberty (North America)
JEEP,Jeep,US,Liberty (Patriot)
JEEP,Jeep,US,Renegade
JEEP,Jeep,US,Wagoneer S
JEEP,Jeep,US,Wrangler
JENSEN,Jensen,GB,Interceptor
JENSEN,Jensen,GB,S-V8
JETOUR,JETOUR,CN,DASHING
JETOUR,JETOUR,CN,Freedom
JETOUR,JETOUR,CN,Shanhai L6
JETOUR,JETOUR,CN,Shanhai L7
JETOUR,JETOUR,CN,Shanhai L9
JETOUR,JETOUR,CN,Shanhai T1
JETOUR,JETOUR,CN,Shanhai T2
JETOUR,JETOUR,CN,T2
JETOUR,JETOUR,CN,Traveller
JETOUR,JETOUR,CN,X50
JETOUR,JETOUR,CN,X70
JETOUR,JETOUR,CN,X70 PLUS
JETOUR,JETOUR,CN,X70 Pro
JETOUR,JETOUR,CN,X90
JETOUR,JETOUR,CN,X90 PLUS
JETOUR,JETOUR,CN,X90 Pro
JETOUR,JETOUR,CN,X95
JETTA,Jetta,CN,VA3
JETTA,Jetta,CN,VA7
JETTA,Jetta,CN,VS5
JETTA,Jetta,CN,VS7
JETTA,Jetta,CN,VS8
JIANGNAN,Jiangnan,CN,Chuanqi
JIDU,Jidu,CN,1
JIDU,Jidu,CN,7
JINBEI,Jinbei,CN,Haise
JINBEI,Jinbei,CN,Haise S
JMC,JMC,CN,Baodian
JMC,JMC,CN,Dadao
JMC,JMC,CN,Vigus
JMC,JMC,CN,Vigus Work
JMC,JMC,CN,Yuhu 7
JMEV,JMEV,CN,1
JMEV,JMEV,CN,EV3
JMEV,JMEV,CN,GSE (Yi)
JONWAY,Jonway,CN,UFO A380
KAIYI,Kaiyi,CN,E5
KAIYI,Kaiyi,CN,Shiyue
KAIYI,Kaiyi,CN,X3
KAIYI,Kaiyi,CN,X3 Pro
KAIYI,Kaiyi,CN,X7 Kunlun
KANONIR,Канонир,RU,2317
KARMA,Karma,US,Revero
KARMA,Karma,US,Revero GT
KAWEI,Kawei,CN,K1
KAWEI,Kawei,CN,K150
KAWEI,Kawei,CN,K150GT
KGM,KGM,KR,Actyon
KGM,KGM,KR,Korando
KGM,KGM,KR,Rexton
KGM,KGM,KR,Rexton Sports
KGM,KGM,KR,Tivoli
KGM,KGM,KR,Torres
KIA,Kia,KR,Avella
KIA,Kia,KR,Borrego
KIA,Kia,KR,Cachet
KIA,Kia,KR,Cadenza
KIA,Kia,KR,Capital
KIA,Kia,KR,Carens
KIA,Kia,KR,Carnival
KIA,Kia,KR,Carstar
KIA,Kia,KR,Ceed
KIA,Kia,KR,Ceed GT
KIA,Kia,KR,Cerato
KIA,Kia,KR,Clarus
KIA,Kia,KR,Concord
KIA,Kia,KR,Elan
KIA,Kia,KR,Enterprise
KIA,Kia,KR,EV3
KIA,Kia,KR,EV4
KIA,Kia,KR,EV5
KIA,Kia,KR,EV6
KIA,Kia,KR,EV9
KIA,Kia,KR,Forte
KIA,Kia,KR,Joice
KIA,Kia,KR,K3
KIA,Kia,KR,K4
KIA,Kia,KR,K5
KIA,Kia,KR,K7
KIA,Kia,KR,K8
KIA,Kia,KR,K9
KIA,Kia,KR,K900
KIA,Kia,KR,KX1
KIA,Kia,KR,KX3
KIA,Kia,KR,KX5
KIA,Kia,KR,KX7
KIA,Kia,KR,Lotze
KIA,Kia,KR,Magentis
KIA,Kia,KR,Mentor
KIA,Kia,KR,Mohave
KIA,Kia,KR,Morning
KIA,Kia,KR,Niro
KIA,Kia,KR,Opirus
KIA,Kia,KR,Optima
KIA,Kia,KR,Pegas
KIA,Kia,KR,Picanto
KIA,Kia,KR,Potentia
KIA,Kia,KR,Pregio
KIA,Kia,KR,Pride
KIA,Kia,KR,Proceed
KIA,Kia,KR,PV5
KIA,Kia,KR,Quanlima
KIA,Kia,KR,Quoris
KIA,Kia,KR,Ray
KIA,Kia,KR,Retona
KIA,Kia,KR,Rio
KIA,Kia,KR,Sedona
KIA,Kia,KR,Seltos
KIA,Kia,KR,Sephia
KIA,Kia,KR,Shuma
KIA,Kia,KR,Sonet
KIA,Kia,KR,Sorento
KIA,Kia,KR,Soul
KIA,Kia,KR,Soul EV
KIA,Kia,KR,Spectra
KIA,Kia,KR,Sportage
KIA,Kia,KR,Sportage (China)
KIA,Kia,KR,Stinger
KIA,Kia,KR,Stonic
KIA,Kia,KR,Syros
KIA,Kia,KR,Tasman
KIA,Kia,KR,Telluride
KIA,Kia,KR,Towner
KIA,Kia,KR,Venga
KIA,Kia,KR,Visto
KIA,Kia,KR,XCeed
KIA,Kia,KR,X-Trek
KNEWSTAR,Knewstar,CN,1
KOENIGSEGG,Koenigsegg,SE,Agera
KOENIGSEGG,Koenigsegg,SE,CC850
KOENIGSEGG,Koenigsegg,SE,CC8S
KOENIGSEGG,Koenigsegg,SE,CCR
KOENIGSEGG,Koenigsegg,SE,CCX
KOENIGSEGG,Koenigsegg,SE,Gemera
KOENIGSEGG,Koenigsegg,SE,Jesko
KOENIGSEGG,Koenigsegg,SE,One:1
KOENIGSEGG,Koenigsegg,SE,Regera
KOMBAT,Комбат,RU,Т98
KTM,KTM AG,AT,X-Bow
KYC,KYC,CN,F3
LAMBORGHINI,Lamborghini,IT,350/400 GT
LAMBORGHINI,Lamborghini,IT,Aventador
LAMBORGHINI,Lamborghini,IT,Centenario
LAMBORGHINI,Lamborghini,IT,Countach
LAMBORGHINI,Lamborghini,IT,Countach LPI 800-4
LAMBORGHINI,Lamborghini,IT,Diablo
LAMBORGHINI,Lamborghini,IT,Egoista
LAMBORGHINI,Lamborghini,IT,Espada
LAMBORGHINI,Lamborghini,IT,Gallardo
LAMBORGHINI,Lamborghini,IT,Huracán
LAMBORGHINI,Lamborghini,IT,Islero
LAMBORGHINI,Lamborghini,IT,Jalpa
LAMBORGHINI,Lamborghini,IT,Jarama
LAMBORGHINI,Lamborghini,IT,LM001
LAMBORGHINI,Lamborghini,IT,LM002
LAMBORGHINI,Lamborghini,IT,Miura
LAMBORGHINI,Lamborghini,IT,Murcielago
LAMBORGHINI,Lamborghini,IT,Reventon
LAMBORGHINI,Lamborghini,IT,Revuelto
LAMBORGHINI,Lamborghini,IT,Sesto Elemento
LAMBORGHINI,Lamborghini,IT,Sián
LAMBORGHINI,Lamborghini,IT,Silhouette
LAMBORGHINI,Lamborghini,IT,Temerario
LAMBORGHINI,Lamborghini,IT,Urraco
LAMBORGHINI,Lamborghini,IT,Urus
LAMBORGHINI,Lamborghini,IT,Veneno
LANCIA,Lancia,IT,Appia
LANCIA,Lancia,IT,Aurelia
LANCIA,Lancia,IT,A 112
LANCIA,Lancia,IT,Beta
LANCIA,Lancia,IT,Dedra
LANCIA,Lancia,IT,Delta
LANCIA,Lancia,IT,Flaminia
LANCIA,Lancia,IT,Flavia
LANCIA,Lancia,IT,Fulvia
LANCIA,Lancia,IT,Gamma
LANCIA,Lancia,IT,Hyena
LANCIA,Lancia,IT,Kappa
LANCIA,Lancia,IT,Lambda
LANCIA,Lancia,IT,Lybra
LANCIA,Lancia,IT,Monte Carlo
LANCIA,Lancia,IT,Musa
LANCIA,Lancia,IT,Phedra
LANCIA,Lancia,IT,Prisma
LANCIA,Lancia,IT,Rally 037
LANCIA,Lancia,IT,Stratos
LANCIA,Lancia,IT,Thema
LANCIA,Lancia,IT,Thesis
LANCIA,Lancia,IT,Trevi
LANCIA,Lancia,IT,Voyager
LANCIA,Lancia,IT,Y10
LANCIA,Lancia,IT,Ypsilon
LANCIA,Lancia,IT,Zeta
LANDWIND,Landwind,CN,Fashion (CV9)
LANDWIND,Landwind,CN,Forward
LANDWIND,Landwind,CN,Х9
LANDWIND,Landwind,CN,X5
LANDWIND,Landwind,CN,X6
LANDWIND,Landwind,CN,X7
LAND_ROVER,Land Rover,GB,Defender
LAND_ROVER,Land Rover,GB,Discovery
LAND_ROVER,Land Rover,GB,Discovery Sport
LAND_ROVER,Land Rover,GB,Range Rover Evoque
LAND_ROVER,Land Rover,GB,Freelander
LAND_ROVER,Land Rover,GB,Range Rover
LAND_ROVER,Land Rover,GB,Range Rover Sport
LAND_ROVER,Land Rover,GB,Range Rover Velar
LAND_ROVER,Land Rover,GB,Series I
LAND_ROVER,Land Rover,GB,Series II
LAND_ROVER,Land Rover,GB,Series III
LEAPMOTOR,Leapmotor,CN,B01
LEAPMOTOR,Leapmotor,CN,B10
LEAPMOTOR,Leapmotor,CN,C01
LEAPMOTOR,Leapmotor,CN,C10
LEAPMOTOR,Leapmotor,CN,C11
LEAPMOTOR,Leapmotor,CN,C16
LEAPMOTOR,Leapmotor,CN,S01
LEAPMOTOR,Leapmotor,CN,T03
LETIN,Letin,CN,Mengo
LETIN,Letin,CN,Mengo Pro
LEVC,LEVC,GB,L380
LEVC,LEVC,GB,TX
LEXUS,Lexus,JP,CT
LEXUS,Lexus,JP,ES
LEXUS,Lexus,JP,GS
LEXUS,Lexus,JP,GS F
LEXUS,Lexus,JP,GX
LEXUS,Lexus,JP,HS
LEXUS,Lexus,JP,IS
LEXUS,Lexus,JP,IS F
LEXUS,Lexus,JP,LBX
LEXUS,Lexus,JP,LC
LEXUS,Lexus,JP,LFA
LEXUS,Lexus,JP,LM
LEXUS,Lexus,JP,LS
LEXUS,Lexus,JP,LX
LEXUS,Lexus,JP,NX
LEXUS,Lexus,JP,RC
LEXUS,Lexus,JP,RC F
LEXUS,Lexus,JP,RX
LEXUS,Lexus,JP,RZ
LEXUS,Lexus,JP,SC
LEXUS,Lexus,JP,TX
LEXUS,Lexus,JP,UX
LIEBAO,Liebao Motor,CN,Leopard
LIFAN,Lifan,CN,650 EV
LIFAN,Lifan,CN,Breez (520)
LIFAN,Lifan,CN,Cebrium (720)
LIFAN,Lifan,CN,Celliya (530)
LIFAN,Lifan,CN,Murman (820)
LIFAN,Lifan,CN,Myway
LIFAN,Lifan,CN,Smily
LIFAN,Lifan,CN,Solano
LIFAN,Lifan,CN,X50
LIFAN,Lifan,CN,X60
LIFAN,Lifan,CN,X70
LIGIER,Ligier,FR,JS 51
LINCOLN,Lincoln,US,Aviator
LINCOLN,Lincoln,US,Blackwood
LINCOLN,Lincoln,US,Capri
LINCOLN,Lincoln,US,Continental
LINCOLN,Lincoln,US,Corsair
LINCOLN,Lincoln,US,LS
LINCOLN,Lincoln,US,Mark III
LINCOLN,Lincoln,US,Mark IV
LINCOLN,Lincoln,US,Mark LT
LINCOLN,Lincoln,US,Mark VII
LINCOLN,Lincoln,US,Mark VIII
LINCOLN,Lincoln,US,MKC
LINCOLN,Lincoln,US,MKS
LINCOLN,Lincoln,US,MKT
LINCOLN,Lincoln,US,MKX
LINCOLN,Lincoln,US,MKZ
LINCOLN,Lincoln,US,Nautilus
LINCOLN,Lincoln,US,Navigator
LINCOLN,Lincoln,US,Premiere
LINCOLN,Lincoln,US,Town Car
LINCOLN,Lincoln,US,Versailles
LINCOLN,Lincoln,US,Z
LINCOLN,Lincoln,US,Zephyr
LINGXI,Lingxi,CN,L
LIVAN,Livan,CN,7
LIVAN,Livan,CN,9
LIVAN,Livan,CN,S6 Pro
LIVAN,Livan,CN,Smurf
LIVAN,Livan,CN,X3 Pro
LIVAN,Livan,CN,X6 Pro
LIXIANG,Lixiang,CN,i6
LIXIANG,Lixiang,CN,i8
LIXIANG,Lixiang,CN,L6
LIXIANG,Lixiang,CN,L7
LIXIANG,Lixiang,CN,L8
LIXIANG,Lixiang,CN,L9
LIXIANG,Lixiang,CN,Mega
LIXIANG,Lixiang,CN,One
LOGEM,Logem,CN,EC30
LOTUS,Lotus,GB,2-Eleven
LOTUS,Lotus,GB,340R
LOTUS,Lotus,GB,3-Eleven
LOTUS,Lotus,GB,Eclat
LOTUS,Lotus,GB,Elan
LOTUS,Lotus,GB,Eletre
LOTUS,Lotus,GB,Elise
LOTUS,Lotus,GB,Elite
LOTUS,Lotus,GB,Emeya
LOTUS,Lotus,GB,Emira
LOTUS,Lotus,GB,Esprit
LOTUS,Lotus,GB,Europa
LOTUS,Lotus,GB,Europa S
LOTUS,Lotus,GB,Evija
LOTUS,Lotus,GB,Evora
LOTUS,Lotus,GB,Excel
LOTUS,Lotus,GB,Exige
LTI,LTI,GB,FX4
LTI,LTI,GB,TX
LUAZ,ЛуАЗ,UA,1302 Волынь
LUAZ,ЛуАЗ,UA,967
LUAZ,ЛуАЗ,UA,969
LUCID,Lucid,US,Air
LUCID,Lucid,US,Gravity
LUXEED,Luxeed,CN,R7
LUXEED,Luxeed,CN,S7
LUXGEN,Luxgen,TW,Luxgen7 MPV
LUXGEN,Luxgen,TW,Luxgen7 SUV
LUXGEN,Luxgen,TW,Luxgen5
LUXGEN,Luxgen,TW,U6 Turbo
LUXGEN,Luxgen,TW,U7 Turbo
LYNK_CO,Lynk & Co,CN,1
LYNK_CO,Lynk & Co,CN,2
LYNK_CO,Lynk & Co,CN,3
LYNK_CO,Lynk & Co,CN,5
LYNK_CO,Lynk & Co,CN,6
LYNK_CO,Lynk & Co,CN,7
LYNK_CO,Lynk & Co,CN,8
LYNK_CO,Lynk & Co,CN,9
LYNK_CO,Lynk & Co,CN,900
LYNK_CO,Lynk & Co,CN,Z10
LYNK_CO,Lynk & Co,CN,Z20
MAEXTRO,Maextro,CN,S800
MAHINDRA,Mahindra,IN,Armada
MAHINDRA,Mahindra,IN,Bolero
MAHINDRA,Mahindra,IN,CJ-3
MAHINDRA,Mahindra,IN,CL
MAHINDRA,Mahindra,IN,Commander
MAHINDRA,Mahindra,IN,Marshal
MAHINDRA,Mahindra,IN,MM
MAHINDRA,Mahindra,IN,NC 640 DP
MAHINDRA,Mahindra,IN,Scorpio
MAHINDRA,Mahindra,IN,Thar
MAHINDRA,Mahindra,IN,Verito
MAHINDRA,Mahindra,IN,Voyager
MAHINDRA,Mahindra,IN,Xylo
MAPLE,Maple,CN,30X
MAPLE,Maple,CN,X3 Pro
MARCOS,Marcos,GB,GTS
MARCOS,Marcos,GB,LM 400
MARCOS,Marcos,GB,LM 500
MARCOS,Marcos,GB,Mantis
MARCOS,Marcos,GB,Marcasite
MARLIN,Marlin,GB,5EXi
MARLIN,Marlin,GB,Sportster
MARUSSIA,Marussia,RU,B1
MARUSSIA,Marussia,RU,B2
MARUTI,Maruti,IN,1000
MARUTI,Maruti,IN,800
MARUTI,Maruti,IN,Alto
MARUTI,Maruti,IN,Baleno
MARUTI,Maruti,IN,Esteem
MARUTI,Maruti,IN,Gypsy
MARUTI,Maruti,IN,Omni
MARUTI,Maruti,IN,Versa
MARUTI,Maruti,IN,Wagon R
MARUTI,Maruti,IN,Zen
MASERATI,Maserati,IT,228
MASERATI,Maserati,IT,3200 GT
MASERATI,Maserati,IT,420
MASERATI,Maserati,IT,4200 GT
MASERATI,Maserati,IT,Barchetta Stradale
MASERATI,Maserati,IT,Biturbo
MASERATI,Maserati,IT,Bora
MASERATI,Maserati,IT,Chubasco
MASERATI,Maserati,IT,Ghibli
MASERATI,Maserati,IT,GranCabrio
MASERATI,Maserati,IT,GranTurismo
MASERATI,Maserati,IT,Grecale
MASERATI,Maserati,IT,GT2 Stradale
MASERATI,Maserati,IT,Indy
MASERATI,Maserati,IT,Karif
MASERATI,Maserati,IT,Khamsin
MASERATI,Maserati,IT,Kyalami
MASERATI,Maserati,IT,Levante
MASERATI,Maserati,IT,MC12
MASERATI,Maserati,IT,MC20
MASERATI,Maserati,IT,MCPura
MASERATI,Maserati,IT,Merak
MASERATI,Maserati,IT,Mexico
MASERATI,Maserati,IT,Quattroporte
MASERATI,Maserati,IT,Royale
MASERATI,Maserati,IT,Shamal
MATRA,Matra,FR,Murena
MAXUS,Maxus,CN,D60
MAXUS,Maxus,CN,D90
MAXUS,Maxus,CN,EUNIQ 5
MAXUS,Maxus,CN,EUNIQ 6
MAXUS,Maxus,CN,G10
MAXUS,Maxus,CN,G20
MAXUS,Maxus,CN,G50
MAXUS,Maxus,CN,G50 Max
MAXUS,Maxus,CN,G50 Plus
MAXUS,Maxus,CN,G70
MAXUS,Maxus,CN,G90
MAXUS,Maxus,CN,Interstellar
MAXUS,Maxus,CN,MIFA 5
MAXUS,Maxus,CN,MIFA 7
MAXUS,Maxus,CN,MIFA 9
MAXUS,Maxus,CN,T70
MAXUS,Maxus,CN,T90
MAXUS,Maxus,CN,Territory
MAXUS,Maxus,CN,V70
MAYBACH,Maybach,DE,57
MAYBACH,Maybach,DE,62
MAYBACH,Maybach,DE,Exelero
MAZDA,Mazda,JP,1000
MAZDA,Mazda,JP,121
MAZDA,Mazda,JP,1300
MAZDA,Mazda,JP,2
MAZDA,Mazda,JP,3
MAZDA,Mazda,JP,323
MAZDA,Mazda,JP,3 MPS
MAZDA,Mazda,JP,5
MAZDA,Mazda,JP,6
MAZDA,Mazda,JP,616
MAZDA,Mazda,JP,626
MAZDA,Mazda,JP,6e
MAZDA,Mazda,JP,6 MPS
MAZDA,Mazda,JP,818
MAZDA,Mazda,JP,929
MAZDA,Mazda,JP,Atenza
MAZDA,Mazda,JP,Autozam AZ-1
MAZDA,Mazda,JP,Autozam AZ-3
MAZDA,Mazda,JP,Autozam Clef
MAZDA,Mazda,JP,Axela
MAZDA,Mazda,JP,AZ-Offroad
MAZDA,Mazda,JP,AZ-Wagon
MAZDA,Mazda,JP,Biante
MAZDA,Mazda,JP,Bongo
MAZDA,Mazda,JP,Bongo Friendee
MAZDA,Mazda,JP,BT-50
MAZDA,Mazda,JP,B-series
MAZDA,Mazda,JP,Capella
MAZDA,Mazda,JP,Carol
MAZDA,Mazda,JP,Chantez
MAZDA,Mazda,JP,Cosmo
MAZDA,Mazda,JP,Cronos
MAZDA,Mazda,JP,CX-90
MAZDA,Mazda,JP,CX-3
MAZDA,Mazda,JP,CX-30
MAZDA,Mazda,JP,CX-4
MAZDA,Mazda,JP,CX-5
MAZDA,Mazda,JP,CX-50
MAZDA,Mazda,JP,CX-60
MAZDA,Mazda,JP,CX-7
MAZDA,Mazda,JP,CX-70
MAZDA,Mazda,JP,CX-8
MAZDA,Mazda,JP,CX-80
MAZDA,Mazda,JP,CX-9
MAZDA,Mazda,JP,Demio
MAZDA,Mazda,JP,Efini MS-6
MAZDA,Mazda,JP,Efini MS-8
MAZDA,Mazda,JP,Efini MS-9
MAZDA,Mazda,JP,Etude
MAZDA,Mazda,JP,Eunos 100
MAZDA,Mazda,JP,Eunos 300
MAZDA,Mazda,JP,Eunos 500
MAZDA,Mazda,JP,Eunos 800
MAZDA,Mazda,JP,Eunos Cosmo
MAZDA,Mazda,JP,Eunos Presso
MAZDA,Mazda,JP,EZ-6
MAZDA,Mazda,JP,EZ-60
MAZDA,Mazda,JP,E-Series
MAZDA,Mazda,JP,Familia
MAZDA,Mazda,JP,Flair
MAZDA,Mazda,JP,Flair Crossover
MAZDA,Mazda,JP,Flair Wagon
MAZDA,Mazda,JP,Lantis
MAZDA,Mazda,JP,Laputa
MAZDA,Mazda,JP,Luce
MAZDA,Mazda,JP,Millenia
MAZDA,Mazda,JP,MPV
MAZDA,Mazda,JP,MX-3
MAZDA,Mazda,JP,MX-30
MAZDA,Mazda,JP,MX-5
MAZDA,Mazda,JP,MX-6
MAZDA,Mazda,JP,Navajo
MAZDA,Mazda,JP,Persona
MAZDA,Mazda,JP,Premacy
MAZDA,Mazda,JP,Proceed
MAZDA,Mazda,JP,Proceed Levante
MAZDA,Mazda,JP,Proceed Marvie
MAZDA,Mazda,JP,Protege
MAZDA,Mazda,JP,Revue
MAZDA,Mazda,JP,Roadster
MAZDA,Mazda,JP,RX-5
MAZDA,Mazda,JP,RX-7
MAZDA,Mazda,JP,RX-8
MAZDA,Mazda,JP,R360
MAZDA,Mazda,JP,Savanna RX-7
MAZDA,Mazda,JP,Scrum
MAZDA,Mazda,JP,Sentia
MAZDA,Mazda,JP,Spiano
MAZDA,Mazda,JP,Tribute
MAZDA,Mazda,JP,Verisa
MAZDA,Mazda,JP,Xedos 6
MAZDA,Mazda,JP,Xedos 9
MCLAREN,McLaren,GB,MP4-12C
MCLAREN,McLaren,GB,540C
MCLAREN,McLaren,GB,570GT
MCLAREN,McLaren,GB,570S
MCLAREN,McLaren,GB,600LT
MCLAREN,McLaren,GB,650S
MCLAREN,McLaren,GB,675LT
MCLAREN,McLaren,GB,720S
MCLAREN,McLaren,GB,750S
MCLAREN,McLaren,GB,765LT
MCLAREN,McLaren,GB,Artura
MCLAREN,McLaren,GB,Elva
MCLAREN,McLaren,GB,F1
MCLAREN,McLaren,GB,GT
MCLAREN,McLaren,GB,GTS
MCLAREN,McLaren,GB,P1
MCLAREN,McLaren,GB,Senna
MCLAREN,McLaren,GB,W1
MEGA,Mega,FR,Club
MEGA,Mega,FR,Monte Carlo
MEGA,Mega,FR,Track
MERCEDES,Mercedes-Benz,DE,190 SL
MERCEDES,Mercedes-Benz,DE,220 (W187)
MERCEDES,Mercedes-Benz,DE,300 SLR
MERCEDES,Mercedes-Benz,DE,GLC Coupe AMG
MERCEDES,Mercedes-Benz,DE,AMG GT
MERCEDES,Mercedes-Benz,DE,AMG ONE
MERCEDES,Mercedes-Benz,DE,AMG PureSpeed
MERCEDES,Mercedes-Benz,DE,A-Класс
MERCEDES,Mercedes-Benz,DE,A-Класс AMG
MERCEDES,Mercedes-Benz,DE,B-Класс
MERCEDES,Mercedes-Benz,DE,Citan
MERCEDES,Mercedes-Benz,DE,CLA
MERCEDES,Mercedes-Benz,DE,CLA AMG
MERCEDES,Mercedes-Benz,DE,CLC-Класс
MERCEDES,Mercedes-Benz,DE,CLE
MERCEDES,Mercedes-Benz,DE,CLE AMG
MERCEDES,Mercedes-Benz,DE,CLK AMG GTR
MERCEDES,Mercedes-Benz,DE,CLK-Класс
MERCEDES,Mercedes-Benz,DE,CLK-Класс AMG
MERCEDES,Mercedes-Benz,DE,CLS
MERCEDES,Mercedes-Benz,DE,CLS AMG
MERCEDES,Mercedes-Benz,DE,CL-Класс
MERCEDES,Mercedes-Benz,DE,CL-Класс AMG
MERCEDES,Mercedes-Benz,DE,C-Класс
MERCEDES,Mercedes-Benz,DE,C-Класс AMG
MERCEDES,Mercedes-Benz,DE,EQA
MERCEDES,Mercedes-Benz,DE,EQB
MERCEDES,Mercedes-Benz,DE,EQC
MERCEDES,Mercedes-Benz,DE,EQE
MERCEDES,Mercedes-Benz,DE,EQE AMG
MERCEDES,Mercedes-Benz,DE,EQE SUV
MERCEDES,Mercedes-Benz,DE,EQE SUV AMG
MERCEDES,Mercedes-Benz,DE,EQS
MERCEDES,Mercedes-Benz,DE,EQS AMG
MERCEDES,Mercedes-Benz,DE,EQS SUV
MERCEDES,Mercedes-Benz,DE,EQT
MERCEDES,Mercedes-Benz,DE,EQV
MERCEDES,Mercedes-Benz,DE,E-Класс
MERCEDES,Mercedes-Benz,DE,E-Класс AMG
MERCEDES,Mercedes-Benz,DE,GLA
MERCEDES,Mercedes-Benz,DE,GLA AMG
MERCEDES,Mercedes-Benz,DE,GLB AMG
MERCEDES,Mercedes-Benz,DE,GLB
MERCEDES,Mercedes-Benz,DE,GLC Coupe
MERCEDES,Mercedes-Benz,DE,GLC
MERCEDES,Mercedes-Benz,DE,GLC AMG
MERCEDES,Mercedes-Benz,DE,GLE
MERCEDES,Mercedes-Benz,DE,GLE AMG
MERCEDES,Mercedes-Benz,DE,GLE Coupe
MERCEDES,Mercedes-Benz,DE,GLE Coupe AMG
MERCEDES,Mercedes-Benz,DE,GLK-Класс
MERCEDES,Mercedes-Benz,DE,GLS
MERCEDES,Mercedes-Benz,DE,GLS AMG
MERCEDES,Mercedes-Benz,DE,GL-Класс
MERCEDES,Mercedes-Benz,DE,GL-Класс AMG
MERCEDES,Mercedes-Benz,DE,G-Класс
MERCEDES,Mercedes-Benz,DE,G-Класс AMG
MERCEDES,Mercedes-Benz,DE,G-Класс AMG 6x6
MERCEDES,Mercedes-Benz,DE,Marco Polo
MERCEDES,Mercedes-Benz,DE,Maybach EQS SUV
MERCEDES,Mercedes-Benz,DE,Maybach GLS
MERCEDES,Mercedes-Benz,DE,Maybach G 650 Landaulet
MERCEDES,Mercedes-Benz,DE,Maybach SL
MERCEDES,Mercedes-Benz,DE,Metris
MERCEDES,Mercedes-Benz,DE,M-Класс
MERCEDES,Mercedes-Benz,DE,M-Класс AMG
MERCEDES,Mercedes-Benz,DE,R-Класс
MERCEDES,Mercedes-Benz,DE,R-Класс AMG
MERCEDES,Mercedes-Benz,DE,Simplex
MERCEDES,Mercedes-Benz,DE,SLC
MERCEDES,Mercedes-Benz,DE,SLC AMG
MERCEDES,Mercedes-Benz,DE,SLK-Класс
MERCEDES,Mercedes-Benz,DE,SLK-Класс AMG
MERCEDES,Mercedes-Benz,DE,SLR McLaren
MERCEDES,Mercedes-Benz,DE,SLS AMG
MERCEDES,Mercedes-Benz,DE,SL-Класс
MERCEDES,Mercedes-Benz,DE,SL-Класс AMG
MERCEDES,Mercedes-Benz,DE,Maybach S-Класс
MERCEDES,Mercedes-Benz,DE,S-Класс
MERCEDES,Mercedes-Benz,DE,S-Класс AMG
MERCEDES,Mercedes-Benz,DE,T-Класс
MERCEDES,Mercedes-Benz,DE,Vaneo
MERCEDES,Mercedes-Benz,DE,Viano
MERCEDES,Mercedes-Benz,DE,Vito
MERCEDES,Mercedes-Benz,DE,V-Класс
MERCEDES,Mercedes-Benz,DE,W100
MERCEDES,Mercedes-Benz,DE,W105
MERCEDES,Mercedes-Benz,DE,W108
MERCEDES,Mercedes-Benz,DE,W110
MERCEDES,Mercedes-Benz,DE,W111
MERCEDES,Mercedes-Benz,DE,W114
MERCEDES,Mercedes-Benz,DE,W115
MERCEDES,Mercedes-Benz,DE,W120
MERCEDES,Mercedes-Benz,DE,W121
MERCEDES,Mercedes-Benz,DE,W123
MERCEDES,Mercedes-Benz,DE,W124
MERCEDES,Mercedes-Benz,DE,W128
MERCEDES,Mercedes-Benz,DE,W136
MERCEDES,Mercedes-Benz,DE,W138
MERCEDES,Mercedes-Benz,DE,W142
MERCEDES,Mercedes-Benz,DE,W180
MERCEDES,Mercedes-Benz,DE,W186
MERCEDES,Mercedes-Benz,DE,W188
MERCEDES,Mercedes-Benz,DE,W189
MERCEDES,Mercedes-Benz,DE,W191
MERCEDES,Mercedes-Benz,DE,190 (W201)
MERCEDES,Mercedes-Benz,DE,W21
MERCEDES,Mercedes-Benz,DE,W29
MERCEDES,Mercedes-Benz,DE,X-Класс
MERCURY,Mercury,US,Capri
MERCURY,Mercury,US,Colony Park
MERCURY,Mercury,US,Cougar
MERCURY,Mercury,US,Eight
MERCURY,Mercury,US,Grand Marquis
MERCURY,Mercury,US,Marauder
MERCURY,Mercury,US,Mariner
MERCURY,Mercury,US,Marquis
MERCURY,Mercury,US,Milan
MERCURY,Mercury,US,Montego
MERCURY,Mercury,US,Monterey
MERCURY,Mercury,US,Mountaineer
MERCURY,Mercury,US,Mystique
MERCURY,Mercury,US,Sable
MERCURY,Mercury,US,Topaz
MERCURY,Mercury,US,Tracer
MERCURY,Mercury,US,Villager
MERKUR,Merkur,US,XR4Ti
MESSERSCHMITT,Messerschmitt,DE,KR200
METROCAB,Metrocab,GB,Metrocab I
METROCAB,Metrocab,GB,Metrocab II (TTT)
MG,MG,GB,3
MG,MG,GB,350
MG,MG,GB,4 EV
MG,MG,GB,5
MG,MG,GB,550
MG,MG,GB,5 EV
MG,MG,GB,5 Scorpio
MG,MG,GB,6
MG,MG,GB,6 Pro
MG,MG,GB,7
MG,MG,GB,750
MG,MG,GB,Cyberster
MG,MG,GB,ES5
MG,MG,GB,F
MG,MG,GB,GS
MG,MG,GB,HS
MG,MG,GB,Maestro
MG,MG,GB,Metro
MG,MG,GB,MGA
MG,MG,GB,MGB
MG,MG,GB,Midget
MG,MG,GB,Montego
MG,MG,GB,Mulan
MG,MG,GB,One
MG,MG,GB,Pilot
MG,MG,GB,RV8
MG,MG,GB,RX5
MG,MG,GB,RX8
MG,MG,GB,RX9
MG,MG,GB,T60
MG,MG,GB,TD Midget
MG,MG,GB,TF
MG,MG,GB,Xpower SV
MG,MG,GB,ZR
MG,MG,GB,ZS
MG,MG,GB,ZT
MICRO,Micro,CH,Microlino
MICROCAR,Microcar,FR,F8C
MICROCAR,Microcar,FR,M8
MICROCAR,Microcar,FR,MC
MICROCAR,Microcar,FR,M.Go
MICROCAR,Microcar,FR,Virgo
MINELLI,Minelli,CH,TF 1800
MINI,Mini,GB,Aceman
MINI,Mini,GB,Cabrio
MINI,Mini,GB,Clubman
MINI,Mini,GB,Countryman
MINI,Mini,GB,Coupe
MINI,Mini,GB,Hatch
MINI,Mini,GB,Paceman
MINI,Mini,GB,Roadster
MITSUBISHI,Mitsubishi,JP,3000 GT
MITSUBISHI,Mitsubishi,JP,500
MITSUBISHI,Mitsubishi,JP,Airtrek
MITSUBISHI,Mitsubishi,JP,Aspire
MITSUBISHI,Mitsubishi,JP,ASX
MITSUBISHI,Mitsubishi,JP,Attrage
MITSUBISHI,Mitsubishi,JP,Bravo
MITSUBISHI,Mitsubishi,JP,Carisma
MITSUBISHI,Mitsubishi,JP,Celeste
MITSUBISHI,Mitsubishi,JP,Challenger
MITSUBISHI,Mitsubishi,JP,Chariot
MITSUBISHI,Mitsubishi,JP,Colt
MITSUBISHI,Mitsubishi,JP,Cordia
MITSUBISHI,Mitsubishi,JP,Debonair
MITSUBISHI,Mitsubishi,JP,Delica
MITSUBISHI,Mitsubishi,JP,Delica D:2
MITSUBISHI,Mitsubishi,JP,Delica D:3
MITSUBISHI,Mitsubishi,JP,Delica D:5
MITSUBISHI,Mitsubishi,JP,Delica Mini
MITSUBISHI,Mitsubishi,JP,Destinator
MITSUBISHI,Mitsubishi,JP,Diamante
MITSUBISHI,Mitsubishi,JP,Dignity
MITSUBISHI,Mitsubishi,JP,Dingo
MITSUBISHI,Mitsubishi,JP,Dion
MITSUBISHI,Mitsubishi,JP,Eclipse
MITSUBISHI,Mitsubishi,JP,Eclipse Cross
MITSUBISHI,Mitsubishi,JP,eK Active
MITSUBISHI,Mitsubishi,JP,eK Classic
MITSUBISHI,Mitsubishi,JP,eK Custom
MITSUBISHI,Mitsubishi,JP,eK Space
MITSUBISHI,Mitsubishi,JP,eK Sport
MITSUBISHI,Mitsubishi,JP,eK Wagon
MITSUBISHI,Mitsubishi,JP,Emeraude
MITSUBISHI,Mitsubishi,JP,Endeavor
MITSUBISHI,Mitsubishi,JP,Eterna
MITSUBISHI,Mitsubishi,JP,Freeca
MITSUBISHI,Mitsubishi,JP,FTO
MITSUBISHI,Mitsubishi,JP,Galant
MITSUBISHI,Mitsubishi,JP,Galant Fortis
MITSUBISHI,Mitsubishi,JP,Grandis
MITSUBISHI,Mitsubishi,JP,GTO
MITSUBISHI,Mitsubishi,JP,i
MITSUBISHI,Mitsubishi,JP,i-MiEV
MITSUBISHI,Mitsubishi,JP,Jeep J
MITSUBISHI,Mitsubishi,JP,L200
MITSUBISHI,Mitsubishi,JP,L300
MITSUBISHI,Mitsubishi,JP,L400
MITSUBISHI,Mitsubishi,JP,Lancer
MITSUBISHI,Mitsubishi,JP,Lancer Cargo
MITSUBISHI,Mitsubishi,JP,Lancer Evolution
MITSUBISHI,Mitsubishi,JP,Lancer Ralliart
MITSUBISHI,Mitsubishi,JP,Legnum
MITSUBISHI,Mitsubishi,JP,Libero
MITSUBISHI,Mitsubishi,JP,Minica
MITSUBISHI,Mitsubishi,JP,Minicab
MITSUBISHI,Mitsubishi,JP,Mirage
MITSUBISHI,Mitsubishi,JP,Montero
MITSUBISHI,Mitsubishi,JP,Montero Sport
MITSUBISHI,Mitsubishi,JP,Outlander
MITSUBISHI,Mitsubishi,JP,Outlander Sport
MITSUBISHI,Mitsubishi,JP,Pajero
MITSUBISHI,Mitsubishi,JP,Pajero iO
MITSUBISHI,Mitsubishi,JP,Pajero Junior
MITSUBISHI,Mitsubishi,JP,Pajero Mini
MITSUBISHI,Mitsubishi,JP,Pajero Pinin
MITSUBISHI,Mitsubishi,JP,Pajero Sport
MITSUBISHI,Mitsubishi,JP,Pistachio
MITSUBISHI,Mitsubishi,JP,Proudia
MITSUBISHI,Mitsubishi,JP,Raider
MITSUBISHI,Mitsubishi,JP,RVR
MITSUBISHI,Mitsubishi,JP,Sapporo
MITSUBISHI,Mitsubishi,JP,Savrin
MITSUBISHI,Mitsubishi,JP,Sigma
MITSUBISHI,Mitsubishi,JP,Space Gear
MITSUBISHI,Mitsubishi,JP,Space Runner
MITSUBISHI,Mitsubishi,JP,Space Star
MITSUBISHI,Mitsubishi,JP,Space Wagon
MITSUBISHI,Mitsubishi,JP,Starion
MITSUBISHI,Mitsubishi,JP,Strada
MITSUBISHI,Mitsubishi,JP,Toppo
MITSUBISHI,Mitsubishi,JP,Town Box
MITSUBISHI,Mitsubishi,JP,Tredia
MITSUBISHI,Mitsubishi,JP,Triton
MITSUBISHI,Mitsubishi,JP,Xforce
MITSUBISHI,Mitsubishi,JP,Xpander
MITSUOKA,Mitsuoka,JP,Bubu Classic SSK
MITSUOKA,Mitsuoka,JP,Buddy
MITSUOKA,Mitsuoka,JP,Galue
MITSUOKA,Mitsuoka,JP,Galue 204
MITSUOKA,Mitsuoka,JP,Himiko
MITSUOKA,Mitsuoka,JP,Le-Seyde
MITSUOKA,Mitsuoka,JP,Like
MITSUOKA,Mitsuoka,JP,M55
MITSUOKA,Mitsuoka,JP,MC-1
MITSUOKA,Mitsuoka,JP,Nouera
MITSUOKA,Mitsuoka,JP,Orochi
MITSUOKA,Mitsuoka,JP,Ray
MITSUOKA,Mitsuoka,JP,Rock Star
MITSUOKA,Mitsuoka,JP,Ryoga
MITSUOKA,Mitsuoka,JP,Ryugi
MITSUOKA,Mitsuoka,JP,Viewt
MITSUOKA,Mitsuoka,JP,Yuga
MITSUOKA,Mitsuoka,JP,Zero 1
MOBILIZE,Mobilize,FR,Limo
MORGAN,Morgan,GB,3 Wheeler
MORGAN,Morgan,GB,4/4
MORGAN,Morgan,GB,4 Seater
MORGAN,Morgan,GB,AeroMax
MORGAN,Morgan,GB,Aero 8
MORGAN,Morgan,GB,Aero Coupe
MORGAN,Morgan,GB,Aero SuperSports
MORGAN,Morgan,GB,Plus 4
MORGAN,Morgan,GB,Plus 8
MORGAN,Morgan,GB,Plus Six
MORGAN,Morgan,GB,Roadster
MORGAN,Morgan,GB,Supersport
MORRIS,Morris,GB,Eight
MORRIS,Morris,GB,Marina
MOSCVICH,Москвич,RU,2136
MOSCVICH,Москвич,RU,2137
MOSCVICH,Москвич,RU,2138
MOSCVICH,Москвич,RU,2140
MOSCVICH,Москвич,RU,2141
MOSCVICH,Москвич,RU,2142
MOSCVICH,Москвич,RU,3
MOSCVICH,Москвич,RU,3е
MOSCVICH,Москвич,RU,400
MOSCVICH,Москвич,RU,401
MOSCVICH,Москвич,RU,402
MOSCVICH,Москвич,RU,403
MOSCVICH,Москвич,RU,407
MOSCVICH,Москвич,RU,408
MOSCVICH,Москвич,RU,410
MOSCVICH,Москвич,RU,411
MOSCVICH,Москвич,RU,412
MOSCVICH,Москвич,RU,423
MOSCVICH,Москвич,RU,424
MOSCVICH,Москвич,RU,426
MOSCVICH,Москвич,RU,427
MOSCVICH,Москвич,RU,430
MOSCVICH,Москвич,RU,434П
MOSCVICH,Москвич,RU,5
MOSCVICH,Москвич,RU,6
MOSCVICH,Москвич,RU,8
MOSCVICH,Москвич,RU,Дуэт
MOSCVICH,Москвич,RU,Иван Калита
MOSCVICH,Москвич,RU,Князь Владимир
MOSCVICH,Москвич,RU,Святогор
MOSCVICH,Москвич,RU,Юрий Долгорукий
M_HERO,M-Hero,CN,I
NASH,Nash,US,Ambassador
NEVO,Nevo,CN,A05
NEVO,Nevo,CN,A06
NEVO,Nevo,CN,A07
NEVO,Nevo,CN,E07
NEVO,Nevo,CN,Hunter K50
NEVO,Nevo,CN,Q05
NEVO,Nevo,CN,Q07
NIO,Nio,CN,EC6
NIO,Nio,CN,EC7
NIO,Nio,CN,EL6
NIO,Nio,CN,ES6
NIO,Nio,CN,ES7
NIO,Nio,CN,ES8
NIO,Nio,CN,ET5
NIO,Nio,CN,ET7
NIO,Nio,CN,ET9
NIO,Nio,CN,Firefly
NIO,Nio,CN,Onvo L60
NIO,Nio,CN,Onvo L90
NISSAN,Nissan,JP,100NX
NISSAN,Nissan,JP,180SX
NISSAN,Nissan,JP,200SX
NISSAN,Nissan,JP,240SX
NISSAN,Nissan,JP,280ZX
NISSAN,Nissan,JP,300ZX
NISSAN,Nissan,JP,350Z
NISSAN,Nissan,JP,370Z
NISSAN,Nissan,JP,AD
NISSAN,Nissan,JP,Almera
NISSAN,Nissan,JP,Almera Classic
NISSAN,Nissan,JP,Almera Tino
NISSAN,Nissan,JP,Altima
NISSAN,Nissan,JP,Ariya
NISSAN,Nissan,JP,Armada
NISSAN,Nissan,JP,Auster
NISSAN,Nissan,JP,Avenir
NISSAN,Nissan,JP,Bassara
NISSAN,Nissan,JP,BE-1
NISSAN,Nissan,JP,Bluebird
NISSAN,Nissan,JP,Bluebird Maxima
NISSAN,Nissan,JP,Bluebird Sylphy
NISSAN,Nissan,JP,Caravan
NISSAN,Nissan,JP,Cedric
NISSAN,Nissan,JP,Cefiro
NISSAN,Nissan,JP,Cherry
NISSAN,Nissan,JP,Cima
NISSAN,Nissan,JP,NV100 Clipper
NISSAN,Nissan,JP,Clipper Rio
NISSAN,Nissan,JP,Crew
NISSAN,Nissan,JP,Cube
NISSAN,Nissan,JP,Datsun
NISSAN,Nissan,JP,Dayz
NISSAN,Nissan,JP,Dayz Roox
NISSAN,Nissan,JP,Dualis
NISSAN,Nissan,JP,Elgrand
NISSAN,Nissan,JP,Exa
NISSAN,Nissan,JP,Expert
NISSAN,Nissan,JP,Fairlady Z
NISSAN,Nissan,JP,Figaro
NISSAN,Nissan,JP,Frontier
NISSAN,Nissan,JP,Fuga
NISSAN,Nissan,JP,Gloria
NISSAN,Nissan,JP,GT-R
NISSAN,Nissan,JP,Homy
NISSAN,Nissan,JP,Hypermini
NISSAN,Nissan,JP,Juke
NISSAN,Nissan,JP,Juke Nismo
NISSAN,Nissan,JP,Kicks
NISSAN,Nissan,JP,Kix
NISSAN,Nissan,JP,Lafesta
NISSAN,Nissan,JP,Langley
NISSAN,Nissan,JP,Lannia
NISSAN,Nissan,JP,Largo
NISSAN,Nissan,JP,Latio
NISSAN,Nissan,JP,Laurel
NISSAN,Nissan,JP,Laurel Spirit
NISSAN,Nissan,JP,Leaf
NISSAN,Nissan,JP,Leopard
NISSAN,Nissan,JP,Liberta Villa
NISSAN,Nissan,JP,Liberty
NISSAN,Nissan,JP,Livina
NISSAN,Nissan,JP,Lucino
NISSAN,Nissan,JP,Magnite
NISSAN,Nissan,JP,March
NISSAN,Nissan,JP,Maxima
NISSAN,Nissan,JP,Micra
NISSAN,Nissan,JP,Mistral
NISSAN,Nissan,JP,Moco
NISSAN,Nissan,JP,Murano
NISSAN,Nissan,JP,N7
NISSAN,Nissan,JP,Navara (Frontier)
NISSAN,Nissan,JP,Note
NISSAN,Nissan,JP,NP200
NISSAN,Nissan,JP,NP300
NISSAN,Nissan,JP,NV200
NISSAN,Nissan,JP,NV300
NISSAN,Nissan,JP,NV350 Caravan
NISSAN,Nissan,JP,NX Coupe
NISSAN,Nissan,JP,Otti
NISSAN,Nissan,JP,Pao
NISSAN,Nissan,JP,Pathfinder
NISSAN,Nissan,JP,Patrol
NISSAN,Nissan,JP,Pino
NISSAN,Nissan,JP,Pixo
NISSAN,Nissan,JP,Prairie
NISSAN,Nissan,JP,Presage
NISSAN,Nissan,JP,Presea
NISSAN,Nissan,JP,President
NISSAN,Nissan,JP,Primastar
NISSAN,Nissan,JP,Primera
NISSAN,Nissan,JP,Pulsar
NISSAN,Nissan,JP,Qashqai
NISSAN,Nissan,JP,Qashqai+2
NISSAN,Nissan,JP,Quest
NISSAN,Nissan,JP,Rasheen
NISSAN,Nissan,JP,R'nessa
NISSAN,Nissan,JP,Rogue
NISSAN,Nissan,JP,Rogue Sport
NISSAN,Nissan,JP,Roox
NISSAN,Nissan,JP,Safari
NISSAN,Nissan,JP,Sentra
NISSAN,Nissan,JP,Serena
NISSAN,Nissan,JP,Silvia
NISSAN,Nissan,JP,Skyline
NISSAN,Nissan,JP,Skyline Crossover
NISSAN,Nissan,JP,Stagea
NISSAN,Nissan,JP,Stanza
NISSAN,Nissan,JP,Sunny
NISSAN,Nissan,JP,Sylphy
NISSAN,Nissan,JP,Teana
NISSAN,Nissan,JP,Terra
NISSAN,Nissan,JP,Terrano
NISSAN,Nissan,JP,Terrano Regulus
NISSAN,Nissan,JP,Tiida
NISSAN,Nissan,JP,Tino
NISSAN,Nissan,JP,Titan
NISSAN,Nissan,JP,Urvan
NISSAN,Nissan,JP,Vanette
NISSAN,Nissan,JP,Versa
NISSAN,Nissan,JP,Versa Note
NISSAN,Nissan,JP,Wingroad
NISSAN,Nissan,JP,Xterra
NISSAN,Nissan,JP,X-Terra
NISSAN,Nissan,JP,X-Trail
NISSAN,Nissan,JP,Z
NOBLE,Noble,GB,M12 GTO
NOBLE,Noble,GB,M15
NOBLE,Noble,GB,M600
NORDCROSS,Nordcross,CN,1
OLDSMOBILE,Oldsmobile,US,442
OLDSMOBILE,Oldsmobile,US,Achieva
OLDSMOBILE,Oldsmobile,US,Alero
OLDSMOBILE,Oldsmobile,US,Aurora
OLDSMOBILE,Oldsmobile,US,Bravada
OLDSMOBILE,Oldsmobile,US,Custom Cruiser
OLDSMOBILE,Oldsmobile,US,Cutlass
OLDSMOBILE,Oldsmobile,US,Cutlass Calais
OLDSMOBILE,Oldsmobile,US,Cutlass Ciera
OLDSMOBILE,Oldsmobile,US,Cutlass Supreme
OLDSMOBILE,Oldsmobile,US,Delta 88
OLDSMOBILE,Oldsmobile,US,Eighty-Eight
OLDSMOBILE,Oldsmobile,US,Firenza
OLDSMOBILE,Oldsmobile,US,Intrigue
OLDSMOBILE,Oldsmobile,US,Ninety-Eight
OLDSMOBILE,Oldsmobile,US,Omega
OLDSMOBILE,Oldsmobile,US,Series 60
OLDSMOBILE,Oldsmobile,US,Series 70
OLDSMOBILE,Oldsmobile,US,Silhouette
OLDSMOBILE,Oldsmobile,US,Starfire
OLDSMOBILE,Oldsmobile,US,Toronado
OLDSMOBILE,Oldsmobile,US,Vista Cruiser
OMODA,Omoda,CN,C5
OMODA,Omoda,CN,C7
OMODA,Omoda,CN,C9
OMODA,Omoda,CN,E5
OMODA,Omoda,CN,S5
OMODA,Omoda,CN,S5 GT
OPEL,Opel,DE,4/8 PS
OPEL,Opel,DE,Adam
OPEL,Opel,DE,Admiral
OPEL,Opel,DE,Agila
OPEL,Opel,DE,Ampera
OPEL,Opel,DE,Antara
OPEL,Opel,DE,Ascona
OPEL,Opel,DE,Astra
OPEL,Opel,DE,Astra OPC
OPEL,Opel,DE,Calibra
OPEL,Opel,DE,Campo
OPEL,Opel,DE,Cascada
OPEL,Opel,DE,Combo
OPEL,Opel,DE,Commodore
OPEL,Opel,DE,Corsa
OPEL,Opel,DE,Corsa OPC
OPEL,Opel,DE,Crossland X
OPEL,Opel,DE,Diplomat
OPEL,Opel,DE,Frontera
OPEL,Opel,DE,Grandland
OPEL,Opel,DE,GT
OPEL,Opel,DE,Insignia
OPEL,Opel,DE,Insignia OPC
OPEL,Opel,DE,Kadett
OPEL,Opel,DE,Kapitan
OPEL,Opel,DE,Karl
OPEL,Opel,DE,Lotus Omega
OPEL,Opel,DE,Manta
OPEL,Opel,DE,Meriva
OPEL,Opel,DE,Meriva OPC
OPEL,Opel,DE,Mokka
OPEL,Opel,DE,Monterey
OPEL,Opel,DE,Monza
OPEL,Opel,DE,Olympia
OPEL,Opel,DE,Omega
OPEL,Opel,DE,P4
OPEL,Opel,DE,Rekord
OPEL,Opel,DE,Rocks Electric
OPEL,Opel,DE,Senator
OPEL,Opel,DE,Signum
OPEL,Opel,DE,Sintra
OPEL,Opel,DE,Speedster
OPEL,Opel,DE,Super Six
OPEL,Opel,DE,Tigra
OPEL,Opel,DE,Vectra
OPEL,Opel,DE,Vectra OPC
OPEL,Opel,DE,Vita
OPEL,Opel,DE,Vivaro
OPEL,Opel,DE,Zafira
OPEL,Opel,DE,Zafira Life
OPEL,Opel,DE,Zafira OPC
ORA,Ora,CN,3
ORA,Ora,CN,Ballet Cat
ORA,Ora,CN,Black Cat
ORA,Ora,CN,Good Cat
ORA,Ora,CN,iQ
ORA,Ora,CN,Lightning Cat
ORA,Ora,CN,SAR (Saloon) Mecha Dragon
ORA,Ora,CN,White Cat
ORANGE,Orange,CN,1
OSCA,Osca,IT,2500 GT
OSHAN,Oshan,CN,COS1
OSHAN,Oshan,CN,Cosmos
OSHAN,Oshan,CN,X5
OSHAN,Oshan,CN,X5 Plus
OSHAN,Oshan,CN,X7
OSHAN,Oshan,CN,X7 Plus
OSHAN,Oshan,CN,Z6
OTING,Oting,CN,Paladin
OTING,Oting,CN,Palasso
OTING,Oting,CN,Rich 7
OTING,Oting,CN,Z9
OVERLAND,Overland,US,Roadster
PACKARD,Packard,US,200/250
PACKARD,Packard,US,Caribbean
PACKARD,Packard,US,Clipper
PACKARD,Packard,US,Custom Eight
PACKARD,Packard,US,One-Ten
PACKARD,Packard,US,One-Twenty
PACKARD,Packard,US,Six
PACKARD,Packard,US,Super Eight
PACKARD,Packard,US,Twelve
PAGANI,Pagani,IT,Huayra
PAGANI,Pagani,IT,Utopia
PAGANI,Pagani,IT,Zonda
PANOZ,Panoz,US,Esperante
PANOZ,Panoz,US,Roadster
PERODUA,Perodua,MY,Alza
PERODUA,Perodua,MY,Kancil
PERODUA,Perodua,MY,Kelisa
PERODUA,Perodua,MY,Kembara
PERODUA,Perodua,MY,Kenari
PERODUA,Perodua,MY,MyVi
PERODUA,Perodua,MY,Nautica
PERODUA,Perodua,MY,Viva
PEUGEOT,Peugeot,FR,1007
PEUGEOT,Peugeot,FR,104
PEUGEOT,Peugeot,FR,106
PEUGEOT,Peugeot,FR,107
PEUGEOT,Peugeot,FR,108
PEUGEOT,Peugeot,FR,2008
PEUGEOT,Peugeot,FR,201
PEUGEOT,Peugeot,FR,202
PEUGEOT,Peugeot,FR,203
PEUGEOT,Peugeot,FR,204
PEUGEOT,Peugeot,FR,205
PEUGEOT,Peugeot,FR,205 GTi
PEUGEOT,Peugeot,FR,206
PEUGEOT,Peugeot,FR,207
PEUGEOT,Peugeot,FR,207i (Iran Khodro)
PEUGEOT,Peugeot,FR,208
PEUGEOT,Peugeot,FR,208 GTi
PEUGEOT,Peugeot,FR,3008
PEUGEOT,Peugeot,FR,301
PEUGEOT,Peugeot,FR,304
PEUGEOT,Peugeot,FR,305
PEUGEOT,Peugeot,FR,306
PEUGEOT,Peugeot,FR,307
PEUGEOT,Peugeot,FR,308
PEUGEOT,Peugeot,FR,308 GTi
PEUGEOT,Peugeot,FR,309
PEUGEOT,Peugeot,FR,4007
PEUGEOT,Peugeot,FR,4008
PEUGEOT,Peugeot,FR,402
PEUGEOT,Peugeot,FR,403
PEUGEOT,Peugeot,FR,404
PEUGEOT,Peugeot,FR,405
PEUGEOT,Peugeot,FR,406
PEUGEOT,Peugeot,FR,407
PEUGEOT,Peugeot,FR,408
PEUGEOT,Peugeot,FR,5008
PEUGEOT,Peugeot,FR,504
PEUGEOT,Peugeot,FR,505
PEUGEOT,Peugeot,FR,508
PEUGEOT,Peugeot,FR,604
PEUGEOT,Peugeot,FR,605
PEUGEOT,Peugeot,FR,607
PEUGEOT,Peugeot,FR,806
PEUGEOT,Peugeot,FR,807
PEUGEOT,Peugeot,FR,Bipper
PEUGEOT,Peugeot,FR,Expert
PEUGEOT,Peugeot,FR,iOn
PEUGEOT,Peugeot,FR,Landtrek
PEUGEOT,Peugeot,FR,Partner
PEUGEOT,Peugeot,FR,Pick Up
PEUGEOT,Peugeot,FR,RCZ
PEUGEOT,Peugeot,FR,Rifter
PEUGEOT,Peugeot,FR,Traveller
PGO,PGO,FR,Cevennes
PGO,PGO,FR,Hemera
PGO,PGO,FR,Speedster II
PIAGGIO,Piaggio,IT,Porter
PIERCE_ARROW,Pierce-Arrow,US,Twelve
PLYMOUTH,Plymouth,US,Acclaim
PLYMOUTH,Plymouth,US,Barracuda
PLYMOUTH,Plymouth,US,Breeze
PLYMOUTH,Plymouth,US,Caravelle
PLYMOUTH,Plymouth,US,Colt Vista
PLYMOUTH,Plymouth,US,Cranbrook
PLYMOUTH,Plymouth,US,De Luxe
PLYMOUTH,Plymouth,US,Fury
PLYMOUTH,Plymouth,US,Gran Fury
PLYMOUTH,Plymouth,US,Horizon
PLYMOUTH,Plymouth,US,Laser
PLYMOUTH,Plymouth,US,Neon
PLYMOUTH,Plymouth,US,Prowler
PLYMOUTH,Plymouth,US,Reliant
PLYMOUTH,Plymouth,US,Road Runner
PLYMOUTH,Plymouth,US,Satellite
PLYMOUTH,Plymouth,US,Sundance
PLYMOUTH,Plymouth,US,Turismo
PLYMOUTH,Plymouth,US,Valiant
PLYMOUTH,Plymouth,US,Volare
PLYMOUTH,Plymouth,US,Voyager
POLAR_STONE_JISHI,Polar Stone (Jishi),CN,1
POLESTAR,Polestar,SE,1
POLESTAR,Polestar,SE,2
POLESTAR,Polestar,SE,3
POLESTAR,Polestar,SE,4
PONTIAC,Pontiac,US,6000
PONTIAC,Pontiac,US,Aztek
PONTIAC,Pontiac,US,Bonneville
PONTIAC,Pontiac,US,Catalina
PONTIAC,Pontiac,US,Fiero
PONTIAC,Pontiac,US,Firebird
PONTIAC,Pontiac,US,Firefly
PONTIAC,Pontiac,US,G4
PONTIAC,Pontiac,US,G5
PONTIAC,Pontiac,US,G6
PONTIAC,Pontiac,US,G8
PONTIAC,Pontiac,US,Grand AM
PONTIAC,Pontiac,US,Grand Prix
PONTIAC,Pontiac,US,GTO
PONTIAC,Pontiac,US,Laurentian
PONTIAC,Pontiac,US,LeMans
PONTIAC,Pontiac,US,Montana
PONTIAC,Pontiac,US,Parisienne
PONTIAC,Pontiac,US,Phoenix
PONTIAC,Pontiac,US,Solstice
PONTIAC,Pontiac,US,Sunbird
PONTIAC,Pontiac,US,Sunfire
PONTIAC,Pontiac,US,Sunrunner
PONTIAC,Pontiac,US,Tempest
PONTIAC,Pontiac,US,Torpedo
PONTIAC,Pontiac,US,Torrent
PONTIAC,Pontiac,US,Trans Sport
PONTIAC,Pontiac,US,Vibe
PONTIAC,Pontiac,US,Wave
PORSCHE,Porsche,DE,356
PORSCHE,Porsche,DE,718 Spyder
PORSCHE,Porsche,DE,911
PORSCHE,Porsche,DE,911 GT2
PORSCHE,Porsche,DE,911 GT3
PORSCHE,Porsche,DE,911 R
PORSCHE,Porsche,DE,911 S/T
PORSCHE,Porsche,DE,912
PORSCHE,Porsche,DE,914
PORSCHE,Porsche,DE,918 Spyder
PORSCHE,Porsche,DE,924
PORSCHE,Porsche,DE,928
PORSCHE,Porsche,DE,944
PORSCHE,Porsche,DE,959
PORSCHE,Porsche,DE,968
PORSCHE,Porsche,DE,Boxster
PORSCHE,Porsche,DE,Carrera GT
PORSCHE,Porsche,DE,Cayenne
PORSCHE,Porsche,DE,Cayman
PORSCHE,Porsche,DE,Cayman GT4
PORSCHE,Porsche,DE,Macan
PORSCHE,Porsche,DE,Panamera
PORSCHE,Porsche,DE,Taycan
PREMIER,Premier,IN,118NE
PREMIER,Premier,IN,Padmini
PROMO_AUTO,Спортивные авто и реплики,RU,Багги Type 1
PROMO_AUTO,Спортивные авто и реплики,RU,Драгстер
PROMO_AUTO,Спортивные авто и реплики,RU,Дрифт-кар
PROMO_AUTO,Спортивные авто и реплики,RU,Формула
PROMO_AUTO,Спортивные авто и реплики,RU,GT & Touring
PROMO_AUTO,Спортивные авто и реплики,RU,Хот-род и Кастом
PROMO_AUTO,Спортивные авто и реплики,RU,Offroad
PROMO_AUTO,Спортивные авто и реплики,RU,Спортпрототип
PROMO_AUTO,Спортивные авто и реплики,RU,Rally/cross
PROMO_AUTO,Спортивные авто и реплики,RU,Самоделки
PROMO_AUTO,Спортивные авто и реплики,RU,Shortcut
PROTON,Proton,MY,Arena
PROTON,Proton,MY,Exora
PROTON,Proton,MY,Gen-2
PROTON,Proton,MY,Inspira
PROTON,Proton,MY,Iriz
PROTON,Proton,MY,Juara
PROTON,Proton,MY,Perdana
PROTON,Proton,MY,Persona
PROTON,Proton,MY,Preve
PROTON,Proton,MY,Putra
PROTON,Proton,MY,Saga
PROTON,Proton,MY,Satria
PROTON,Proton,MY,Savvy
PROTON,Proton,MY,Tiara
PROTON,Proton,MY,Waja
PROTON,Proton,MY,Wira (400 Series)
PROTON,Proton,MY,X50
PROTON,Proton,MY,X70
PUCH,Puch,DE,G-modell
PUCH,Puch,DE,Pinzgauer
PUMA,Puma,BR,GTB
PUMA,Puma,BR,GTE
PUNK,Punk,CN,Duoduo
QIANTU,Qiantu,CN,K50
QINGLING,Qingling,CN,Taga H
QOROS,Qoros,CN,3
QOROS,Qoros,CN,5
QVALE,Qvale,IT,Mangusta
RADAR,Radar,CN,RD6
RADFORD,Radford,GB,Type 62-2
RAM,Ram,US,1500
RAM,Ram,US,ProMaster City
RAM,Ram,US,Rampage
RAM,Ram,US,V1000
RAVON,Ravon,UZ,Gentra
RAVON,Ravon,UZ,Matiz
RAVON,Ravon,UZ,Nexia R3
RAVON,Ravon,UZ,R2
RAVON,Ravon,UZ,R4
RAYTON_FISSORE,Rayton Fissore,IT,Magnum
RELIANT,Reliant,GB,Scimitar Sabre
RENAISSANCE_CARS,Renaissance,US,Tropica Roadster
RENAULT,Renault,FR,10
RENAULT,Renault,FR,11
RENAULT,Renault,FR,12
RENAULT,Renault,FR,14
RENAULT,Renault,FR,15
RENAULT,Renault,FR,16
RENAULT,Renault,FR,17
RENAULT,Renault,FR,18
RENAULT,Renault,FR,19
RENAULT,Renault,FR,20
RENAULT,Renault,FR,21
RENAULT,Renault,FR,25
RENAULT,Renault,FR,30
RENAULT,Renault,FR,4
RENAULT,Renault,FR,4CV
RENAULT,Renault,FR,5
RENAULT,Renault,FR,6
RENAULT,Renault,FR,8
RENAULT,Renault,FR,9
RENAULT,Renault,FR,Alaskan
RENAULT,Renault,FR,Arkana
RENAULT,Renault,FR,Austral
RENAULT,Renault,FR,Avantime
RENAULT,Renault,FR,Boreal
RENAULT,Renault,FR,Captur
RENAULT,Renault,FR,Caravelle
RENAULT,Renault,FR,Celtaquatre
RENAULT,Renault,FR,City K-ZE
RENAULT,Renault,FR,Clio
RENAULT,Renault,FR,Clio RS
RENAULT,Renault,FR,Symbol
RENAULT,Renault,FR,Clio V6
RENAULT,Renault,FR,Dauphine
RENAULT,Renault,FR,Dokker
RENAULT,Renault,FR,Duster
RENAULT,Renault,FR,Espace
RENAULT,Renault,FR,Express
RENAULT,Renault,FR,Floride
RENAULT,Renault,FR,Fluence
RENAULT,Renault,FR,Fregate
RENAULT,Renault,FR,Fuego
RENAULT,Renault,FR,Grand Koleos
RENAULT,Renault,FR,Kadjar
RENAULT,Renault,FR,Kangoo
RENAULT,Renault,FR,Kaptur
RENAULT,Renault,FR,Kardian
RENAULT,Renault,FR,Koleos
RENAULT,Renault,FR,KWID
RENAULT,Renault,FR,Laguna
RENAULT,Renault,FR,Latitude
RENAULT,Renault,FR,Lodgy
RENAULT,Renault,FR,Logan
RENAULT,Renault,FR,Lutecia
RENAULT,Renault,FR,Megane
RENAULT,Renault,FR,Megane E-Tech
RENAULT,Renault,FR,Megane RS
RENAULT,Renault,FR,Modus
RENAULT,Renault,FR,QM6
RENAULT,Renault,FR,Rafale
RENAULT,Renault,FR,Rodeo
RENAULT,Renault,FR,Safrane
RENAULT,Renault,FR,Sandero
RENAULT,Renault,FR,Sandero RS
RENAULT,Renault,FR,Scenic
RENAULT,Renault,FR,Sport Spider
RENAULT,Renault,FR,Symbioz
RENAULT,Renault,FR,Taliant
RENAULT,Renault,FR,Talisman
RENAULT,Renault,FR,Trafic
RENAULT,Renault,FR,Triber
RENAULT,Renault,FR,Twingo
RENAULT,Renault,FR,Twizy
RENAULT,Renault,FR,Vel Satis
RENAULT,Renault,FR,Vivastella
RENAULT,Renault,FR,Wind
RENAULT,Renault,FR,ZOE
REZVANI,Rezvani,US,Arsenal
REZVANI,Rezvani,US,Beast
REZVANI,Rezvani,US,Tank
RIMAC,Rimac,HR,Concept_One
RIMAC,Rimac,HR,C Two
RIMAC,Rimac,HR,Nevera
RINSPEED,Rinspeed,CH,Chopster
RISING_AUTO,Rising Auto,CN,F7
RISING_AUTO,Rising Auto,CN,Marvel R
RISING_AUTO,Rising Auto,CN,R7
RIVIAN,Rivian,US,R1S
RIVIAN,Rivian,US,R1T
ROEWE,Roewe,CN,750
ROEWE,Roewe,CN,Clever
ROEWE,Roewe,CN,D6
ROEWE,Roewe,CN,D7
ROEWE,Roewe,CN,E50
ROEWE,Roewe,CN,i5
ROEWE,Roewe,CN,i6
ROEWE,Roewe,CN,i6 Max
ROEWE,Roewe,CN,iMAX8
ROEWE,Roewe,CN,Marvel X
ROEWE,Roewe,CN,RX3
ROEWE,Roewe,CN,RX3 Pro
ROEWE,Roewe,CN,RX5
ROEWE,Roewe,CN,RX5 Max
ROEWE,Roewe,CN,RX8
ROEWE,Roewe,CN,RX9
ROEWE,Roewe,CN,Whale
ROLLS_ROYCE,Rolls-Royce,GB,20
ROLLS_ROYCE,Rolls-Royce,GB,20/25
ROLLS_ROYCE,Rolls-Royce,GB,Boat Tail
ROLLS_ROYCE,Rolls-Royce,GB,Camargue
ROLLS_ROYCE,Rolls-Royce,GB,Corniche
ROLLS_ROYCE,Rolls-Royce,GB,Cullinan
ROLLS_ROYCE,Rolls-Royce,GB,Dawn
ROLLS_ROYCE,Rolls-Royce,GB,Ghost
ROLLS_ROYCE,Rolls-Royce,GB,Park Ward
ROLLS_ROYCE,Rolls-Royce,GB,Phantom
ROLLS_ROYCE,Rolls-Royce,GB,Silver Cloud
ROLLS_ROYCE,Rolls-Royce,GB,Silver Ghost
ROLLS_ROYCE,Rolls-Royce,GB,Silver Seraph
ROLLS_ROYCE,Rolls-Royce,GB,Silver Shadow
ROLLS_ROYCE,Rolls-Royce,GB,Silver Spirit
ROLLS_ROYCE,Rolls-Royce,GB,Silver Spur
ROLLS_ROYCE,Rolls-Royce,GB,Silver Wraith
ROLLS_ROYCE,Rolls-Royce,GB,Spectre
ROLLS_ROYCE,Rolls-Royce,GB,Wraith
RONART,Ronart,GB,Lightning
ROSSA,Rossa,RU,Concept
ROVER,Rover,GB,100
ROVER,Rover,GB,14
ROVER,Rover,GB,200
ROVER,Rover,GB,25
ROVER,Rover,GB,400
ROVER,Rover,GB,45
ROVER,Rover,GB,600
ROVER,Rover,GB,75
ROVER,Rover,GB,800
ROVER,Rover,GB,Maestro
ROVER,Rover,GB,Metro
ROVER,Rover,GB,Mini
ROVER,Rover,GB,Montego
ROVER,Rover,GB,P3
ROVER,Rover,GB,P4
ROVER,Rover,GB,P6
ROVER,Rover,GB,SD1
ROVER,Rover,GB,Streetwise
ROX,Rox,CN,1
RUSSO_BALTIQUE,Руссо-Балт,RU,С24
SAAB,Saab,SE,600
SAAB,Saab,SE,90
SAAB,Saab,SE,900
SAAB,Saab,SE,9000
SAAB,Saab,SE,93
SAAB,Saab,SE,95
SAAB,Saab,SE,96
SAAB,Saab,SE,99
SAAB,Saab,SE,9-2X
SAAB,Saab,SE,9-3
SAAB,Saab,SE,9-4X
SAAB,Saab,SE,9-5
SAAB,Saab,SE,9-7X
SAAB,Saab,SE,Sonett
SAIPA,Saipa,IR,Quick
SAIPA,Saipa,IR,Saina
SAIPA,Saipa,IR,Shahin
SAIPA,Saipa,IR,Tiba
SALEEN,Saleen,US,S7
SALEEN,Saleen,US,S281
SAMSUNG,Renault Samsung,KR,QM3
SAMSUNG,Renault Samsung,KR,QM5
SAMSUNG,Renault Samsung,KR,QM6
SAMSUNG,Renault Samsung,KR,SM3
SAMSUNG,Renault Samsung,KR,SM5
SAMSUNG,Renault Samsung,KR,SM6
SAMSUNG,Renault Samsung,KR,SM7
SAMSUNG,Renault Samsung,KR,XM3
SANDSTORM,Sandstorm,AE,Alreem
SANDSTORM,Sandstorm,AE,S24
SANTANA,Santana,ES,PS-10
SATURN,Saturn,US,Astra
SATURN,Saturn,US,Aura
SATURN,Saturn,US,ION
SATURN,Saturn,US,LS
SATURN,Saturn,US,LW
SATURN,Saturn,US,Outlook
SATURN,Saturn,US,Relay
SATURN,Saturn,US,SC
SATURN,Saturn,US,Sky
SATURN,Saturn,US,SL
SATURN,Saturn,US,SW
SATURN,Saturn,US,VUE
SCION,Scion,US,FR-S
SCION,Scion,US,iA
SCION,Scion,US,iM
SCION,Scion,US,iQ
SCION,Scion,US,tC
SCION,Scion,US,xA
SCION,Scion,US,xB
SCION,Scion,US,xD
SCOUT,Scout,US,Terra
SCOUT,Scout,US,Traveler
SEARS,Sears,US,Model J
SEAT,SEAT,ES,132
SEAT,SEAT,ES,133
SEAT,SEAT,ES,Alhambra
SEAT,SEAT,ES,Altea
SEAT,SEAT,ES,Arona
SEAT,SEAT,ES,Arosa
SEAT,SEAT,ES,Ateca
SEAT,SEAT,ES,Cordoba
SEAT,SEAT,ES,Exeo
SEAT,SEAT,ES,Fura
SEAT,SEAT,ES,Ibiza
SEAT,SEAT,ES,Ibiza Cupra
SEAT,SEAT,ES,Inca
SEAT,SEAT,ES,Leon
SEAT,SEAT,ES,Leon Cupra
SEAT,SEAT,ES,Malaga
SEAT,SEAT,ES,Marbella
SEAT,SEAT,ES,Mii
SEAT,SEAT,ES,Ronda
SEAT,SEAT,ES,Tarraco
SEAT,SEAT,ES,Toledo
SERES,Seres,CN,M5
SERES,Seres,CN,M7
SERES,Seres,CN,M9
SERES,Seres,CN,SF5
SHANGHAI_MAPLE,Shanghai Maple,CN,C31
SHANGHAI_MAPLE,Shanghai Maple,CN,C32
SHANGHAI_MAPLE,Shanghai Maple,CN,C51
SHANGHAI_MAPLE,Shanghai Maple,CN,C52
SHANGHAI_MAPLE,Shanghai Maple,CN,C61
SHANGHAI_MAPLE,Shanghai Maple,CN,C81
SHUANGHUAN,ShuangHuan,CN,Noble
SHUANGHUAN,ShuangHuan,CN,Sceo
SIMCA,Simca,FR,1300/1500
SIMCA,Simca,FR,1307
SKODA,Skoda,CZ,100 Series
SKODA,Skoda,CZ,"105, 120"
SKODA,Skoda,CZ,1200
SKODA,Skoda,CZ,Citigo
SKODA,Skoda,CZ,Elroq
SKODA,Skoda,CZ,Elroq RS
SKODA,Skoda,CZ,Enyaq
SKODA,Skoda,CZ,Enyaq Coupe
SKODA,Skoda,CZ,Enyaq Coupe RS
SKODA,Skoda,CZ,Enyaq RS
SKODA,Skoda,CZ,Fabia
SKODA,Skoda,CZ,Fabia RS
SKODA,Skoda,CZ,Favorit
SKODA,Skoda,CZ,Felicia
SKODA,Skoda,CZ,Forman
SKODA,Skoda,CZ,Kamiq
SKODA,Skoda,CZ,Karoq
SKODA,Skoda,CZ,Kodiaq
SKODA,Skoda,CZ,Kodiaq GT
SKODA,Skoda,CZ,Kodiaq RS
SKODA,Skoda,CZ,Kushaq
SKODA,Skoda,CZ,Kylaq
SKODA,Skoda,CZ,Octavia
SKODA,Skoda,CZ,Octavia RS
SKODA,Skoda,CZ,Popular
SKODA,Skoda,CZ,Rapid
SKODA,Skoda,CZ,Roomster
SKODA,Skoda,CZ,Scala
SKODA,Skoda,CZ,Slavia
SKODA,Skoda,CZ,Superb
SKODA,Skoda,CZ,Yeti
SKYWELL,Skywell,CN,ET5
SKYWELL,Skywell,CN,HT-i
SKYWORTH,Skyworth,CN,EV6
SMART,Smart,DE,Forfour
SMART,Smart,DE,Fortwo
SMART,Smart,DE,#1
SMART,Smart,DE,#3
SMART,Smart,DE,#5
SMART,Smart,DE,Roadster
SMZ,СМЗ,RU,С-1Л
SMZ,СМЗ,RU,С-3А
SMZ,СМЗ,RU,С-3Д
SMZ,СМЗ,RU,С-3Л
SOLARIS,Solaris,RU,HC
SOLARIS,Solaris,RU,HS
SOLARIS,Solaris,RU,KRS
SOLARIS,Solaris,RU,KRX
SOLLERS,Sollers,RU,SP7
SOLLERS,Sollers,RU,ST6
SOLLERS,Sollers,RU,ST8
SOLLERS,Sollers,RU,ST9
SOUEAST,Soueast,CN,A5
SOUEAST,Soueast,CN,DX3
SOUEAST,Soueast,CN,DX5
SOUEAST,Soueast,CN,DX7
SOUEAST,Soueast,CN,DX8
SOUEAST,Soueast,CN,DX8S
SOUEAST,Soueast,CN,Lioncel
SOUEAST,Soueast,CN,S06
SOUEAST,Soueast,CN,S07
SOUEAST,Soueast,CN,S09
SOUEAST,Soueast,CN,Soveran
SOUEAST,Soueast,CN,V3
SOUEAST,Soueast,CN,V5
SOUEAST,Soueast,CN,V6 Cross
SPECTRE,Spectre,GB,R42
SPYKER,Spyker,DK,C12
SPYKER,Spyker,DK,C8
SSANG_YONG,SsangYong,KR,Actyon
SSANG_YONG,SsangYong,KR,Actyon Sports
SSANG_YONG,SsangYong,KR,Chairman
SSANG_YONG,SsangYong,KR,Istana
SSANG_YONG,SsangYong,KR,Kallista
SSANG_YONG,SsangYong,KR,Korando
SSANG_YONG,SsangYong,KR,Korando Family
SSANG_YONG,SsangYong,KR,Korando Sports
SSANG_YONG,SsangYong,KR,Korando Turismo
SSANG_YONG,SsangYong,KR,Kyron
SSANG_YONG,SsangYong,KR,Musso
SSANG_YONG,SsangYong,KR,Nomad
SSANG_YONG,SsangYong,KR,Rexton
SSANG_YONG,SsangYong,KR,Rexton Sports
SSANG_YONG,SsangYong,KR,Rodius
SSANG_YONG,SsangYong,KR,Stavic
SSANG_YONG,SsangYong,KR,Tivoli
SSANG_YONG,SsangYong,KR,XLV
SSANG_YONG,SsangYong,KR,Torres
STELATO,Stelato,CN,S9
STEYR,Steyr,AT,1500
STEYR,Steyr,AT,Haflinger
STUDEBAKER,Studebaker,US,Golden Hawk
SUBARU,Subaru,JP,1000
SUBARU,Subaru,JP,360
SUBARU,Subaru,JP,Alcyone
SUBARU,Subaru,JP,Ascent
SUBARU,Subaru,JP,Tribeca
SUBARU,Subaru,JP,Baja
SUBARU,Subaru,JP,Bighorn
SUBARU,Subaru,JP,Bistro
SUBARU,Subaru,JP,Brat
SUBARU,Subaru,JP,BRZ
SUBARU,Subaru,JP,Chiffon
SUBARU,Subaru,JP,Crosstrek
SUBARU,Subaru,JP,Dex
SUBARU,Subaru,JP,Dias Wagon
SUBARU,Subaru,JP,Domingo
SUBARU,Subaru,JP,Exiga
SUBARU,Subaru,JP,Forester
SUBARU,Subaru,JP,Impreza
SUBARU,Subaru,JP,Impreza WRX
SUBARU,Subaru,JP,Impreza WRX STi
SUBARU,Subaru,JP,Justy
SUBARU,Subaru,JP,Legacy
SUBARU,Subaru,JP,Legacy Lancaster
SUBARU,Subaru,JP,Leone
SUBARU,Subaru,JP,Levorg
SUBARU,Subaru,JP,Libero
SUBARU,Subaru,JP,Lucra
SUBARU,Subaru,JP,Outback
SUBARU,Subaru,JP,Pleo
SUBARU,Subaru,JP,Pleo Plus
SUBARU,Subaru,JP,R1
SUBARU,Subaru,JP,R2
SUBARU,Subaru,JP,Rex
SUBARU,Subaru,JP,Sambar
SUBARU,Subaru,JP,Solterra
SUBARU,Subaru,JP,Stella
SUBARU,Subaru,JP,SVX
SUBARU,Subaru,JP,Traviq
SUBARU,Subaru,JP,Trezia
SUBARU,Subaru,JP,Vivio
SUBARU,Subaru,JP,WRX
SUBARU,Subaru,JP,WRX STi
SUBARU,Subaru,JP,XT
SUBARU,Subaru,JP,XV
SUZUKI,Suzuki,JP,Across
SUZUKI,Suzuki,JP,Aerio
SUZUKI,Suzuki,JP,Alto
SUZUKI,Suzuki,JP,Alto Lapin
SUZUKI,Suzuki,JP,APV
SUZUKI,Suzuki,JP,Baleno
SUZUKI,Suzuki,JP,Beidouxing
SUZUKI,Suzuki,JP,Cappuccino
SUZUKI,Suzuki,JP,Cara
SUZUKI,Suzuki,JP,Carry
SUZUKI,Suzuki,JP,Celerio
SUZUKI,Suzuki,JP,Cervo
SUZUKI,Suzuki,JP,Ciaz
SUZUKI,Suzuki,JP,Cultus
SUZUKI,Suzuki,JP,DZire
SUZUKI,Suzuki,JP,Eeco
SUZUKI,Suzuki,JP,Equator
SUZUKI,Suzuki,JP,Ertiga
SUZUKI,Suzuki,JP,Escudo
SUZUKI,Suzuki,JP,Esteem
SUZUKI,Suzuki,JP,Every
SUZUKI,Suzuki,JP,e Vitara
SUZUKI,Suzuki,JP,Forenza
SUZUKI,Suzuki,JP,Fronte
SUZUKI,Suzuki,JP,Fronx
SUZUKI,Suzuki,JP,Grand Vitara
SUZUKI,Suzuki,JP,Hustler
SUZUKI,Suzuki,JP,Ignis
SUZUKI,Suzuki,JP,Jimny
SUZUKI,Suzuki,JP,Kei
SUZUKI,Suzuki,JP,Kizashi
SUZUKI,Suzuki,JP,Landy
SUZUKI,Suzuki,JP,Liana
SUZUKI,Suzuki,JP,MR Wagon
SUZUKI,Suzuki,JP,Palette
SUZUKI,Suzuki,JP,Reno
SUZUKI,Suzuki,JP,Samurai
SUZUKI,Suzuki,JP,Sidekick
SUZUKI,Suzuki,JP,Solio
SUZUKI,Suzuki,JP,Spacia
SUZUKI,Suzuki,JP,Splash
SUZUKI,Suzuki,JP,Swace
SUZUKI,Suzuki,JP,Swift
SUZUKI,Suzuki,JP,SX4
SUZUKI,Suzuki,JP,S-Presso
SUZUKI,Suzuki,JP,Twin
SUZUKI,Suzuki,JP,Verona
SUZUKI,Suzuki,JP,Vitara
SUZUKI,Suzuki,JP,Wagon R
SUZUKI,Suzuki,JP,Wagon R+
SUZUKI,Suzuki,JP,Xbee
SUZUKI,Suzuki,JP,XL7
SUZUKI,Suzuki,JP,X-90
SWM,SWM,CN,G01
SWM,SWM,CN,G01F
SWM,SWM,CN,G03F
SWM,SWM,CN,G05
SWM,SWM,CN,G05 Pro
SWM,SWM,CN,Tiger
SWM,SWM,CN,X3
SWM,SWM,CN,Shineray X30
SWM,SWM,CN,X7
TAGAZ,ТагАЗ,RU,Aquila
TAGAZ,ТагАЗ,RU,C10
TAGAZ,ТагАЗ,RU,C190
TAGAZ,ТагАЗ,RU,C-30
TAGAZ,ТагАЗ,RU,Vega
TAGAZ,ТагАЗ,RU,Road Partner
TAGAZ,ТагАЗ,RU,Tager
TALBOT,Talbot,GB,1510
TALBOT,Talbot,GB,Avenger
TALBOT,Talbot,GB,Horizon
TALBOT,Talbot,GB,Rancho
TALBOT,Talbot,GB,Samba
TALBOT,Talbot,GB,Solara
TALBOT,Talbot,GB,Tagora
TANK,Tank,CN,300
TANK,Tank,CN,400
TANK,Tank,CN,500
TANK,Tank,CN,700
TATA,Tata,IN,Aria
TATA,Tata,IN,Curvv
TATA,Tata,IN,Estate
TATA,Tata,IN,Indica
TATA,Tata,IN,Indigo
TATA,Tata,IN,Nano
TATA,Tata,IN,Safari
TATA,Tata,IN,Sierra
TATA,Tata,IN,Sumo
TATA,Tata,IN,Sumo Grande
TATA,Tata,IN,Telcoline
TATA,Tata,IN,Xenon
TATRA,Tatra,CZ,57
TATRA,Tatra,CZ,77
TATRA,Tatra,CZ,80
TATRA,Tatra,CZ,87
TATRA,Tatra,CZ,T600
TATRA,Tatra,CZ,T603
TATRA,Tatra,CZ,T613
TATRA,Tatra,CZ,T700
TAZZARI,Tazzari,IT,Zero
TENET,Tenet,RU,T4
TENET,Tenet,RU,T7
TENET,Tenet,RU,T8
TESLA,Tesla,US,Cybertruck
TESLA,Tesla,US,Model 3
TESLA,Tesla,US,Model S
TESLA,Tesla,US,Model X
TESLA,Tesla,US,Model Y
TESLA,Tesla,US,Roadster
THAIRUNG,Thairung,TH,Transformer
THINK,Think,NO,City
TIANMA,Tianma,CN,Century
TIANMA,Tianma,CN,Dragon
TIANYE,Tianye,CN,Admiral
TOFAS,Tofas,TR,Kartal
TOFAS,Tofas,TR,Murat 124
TOFAS,Tofas,TR,Murat 131
TOFAS,Tofas,TR,Sahin
TOFAS,Tofas,TR,Serce
TOYOTA,Toyota,JP,2000GT
TOYOTA,Toyota,JP,4Runner
TOYOTA,Toyota,JP,Agya
TOYOTA,Toyota,JP,Allex
TOYOTA,Toyota,JP,Allion
TOYOTA,Toyota,JP,Alphard
TOYOTA,Toyota,JP,Altezza
TOYOTA,Toyota,JP,Aqua
TOYOTA,Toyota,JP,Aristo
TOYOTA,Toyota,JP,Aurion
TOYOTA,Toyota,JP,Auris
TOYOTA,Toyota,JP,Avalon
TOYOTA,Toyota,JP,Avanza
TOYOTA,Toyota,JP,Avensis
TOYOTA,Toyota,JP,Avensis Verso
TOYOTA,Toyota,JP,Aygo
TOYOTA,Toyota,JP,Aygo X
TOYOTA,Toyota,JP,bB
TOYOTA,Toyota,JP,Belta
TOYOTA,Toyota,JP,Blade
TOYOTA,Toyota,JP,Blizzard
TOYOTA,Toyota,JP,Brevis
TOYOTA,Toyota,JP,bZ
TOYOTA,Toyota,JP,bZ3
TOYOTA,Toyota,JP,bZ3C
TOYOTA,Toyota,JP,bZ3X
TOYOTA,Toyota,JP,bZ4X
TOYOTA,Toyota,JP,bZ5
TOYOTA,Toyota,JP,Caldina
TOYOTA,Toyota,JP,Cami
TOYOTA,Toyota,JP,Camry
TOYOTA,Toyota,JP,Camry Solara
TOYOTA,Toyota,JP,Carina
TOYOTA,Toyota,JP,Carina E
TOYOTA,Toyota,JP,Carina ED
TOYOTA,Toyota,JP,Cavalier
TOYOTA,Toyota,JP,Celica
TOYOTA,Toyota,JP,Celsior
TOYOTA,Toyota,JP,Century
TOYOTA,Toyota,JP,Chaser
TOYOTA,Toyota,JP,Classic
TOYOTA,Toyota,JP,Comfort
TOYOTA,Toyota,JP,COMS
TOYOTA,Toyota,JP,Copen
TOYOTA,Toyota,JP,Corolla
TOYOTA,Toyota,JP,Corolla Cross
TOYOTA,Toyota,JP,Corolla II
TOYOTA,Toyota,JP,Corolla Levin
TOYOTA,Toyota,JP,Corolla Rumion
TOYOTA,Toyota,JP,Corolla Spacio
TOYOTA,Toyota,JP,Corolla Verso
TOYOTA,Toyota,JP,Corona
TOYOTA,Toyota,JP,Corona EXiV
TOYOTA,Toyota,JP,Corsa
TOYOTA,Toyota,JP,Cressida
TOYOTA,Toyota,JP,Cresta
TOYOTA,Toyota,JP,Crown
TOYOTA,Toyota,JP,Crown Kluger
TOYOTA,Toyota,JP,Crown Majesta
TOYOTA,Toyota,JP,Curren
TOYOTA,Toyota,JP,Cynos
TOYOTA,Toyota,JP,C-HR
TOYOTA,Toyota,JP,C-HR+
TOYOTA,Toyota,JP,Duet
TOYOTA,Toyota,JP,Echo
TOYOTA,Toyota,JP,Esquire
TOYOTA,Toyota,JP,Estima
TOYOTA,Toyota,JP,Etios
TOYOTA,Toyota,JP,FJ Cruiser
TOYOTA,Toyota,JP,Fortuner
TOYOTA,Toyota,JP,Frontlander
TOYOTA,Toyota,JP,FunCargo
TOYOTA,Toyota,JP,Gaia
TOYOTA,Toyota,JP,GR86
TOYOTA,Toyota,JP,Grand HiAce
TOYOTA,Toyota,JP,Grand Highlander
TOYOTA,Toyota,JP,Granvia
TOYOTA,Toyota,JP,GT86
TOYOTA,Toyota,JP,Harrier
TOYOTA,Toyota,JP,HiAce
TOYOTA,Toyota,JP,Highlander
TOYOTA,Toyota,JP,Hilux
TOYOTA,Toyota,JP,Hilux Surf
TOYOTA,Toyota,JP,Innova
TOYOTA,Toyota,JP,Ipsum
TOYOTA,Toyota,JP,iQ
TOYOTA,Toyota,JP,ISis
TOYOTA,Toyota,JP,Ist
TOYOTA,Toyota,JP,Izoa
TOYOTA,Toyota,JP,Kluger
TOYOTA,Toyota,JP,Land Cruiser
TOYOTA,Toyota,JP,Land Cruiser Prado
TOYOTA,Toyota,JP,Levin
TOYOTA,Toyota,JP,Lite Ace
TOYOTA,Toyota,JP,Mark II
TOYOTA,Toyota,JP,Mark X
TOYOTA,Toyota,JP,Mark X ZiO
TOYOTA,Toyota,JP,MasterAce Surf
TOYOTA,Toyota,JP,Matrix
TOYOTA,Toyota,JP,Mega Cruiser
TOYOTA,Toyota,JP,Mirai
TOYOTA,Toyota,JP,Model F
TOYOTA,Toyota,JP,MR2
TOYOTA,Toyota,JP,MR-S
TOYOTA,Toyota,JP,Nadia
TOYOTA,Toyota,JP,Noah
TOYOTA,Toyota,JP,Opa
TOYOTA,Toyota,JP,Origin
TOYOTA,Toyota,JP,Paseo
TOYOTA,Toyota,JP,Passo
TOYOTA,Toyota,JP,Passo Sette
TOYOTA,Toyota,JP,Picnic
TOYOTA,Toyota,JP,Pixis Epoch
TOYOTA,Toyota,JP,Pixis Joy
TOYOTA,Toyota,JP,Pixis Mega
TOYOTA,Toyota,JP,Pixis Space
TOYOTA,Toyota,JP,Pixis Van
TOYOTA,Toyota,JP,Platz
TOYOTA,Toyota,JP,Porte
TOYOTA,Toyota,JP,Premio
TOYOTA,Toyota,JP,Previa
TOYOTA,Toyota,JP,Prius
TOYOTA,Toyota,JP,Prius v (+)
TOYOTA,Toyota,JP,Prius Alpha
TOYOTA,Toyota,JP,Prius c
TOYOTA,Toyota,JP,ProAce
TOYOTA,Toyota,JP,ProAce City
TOYOTA,Toyota,JP,Probox
TOYOTA,Toyota,JP,Progres
TOYOTA,Toyota,JP,Pronard
TOYOTA,Toyota,JP,Publica
TOYOTA,Toyota,JP,Ractis
TOYOTA,Toyota,JP,Raize
TOYOTA,Toyota,JP,Raum
TOYOTA,Toyota,JP,RAV4
TOYOTA,Toyota,JP,Regius
TOYOTA,Toyota,JP,RegiusAce
TOYOTA,Toyota,JP,Roomy
TOYOTA,Toyota,JP,Rush
TOYOTA,Toyota,JP,Sai
TOYOTA,Toyota,JP,Scepter
TOYOTA,Toyota,JP,Sequoia
TOYOTA,Toyota,JP,Sera
TOYOTA,Toyota,JP,Sienna
TOYOTA,Toyota,JP,Sienta
TOYOTA,Toyota,JP,Soarer
TOYOTA,Toyota,JP,Soluna
TOYOTA,Toyota,JP,Spade
TOYOTA,Toyota,JP,Sparky
TOYOTA,Toyota,JP,Sports 800
TOYOTA,Toyota,JP,Sprinter
TOYOTA,Toyota,JP,Sprinter Carib
TOYOTA,Toyota,JP,Sprinter Marino
TOYOTA,Toyota,JP,Sprinter Trueno
TOYOTA,Toyota,JP,Starlet
TOYOTA,Toyota,JP,Starlet Cross
TOYOTA,Toyota,JP,Succeed
TOYOTA,Toyota,JP,Supra
TOYOTA,Toyota,JP,Tacoma
TOYOTA,Toyota,JP,Tank
TOYOTA,Toyota,JP,Tercel
TOYOTA,Toyota,JP,Touring HiAce
TOYOTA,Toyota,JP,Town Ace
TOYOTA,Toyota,JP,Tundra
TOYOTA,Toyota,JP,Urban Cruiser
TOYOTA,Toyota,JP,Urban Cruiser Taisor
TOYOTA,Toyota,JP,Vanguard
TOYOTA,Toyota,JP,Vellfire
TOYOTA,Toyota,JP,Veloz
TOYOTA,Toyota,JP,Venza
TOYOTA,Toyota,JP,Verossa
TOYOTA,Toyota,JP,Verso
TOYOTA,Toyota,JP,Verso-S
TOYOTA,Toyota,JP,Vios
TOYOTA,Toyota,JP,Vista
TOYOTA,Toyota,JP,Vitz
TOYOTA,Toyota,JP,Voltz
TOYOTA,Toyota,JP,Voxy
TOYOTA,Toyota,JP,Wigo
TOYOTA,Toyota,JP,Wildlander
TOYOTA,Toyota,JP,WiLL
TOYOTA,Toyota,JP,WiLL Cypha
TOYOTA,Toyota,JP,Windom
TOYOTA,Toyota,JP,Wish
TOYOTA,Toyota,JP,xA
TOYOTA,Toyota,JP,Yaris
TOYOTA,Toyota,JP,Yaris Cross
TOYOTA,Toyota,JP,Yaris Verso
TOYOTA,Toyota,JP,Zelas
TRABANT,Trabant,DE,1.1
TRABANT,Trabant,DE,600
TRABANT,Trabant,DE,P 601
TRABANT,Trabant,DE,P50
TRAMONTANA,Tramontana,ES,Tramontana
TRIUMPH,Triumph,GB,Acclaim
TRIUMPH,Triumph,GB,GT6
TRIUMPH,Triumph,GB,Spitfire
TRIUMPH,Triumph,GB,Stag
TRIUMPH,Triumph,GB,TR3
TRIUMPH,Triumph,GB,TR4
TRIUMPH,Triumph,GB,TR6
TRIUMPH,Triumph,GB,TR7
TRIUMPH,Triumph,GB,TR8
TRUMPCHI,GAC Trumpchi,CN,E8
TRUMPCHI,GAC Trumpchi,CN,E9
TRUMPCHI,GAC Trumpchi,CN,Emkoo
TRUMPCHI,GAC Trumpchi,CN,Empow
TRUMPCHI,GAC Trumpchi,CN,ES9
TRUMPCHI,GAC Trumpchi,CN,GA4 Plus
TRUMPCHI,GAC Trumpchi,CN,GA6
TRUMPCHI,GAC Trumpchi,CN,GA8
TRUMPCHI,GAC Trumpchi,CN,GE3
TRUMPCHI,GAC Trumpchi,CN,GM6
TRUMPCHI,GAC Trumpchi,CN,GM8
TRUMPCHI,GAC Trumpchi,CN,GS3
TRUMPCHI,GAC Trumpchi,CN,GS3 Power
TRUMPCHI,GAC Trumpchi,CN,GS4
TRUMPCHI,GAC Trumpchi,CN,GS4 Max
TRUMPCHI,GAC Trumpchi,CN,GS4 Plus
TRUMPCHI,GAC Trumpchi,CN,GS8
TRUMPCHI,GAC Trumpchi,CN,M6
TRUMPCHI,GAC Trumpchi,CN,M6 Max
TRUMPCHI,GAC Trumpchi,CN,M6 Pro
TRUMPCHI,GAC Trumpchi,CN,M8
TRUMPCHI,GAC Trumpchi,CN,S7
TVR,TVR,GB,280
TVR,TVR,GB,350
TVR,TVR,GB,390
TVR,TVR,GB,400
TVR,TVR,GB,420
TVR,TVR,GB,450
TVR,TVR,GB,Cerbera
TVR,TVR,GB,Chimaera
TVR,TVR,GB,Griffith
TVR,TVR,GB,Sagaris
TVR,TVR,GB,S-Series
TVR,TVR,GB,Taimar
TVR,TVR,GB,Tamora
TVR,TVR,GB,Tasmin
TVR,TVR,GB,Tuscan
UAZ,УАЗ,RU,3151
UAZ,УАЗ,RU,3153
UAZ,УАЗ,RU,3159
UAZ,УАЗ,RU,3160
UAZ,УАЗ,RU,3162 Simbir
UAZ,УАЗ,RU,469
UAZ,УАЗ,RU,Астеро
UAZ,УАЗ,RU,Hunter
UAZ,УАЗ,RU,Patriot
UAZ,УАЗ,RU,Pickup
ULTIMA,Ultima,GB,Can-Am
ULTIMA,Ultima,GB,GTR
ULTIMA,Ultima,GB,RS
VAUXHALL,Vauxhall,GB,Adam
VAUXHALL,Vauxhall,GB,Ampera
VAUXHALL,Vauxhall,GB,Astra
VAUXHALL,Vauxhall,GB,Carlton
VAUXHALL,Vauxhall,GB,Cavalier
VAUXHALL,Vauxhall,GB,Chevette
VAUXHALL,Vauxhall,GB,Combo
VAUXHALL,Vauxhall,GB,Corsa
VAUXHALL,Vauxhall,GB,Firenza
VAUXHALL,Vauxhall,GB,Frontera
VAUXHALL,Vauxhall,GB,Insignia
VAUXHALL,Vauxhall,GB,Lotus Carlton
VAUXHALL,Vauxhall,GB,Meriva
VAUXHALL,Vauxhall,GB,Mokka
VAUXHALL,Vauxhall,GB,Monaro
VAUXHALL,Vauxhall,GB,Omega
VAUXHALL,Vauxhall,GB,Royale
VAUXHALL,Vauxhall,GB,Tigra
VAUXHALL,Vauxhall,GB,Vectra
VAUXHALL,Vauxhall,GB,Velox
VAUXHALL,Vauxhall,GB,Ventora
VAUXHALL,Vauxhall,GB,Viceroy
VAUXHALL,Vauxhall,GB,Victor
VAUXHALL,Vauxhall,GB,Viva
VAUXHALL,Vauxhall,GB,Vivaro
VAUXHALL,Vauxhall,GB,VXR8
VAUXHALL,Vauxhall,GB,Zafira
VAZ,Lada (ВАЗ),RU,1111 Ока
VAZ,Lada (ВАЗ),RU,2101
VAZ,Lada (ВАЗ),RU,2102
VAZ,Lada (ВАЗ),RU,2103
VAZ,Lada (ВАЗ),RU,2104
VAZ,Lada (ВАЗ),RU,2105
VAZ,Lada (ВАЗ),RU,2106
VAZ,Lada (ВАЗ),RU,2107
VAZ,Lada (ВАЗ),RU,2108
VAZ,Lada (ВАЗ),RU,2109
VAZ,Lada (ВАЗ),RU,21099
VAZ,Lada (ВАЗ),RU,2110
VAZ,Lada (ВАЗ),RU,2111
VAZ,Lada (ВАЗ),RU,2112
VAZ,Lada (ВАЗ),RU,2113
VAZ,Lada (ВАЗ),RU,2114
VAZ,Lada (ВАЗ),RU,2115
VAZ,Lada (ВАЗ),RU,2120 Надежда
VAZ,Lada (ВАЗ),RU,2121 (4x4)
VAZ,Lada (ВАЗ),RU,2123
VAZ,Lada (ВАЗ),RU,2129
VAZ,Lada (ВАЗ),RU,2131 (4x4)
VAZ,Lada (ВАЗ),RU,Priora
VAZ,Lada (ВАЗ),RU,2328
VAZ,Lada (ВАЗ),RU,2329
VAZ,Lada (ВАЗ),RU,Aura
VAZ,Lada (ВАЗ),RU,Azimut
VAZ,Lada (ВАЗ),RU,EL Lada
VAZ,Lada (ВАЗ),RU,e-Largus
VAZ,Lada (ВАЗ),RU,Granta
VAZ,Lada (ВАЗ),RU,Iskra
VAZ,Lada (ВАЗ),RU,Kalina
VAZ,Lada (ВАЗ),RU,Largus
VAZ,Lada (ВАЗ),RU,Niva
VAZ,Lada (ВАЗ),RU,Niva Legend
VAZ,Lada (ВАЗ),RU,Revolution
VAZ,Lada (ВАЗ),RU,Vesta
VAZ,Lada (ВАЗ),RU,XRAY
VAZ,Lada (ВАЗ),RU,X-cross 5
VECTOR,Vector,US,M12
VECTOR,Vector,US,W8 Twin Turbo
VENTURI,Venturi,FR,210
VENTURI,Venturi,FR,260 LM
VENTURI,Venturi,FR,300 Atlantique
VENTURI,Venturi,FR,400 GT
VENUCIA,Venucia,CN,D60 Plus
VENUCIA,Venucia,CN,VX6
VENUCIA,Venucia,CN,V-Online
VGV,VGV,CN,Bolden
VGV,VGV,CN,U70
VGV,VGV,CN,U70 Pro
VGV,VGV,CN,U75 Plus
VGV,VGV,CN,VX7
VINFAST,VinFast,VN,LUX A2.0
VINFAST,VinFast,VN,LUX SA2.0
VINFAST,VinFast,VN,VF6
VINFAST,VinFast,VN,VF7
VINFAST,VinFast,VN,VF8
VINFAST,VinFast,VN,VF9
VOLGA,Volga,RU,C40
VOLGA,Volga,RU,K30
VOLGA,Volga,RU,K40
VOLKSWAGEN,Volkswagen,DE,181
VOLKSWAGEN,Volkswagen,DE,Amarok
VOLKSWAGEN,Volkswagen,DE,Arteon
VOLKSWAGEN,Volkswagen,DE,Arteon R
VOLKSWAGEN,Volkswagen,DE,Atlas
VOLKSWAGEN,Volkswagen,DE,Atlas Cross Sport
VOLKSWAGEN,Volkswagen,DE,Beetle
VOLKSWAGEN,Volkswagen,DE,Bora
VOLKSWAGEN,Volkswagen,DE,Caddy
VOLKSWAGEN,Volkswagen,DE,California
VOLKSWAGEN,Volkswagen,DE,Caravelle
VOLKSWAGEN,Volkswagen,DE,Corrado
VOLKSWAGEN,Volkswagen,DE,C-Trek
VOLKSWAGEN,Volkswagen,DE,Derby
VOLKSWAGEN,Volkswagen,DE,Eos
VOLKSWAGEN,Volkswagen,DE,EuroVan
VOLKSWAGEN,Volkswagen,DE,Fox
VOLKSWAGEN,Volkswagen,DE,Gol
VOLKSWAGEN,Volkswagen,DE,Golf
VOLKSWAGEN,Volkswagen,DE,Golf Country
VOLKSWAGEN,Volkswagen,DE,Golf GTI
VOLKSWAGEN,Volkswagen,DE,Golf Plus
VOLKSWAGEN,Volkswagen,DE,Golf R
VOLKSWAGEN,Volkswagen,DE,Golf R32
VOLKSWAGEN,Volkswagen,DE,Golf Sportsvan
VOLKSWAGEN,Volkswagen,DE,ID.3
VOLKSWAGEN,Volkswagen,DE,ID.4
VOLKSWAGEN,Volkswagen,DE,ID.5
VOLKSWAGEN,Volkswagen,DE,ID.6
VOLKSWAGEN,Volkswagen,DE,ID.7
VOLKSWAGEN,Volkswagen,DE,ID.Buzz
VOLKSWAGEN,Volkswagen,DE,ID.Unyx
VOLKSWAGEN,Volkswagen,DE,ID.Unyx 06
VOLKSWAGEN,Volkswagen,DE,Iltis
VOLKSWAGEN,Volkswagen,DE,Jetta
VOLKSWAGEN,Volkswagen,DE,K70
VOLKSWAGEN,Volkswagen,DE,Karmann-Ghia
VOLKSWAGEN,Volkswagen,DE,Lamando
VOLKSWAGEN,Volkswagen,DE,Lavida
VOLKSWAGEN,Volkswagen,DE,Lavida XR
VOLKSWAGEN,Volkswagen,DE,Lupo
VOLKSWAGEN,Volkswagen,DE,Lupo GTI
VOLKSWAGEN,Volkswagen,DE,Magotan
VOLKSWAGEN,Volkswagen,DE,Multivan
VOLKSWAGEN,Volkswagen,DE,Parati
VOLKSWAGEN,Volkswagen,DE,Passat
VOLKSWAGEN,Volkswagen,DE,Passat CC
VOLKSWAGEN,Volkswagen,DE,Passat (North America and China)
VOLKSWAGEN,Volkswagen,DE,Phaeton
VOLKSWAGEN,Volkswagen,DE,Phideon
VOLKSWAGEN,Volkswagen,DE,Pointer
VOLKSWAGEN,Volkswagen,DE,Polo
VOLKSWAGEN,Volkswagen,DE,Polo GTI
VOLKSWAGEN,Volkswagen,DE,Polo R WRC
VOLKSWAGEN,Volkswagen,DE,Quantum
VOLKSWAGEN,Volkswagen,DE,Rabbit
VOLKSWAGEN,Volkswagen,DE,Routan
VOLKSWAGEN,Volkswagen,DE,Sagitar
VOLKSWAGEN,Volkswagen,DE,Santana
VOLKSWAGEN,Volkswagen,DE,Scirocco
VOLKSWAGEN,Volkswagen,DE,Scirocco R
VOLKSWAGEN,Volkswagen,DE,Sharan
VOLKSWAGEN,Volkswagen,DE,SpaceFox
VOLKSWAGEN,Volkswagen,DE,Tacqua
VOLKSWAGEN,Volkswagen,DE,Taigo
VOLKSWAGEN,Volkswagen,DE,Taigun
VOLKSWAGEN,Volkswagen,DE,Talagon
VOLKSWAGEN,Volkswagen,DE,Taos
VOLKSWAGEN,Volkswagen,DE,Taro
VOLKSWAGEN,Volkswagen,DE,Tavendor
VOLKSWAGEN,Volkswagen,DE,Tayron
VOLKSWAGEN,Volkswagen,DE,Teramont
VOLKSWAGEN,Volkswagen,DE,Tharu
VOLKSWAGEN,Volkswagen,DE,Tharu XR
VOLKSWAGEN,Volkswagen,DE,Tiguan
VOLKSWAGEN,Volkswagen,DE,Tiguan R
VOLKSWAGEN,Volkswagen,DE,Touareg
VOLKSWAGEN,Volkswagen,DE,Touareg R
VOLKSWAGEN,Volkswagen,DE,Touran
VOLKSWAGEN,Volkswagen,DE,Transporter
VOLKSWAGEN,Volkswagen,DE,Type 1
VOLKSWAGEN,Volkswagen,DE,Type 166
VOLKSWAGEN,Volkswagen,DE,Type 2
VOLKSWAGEN,Volkswagen,DE,Type 3
VOLKSWAGEN,Volkswagen,DE,Type 4
VOLKSWAGEN,Volkswagen,DE,Type 82
VOLKSWAGEN,Volkswagen,DE,T-Cross
VOLKSWAGEN,Volkswagen,DE,T-Roc
VOLKSWAGEN,Volkswagen,DE,T-Roc R
VOLKSWAGEN,Volkswagen,DE,up!
VOLKSWAGEN,Volkswagen,DE,Vento
VOLKSWAGEN,Volkswagen,DE,Viloran
VOLKSWAGEN,Volkswagen,DE,Voyage
VOLKSWAGEN,Volkswagen,DE,XL1
VOLVO,Volvo,SE,120 Series
VOLVO,Volvo,SE,140 Series
VOLVO,Volvo,SE,164
VOLVO,Volvo,SE,240 Series
VOLVO,Volvo,SE,260 Series
VOLVO,Volvo,SE,300 Series
VOLVO,Volvo,SE,440
VOLVO,Volvo,SE,460
VOLVO,Volvo,SE,480
VOLVO,Volvo,SE,66
VOLVO,Volvo,SE,740
VOLVO,Volvo,SE,760
VOLVO,Volvo,SE,780
VOLVO,Volvo,SE,850
VOLVO,Volvo,SE,940
VOLVO,Volvo,SE,960
VOLVO,Volvo,SE,C30
VOLVO,Volvo,SE,C40
VOLVO,Volvo,SE,C70
VOLVO,Volvo,SE,EC40
VOLVO,Volvo,SE,EM90
VOLVO,Volvo,SE,ES90
VOLVO,Volvo,SE,EX30
VOLVO,Volvo,SE,EX30 Cross Country
VOLVO,Volvo,SE,EX40
VOLVO,Volvo,SE,EX90
VOLVO,Volvo,SE,Laplander
VOLVO,Volvo,SE,P1800
VOLVO,Volvo,SE,P1900
VOLVO,Volvo,SE,PV444
VOLVO,Volvo,SE,PV544
VOLVO,Volvo,SE,S40
VOLVO,Volvo,SE,S60
VOLVO,Volvo,SE,S60 Cross Country
VOLVO,Volvo,Вьетнам,S70
VOLVO,Volvo,SE,S80
VOLVO,Volvo,SE,S90
VOLVO,Volvo,SE,V40
VOLVO,Volvo,SE,V40 Cross Country
VOLVO,Volvo,SE,V50
VOLVO,Volvo,SE,V60
VOLVO,Volvo,SE,V60 Cross Country
VOLVO,Volvo,SE,V70
VOLVO,Volvo,SE,V90
VOLVO,Volvo,SE,V90 Cross Country
VOLVO,Volvo,SE,XC40
VOLVO,Volvo,SE,XC60
VOLVO,Volvo,SE,XC70
VOLVO,Volvo,SE,XC90
VORTEX,Vortex,RU,Corda
VORTEX,Vortex,RU,Estina
VORTEX,Vortex,RU,Tingo
VOYAH,Voyah,CN,Courage
VOYAH,Voyah,CN,Dream
VOYAH,Voyah,CN,Free
VOYAH,Voyah,CN,Passion
VUHL,VUHL,MX,5
WANDERER,Wanderer,DE,W22
WANDERER,Wanderer,DE,W23
WANDERER,Wanderer,DE,W50
WARTBURG,Wartburg,DE,1.3
WARTBURG,Wartburg,DE,353
WELTMEISTER,Weltmeister,CN,E5
WELTMEISTER,Weltmeister,CN,EX5
WELTMEISTER,Weltmeister,CN,EX6 Plus
WELTMEISTER,Weltmeister,CN,W6
WESTFIELD,Westfield,GB,SEiGHT
WESTFIELD,Westfield,GB,SEi & Sport
WEY,Wey,CN,5
WEY,Wey,CN,7
WEY,Wey,CN,80
WEY,Wey,CN,Coffee 01
WEY,Wey,CN,Gaoshan (High Mountain)
WEY,Wey,CN,Lanshan (Blue Mountain)
WEY,Wey,CN,Latte
WEY,Wey,CN,Macchiato
WEY,Wey,CN,Mocca
WEY,Wey,CN,VV5
WEY,Wey,CN,VV6
WEY,Wey,CN,VV7
WIESMANN,Wiesmann,DE,GT
WIESMANN,Wiesmann,DE,Roadster
WILLIS,Willys,US,CJ
WILLIS,Willys,US,Jeepster
WILLIS,Willys,US,MB
WILLIS,Willys,US,Knight Model 20
WULING,Wuling,CN,Binguo
WULING,Wuling,CN,Hongguang
WULING,Wuling,CN,Hongguang Plus
WULING,Wuling,CN,Hongguang S
WULING,Wuling,CN,Hongguang V
WULING,Wuling,CN,Jiachen
WULING,Wuling,CN,Mini EV
WULING,Wuling,CN,Starlight
WULING,Wuling,CN,Starlight S
WULING,Wuling,CN,Star Asta
WULING,Wuling,CN,Sunshine
WULING,Wuling,CN,Victory
WULING,Wuling,CN,Xingchi
WULING,Wuling,CN,Zhiguan EV
W_MOTORS,W Motors,AE,Fenyr Supersport
W_MOTORS,W Motors,AE,Lykan Hypersport
XCITE,Xcite,RU,X-Cross 7
XCITE,Xcite,RU,X-Cross 8
XEV,XEV,IT,Yoyo
XIAOMI,Xiaomi,CN,SU7
XIAOMI,Xiaomi,CN,YU7
XINKAI,Xin Kai,CN,Pickup X3
XINKAI,Xin Kai,CN,SR-V X3
XINKAI,Xin Kai,CN,SUV X3
XPENG,Xpeng,CN,G3
XPENG,Xpeng,CN,G6
XPENG,Xpeng,CN,G7
XPENG,Xpeng,CN,G9
XPENG,Xpeng,CN,Mona M03
XPENG,Xpeng,CN,P5
XPENG,Xpeng,CN,P7
XPENG,Xpeng,CN,P7i
XPENG,Xpeng,CN,P7+
XPENG,Xpeng,CN,X9
YEMA,Yema,CN,EC30
YEMA,Yema,CN,Spica
YEMA,Yema,CN,T70
YIPAI,Yipai,CN,7
YIPAI,Yipai,CN,8
YULON,Yulon,TW,Feeling
ZASTAVA,Zastava,RS,10
ZASTAVA,Zastava,RS,Florida
ZASTAVA,Zastava,RS,Skala
ZASTAVA,Zastava,RS,Yugo
ZAZ,ЗАЗ,UA,965
ZAZ,ЗАЗ,UA,966
ZAZ,ЗАЗ,UA,968
ZAZ,ЗАЗ,UA,Chance
ZAZ,ЗАЗ,UA,1105 «Дана»
ZAZ,ЗАЗ,UA,Forza
ZAZ,ЗАЗ,UA,Sens
ZAZ,ЗАЗ,UA,1103 «Славута»
ZAZ,ЗАЗ,UA,1102 «Таврия»
ZAZ,ЗАЗ,UA,Vida
ZAZ,ЗАЗ,UA,Lanos
ZEEKR,Zeekr,CN,1
ZEEKR,Zeekr,CN,7
ZEEKR,Zeekr,CN,9
ZEEKR,Zeekr,CN,7X
ZEEKR,Zeekr,CN,9X
ZEEKR,Zeekr,CN,Mix
ZEEKR,Zeekr,CN,X
ZENOS,Zenos,GB,E10
ZENVO,Zenvo,DK,Aurora
ZENVO,Zenvo,DK,ST1
ZENVO,Zenvo,DK,TSR-S
ZHIDO,Zhido,CN,Rainbow
ZIBAR,Zibar,IL,MK2
ZIL,ЗИЛ,RU,111
ZIL,ЗИЛ,RU,114
ZIL,ЗИЛ,RU,117
ZIL,ЗИЛ,RU,4104
ZIS,ЗиС,RU,101
ZIS,ЗиС,RU,102
ZIS,ЗиС,RU,110
ZOTYE,Zotye,CN,Coupa
ZOTYE,Zotye,CN,Domy X5
ZOTYE,Zotye,CN,Domy X7
ZOTYE,Zotye,CN,E200
ZOTYE,Zotye,CN,Nomad (RX6400)
ZOTYE,Zotye,CN,SR9
ZOTYE,Zotye,CN,T300
ZOTYE,Zotye,CN,T500
ZOTYE,Zotye,CN,T600
ZOTYE,Zotye,CN,T700
ZOTYE,Zotye,CN,Z100
ZOTYE,Zotye,CN,Z300
ZX,ZX,CN,Admiral
ZX,ZX,CN,Grandlion
ZX,ZX,CN,Grand Tiger
ZX,ZX,CN,Landmark
ZX,ZX,CN,Terralord
