avg_fuel_consumption,acceleration,clearance,body_str,name,options,id,engine_id,generation_id,transmission_id,body_id
,,,Type 937,Standard,{},c60f1b54-d350-4290-95a2-02d557208289,d79a7b1e-f3a2-4eff-8e62-bae0f939b02c,08a8a9a8-8c75-45b7-920a-25558dd5310e,3c8e248c-9517-4e3d-800f-2f8cb833d346,
,,,Type 937,Standard,{},9d70022e-11ac-4d54-b26f-e272e518d7ac,4e14a05b-f873-4de4-8bd7-c709711cc9cd,08a8a9a8-8c75-45b7-920a-25558dd5310e,3c8e248c-9517-4e3d-800f-2f8cb833d346,
,,,Type 937,Standard,{},8d34ea2f-7bff-4d23-bf23-18d4d0e77238,4e14a05b-f873-4de4-8bd7-c709711cc9cd,08a8a9a8-8c75-45b7-920a-25558dd5310e,436832f6-5569-46b1-b0e7-70d6a4c5d06f,
,,,Type 937,Standard,{},154cb69f-2823-444d-a5e3-fd0e20398686,d79a7b1e-f3a2-4eff-8e62-bae0f939b02c,e517ee4f-de07-4bea-8d63-940529550d4e,3c8e248c-9517-4e3d-800f-2f8cb833d346,
,,,Type 937,Standard,{},cbe4dc4d-cff0-497b-9394-89edf0e00011,4e14a05b-f873-4de4-8bd7-c709711cc9cd,e517ee4f-de07-4bea-8d63-940529550d4e,3c8e248c-9517-4e3d-800f-2f8cb833d346,
,,,Type 937,Standard,{},43f7c77b-5d95-4adc-aa91-22672cf1b6cb,4e14a05b-f873-4de4-8bd7-c709711cc9cd,e517ee4f-de07-4bea-8d63-940529550d4e,436832f6-5569-46b1-b0e7-70d6a4c5d06f,
,,,Type 937,Standard,{},902d6364-eb2e-4a3c-8ca8-97ecbb7487ba,d79a7b1e-f3a2-4eff-8e62-bae0f939b02c,2e9aea05-182f-4d79-8726-8161411cd3df,3c8e248c-9517-4e3d-800f-2f8cb833d346,
,,,Type 937,Standard,{},1e6c919b-0dd7-4ade-994b-e31b5c827771,4e14a05b-f873-4de4-8bd7-c709711cc9cd,2e9aea05-182f-4d79-8726-8161411cd3df,3c8e248c-9517-4e3d-800f-2f8cb833d346,
,,,Type 937,Standard,{},6d7bb2c9-3be7-4973-a0b5-04d5178bc000,4e14a05b-f873-4de4-8bd7-c709711cc9cd,2e9aea05-182f-4d79-8726-8161411cd3df,436832f6-5569-46b1-b0e7-70d6a4c5d06f,
,,,Type 937,Standard,{},03d014a1-2497-426a-90e6-816cead38eb2,b96949d1-18e1-4252-ba4a-b5bec121857c,2e9aea05-182f-4d79-8726-8161411cd3df,c09522a6-9b8e-4dff-ba56-bd2271431891,
,,,Type 932,Standard,{},bac737c7-7867-4b61-a283-5975b778c309,5476e621-3eba-4414-b1e2-89d43b6a4440,fd917a5a-ac4c-4edc-8102-69d6fda54bc1,3c8e248c-9517-4e3d-800f-2f8cb833d346,
,,,Type 932,Standard,{},43eb820f-3f5d-4066-b05d-2696597ea78d,c6626831-c4a6-4ca7-87de-1529084a946b,fd917a5a-ac4c-4edc-8102-69d6fda54bc1,3c8e248c-9517-4e3d-800f-2f8cb833d346,
,,,Type 932,Standard,{},063ddd4a-bd37-4f4d-824f-156885de06f3,c6626831-c4a6-4ca7-87de-1529084a946b,fd917a5a-ac4c-4edc-8102-69d6fda54bc1,436832f6-5569-46b1-b0e7-70d6a4c5d06f,
,,,Type 932,Standard,{},ed4f073d-1061-4bd6-a4cf-69acb0928cd1,d79a7b1e-f3a2-4eff-8e62-bae0f939b02c,fd917a5a-ac4c-4edc-8102-69d6fda54bc1,3c8e248c-9517-4e3d-800f-2f8cb833d346,
,,,Type 932,Standard,{},9d34a57b-9d01-4fa4-9211-e5ca5c9d4055,d3d6b4ec-9fd3-459b-99c8-de4fb205364f,fd917a5a-ac4c-4edc-8102-69d6fda54bc1,3c8e248c-9517-4e3d-800f-2f8cb833d346,
,,,Type 932,Standard,{},5f90b4e4-c6e1-46bf-88f0-e76325c43aa1,d3d6b4ec-9fd3-459b-99c8-de4fb205364f,fd917a5a-ac4c-4edc-8102-69d6fda54bc1,436832f6-5569-46b1-b0e7-70d6a4c5d06f,
,,,Type 932,Standard,{},c2ef72d8-cae7-4f8b-9b6a-cfe2ce4469c1,904a39b4-59bc-4b21-a58d-699276503f41,fd917a5a-ac4c-4edc-8102-69d6fda54bc1,c09522a6-9b8e-4dff-ba56-bd2271431891,
,,,Type 939,Standard,{},d9854ae7-9c89-4912-b96f-d4bcd5a5c14b,08abc88c-8afc-4ae2-ad1a-95c489a6212c,1aa19135-be50-493d-a3fb-e059b49f52f2,c4fff348-824a-4f82-b898-fb72085a4def,
,,,Type 939,Standard,{},28051e8d-ea8b-4516-9766-394cf1df12b8,14a1cfd7-1f62-4181-bb1d-28715e134b7a,bc291e76-ea42-46ba-aee6-0f3711217d2f,c4fff348-824a-4f82-b898-fb72085a4def,
,,,Type 939,Standard,{},79949871-05e5-4f41-830d-ed6181650881,08abc88c-8afc-4ae2-ad1a-95c489a6212c,bc291e76-ea42-46ba-aee6-0f3711217d2f,c4fff348-824a-4f82-b898-fb72085a4def,
,,,Type 939,Standard,{},8087acec-1458-489c-8521-a46c714d9022,08abc88c-8afc-4ae2-ad1a-95c489a6212c,d03fed53-81a7-44dc-b676-7a5d358ecfef,c4fff348-824a-4f82-b898-fb72085a4def,
,,,Type 939,Standard,{},0625df99-5cfa-4852-b653-150d2101ae92,14a1cfd7-1f62-4181-bb1d-28715e134b7a,4d330a46-8d1d-4e58-bf14-b71fbdba0145,c4fff348-824a-4f82-b898-fb72085a4def,
,,,Type 939,Standard,{},8a9ff9b3-d578-4e71-964d-90376a3dbebb,08abc88c-8afc-4ae2-ad1a-95c489a6212c,4d330a46-8d1d-4e58-bf14-b71fbdba0145,c4fff348-824a-4f82-b898-fb72085a4def,
,,,Type 940,Standard,{},08fb0520-09f2-4122-b395-8765dead5fb4,7f584e71-accc-4193-aa64-2e13315667c0,2ac08d20-d438-491a-a0e5-92a28e7d6e3d,2df0930c-2bfa-4d2d-9b41-6b98894a7bf4,
,,,Type 940,Standard,{},a6fe29a2-2cc5-43b1-a870-3ea7df573adc,7f584e71-accc-4193-aa64-2e13315667c0,00bc2d11-316d-49a1-ab80-3a4499239b2f,2df0930c-2bfa-4d2d-9b41-6b98894a7bf4,
,,,Type 937,Standard,{},285991c9-0f45-42bf-8b38-bad27ca1a45d,d3d6b4ec-9fd3-459b-99c8-de4fb205364f,774aaec4-a9da-4d4f-9169-1bfbb62915f8,3c8e248c-9517-4e3d-800f-2f8cb833d346,
,,,Type 937,Standard,{},7b4f6678-04b5-457e-a32d-68a07fc2bb81,d3d6b4ec-9fd3-459b-99c8-de4fb205364f,774aaec4-a9da-4d4f-9169-1bfbb62915f8,436832f6-5569-46b1-b0e7-70d6a4c5d06f,
,,,Type 937,Standard,{},b0f9103d-2bef-46da-bb38-38ea088aa9dc,d3d6b4ec-9fd3-459b-99c8-de4fb205364f,30464fb2-fb2f-48f3-8379-4fd5523d471a,3c8e248c-9517-4e3d-800f-2f8cb833d346,
,,,Type 937,Standard,{},64ab5c06-a303-45dc-a0a9-ab8026348a57,d3d6b4ec-9fd3-459b-99c8-de4fb205364f,30464fb2-fb2f-48f3-8379-4fd5523d471a,436832f6-5569-46b1-b0e7-70d6a4c5d06f,
,,,Type 916,Standard,{},c26e3232-819c-4db0-ba68-867e9397bf01,5476e621-3eba-4414-b1e2-89d43b6a4440,bee63a22-96a4-4589-9f2f-19b9d72505fb,3c8e248c-9517-4e3d-800f-2f8cb833d346,
,,,Type 916,Standard,{},8da1a86f-c8c6-4a2a-a487-6d6f8acd557f,4e14a05b-f873-4de4-8bd7-c709711cc9cd,bee63a22-96a4-4589-9f2f-19b9d72505fb,3c8e248c-9517-4e3d-800f-2f8cb833d346,
,,,Type 916,Standard,{},ee3cc1c8-35ff-4ebf-9964-b10e56192ac3,c6626831-c4a6-4ca7-87de-1529084a946b,bee63a22-96a4-4589-9f2f-19b9d72505fb,3c8e248c-9517-4e3d-800f-2f8cb833d346,
,,,Type 916,Standard,{},18353c2e-1e77-440b-ae86-752cdbc867a2,4e14a05b-f873-4de4-8bd7-c709711cc9cd,bee63a22-96a4-4589-9f2f-19b9d72505fb,3c8e248c-9517-4e3d-800f-2f8cb833d346,
,,,Type 955,Standard,{},0baa6a62-a5ff-4b7e-9e75-d3df39a98b2b,af77227c-8b83-4c47-93b5-ee3f7e758e3c,0dae9be1-606e-4d62-a3a3-7ecf77850398,2df0930c-2bfa-4d2d-9b41-6b98894a7bf4,
,,,Type 955,Standard,{},91d7529d-c503-437c-9bb6-e610bf97a0a8,fb498981-3c2a-4d8e-b0c4-c79301442bc6,0dae9be1-606e-4d62-a3a3-7ecf77850398,2df0930c-2bfa-4d2d-9b41-6b98894a7bf4,
,,,Type 955,Standard,{},6ca367b7-6436-43cc-a75b-a6edd1c90e2e,10fae7d2-a4d0-45d5-8863-09d34308ae92,0dae9be1-606e-4d62-a3a3-7ecf77850398,2df0930c-2bfa-4d2d-9b41-6b98894a7bf4,
,,,Type 955,Standard,{},6e4d2895-af6f-4107-be45-711121bd3e01,7f584e71-accc-4193-aa64-2e13315667c0,0dae9be1-606e-4d62-a3a3-7ecf77850398,c4fff348-824a-4f82-b898-fb72085a4def,
,,,Type 955,Standard,{},7dc73ea7-5fd7-4d83-9719-4d62ff5f5239,a277c01e-32ca-4ac8-9db5-05c837e33a94,0dae9be1-606e-4d62-a3a3-7ecf77850398,c4fff348-824a-4f82-b898-fb72085a4def,
,,,Type 955,Standard,{},09cd0003-aa66-4c03-b9fe-38bfec8e7cf8,c685d424-cd4f-4260-b76f-b5f509a45ae5,0dae9be1-606e-4d62-a3a3-7ecf77850398,2df0930c-2bfa-4d2d-9b41-6b98894a7bf4,
,,,Type 955,Standard,{},7c8ff577-b72a-4c31-b847-7f0734d5bbdf,8b00400c-cfae-4e52-9a9f-f33320bfe572,0dae9be1-606e-4d62-a3a3-7ecf77850398,2df0930c-2bfa-4d2d-9b41-6b98894a7bf4,
,,,Type 955,Standard,{},5df1a5a2-e840-4541-84a5-cb19c969e226,73b320af-db33-47f7-9a7d-7622ae533ac8,0dae9be1-606e-4d62-a3a3-7ecf77850398,c4fff348-824a-4f82-b898-fb72085a4def,
,,,Type 955,Standard,{},0a8a4871-b8ea-441f-86f9-0ef7dddf4409,dcbd2858-0c8c-4f84-8f14-f37e4aacd08f,78fa2530-f5f4-4787-ae84-d6033c44a74c,2df0930c-2bfa-4d2d-9b41-6b98894a7bf4,
,,,Type 955,Standard,{},e14c0df5-16be-4c4a-829e-82791ff88ce4,04722647-76a8-4b46-85de-8164ecf1601b,78fa2530-f5f4-4787-ae84-d6033c44a74c,62d66264-514a-4575-ae6e-f99704804504,
,,,Type 955,Standard,{},7f6a238f-40c8-4e6f-bd55-d91ad7949364,dcbd2858-0c8c-4f84-8f14-f37e4aacd08f,78fa2530-f5f4-4787-ae84-d6033c44a74c,2df0930c-2bfa-4d2d-9b41-6b98894a7bf4,
,,,Type 955,Standard,{},464f2baf-0fa7-45af-a9f2-339cf679b2a4,04722647-76a8-4b46-85de-8164ecf1601b,78fa2530-f5f4-4787-ae84-d6033c44a74c,62d66264-514a-4575-ae6e-f99704804504,
,,,Type 916,Standard,{},a474bf84-c4c3-4be4-b495-8b3ec14fc74d,5476e621-3eba-4414-b1e2-89d43b6a4440,c224f067-0942-40b0-87bd-2da198d16aeb,3c8e248c-9517-4e3d-800f-2f8cb833d346,
,,,Type 916,Standard,{},b3d83735-d4c0-47bd-8fd8-fa45bc6991a1,4e14a05b-f873-4de4-8bd7-c709711cc9cd,c224f067-0942-40b0-87bd-2da198d16aeb,3c8e248c-9517-4e3d-800f-2f8cb833d346,
,,,Type 916,Standard,{},ac4c9a9d-a3d2-45f6-99a3-b37943f53aa9,c6626831-c4a6-4ca7-87de-1529084a946b,c224f067-0942-40b0-87bd-2da198d16aeb,3c8e248c-9517-4e3d-800f-2f8cb833d346,
,,,Type 916,Standard,{},35380e11-2791-4adb-a0e5-4ac843ab70e0,4e14a05b-f873-4de4-8bd7-c709711cc9cd,c224f067-0942-40b0-87bd-2da198d16aeb,3c8e248c-9517-4e3d-800f-2f8cb833d346,
,,,Type 916,Standard,{},974a8a1a-8893-40d2-812c-005d58ac52de,d3d6b4ec-9fd3-459b-99c8-de4fb205364f,c224f067-0942-40b0-87bd-2da198d16aeb,3c8e248c-9517-4e3d-800f-2f8cb833d346,
,,,Type 939,Standard,{},bd040602-b95c-4f57-afcf-130edd2a8908,08abc88c-8afc-4ae2-ad1a-95c489a6212c,cdbaed1d-8527-46f6-8935-383b11f2842b,c4fff348-824a-4f82-b898-fb72085a4def,
,,,Type 939,Standard,{},0fcb128d-a80d-4c6c-8092-7ff02c330d9a,08abc88c-8afc-4ae2-ad1a-95c489a6212c,cdbaed1d-8527-46f6-8935-383b11f2842b,436832f6-5569-46b1-b0e7-70d6a4c5d06f,
,,,Type 939,Standard,{},c7f3ca46-057d-4842-98c3-d6671f6b4efb,14a1cfd7-1f62-4181-bb1d-28715e134b7a,a1e550dd-d7ef-4c6d-a818-0995b1829095,c4fff348-824a-4f82-b898-fb72085a4def,
,,,Type 939,Standard,{},ed0ddcda-1566-43d7-9837-736482320d97,08abc88c-8afc-4ae2-ad1a-95c489a6212c,a1e550dd-d7ef-4c6d-a818-0995b1829095,c4fff348-824a-4f82-b898-fb72085a4def,
,,,Type 939,Standard,{},955725b2-acc2-451e-9d2d-029d5910ecb2,08abc88c-8afc-4ae2-ad1a-95c489a6212c,a1e550dd-d7ef-4c6d-a818-0995b1829095,436832f6-5569-46b1-b0e7-70d6a4c5d06f,
,,,8X,Standard,{},15272bf7-5c05-42c5-bbbe-efdc7a90ac4d,3fc5d30a-ff87-4da2-ba20-02dea79c5dc1,50b6392d-167c-46d0-ae6d-f579bffff558,79704503-656b-49d7-8e5f-3b96e18eb11e,
,,,8X,Standard,{},020663e8-c81f-4cee-8e85-3b30e28826f3,47f9232b-cf7f-424c-82ba-19828f06061b,50b6392d-167c-46d0-ae6d-f579bffff558,79704503-656b-49d7-8e5f-3b96e18eb11e,
,,,8X,Standard,{},4eb150e6-6f92-4f1c-9252-fbfb6fbcf81c,47f9232b-cf7f-424c-82ba-19828f06061b,50b6392d-167c-46d0-ae6d-f579bffff558,5acc3599-22da-4552-a7dd-a718b8510756,
,,,8X,Standard,{},e85556a9-e0e2-42df-a3d1-54701df067c7,c15712b1-2b75-47f9-ac74-8efd2ff4ad72,50b6392d-167c-46d0-ae6d-f579bffff558,4288f371-c790-4678-bbda-5d6b8253dfb2,
,,,8X,Standard,{},0df3165f-894d-461e-862f-6c43904d7480,89f1c269-8337-4b0a-9234-aa2eef3a7ca5,cc41f2c5-8177-4d99-9ec7-9921b4e45fcf,79704503-656b-49d7-8e5f-3b96e18eb11e,
,,,8X,Standard,{},f8308dda-dd51-41ac-9c5a-423c5045cded,58c30651-f023-49b6-befe-9bf5ee8fb54d,cc41f2c5-8177-4d99-9ec7-9921b4e45fcf,79704503-656b-49d7-8e5f-3b96e18eb11e,
,,,8X,Standard,{},bcc752be-f6de-4afc-8766-e8d4648d054d,58c30651-f023-49b6-befe-9bf5ee8fb54d,cc41f2c5-8177-4d99-9ec7-9921b4e45fcf,5acc3599-22da-4552-a7dd-a718b8510756,
,,,8X,Standard,{},347f65ba-bf3d-4a39-9738-5ae9abca8a3c,c357546f-e024-4201-aaa1-009c50c71034,cc41f2c5-8177-4d99-9ec7-9921b4e45fcf,79704503-656b-49d7-8e5f-3b96e18eb11e,
,,,8X,Standard,{},1bc8ebd5-5206-45f5-8c5d-ca1d55b4b561,c357546f-e024-4201-aaa1-009c50c71034,cc41f2c5-8177-4d99-9ec7-9921b4e45fcf,5acc3599-22da-4552-a7dd-a718b8510756,
,,,8X,Standard,{},efd2b54f-bfd9-4076-823b-ee347c44bc37,9c006f7f-c139-4d70-a47f-a2e51bee5889,cc41f2c5-8177-4d99-9ec7-9921b4e45fcf,79704503-656b-49d7-8e5f-3b96e18eb11e,
,,,8X,Standard,{},894d8a3b-4c46-4cb6-b997-045841972405,9c006f7f-c139-4d70-a47f-a2e51bee5889,cc41f2c5-8177-4d99-9ec7-9921b4e45fcf,5acc3599-22da-4552-a7dd-a718b8510756,
,,,GB,Standard,{},5f6c8a16-79e7-44a5-91e1-d3cb169299ac,26519602-30b0-48bd-b117-4cbe37ee64b8,b2619eeb-783e-4d23-92a4-82efb9aeb03a,5acc3599-22da-4552-a7dd-a718b8510756,
,,,8P,Standard,{},b3af5a97-5757-4aa4-a2d8-2ccd19a16661,51f1e7eb-27bd-414c-a8bf-ffadd447102d,8068c3bb-cd45-4a6e-b36d-c6e527b4b1f2,79704503-656b-49d7-8e5f-3b96e18eb11e,
,,,8P,Standard,{},4b0c215b-0dfb-4ddd-8e7b-8cd47bf7b2ba,51f1e7eb-27bd-414c-a8bf-ffadd447102d,8068c3bb-cd45-4a6e-b36d-c6e527b4b1f2,31f1e85e-066e-4eda-9dc3-db626dd3f453,
,,,8P,Standard,{},458acafc-4c5f-4db0-b22d-e54e7bd227f2,09bd26d9-1501-4dca-b147-f3bb67268061,8068c3bb-cd45-4a6e-b36d-c6e527b4b1f2,79704503-656b-49d7-8e5f-3b96e18eb11e,
,,,8P,Standard,{},2e35743f-77b0-44ac-8434-22fc6bec5781,ac925ac1-cbbe-42d3-9acf-f56ad4524eae,8068c3bb-cd45-4a6e-b36d-c6e527b4b1f2,79704503-656b-49d7-8e5f-3b96e18eb11e,
,,,8P,Standard,{},c5e45805-b28c-41fa-a472-f1db52f9cced,ac925ac1-cbbe-42d3-9acf-f56ad4524eae,8068c3bb-cd45-4a6e-b36d-c6e527b4b1f2,31f1e85e-066e-4eda-9dc3-db626dd3f453,
,,,8P,Standard,{},ef61e441-b4ce-4b82-93c7-dc09f0429fa3,8cbb52ae-4bf0-4711-99c1-7002ef1f460e,8068c3bb-cd45-4a6e-b36d-c6e527b4b1f2,79704503-656b-49d7-8e5f-3b96e18eb11e,
,,,8P,Standard,{},efacd02d-c1d6-41f7-95f9-b1a97f213177,8cbb52ae-4bf0-4711-99c1-7002ef1f460e,8068c3bb-cd45-4a6e-b36d-c6e527b4b1f2,a368c808-ef8b-4527-af1f-4876f36f3047,
,,,8P,Standard,{},e1c6f03a-3fbe-4fbf-9c77-a463ced9c575,5aae2f0a-10aa-4c79-9b40-6a726cb4f934,89d5a922-b6e9-4156-9b4b-9cf8f16f71c2,79704503-656b-49d7-8e5f-3b96e18eb11e,
,,,8P,Standard,{},bd7da18b-8db3-4551-bfcb-d60fe762ecd9,5aae2f0a-10aa-4c79-9b40-6a726cb4f934,89d5a922-b6e9-4156-9b4b-9cf8f16f71c2,31f1e85e-066e-4eda-9dc3-db626dd3f453,
,,,8P,Standard,{},f1db5b00-d28c-497a-9b20-3b8abe7cd109,312c2f63-fbe6-4206-ac7c-1d8473b248d4,89d5a922-b6e9-4156-9b4b-9cf8f16f71c2,79704503-656b-49d7-8e5f-3b96e18eb11e,
,,,8P,Standard,{},f7575146-d317-400c-b009-d610abcabce4,f56b80c0-9af4-4e62-95b5-4f23987f2874,89d5a922-b6e9-4156-9b4b-9cf8f16f71c2,4288f371-c790-4678-bbda-5d6b8253dfb2,
,,,8P,Standard,{},258928c0-f123-4dcd-a628-f8ea38d1081f,f56b80c0-9af4-4e62-95b5-4f23987f2874,89d5a922-b6e9-4156-9b4b-9cf8f16f71c2,31f1e85e-066e-4eda-9dc3-db626dd3f453,
,,,8P,Standard,{},d597206b-09bc-485c-a440-738719e191c1,f5164bb7-6057-40a8-b147-76c26e37a7de,89d5a922-b6e9-4156-9b4b-9cf8f16f71c2,79704503-656b-49d7-8e5f-3b96e18eb11e,
,,,8P,Standard,{},d807aa1e-a683-4b5f-91c4-90ade8d410db,f5164bb7-6057-40a8-b147-76c26e37a7de,89d5a922-b6e9-4156-9b4b-9cf8f16f71c2,31f1e85e-066e-4eda-9dc3-db626dd3f453,
,,,8P,Standard,{},167094f0-0d2a-48fc-a491-8f6bada27e4c,b5e2c208-7652-4e2e-b865-049f55f81dff,89d5a922-b6e9-4156-9b4b-9cf8f16f71c2,d9048104-63ef-4fd6-8164-d287421a442b,
,,,8P,Standard,{},a3fe0fee-8e74-4b5c-ae62-0e6a78e0e0cc,b5e2c208-7652-4e2e-b865-049f55f81dff,89d5a922-b6e9-4156-9b4b-9cf8f16f71c2,a368c808-ef8b-4527-af1f-4876f36f3047,
,,,8P,Standard,{},89a24c5e-951b-4591-b555-6d97a17b0fec,0e62a34d-935d-414b-8d5f-fcfe5f740110,89d5a922-b6e9-4156-9b4b-9cf8f16f71c2,7caf3ccf-3512-4a59-85a5-3df78fbf4164,
,,,8V,Standard,{},bb643105-c57f-432c-ad36-ea12cab36d35,099f5388-ef08-4731-bb3e-8629c649edbb,b05814b8-fbb9-4adf-9516-8d2cf54c9a3d,79704503-656b-49d7-8e5f-3b96e18eb11e,
,,,8V,Standard,{},62ee3000-316c-4801-837f-86f62f9e1a10,099f5388-ef08-4731-bb3e-8629c649edbb,b05814b8-fbb9-4adf-9516-8d2cf54c9a3d,5acc3599-22da-4552-a7dd-a718b8510756,
,,,8V,Standard,{},13109a2f-3a01-4baa-9512-ae31aabf3aac,c357546f-e024-4201-aaa1-009c50c71034,b05814b8-fbb9-4adf-9516-8d2cf54c9a3d,79704503-656b-49d7-8e5f-3b96e18eb11e,
,,,8V,Standard,{},ab68eaa5-a64f-4d85-9800-3fbc9d19283f,c357546f-e024-4201-aaa1-009c50c71034,b05814b8-fbb9-4adf-9516-8d2cf54c9a3d,5acc3599-22da-4552-a7dd-a718b8510756,
,,,8V,Standard,{},79009e9a-14a0-48ab-bd88-413e792b1dea,02dffdc6-188a-49ed-a9da-11cb15a59cc7,b05814b8-fbb9-4adf-9516-8d2cf54c9a3d,4288f371-c790-4678-bbda-5d6b8253dfb2,
,,,8V,Standard,{},2a75f7e8-5286-4406-b964-cee44ca20a65,02dffdc6-188a-49ed-a9da-11cb15a59cc7,b05814b8-fbb9-4adf-9516-8d2cf54c9a3d,5acc3599-22da-4552-a7dd-a718b8510756,
,,,8V,Standard,{},f4f8686c-2bdd-4022-95cd-82ded244e0cf,5e54d735-2391-4b50-a61a-36855ce05f90,b05814b8-fbb9-4adf-9516-8d2cf54c9a3d,d9048104-63ef-4fd6-8164-d287421a442b,
,,,8V,Standard,{},5cce4ac2-3479-42d9-9ad9-dff8b29af5df,5e54d735-2391-4b50-a61a-36855ce05f90,b05814b8-fbb9-4adf-9516-8d2cf54c9a3d,a368c808-ef8b-4527-af1f-4876f36f3047,
,,,8V,Standard,{},ff59b000-5d6a-4bc6-a3d9-4a57b18dc000,f869523a-81f9-4494-a963-01040badb06a,ec2f3bd1-1c00-48b8-9681-7792809cc29e,79704503-656b-49d7-8e5f-3b96e18eb11e,
,,,8V,Standard,{},b1a98f7d-2eca-4a44-ac18-8d786a719e6f,f869523a-81f9-4494-a963-01040badb06a,ec2f3bd1-1c00-48b8-9681-7792809cc29e,5acc3599-22da-4552-a7dd-a718b8510756,
,,,B5,Standard,{},a3186ac4-51a1-441a-a20c-38745ca1c100,820d7961-f6d9-42ba-934a-602804a7e857,44f242a0-d7b7-4dcf-be0e-971ea9942155,7dce2534-7ec8-4114-bf35-bdead09954ca,
,,,B5,Standard,{},d97d8b48-8317-4a30-ab51-027204b58ca8,820d7961-f6d9-42ba-934a-602804a7e857,44f242a0-d7b7-4dcf-be0e-971ea9942155,aab57331-bfc9-4e6a-b2aa-9ac556fc67c9,
,,,B5,Standard,{},8426cd66-26e3-4f64-bb09-f23ba377feff,50b6fab5-b12e-4517-a115-810f3016ec31,44f242a0-d7b7-4dcf-be0e-971ea9942155,7dce2534-7ec8-4114-bf35-bdead09954ca,
,,,B5,Standard,{},88878973-33cb-4527-8196-c127d935982f,50b6fab5-b12e-4517-a115-810f3016ec31,44f242a0-d7b7-4dcf-be0e-971ea9942155,aab57331-bfc9-4e6a-b2aa-9ac556fc67c9,
,,,B5,Standard,{},86f0bb1a-51f5-45ba-9678-b567be68c44f,52403585-b120-43cb-829e-3d7d5d09c0e7,44f242a0-d7b7-4dcf-be0e-971ea9942155,7dce2534-7ec8-4114-bf35-bdead09954ca,
,,,B5,Standard,{},5b107ab8-97b7-46a9-a06a-62bbc2ae4faa,22d1baf6-5575-4d7b-871b-5e5da7d78703,44f242a0-d7b7-4dcf-be0e-971ea9942155,7dce2534-7ec8-4114-bf35-bdead09954ca,
,,,B5,Standard,{},52e4266b-f9a3-44c6-9fbc-1a010c55c337,82d6030e-8175-479c-a90c-d6acfcc7aec3,44f242a0-d7b7-4dcf-be0e-971ea9942155,7dce2534-7ec8-4114-bf35-bdead09954ca,
,,,B5,Standard,{},a64374f7-1078-4304-93df-5453806f2911,fb67adf7-cda0-4559-9c3f-446841c85913,44f242a0-d7b7-4dcf-be0e-971ea9942155,7dce2534-7ec8-4114-bf35-bdead09954ca,
,,,B5,Standard,{},f83c8014-4472-4f9a-bec0-fc390c5375e6,fb67adf7-cda0-4559-9c3f-446841c85913,44f242a0-d7b7-4dcf-be0e-971ea9942155,aab57331-bfc9-4e6a-b2aa-9ac556fc67c9,
,,,B5,Standard,{},eeb33454-0994-4213-8614-bad08e23ae0b,2ad13499-9127-4efd-a929-6eefa5e50737,44f242a0-d7b7-4dcf-be0e-971ea9942155,7dce2534-7ec8-4114-bf35-bdead09954ca,
,,,B5,Standard,{},d1eef794-7b12-493c-aedf-4e0ff9b11f50,2ad13499-9127-4efd-a929-6eefa5e50737,44f242a0-d7b7-4dcf-be0e-971ea9942155,aab57331-bfc9-4e6a-b2aa-9ac556fc67c9,
,,,B5,Standard,{},10c763a3-b6f1-4e5f-b7e7-577622cf00f7,cdd53930-721f-4f7b-83a1-c827cd9e622e,e54b6a3a-8348-4780-802f-431310513e2e,7dce2534-7ec8-4114-bf35-bdead09954ca,
,,,B5,Standard,{},764f25cb-ada1-41fb-8011-2df8084b2a3c,ea32cb16-0e07-4a1b-a078-103401e90c83,e54b6a3a-8348-4780-802f-431310513e2e,7dce2534-7ec8-4114-bf35-bdead09954ca,
,,,B5,Standard,{},92ba4364-b361-4380-8e74-4ba0103f6031,335fb854-6b54-4e6a-8620-80edfdcbf603,e54b6a3a-8348-4780-802f-431310513e2e,7dce2534-7ec8-4114-bf35-bdead09954ca,
,,,B5,Standard,{},7aee95ea-f1f2-4a19-b50f-572c82bd8c45,00a29bb1-5971-421a-8f4c-cca44a33f06e,e54b6a3a-8348-4780-802f-431310513e2e,7dce2534-7ec8-4114-bf35-bdead09954ca,
,,,B5,Standard,{},2816b19d-4630-4239-9f63-34cd8615f26e,00a29bb1-5971-421a-8f4c-cca44a33f06e,e54b6a3a-8348-4780-802f-431310513e2e,aab57331-bfc9-4e6a-b2aa-9ac556fc67c9,
,,,B5,Standard,{},3cda612b-d98b-4533-96a5-a0a2ac2e9d48,0179dad8-f906-44fc-b9d9-1df8a35f6009,e54b6a3a-8348-4780-802f-431310513e2e,7dce2534-7ec8-4114-bf35-bdead09954ca,
,,,B5,Standard,{},960b7a54-3d6e-482f-a908-b12d807e1aef,0179dad8-f906-44fc-b9d9-1df8a35f6009,e54b6a3a-8348-4780-802f-431310513e2e,aab57331-bfc9-4e6a-b2aa-9ac556fc67c9,
,,,B7,Standard,{},271e62a5-7d95-4b2d-a2d5-6b2d778828ac,918a64ad-cf02-4be0-9ed5-e794e5396c36,5fcca0c6-7db5-48f2-9ec1-c5fb32672fdf,7dce2534-7ec8-4114-bf35-bdead09954ca,
,,,B7,Standard,{},e2ccdf21-da24-4b4f-8d6e-3175cb145b6f,1bd3ca13-01bb-464e-94e6-7916a3f289bb,5fcca0c6-7db5-48f2-9ec1-c5fb32672fdf,5e1055be-30ca-485e-8785-6db3842918c5,
,,,B7,Standard,{},5a7e2f98-632b-4d5f-a25a-a06b4cf83e76,4f855327-2479-49fd-bb7e-d4f13cc62dac,5fcca0c6-7db5-48f2-9ec1-c5fb32672fdf,5e1055be-30ca-485e-8785-6db3842918c5,
,,,B7,Standard,{},979a1b6f-c3da-4dc2-b9ff-ecc662fb32c6,4f855327-2479-49fd-bb7e-d4f13cc62dac,5fcca0c6-7db5-48f2-9ec1-c5fb32672fdf,e6576f34-733d-40e4-ae85-4560df9753c5,
,,,B7,Standard,{},c66712ce-23f2-44ed-a918-08cf94015f58,1bd3ca13-01bb-464e-94e6-7916a3f289bb,5fcca0c6-7db5-48f2-9ec1-c5fb32672fdf,5e1055be-30ca-485e-8785-6db3842918c5,
,,,B7,Standard,{},3fed1d9a-5258-4026-81f2-0598c9bcf8ea,2bf440ae-5362-4300-8b4e-030a0dce5c53,5fcca0c6-7db5-48f2-9ec1-c5fb32672fdf,8a83f3e1-8b88-4cb4-8296-593a3c69e673,
,,,B7,Standard,{},3da226ec-6bc6-4d4a-8c7b-85a76e1fb630,2bf440ae-5362-4300-8b4e-030a0dce5c53,5fcca0c6-7db5-48f2-9ec1-c5fb32672fdf,e6576f34-733d-40e4-ae85-4560df9753c5,
,,,B8,Standard,{},cfe3c2b6-6167-47db-84f5-ff9f9578b468,4d187447-f28b-4067-b926-ad03cedfa6b7,66d558ef-4e84-470c-9e76-489dfed7427b,3bced905-f492-4c1c-8f35-50bab75fb3be,
,,,B8,Standard,{},0b57ac78-ace8-4489-94a8-b546d25c3c43,cbad4aae-5f58-4edc-bdc1-6e89dd0a6f49,66d558ef-4e84-470c-9e76-489dfed7427b,3bced905-f492-4c1c-8f35-50bab75fb3be,
,,,B8,Standard,{},7883858a-9530-4143-a56d-841644f708d4,483eaedd-844e-481b-93b5-d8346d621275,66d558ef-4e84-470c-9e76-489dfed7427b,3bced905-f492-4c1c-8f35-50bab75fb3be,
,,,B8,Standard,{},c1a1e471-1c14-4ec2-9046-2d2de49c3846,4df16a29-5c1c-4fd0-880e-a19a0a6fc6de,66d558ef-4e84-470c-9e76-489dfed7427b,3bced905-f492-4c1c-8f35-50bab75fb3be,
,,,B8,Standard,{},0449fa37-8c76-4299-92e8-11688da57826,a401d88c-c92b-42a4-b146-9fd4b9d393ce,66d558ef-4e84-470c-9e76-489dfed7427b,3bced905-f492-4c1c-8f35-50bab75fb3be,
,,,B8,Standard,{},84ecd377-d147-4b3f-8960-f560df155520,9ea29799-7c08-414a-987a-5a7e7624a66e,66d558ef-4e84-470c-9e76-489dfed7427b,3bced905-f492-4c1c-8f35-50bab75fb3be,
,,,B8,Standard,{},84480ca6-0e05-4f97-bb97-92443fa406f7,cbad4aae-5f58-4edc-bdc1-6e89dd0a6f49,66d558ef-4e84-470c-9e76-489dfed7427b,3bced905-f492-4c1c-8f35-50bab75fb3be,
,,,B8,Standard,{},2a8d1cb4-919f-4908-9b81-96914aec3416,3bacd766-2bf7-4bb5-b1ca-fdfd049748cf,53c95f51-11d5-4ce9-82b7-b31440bd1c80,3bced905-f492-4c1c-8f35-50bab75fb3be,
,,,B8,Standard,{},59c0dfe1-266a-43bc-93ca-19ae1751608e,8435c92c-cb1b-439e-84ef-024022d8ecc2,53c95f51-11d5-4ce9-82b7-b31440bd1c80,3bced905-f492-4c1c-8f35-50bab75fb3be,
,,,B8,Standard,{},741c0c5a-385b-4d64-8258-942529acbffe,8d997f12-668d-4ec9-bb75-d1a7ca03b6bf,53c95f51-11d5-4ce9-82b7-b31440bd1c80,3bced905-f492-4c1c-8f35-50bab75fb3be,
,,,B8,Standard,{},4a35c5bc-3354-450b-b0ca-4d3b69544a5d,25e6e2c9-a6d8-459b-9957-31be0cd1577e,53c95f51-11d5-4ce9-82b7-b31440bd1c80,3bced905-f492-4c1c-8f35-50bab75fb3be,
,,,B8,Standard,{},b2fdb7aa-0da5-4786-af52-af361e954347,99b876e5-5248-4e04-9d82-37588f841163,53c95f51-11d5-4ce9-82b7-b31440bd1c80,cd1c9b95-bb70-4bc7-8d2e-67502406b670,
,,,B9,Standard,{},276b5976-b854-457d-ac73-a48970751473,8c8f3673-1297-4f8a-84ee-9a62683e4433,8e66f0b3-1ed4-469a-a921-93916c359f6e,4db6080e-7b1b-4b3b-a7fc-7d49ede8be18,
,,,B9,Standard,{},8db06018-0a7f-4bb2-b657-325033e40c60,8c8f3673-1297-4f8a-84ee-9a62683e4433,8e66f0b3-1ed4-469a-a921-93916c359f6e,18ccf1e6-65f5-4039-8dab-e85d3b62ebb2,
,,,B9,Standard,{},ecc68267-a90f-4c82-b564-81d62d738839,13929eef-194f-466f-9907-469758e1b354,8e66f0b3-1ed4-469a-a921-93916c359f6e,75dd6429-cf80-43cc-9810-9ca566b9ca22,
,,,B9,Standard,{},129afd2c-cf07-40d9-b6f1-fb4e74480b4f,13929eef-194f-466f-9907-469758e1b354,8e66f0b3-1ed4-469a-a921-93916c359f6e,18ccf1e6-65f5-4039-8dab-e85d3b62ebb2,
,,,B9,Standard,{},d06b8bb6-3034-48ad-a2c4-2fa12fa05786,ac8e3191-e47f-44d3-94e7-b0ec6de5bf33,8e66f0b3-1ed4-469a-a921-93916c359f6e,75dd6429-cf80-43cc-9810-9ca566b9ca22,
,,,B9,Standard,{},70e3b705-a1da-489b-8c2a-a453b4d7a49f,ac8e3191-e47f-44d3-94e7-b0ec6de5bf33,6e97a8f3-0e67-4675-aca1-964dd93ed23b,18ccf1e6-65f5-4039-8dab-e85d3b62ebb2,
,,,F5,Standard,{},5dbb6f2a-0934-453f-940e-8a529e2a0d6d,ac8e3191-e47f-44d3-94e7-b0ec6de5bf33,d5e53b0a-6c32-46ee-a2a8-6e75f71adb84,18ccf1e6-65f5-4039-8dab-e85d3b62ebb2,
,,,F5,Standard,{},42139ad2-d1ab-48ba-be06-db66e0e9daf6,920b1df0-b94d-42b1-ac87-e5018f36d251,d5e53b0a-6c32-46ee-a2a8-6e75f71adb84,14608ebb-a66b-4035-8a1d-89ada7dda3b9,
,,,4B,Standard,{},2359a866-21b3-496c-b65f-e35d49832037,52403585-b120-43cb-829e-3d7d5d09c0e7,84ff384b-5d46-4a25-85d3-887d5714343f,7dce2534-7ec8-4114-bf35-bdead09954ca,
,,,4B,Standard,{},205f7040-9d8a-4ef4-9d0d-2be45bfd9d64,db7409d0-a567-4f39-9317-4e07131d17f5,84ff384b-5d46-4a25-85d3-887d5714343f,7dce2534-7ec8-4114-bf35-bdead09954ca,
,,,4B,Standard,{},e3f5c62d-6e24-40ce-9b02-95974480637e,2ad13499-9127-4efd-a929-6eefa5e50737,84ff384b-5d46-4a25-85d3-887d5714343f,7dce2534-7ec8-4114-bf35-bdead09954ca,
,,,4B,Standard,{},3fe8850d-1fbd-453f-9db6-c5335b911655,b05021e3-4af6-447f-b868-513e8ae59a06,84ff384b-5d46-4a25-85d3-887d5714343f,5e1055be-30ca-485e-8785-6db3842918c5,
,,,4B,Standard,{},4cc40ec8-8e68-4685-885e-32c2dcae9453,ea32cb16-0e07-4a1b-a078-103401e90c83,84ff384b-5d46-4a25-85d3-887d5714343f,7dce2534-7ec8-4114-bf35-bdead09954ca,
,,,4B,Standard,{},b9885fcf-ab59-4171-add7-38baa8598f6b,00084697-5d48-4237-b622-f8216f1b1c64,84ff384b-5d46-4a25-85d3-887d5714343f,7dce2534-7ec8-4114-bf35-bdead09954ca,
,,,4B,Standard,{},f5c40f7b-3366-426a-baca-f46b326e43c0,ea32cb16-0e07-4a1b-a078-103401e90c83,0afbb78d-991e-44a3-b410-00b8147e37b2,7dce2534-7ec8-4114-bf35-bdead09954ca,
,,,4B,Standard,{},5b7ac840-ea1e-4736-ae83-eabd8997f1a3,918a64ad-cf02-4be0-9ed5-e794e5396c36,0afbb78d-991e-44a3-b410-00b8147e37b2,7dce2534-7ec8-4114-bf35-bdead09954ca,
,,,4B,Standard,{},e6014579-b710-4028-8977-0de2d7a97dc4,0793e779-91cc-48ce-af72-f36397fa17e3,0afbb78d-991e-44a3-b410-00b8147e37b2,7dce2534-7ec8-4114-bf35-bdead09954ca,
,,,4B,Standard,{},420aee6c-09ae-4db3-8fa6-2aa46abc8bc9,2617a7da-8be0-43ba-811e-b4e15dc70a1b,0afbb78d-991e-44a3-b410-00b8147e37b2,5e1055be-30ca-485e-8785-6db3842918c5,
,,,4B,Standard,{},2cea9fce-c1de-48fa-9f62-a68df8425f1b,335fb854-6b54-4e6a-8620-80edfdcbf603,0afbb78d-991e-44a3-b410-00b8147e37b2,5e1055be-30ca-485e-8785-6db3842918c5,
,,,C6 (4F),Standard,{},68046777-4183-4418-a945-486b7efc6e91,7e03d52b-de4b-4b62-bd8b-9c8cd69219d0,9b3f2b63-4c37-471d-9164-0d4c846c066d,5e1055be-30ca-485e-8785-6db3842918c5,
,,,C6 (4F),Standard,{},dc386e4d-d8aa-4903-9cf3-c593492ae555,6b4c7d0f-8863-40d6-9c85-4bbe4131b0e0,9b3f2b63-4c37-471d-9164-0d4c846c066d,e6576f34-733d-40e4-ae85-4560df9753c5,
,,,C6 (4F),Standard,{},025c2336-1797-4d7f-9396-5cf591be654a,e79024e6-09fd-4a2c-b996-e2565017f8bf,9b3f2b63-4c37-471d-9164-0d4c846c066d,e6576f34-733d-40e4-ae85-4560df9753c5,
,,,C6 (4F),Standard,{},09d58794-c9b3-4d7d-9d32-d855f328def3,923f080d-0277-4b2c-ab2d-1d3a7aaf2103,619af78b-95a9-4bc0-9c40-7aae61399ca3,e6576f34-733d-40e4-ae85-4560df9753c5,
,,,C6 (4F),Standard,{},5e45f774-a9dd-41ba-ac05-1d758d4ef29d,6b4c7d0f-8863-40d6-9c85-4bbe4131b0e0,619af78b-95a9-4bc0-9c40-7aae61399ca3,e6576f34-733d-40e4-ae85-4560df9753c5,
,,,FWD,Standard,{},bff84a91-61fd-46e8-911e-6a47df161011,fa89914d-601a-4d81-b26a-bbf7e9dbb9e8,8efa371d-f033-4285-83ce-e976d7751c06,3bced905-f492-4c1c-8f35-50bab75fb3be,
,,,UM,Standard,{},fc200f7c-05db-4642-8dfa-9335cdcdbc20,88fd430a-db2c-4ee7-bb69-9c4dd0bfdc2a,65aeab47-250a-4f53-8e38-a4dfb51fce77,2eff0815-a008-404b-b43a-332632e2734d,
,,,UM,Standard,{},7ad4dc82-b274-43d1-897f-745c69358a88,28e41f67-68a8-49b4-88c9-7855c97b1610,65aeab47-250a-4f53-8e38-a4dfb51fce77,79bd07c2-9af7-417e-9511-4d573c26eea1,
,,,UM,Standard,{},3abd081a-3961-471a-903a-a2938fd236a6,b5af627d-eaca-4063-a941-b6ba8666965c,65aeab47-250a-4f53-8e38-a4dfb51fce77,79bd07c2-9af7-417e-9511-4d573c26eea1,
,,,4K,Standard,{},b1138c87-bfc8-4949-b2ba-c76fb7469c98,42db7d28-06e1-48be-b95c-77ded0ae3429,69d68315-db56-43fb-afc0-b992e6d1706f,18ccf1e6-65f5-4039-8dab-e85d3b62ebb2,
,,,4K,Standard,{},72f4b384-a26c-4fbb-975c-933ee2314ea6,abb3334f-6192-41f9-b595-592cd733a03e,69d68315-db56-43fb-afc0-b992e6d1706f,18ccf1e6-65f5-4039-8dab-e85d3b62ebb2,
,,,4K,Standard,{},4315a044-3de7-447d-bc44-c49805e7e097,42db7d28-06e1-48be-b95c-77ded0ae3429,69d68315-db56-43fb-afc0-b992e6d1706f,18ccf1e6-65f5-4039-8dab-e85d3b62ebb2,
,,,4K,Standard,{},23d7ba71-20d9-49af-8f85-ed6f4c2f2b47,abb3334f-6192-41f9-b595-592cd733a03e,d461f00c-53dc-4088-8987-6b6b4de96ffb,18ccf1e6-65f5-4039-8dab-e85d3b62ebb2,
,,,C6,Standard,{},89aa14ef-4213-4bc6-abcd-75bd83acd9e8,4f855327-2479-49fd-bb7e-d4f13cc62dac,cbfd12d6-fa20-4048-bf81-dc34fd0a0466,5e1055be-30ca-485e-8785-6db3842918c5,
,,,C6,Standard,{},7a5a5cfe-033a-4bae-a035-87c205c44618,4f855327-2479-49fd-bb7e-d4f13cc62dac,cbfd12d6-fa20-4048-bf81-dc34fd0a0466,e6576f34-733d-40e4-ae85-4560df9753c5,
,,,C6,Standard,{},21ecf2ad-12d8-4060-811f-7de83ce763cc,6b4c7d0f-8863-40d6-9c85-4bbe4131b0e0,cbfd12d6-fa20-4048-bf81-dc34fd0a0466,e6576f34-733d-40e4-ae85-4560df9753c5,
,,,C6,Standard,{},7ae3d24d-0de4-4db1-9f32-92ddb788c5bc,923f080d-0277-4b2c-ab2d-1d3a7aaf2103,de77faea-9e39-4cd8-ad4e-f1999d14f02e,e6576f34-733d-40e4-ae85-4560df9753c5,
,,,C6,Standard,{},ac3eb6c3-528f-4f62-91a5-d39346e0a80a,6b4c7d0f-8863-40d6-9c85-4bbe4131b0e0,de77faea-9e39-4cd8-ad4e-f1999d14f02e,e6576f34-733d-40e4-ae85-4560df9753c5,
,,,4GH,Standard,{},5cda8ee5-a12b-4ef7-8c38-cce0dbc260c8,99b876e5-5248-4e04-9d82-37588f841163,d5cbd6d9-8563-4314-aa2a-a8a1d47a7b7c,2eff0815-a008-404b-b43a-332632e2734d,
,,,4GH,Standard,{},332a61ba-7e43-4798-bfe2-ec3709105b83,88dec77b-9674-4cc2-a489-438d93253f63,b033d9fb-4b61-4338-91b6-244399feff56,18ccf1e6-65f5-4039-8dab-e85d3b62ebb2,
,,,4GH,Standard,{},f3ff6309-298c-4d73-b46c-e1f373c279f4,99b876e5-5248-4e04-9d82-37588f841163,b033d9fb-4b61-4338-91b6-244399feff56,18ccf1e6-65f5-4039-8dab-e85d3b62ebb2,
,,,C8 (4KH),Standard,{},57842061-e062-4876-b1ca-e362b2cea983,abb3334f-6192-41f9-b595-592cd733a03e,85ace3b0-a8d8-408d-a5d0-a91de44d7c45,18ccf1e6-65f5-4039-8dab-e85d3b62ebb2,
,,,C8 (4KH),Standard,{},de4d34d9-8f68-4c1d-8183-b2521fe3c3c9,9b30c77d-9673-4843-8296-8d7677469565,85ace3b0-a8d8-408d-a5d0-a91de44d7c45,14608ebb-a66b-4035-8a1d-89ada7dda3b9,
,,,4G,Standard,{},f88d40b1-a6e9-4cd5-a65b-58255d04b71e,bb1a6f24-02f6-46d8-a59f-0772fa2b8cb9,a58a0bb1-f0c9-429e-ba0f-95e8bf99d87f,2eff0815-a008-404b-b43a-332632e2734d,
,,,4G,Standard,{},6039e1c4-c89a-42a6-9e77-5bec43f9e549,99b876e5-5248-4e04-9d82-37588f841163,a58a0bb1-f0c9-429e-ba0f-95e8bf99d87f,2eff0815-a008-404b-b43a-332632e2734d,
,,,4G,S7 Sport,{},3ed0ade4-b22c-4cf9-aec3-9f128b583b17,88fd430a-db2c-4ee7-bb69-9c4dd0bfdc2a,a58a0bb1-f0c9-429e-ba0f-95e8bf99d87f,2eff0815-a008-404b-b43a-332632e2734d,
,,,4G,Standard,{},e3776b0e-ad5a-4cef-996b-ba558440ee7e,88dec77b-9674-4cc2-a489-438d93253f63,b24f733a-3eca-4f44-80c4-dd6db1c81ae5,2eff0815-a008-404b-b43a-332632e2734d,
,,,4G,Standard,{},63524032-935c-4660-b052-0c72d21f7f07,99b876e5-5248-4e04-9d82-37588f841163,b24f733a-3eca-4f44-80c4-dd6db1c81ae5,2eff0815-a008-404b-b43a-332632e2734d,
,,,4G,S7 Sport,{},a5a9d9d0-7e9e-43ee-8ec1-c2a9b40f8d7b,c1440a35-676d-4cfb-ac56-2acc2e3f4ed8,b24f733a-3eca-4f44-80c4-dd6db1c81ae5,2eff0815-a008-404b-b43a-332632e2734d,
,,,4G,Standard,{},f5f9dbeb-2e80-4c64-a732-cb3a42351fe9,28e41f67-68a8-49b4-88c9-7855c97b1610,b24f733a-3eca-4f44-80c4-dd6db1c81ae5,79bd07c2-9af7-417e-9511-4d573c26eea1,
,,,4G,Standard,{},e9f7acb1-e9e2-4cef-b62e-fd15002f30eb,b5af627d-eaca-4063-a941-b6ba8666965c,b24f733a-3eca-4f44-80c4-dd6db1c81ae5,79bd07c2-9af7-417e-9511-4d573c26eea1,
,,,4G,Standard,{},5d8768be-135e-49a9-9bd2-4a498d3b88d0,8b0a0ea4-a761-424b-af1b-32fa7e606174,b24f733a-3eca-4f44-80c4-dd6db1c81ae5,79bd07c2-9af7-417e-9511-4d573c26eea1,
,,,4K,Standard,{},72853747-20c6-466a-bb67-f725021d33d4,abb3334f-6192-41f9-b595-592cd733a03e,e5864f20-8735-4364-85a3-80d7805f0c21,18ccf1e6-65f5-4039-8dab-e85d3b62ebb2,
,,,4K,Standard,{},2001c5bd-48c5-4bef-b154-3d3164bf7954,9b30c77d-9673-4843-8296-8d7677469565,e5864f20-8735-4364-85a3-80d7805f0c21,14608ebb-a66b-4035-8a1d-89ada7dda3b9,
,,,4K,Standard,{},26cb5cfa-7934-4862-a638-349f2ee64261,42db7d28-06e1-48be-b95c-77ded0ae3429,e5864f20-8735-4364-85a3-80d7805f0c21,18ccf1e6-65f5-4039-8dab-e85d3b62ebb2,
,,,4K,Standard,{},6376330b-eaf2-4bdf-9826-23c46c3708a1,abb3334f-6192-41f9-b595-592cd733a03e,1523968f-6037-4a69-8815-061e07e0e385,18ccf1e6-65f5-4039-8dab-e85d3b62ebb2,
,,,4K,Standard,{},bdbfc8aa-f51f-4a90-927f-4585fee567eb,33d8e577-9ab0-4d03-aaf2-0a72bb3a5183,2670707d-0974-4edf-a7f1-b7ad3fcba1b9,14608ebb-a66b-4035-8a1d-89ada7dda3b9,
,,,4K,Standard,{},f4959169-49be-4d86-9684-185413908661,ff3e1c2d-eb54-42b1-b0ca-6d3672d05bc8,2670707d-0974-4edf-a7f1-b7ad3fcba1b9,9b8f7510-ce8d-49b6-9e32-1cc78306f688,
,,,4K,Standard,{},73620420-b93f-4f07-9f10-c7f8f0788fb0,289cbf14-c3c3-464b-8816-7c31d752d912,2670707d-0974-4edf-a7f1-b7ad3fcba1b9,9b8f7510-ce8d-49b6-9e32-1cc78306f688,
,,,D2,Standard,{},9473378a-4b35-42ac-a98b-db00e432891d,82d6030e-8175-479c-a90c-d6acfcc7aec3,a168cf5e-317b-4838-b9f2-f4ad41edd4d9,7dce2534-7ec8-4114-bf35-bdead09954ca,
,,,D2,Standard,{},f9ec4b1e-7e87-4ebf-a9f1-b019cb8daf98,82d6030e-8175-479c-a90c-d6acfcc7aec3,a168cf5e-317b-4838-b9f2-f4ad41edd4d9,6c9cdae2-2f77-46f7-abf5-81bf8e630de3,
,,,D2,Standard,{},251b2211-39bb-4285-b597-fe3b86310879,82d6030e-8175-479c-a90c-d6acfcc7aec3,a168cf5e-317b-4838-b9f2-f4ad41edd4d9,7dce2534-7ec8-4114-bf35-bdead09954ca,
,,,D2,Standard,{},286ca1e2-a02a-4f01-a1c2-aaa462c74c6e,82d6030e-8175-479c-a90c-d6acfcc7aec3,a168cf5e-317b-4838-b9f2-f4ad41edd4d9,6c9cdae2-2f77-46f7-abf5-81bf8e630de3,
,,,D2,Standard,{},424907c7-12c2-49e2-9dfe-14e0b52c0ae0,e81bf37e-9cc9-4dee-9c09-f611061aa6b8,a168cf5e-317b-4838-b9f2-f4ad41edd4d9,0cf37cae-5da4-4a24-ab87-2f6102775d77,
,,,D2,Standard,{},5121121f-29ab-4334-9dfd-a71e3a64a823,de089050-5f94-4e51-a365-74d5e4ab6989,38cab2d8-34f9-43cd-965d-a08a8126f491,7dce2534-7ec8-4114-bf35-bdead09954ca,
,,,D2,Standard,{},f5a7e337-d49d-42e4-8874-9dc1d2522bdc,de089050-5f94-4e51-a365-74d5e4ab6989,38cab2d8-34f9-43cd-965d-a08a8126f491,0cf37cae-5da4-4a24-ab87-2f6102775d77,
,,,D2,Standard,{},224b3e53-cc5d-418f-ab1d-4dcdbed7381d,de089050-5f94-4e51-a365-74d5e4ab6989,38cab2d8-34f9-43cd-965d-a08a8126f491,7dce2534-7ec8-4114-bf35-bdead09954ca,
,,,D2,Standard,{},af2157d7-a2e9-414c-8f73-62689464faf2,de089050-5f94-4e51-a365-74d5e4ab6989,38cab2d8-34f9-43cd-965d-a08a8126f491,0cf37cae-5da4-4a24-ab87-2f6102775d77,
,,,D2,Standard,{},c36f7f46-53db-4e8c-8a33-a9c32ac8be0e,e81bf37e-9cc9-4dee-9c09-f611061aa6b8,38cab2d8-34f9-43cd-965d-a08a8126f491,0cf37cae-5da4-4a24-ab87-2f6102775d77,
,,,D3/4E,Standard,{},52b145fd-e589-48a1-80ae-9bed0219c7de,1051b565-7dd1-41a3-a7bb-676730b6a0aa,a2d27b8b-0fe3-4323-ae28-a78b449b98b3,e6576f34-733d-40e4-ae85-4560df9753c5,
,,,D3/4E,Standard,{},2be6c055-394a-4bcb-9a72-aa428f3d3be1,91f5d272-4b09-438a-9c19-5877fde6c8f6,a2d27b8b-0fe3-4323-ae28-a78b449b98b3,e6576f34-733d-40e4-ae85-4560df9753c5,
,,,D3/4E,Standard,{},0b932563-9e58-4439-a38c-59c6e2a8a526,1a8f4446-acb7-4673-92ff-344ce230d35c,a2d27b8b-0fe3-4323-ae28-a78b449b98b3,65827351-7f97-4f3c-b83f-d5996722a40d,
,,,D3/4E,Standard,{},9e33375a-d094-4482-8620-1d07f59a94e4,2bf440ae-5362-4300-8b4e-030a0dce5c53,a2d27b8b-0fe3-4323-ae28-a78b449b98b3,e6576f34-733d-40e4-ae85-4560df9753c5,
,,,D3/4E,Standard,{},f90f627d-1394-43af-b99b-aab92f310195,7c3b92cc-dd3f-46ca-b860-a1b04a8b336a,a2d27b8b-0fe3-4323-ae28-a78b449b98b3,65827351-7f97-4f3c-b83f-d5996722a40d,
,,,D3/4E,Standard,{},ecb6a5e5-23ba-4c7a-bff7-2bfe60bba7e0,6b4c7d0f-8863-40d6-9c85-4bbe4131b0e0,ec22a0a3-bd9d-44ae-9ec2-8611f66f4c02,e6576f34-733d-40e4-ae85-4560df9753c5,
,,,D3/4E,Standard,{},d89e9755-bd15-496e-afaf-b8b1e6faca8f,2bf440ae-5362-4300-8b4e-030a0dce5c53,ec22a0a3-bd9d-44ae-9ec2-8611f66f4c02,e6576f34-733d-40e4-ae85-4560df9753c5,
,,,D3/4E,Standard,{},27c266fd-31e2-447e-8efb-eb9d50ef9a61,6b4c7d0f-8863-40d6-9c85-4bbe4131b0e0,ec22a0a3-bd9d-44ae-9ec2-8611f66f4c02,e6576f34-733d-40e4-ae85-4560df9753c5,
,,,D3/4E,Standard,{},a10fe8f5-5da0-4ac2-aa51-4a5c88c48b60,2bf440ae-5362-4300-8b4e-030a0dce5c53,ec22a0a3-bd9d-44ae-9ec2-8611f66f4c02,e6576f34-733d-40e4-ae85-4560df9753c5,
,,,4H,Standard,{},38ea9b8d-0e77-4948-9d51-f1a60215d89e,40e85caf-251d-4973-9a48-1fbf9004823c,50eb8807-0580-4376-b5fa-69f704939679,79bd07c2-9af7-417e-9511-4d573c26eea1,
,,,4H,Standard,{},42cd90e4-cc51-4a85-be14-20bd53cc9a36,5874a566-cd54-462e-95fd-552403bb030f,50eb8807-0580-4376-b5fa-69f704939679,79bd07c2-9af7-417e-9511-4d573c26eea1,
,,,4H,Standard,{},844493f4-3faf-4cea-a2ae-cf41a57ecfc0,c6d93fbb-e492-45c8-b1de-ae390ee869b3,50eb8807-0580-4376-b5fa-69f704939679,79bd07c2-9af7-417e-9511-4d573c26eea1,
,,,4H,Standard,{},512988b3-d843-4d12-8309-3d5644f4ad9d,6c9c0a78-a216-439f-8415-8449b9f28ea1,50eb8807-0580-4376-b5fa-69f704939679,79bd07c2-9af7-417e-9511-4d573c26eea1,
,,,4H,Standard,{},b7d6ac1e-35a3-47bd-bb5d-0983ce4b2624,8aae408a-8950-4b7d-99b0-910be4742366,6aa6fc64-8c4b-4a40-9cbe-d8b8c66c6ab6,79bd07c2-9af7-417e-9511-4d573c26eea1,
,,,4H,Standard,{},8dd08956-e027-4b5a-96f3-abb90cc58993,cf1806c2-f848-49ac-b061-767950f1616d,6aa6fc64-8c4b-4a40-9cbe-d8b8c66c6ab6,79bd07c2-9af7-417e-9511-4d573c26eea1,
,,,4H,Standard,{},331f7c41-8657-42d2-a227-e7b7c922568b,a4bc9432-1701-42a6-9c12-b2ce0d27b98d,6aa6fc64-8c4b-4a40-9cbe-d8b8c66c6ab6,79bd07c2-9af7-417e-9511-4d573c26eea1,
,,,4N,Standard,{},1d5887b3-3677-40c4-856d-af364b4b1696,2fd2cfd1-d301-4a7b-9d92-2508913572d5,155edf7e-fb1d-4968-aad0-49f41c9ced30,14608ebb-a66b-4035-8a1d-89ada7dda3b9,
,,,4N,Standard,{},b0178ded-51c5-41b9-9438-3df8a2b86ae2,2f1a51f5-f830-40e0-bf61-686c56911865,155edf7e-fb1d-4968-aad0-49f41c9ced30,14608ebb-a66b-4035-8a1d-89ada7dda3b9,
,,,4N,Standard,{},fe630d26-bf4d-4859-9bd6-cf5c9e55283c,9b30c77d-9673-4843-8296-8d7677469565,155edf7e-fb1d-4968-aad0-49f41c9ced30,14608ebb-a66b-4035-8a1d-89ada7dda3b9,
,,,4N,Standard,{},42c76d2c-65b8-49d4-b383-6f8f87d4aa13,c25e2d46-aeb5-45ef-972e-c8f34e416fcb,155edf7e-fb1d-4968-aad0-49f41c9ced30,9b8f7510-ce8d-49b6-9e32-1cc78306f688,
,,,4N,Standard,{},92a33780-9d67-45aa-82bb-e3a8292778e8,2fd2cfd1-d301-4a7b-9d92-2508913572d5,4a70370a-2dcb-4e0e-a15b-dced9914dcdd,14608ebb-a66b-4035-8a1d-89ada7dda3b9,
,,,4N,Standard,{},2048c2b1-16cb-4627-9433-e8dd7e5c6877,2f1a51f5-f830-40e0-bf61-686c56911865,4a70370a-2dcb-4e0e-a15b-dced9914dcdd,14608ebb-a66b-4035-8a1d-89ada7dda3b9,
,,,GA,Standard,{},a54f2c55-9089-4a95-aca6-002c6e84eda9,8af47c7a-0305-40fd-87ef-78dd448117d9,e2ac8a99-415d-43e3-ba3c-d7272fd8ffc3,79704503-656b-49d7-8e5f-3b96e18eb11e,
,,,GA,Standard,{},0de4a9f8-c51b-4948-975b-0a9aef170321,8af47c7a-0305-40fd-87ef-78dd448117d9,e2ac8a99-415d-43e3-ba3c-d7272fd8ffc3,5acc3599-22da-4552-a7dd-a718b8510756,
,,,GA,Standard,{},178fff07-6aff-492f-bf1a-8249d14c6b67,9c006f7f-c139-4d70-a47f-a2e51bee5889,e2ac8a99-415d-43e3-ba3c-d7272fd8ffc3,4288f371-c790-4678-bbda-5d6b8253dfb2,
,,,GA,Standard,{},5f0b1e25-2f95-4cbd-8b38-1ab35cc05bfd,9c006f7f-c139-4d70-a47f-a2e51bee5889,e2ac8a99-415d-43e3-ba3c-d7272fd8ffc3,5acc3599-22da-4552-a7dd-a718b8510756,
,,,GA,Standard,{},2bdbb071-3ec8-4187-a09d-b61e2228c4e8,6465ded8-1b02-44bc-8690-4801f3f30c2b,e2ac8a99-415d-43e3-ba3c-d7272fd8ffc3,1fcc7977-24ea-4fbf-83e8-f87b1c0df322,
,,,8U,Standard,{},a2dc6a5d-b184-4794-a5a4-11f0a73af940,eb956375-62e6-4325-8f8f-94e6618cd8e9,2cfe779a-eb90-4da2-962c-7732dbd2d08e,d9048104-63ef-4fd6-8164-d287421a442b,
,,,8U,Standard,{},5b0e65b9-6dfd-4bfe-9a15-195b2a12e2dc,eb956375-62e6-4325-8f8f-94e6618cd8e9,2cfe779a-eb90-4da2-962c-7732dbd2d08e,7caf3ccf-3512-4a59-85a5-3df78fbf4164,
,,,8U,Standard,{},b4c59e29-0048-415f-beb4-2893a4984fc5,0abb993f-5ddd-4d21-8e25-bb300913c465,5ef482a4-288a-46fe-baa6-63f4e4d506c9,d9048104-63ef-4fd6-8164-d287421a442b,
,,,8U,Standard,{},1abaf3af-22cf-44b4-8166-f07372e2a34f,0abb993f-5ddd-4d21-8e25-bb300913c465,5ef482a4-288a-46fe-baa6-63f4e4d506c9,a368c808-ef8b-4527-af1f-4876f36f3047,
,,,F3,Standard,{},3e6d8774-4fe6-4887-87e4-a47f4c5cfdd0,0abb993f-5ddd-4d21-8e25-bb300913c465,73052b86-2bf5-4963-8266-dc3b6cd2c326,a368c808-ef8b-4527-af1f-4876f36f3047,
,,,F3,Standard,{},80ba0ab7-94ef-4ec0-8618-26f44c064c19,26519602-30b0-48bd-b117-4cbe37ee64b8,73052b86-2bf5-4963-8266-dc3b6cd2c326,d9048104-63ef-4fd6-8164-d287421a442b,
,,,F3,Standard,{},e7222ee9-7cdd-44b9-aa84-8e580da7ecd4,48737f3e-7c22-4f9e-83ed-984e70ab2310,e04c3e3a-88a6-4e66-8def-7b041689b580,7caf3ccf-3512-4a59-85a5-3df78fbf4164,
,,,4L,Standard,{},4afaa021-178e-45a2-bf1b-066860b6c3f1,b7c97ccd-3bec-43ed-8713-4184e52af3f1,2d631c94-415b-49f3-a805-7796f8d1e433,631a6a55-e3a5-4763-9108-1a5605756c20,
,,,4L,Standard,{},461d3c90-2d17-4bff-9f82-6014aabba9cd,c306078f-d32a-4846-8204-047597ef2506,2d631c94-415b-49f3-a805-7796f8d1e433,631a6a55-e3a5-4763-9108-1a5605756c20,
,,,4L,Standard,{},15c5bcf1-3e64-4fbf-8636-fef628376d0d,9312ae4e-9b5e-49b6-94f9-3db30f4f85bd,2d631c94-415b-49f3-a805-7796f8d1e433,631a6a55-e3a5-4763-9108-1a5605756c20,
,,,4L,Standard,{},6fd253b6-bf10-4d09-8007-86cf39e3f6cb,14400fef-2129-40ba-a11f-ac89bbc85c69,7553e89e-6d52-46ba-957b-598152527d30,fa9122cf-5323-4ffc-a5e0-256a90c9330a,
,,,4M,Standard,{},074171c3-28eb-4625-9de9-c4253265c532,13929eef-194f-466f-9907-469758e1b354,c97d5d03-6d30-49ef-aa0a-5fc4bbc076a0,14608ebb-a66b-4035-8a1d-89ada7dda3b9,
,,,4M,Standard,{},5346689a-b969-4779-b04f-768f4f65e5ba,88dec77b-9674-4cc2-a489-438d93253f63,c97d5d03-6d30-49ef-aa0a-5fc4bbc076a0,14608ebb-a66b-4035-8a1d-89ada7dda3b9,
,,,4M,Standard,{},48edb8ce-d9ba-40dd-8216-c5421e015196,9b30c77d-9673-4843-8296-8d7677469565,c97d5d03-6d30-49ef-aa0a-5fc4bbc076a0,14608ebb-a66b-4035-8a1d-89ada7dda3b9,
,,,4M,Standard,{},55fe3628-39cd-4bb0-a0df-c832d4b29b2c,e7870739-ca70-409c-9954-ef3d233ab2bc,c97d5d03-6d30-49ef-aa0a-5fc4bbc076a0,14608ebb-a66b-4035-8a1d-89ada7dda3b9,
,,,4M,Standard,{},797f2a18-e225-4257-a73e-2b26f00a96fb,eb514896-2a58-4710-9e1e-d55e2761915d,12aa5a07-7fa8-49b3-9ded-69dc65d731d0,9b8f7510-ce8d-49b6-9e32-1cc78306f688,
,,,4M,Standard,{},ba86dce5-1a58-4504-91d9-1d253d3015e4,aa068652-614e-4e59-ad28-3cfaa286b36e,12aa5a07-7fa8-49b3-9ded-69dc65d731d0,9b8f7510-ce8d-49b6-9e32-1cc78306f688,
,,,4M,Standard,{},18c40cec-1277-45bf-ae42-22536672a1cf,04c8604d-d8c6-453a-809c-da36aecf8f79,886d1ad5-c2d1-4c7a-8392-41a7828b162d,14608ebb-a66b-4035-8a1d-89ada7dda3b9,
,,,4M,Standard,{},54f3a269-f50e-447c-a3e6-5450663ef3e9,79832cb1-6994-4e97-83bd-d7c352a3e025,886d1ad5-c2d1-4c7a-8392-41a7828b162d,14608ebb-a66b-4035-8a1d-89ada7dda3b9,
,,,4M,Standard,{},00c1d0ce-7fb9-4d41-9bd4-fd630e153fad,04c8604d-d8c6-453a-809c-da36aecf8f79,886d1ad5-c2d1-4c7a-8392-41a7828b162d,14608ebb-a66b-4035-8a1d-89ada7dda3b9,
,,,4M,Standard,{},6dc662f5-d06e-4d8e-a4ed-564b708536f2,04c8604d-d8c6-453a-809c-da36aecf8f79,0b983acb-6e45-498e-aeeb-fda55db0b649,14608ebb-a66b-4035-8a1d-89ada7dda3b9,
,,,4M,Standard,{},b3345c58-d8f1-4cdf-b704-1690f554dcda,cf73103a-0663-41f6-8690-cc25ea9ad49f,0b983acb-6e45-498e-aeeb-fda55db0b649,9b8f7510-ce8d-49b6-9e32-1cc78306f688,
,,,4M,Standard,{},b5571df7-d316-4315-8c9c-6fdb49956f0f,7b85537c-5f4d-4afd-8403-1336395ad807,0b983acb-6e45-498e-aeeb-fda55db0b649,9b8f7510-ce8d-49b6-9e32-1cc78306f688,
,,,8N,Standard,{},c3ba31b2-7540-485e-ac4c-7ed36447dba7,6910efc8-e36e-4ab4-8f25-61e49655c026,e79f087e-2945-498a-89af-05ee9c75b3d8,4288f371-c790-4678-bbda-5d6b8253dfb2,
,,,8N,Standard,{},811ff873-4ee3-4312-acb6-ca18b98f1244,6910efc8-e36e-4ab4-8f25-61e49655c026,e79f087e-2945-498a-89af-05ee9c75b3d8,4288f371-c790-4678-bbda-5d6b8253dfb2,
,,,8N,Standard,{},f18d66cf-a2bb-4b71-953b-cac8b3ef11f2,6910efc8-e36e-4ab4-8f25-61e49655c026,e79f087e-2945-498a-89af-05ee9c75b3d8,31f1e85e-066e-4eda-9dc3-db626dd3f453,
,,,351,Standard,{},b57c8164-d44c-4638-bd34-e327b8aa5a21,eebeceb5-8eea-4e6b-a1f2-3d2c31cda51e,e60eea17-a974-4d35-8f1b-665fe4c4b941,d59cf423-e52d-49e4-abb0-a7e50e49c217,
,,,351,Standard,{},684a3b1e-dcb9-44a9-83f6-2c9dc72b7140,4cc4e6cc-1881-47c6-b741-6f126711c748,e60eea17-a974-4d35-8f1b-665fe4c4b941,d59cf423-e52d-49e4-abb0-a7e50e49c217,
,,,351,Standard,{},0a32c14d-861d-443d-b9c1-0e8d32d853c2,eebeceb5-8eea-4e6b-a1f2-3d2c31cda51e,b06db814-a0b4-4438-8d0b-bdef376bda06,d59cf423-e52d-49e4-abb0-a7e50e49c217,
,,,351,Standard,{},4ec16353-a84a-42da-a74c-81f7c02db2e3,4cc4e6cc-1881-47c6-b741-6f126711c748,b06db814-a0b4-4438-8d0b-bdef376bda06,d59cf423-e52d-49e4-abb0-a7e50e49c217,
,,,351,Standard,{},670fac1d-8490-4bb0-bbe5-253c7c8fdf36,255c593b-5191-41c5-a404-f4de64285ac0,b06db814-a0b4-4438-8d0b-bdef376bda06,e3a42b12-a8ff-44cb-a8ad-b25453de2d92,
,,,351,Standard,{},fcc5de15-9274-48f8-a29b-f13b2fbd8ca9,255c593b-5191-41c5-a404-f4de64285ac0,b06db814-a0b4-4438-8d0b-bdef376bda06,b6bbabcf-a0be-4f9f-800f-cf97be0bf933,
,,,172,Standard,{},1e726b92-46e4-4374-89a8-f2034d6fe434,00b0f660-3c90-4e64-b8f7-34d2053de4a0,63048f62-8bca-44ea-bcd7-5b75d2e76a76,d59cf423-e52d-49e4-abb0-a7e50e49c217,
,,,172,Standard,{},4daae5b4-52da-49ba-8d46-df0748ffbc4a,6bb08c55-386d-4a5f-92a7-f92f06b956c6,63048f62-8bca-44ea-bcd7-5b75d2e76a76,d59cf423-e52d-49e4-abb0-a7e50e49c217,
,,,172,Standard,{},9b3a9b91-386b-46f3-9168-cd89264a1081,199cb007-194c-4547-8528-54bb84b6c07d,d41127ed-7e84-4a01-bebd-776b9384fbbb,d59cf423-e52d-49e4-abb0-a7e50e49c217,
,,,198,Standard,{},00a93a29-f6e2-4f70-a9ec-4b8e1b4a22c9,2d773878-82ca-4056-95c8-f8e7474dbf03,bbcafebb-1331-4159-8a3a-76c736ed31b4,b6bbabcf-a0be-4f9f-800f-cf97be0bf933,
,,,198,Standard,{},131e35f3-1e5c-4dba-880e-ff7dde4cc9f6,0ed239a7-2553-4332-8279-0ce988bcd3a1,bbcafebb-1331-4159-8a3a-76c736ed31b4,be33fb30-d560-441a-b18c-a56d09a8dc6c,
,,,198,Standard,{},3a662b06-cf6c-488c-87df-4dd37d9903de,2d773878-82ca-4056-95c8-f8e7474dbf03,577efa80-6588-4682-bdbb-984c26dd0ca8,88c80ca4-a2b9-4940-a4f5-fd7a257ecbec,
,,,198,Standard,{},d926f650-634f-48d0-9b6c-09dc37c08852,2d773878-82ca-4056-95c8-f8e7474dbf03,577efa80-6588-4682-bdbb-984c26dd0ca8,b6bbabcf-a0be-4f9f-800f-cf97be0bf933,
,,,198,Standard,{},9b16f4b2-dd23-4979-9004-ddd226e68b9e,b01e5c7d-a1bd-4e5d-b0c6-a0d713110f16,577efa80-6588-4682-bdbb-984c26dd0ca8,88c80ca4-a2b9-4940-a4f5-fd7a257ecbec,
,,,198,Standard,{},ae46a43b-ef18-4af8-8b8f-1aa4116d074c,88047211-f6d1-4c2b-8526-6f62c6cde57c,577efa80-6588-4682-bdbb-984c26dd0ca8,88c80ca4-a2b9-4940-a4f5-fd7a257ecbec,
,,,198,Standard,{},e6b44422-64fa-4704-be9e-8d3b20cc09e6,88047211-f6d1-4c2b-8526-6f62c6cde57c,577efa80-6588-4682-bdbb-984c26dd0ca8,b6bbabcf-a0be-4f9f-800f-cf97be0bf933,
,,,323,Standard,{},5d1f332e-3305-4db3-b91d-cb73ae251343,199cb007-194c-4547-8528-54bb84b6c07d,37250ef8-e1e7-449b-8884-ed050f09040b,d59cf423-e52d-49e4-abb0-a7e50e49c217,
,,,323,Standard,{},189e6ba0-659e-4d0b-b214-0c31e17e4e93,2d773878-82ca-4056-95c8-f8e7474dbf03,37250ef8-e1e7-449b-8884-ed050f09040b,e3a42b12-a8ff-44cb-a8ad-b25453de2d92,
,,,323,Standard,{},7f6cdea9-a57a-429c-b3a3-1ae4052eba97,b2d9bb76-4f08-4939-bd97-83204ce51c9f,37250ef8-e1e7-449b-8884-ed050f09040b,e3a42b12-a8ff-44cb-a8ad-b25453de2d92,
,,,323,Standard,{},da17183c-8f4b-449a-8011-dd87d84af6fb,b2d9bb76-4f08-4939-bd97-83204ce51c9f,37250ef8-e1e7-449b-8884-ed050f09040b,b6bbabcf-a0be-4f9f-800f-cf97be0bf933,
,,,323,Standard,{},9f0069dc-0d93-4bd2-a440-46daba189c1a,199cb007-194c-4547-8528-54bb84b6c07d,7482eaac-8192-4de5-93db-52a239f93c6b,d59cf423-e52d-49e4-abb0-a7e50e49c217,
,,,323,Standard,{},f51bd11a-096c-4d78-966d-f3e0547fee87,2d773878-82ca-4056-95c8-f8e7474dbf03,7482eaac-8192-4de5-93db-52a239f93c6b,e3a42b12-a8ff-44cb-a8ad-b25453de2d92,
,,,323,Standard,{},c9e428bc-ab17-4f5e-8aa7-09bc9734dcba,b2d9bb76-4f08-4939-bd97-83204ce51c9f,7482eaac-8192-4de5-93db-52a239f93c6b,e3a42b12-a8ff-44cb-a8ad-b25453de2d92,
,,,323,Standard,{},5a873f33-cbf7-46b1-97ca-3a43f48bb386,b2d9bb76-4f08-4939-bd97-83204ce51c9f,7482eaac-8192-4de5-93db-52a239f93c6b,b6bbabcf-a0be-4f9f-800f-cf97be0bf933,
,,,Panda II (169),Standard,{},78a324bd-5380-4ed9-bfcc-f614afa0be85,032a2604-88ef-43f3-9081-d00abc82f969,117de137-2617-4ac8-89d7-2d3dcfc069da,d59cf423-e52d-49e4-abb0-a7e50e49c217,
,,,Panda II (169),Standard,{},c8f2e544-aef0-467d-ba6a-011130ea462e,00b0f660-3c90-4e64-b8f7-34d2053de4a0,117de137-2617-4ac8-89d7-2d3dcfc069da,d59cf423-e52d-49e4-abb0-a7e50e49c217,
,,,Panda II (169),Standard,{},e2a247fb-5a3e-4dda-bed1-8b2e3707792e,00b0f660-3c90-4e64-b8f7-34d2053de4a0,117de137-2617-4ac8-89d7-2d3dcfc069da,b6bbabcf-a0be-4f9f-800f-cf97be0bf933,
,,,Panda II (169),Standard,{},3f72bbd8-6f92-48bc-89d1-5187914ffac0,00b0f660-3c90-4e64-b8f7-34d2053de4a0,117de137-2617-4ac8-89d7-2d3dcfc069da,d59cf423-e52d-49e4-abb0-a7e50e49c217,
,,,Panda II (169),Standard,{},88be04d5-2564-4444-bc87-4ab0bcbee085,032a2604-88ef-43f3-9081-d00abc82f969,7c251850-a321-4780-945d-6d273891b6d0,d59cf423-e52d-49e4-abb0-a7e50e49c217,
,,,Panda II (169),Standard,{},0ca97d03-8668-4fc0-b847-4920afab026c,00b0f660-3c90-4e64-b8f7-34d2053de4a0,7c251850-a321-4780-945d-6d273891b6d0,d59cf423-e52d-49e4-abb0-a7e50e49c217,
,,,Panda II (169),Standard,{},10db301c-443f-4e19-8a5a-d3f4c08ae659,00b0f660-3c90-4e64-b8f7-34d2053de4a0,7c251850-a321-4780-945d-6d273891b6d0,b6bbabcf-a0be-4f9f-800f-cf97be0bf933,
,,,Panda II (169),Standard,{},3aa2a3e3-28f3-4fbd-9f54-dcdad64fa3aa,29e6455e-2b74-49a5-a926-133bc327497c,7c251850-a321-4780-945d-6d273891b6d0,d59cf423-e52d-49e4-abb0-a7e50e49c217,
,,,Panda II (169),Standard,{},bddc2201-ad7a-4845-903e-485c576e3627,00b0f660-3c90-4e64-b8f7-34d2053de4a0,7c251850-a321-4780-945d-6d273891b6d0,d59cf423-e52d-49e4-abb0-a7e50e49c217,
,,,C214,Standard,{},8d9f9052-3b94-4e6c-bf3e-f4c91a4de562,e54643c1-6dd6-4ca9-961e-ff178ebac869,412c05d6-7cd9-4215-9f31-6411134d0bf5,5b42ac8c-471d-4b8f-99ca-62332f2cfab6,
,,,C214,Standard,{},fdaee7e2-033d-45af-88c0-415e396c98fc,e54643c1-6dd6-4ca9-961e-ff178ebac869,412c05d6-7cd9-4215-9f31-6411134d0bf5,6f351eb1-b488-4087-a32c-b519fa302fcb,
,,,C214,Standard,{},7fc71df9-f351-4462-a308-b53eed8690ee,85facac6-aab0-476e-a979-38e2abb6911e,412c05d6-7cd9-4215-9f31-6411134d0bf5,5b42ac8c-471d-4b8f-99ca-62332f2cfab6,
,,,C214,Standard,{},ce0b1c3d-c30d-48ac-ad45-d1203216e4dd,e54643c1-6dd6-4ca9-961e-ff178ebac869,2bdce370-dbd0-4f36-9e52-d7e0b430001a,5b42ac8c-471d-4b8f-99ca-62332f2cfab6,
,,,C214,Standard,{},a1cae6aa-eec3-4d93-9e17-e11da5a1224f,e54643c1-6dd6-4ca9-961e-ff178ebac869,2bdce370-dbd0-4f36-9e52-d7e0b430001a,6f351eb1-b488-4087-a32c-b519fa302fcb,
,,,C214,Standard,{},0d31ee82-28e9-41c1-878e-9feb5a79884d,85facac6-aab0-476e-a979-38e2abb6911e,2bdce370-dbd0-4f36-9e52-d7e0b430001a,5b42ac8c-471d-4b8f-99ca-62332f2cfab6,
,,,C344,Standard,{},5a9dca34-96d8-4709-88a5-069f4975e821,375df748-52b3-4a58-a655-96b61c4f1ee8,b33d881c-ec88-40be-93dc-a10927abe71d,3c4d0a65-aec4-4ec1-a58f-66ba60f0c52d,
,,,C344,Standard,{},a3502731-3a42-4375-886d-9bb86d9ce0f0,fd94d505-ba75-4ddd-baf0-161a9d87dbfe,b33d881c-ec88-40be-93dc-a10927abe71d,3c4d0a65-aec4-4ec1-a58f-66ba60f0c52d,
,,,B515,Standard,{},80a3558b-dc68-45d1-b632-25a3ca44a582,7d3cc9ea-26a1-46a3-b2a9-4308050c09fe,af12c9b6-f60f-4155-9a92-7561aa584ebf,62150ac8-c9d6-41ea-b0b0-364a14bc27e2,
,,,B515,Standard,{},efaeaccd-6258-4795-9d12-5f7d3475cf38,e93558ab-303d-4119-9fc6-9b489842cb8e,af12c9b6-f60f-4155-9a92-7561aa584ebf,12e2dd6f-c898-47ff-ba7d-07171857fc13,
,,,B515,Standard,{},52962e3e-7656-4a60-a7c1-40f0d5257444,84fc3321-4c8a-419b-a893-51c22698adf5,af12c9b6-f60f-4155-9a92-7561aa584ebf,12e2dd6f-c898-47ff-ba7d-07171857fc13,
,,,CD539,Standard,{},1b822bed-7bd3-4c7c-b388-90faee141718,4e22130a-c8bf-4bdb-b04f-37c7c7e4d717,3f4ad455-2f08-4d7a-b38f-cff6a31469ab,12e2dd6f-c898-47ff-ba7d-07171857fc13,
,,,CD539,Standard,{},96be03b9-443d-49b5-941b-d335c1b40b5d,39e67f5f-5642-4595-b9ed-5e04f091610b,3f4ad455-2f08-4d7a-b38f-cff6a31469ab,12e2dd6f-c898-47ff-ba7d-07171857fc13,
,,,CD539,Standard,{},a8ad04f2-7923-4b8b-afe0-ae35f95dbebe,4e22130a-c8bf-4bdb-b04f-37c7c7e4d717,74d56a4f-9c2e-4110-b1c9-e8204235e4a6,12e2dd6f-c898-47ff-ba7d-07171857fc13,
,,,B479,Standard,{},d1a33090-7480-49a4-a7f8-f93f4f5a93c3,30520d65-5b3c-46ea-a6b8-cda65e8e8e47,3752c9fa-175b-4daf-8c5d-672ec10a933f,a99aa145-1a82-467a-a030-0978b4af7f69,
,,,B479,Standard,{},66f5013b-77dc-4313-a30d-da83bbd9e152,758a592a-bcdc-4bf6-90f8-4783540dce9d,3752c9fa-175b-4daf-8c5d-672ec10a933f,a99aa145-1a82-467a-a030-0978b4af7f69,
,,,C307,Standard,{},d8c454a3-9199-4e91-8d20-df5795721d2d,789e92f6-e5b2-46a1-9829-51d64c7233d1,a469d826-fe01-4b6d-8062-fd79e1c592fb,6f351eb1-b488-4087-a32c-b519fa302fcb,
,,,C307,Standard,{},8b1e78ff-0296-485c-b614-0475ab35b683,e54643c1-6dd6-4ca9-961e-ff178ebac869,a469d826-fe01-4b6d-8062-fd79e1c592fb,5b42ac8c-471d-4b8f-99ca-62332f2cfab6,
,,,C307,Standard,{},1c24e5da-fd12-4afe-9196-6527755d6840,e54643c1-6dd6-4ca9-961e-ff178ebac869,a469d826-fe01-4b6d-8062-fd79e1c592fb,6f351eb1-b488-4087-a32c-b519fa302fcb,
,,,C307,Standard,{},ee168f61-b3f7-4e60-80a5-7a97d0f91c47,375314ee-afb4-491c-81b2-e6c4bb297c8d,a469d826-fe01-4b6d-8062-fd79e1c592fb,5b42ac8c-471d-4b8f-99ca-62332f2cfab6,
,,,C307,Standard,{},c25f467c-27d7-47e0-918e-522a2679d755,12d0cc68-81c1-418e-99b9-b0beb0cf64a5,a469d826-fe01-4b6d-8062-fd79e1c592fb,5b42ac8c-471d-4b8f-99ca-62332f2cfab6,
,,,C307,Standard,{},8d95519c-b6d3-4a44-9223-e9dd02b8c925,85facac6-aab0-476e-a979-38e2abb6911e,a469d826-fe01-4b6d-8062-fd79e1c592fb,5b42ac8c-471d-4b8f-99ca-62332f2cfab6,
,,,C307,Standard,{},0e61171c-e581-4b0d-9b05-577b601ebeb3,85facac6-aab0-476e-a979-38e2abb6911e,a469d826-fe01-4b6d-8062-fd79e1c592fb,4f948df7-06e1-485d-bf4e-812db660f1c3,
,,,C307,Standard,{},7df06790-ca9a-48aa-afb3-b8d67b9056b5,11bffc69-b15f-436a-b0ea-ae08b23a6f7c,febd7822-08bb-44fd-bb6b-ed5d489ffc20,6f351eb1-b488-4087-a32c-b519fa302fcb,
,,,C307,Standard,{},0fcfb6ff-58b9-431e-8fc4-81910174fca5,e54643c1-6dd6-4ca9-961e-ff178ebac869,febd7822-08bb-44fd-bb6b-ed5d489ffc20,5b42ac8c-471d-4b8f-99ca-62332f2cfab6,
,,,C307,Standard,{},6ced38a2-a049-4706-a805-8a0db59e8516,e54643c1-6dd6-4ca9-961e-ff178ebac869,febd7822-08bb-44fd-bb6b-ed5d489ffc20,6f351eb1-b488-4087-a32c-b519fa302fcb,
,,,C307,Standard,{},67c0e344-950d-4ca4-ae31-b7db82967109,375314ee-afb4-491c-81b2-e6c4bb297c8d,febd7822-08bb-44fd-bb6b-ed5d489ffc20,5b42ac8c-471d-4b8f-99ca-62332f2cfab6,
,,,C307,Standard,{},0ee72373-b824-44c4-a769-f945ac259cd0,12d0cc68-81c1-418e-99b9-b0beb0cf64a5,febd7822-08bb-44fd-bb6b-ed5d489ffc20,5b42ac8c-471d-4b8f-99ca-62332f2cfab6,
,,,C307,Standard,{},478936d4-9971-479b-ad26-2c835fa1ea6b,85facac6-aab0-476e-a979-38e2abb6911e,febd7822-08bb-44fd-bb6b-ed5d489ffc20,5b42ac8c-471d-4b8f-99ca-62332f2cfab6,
,,,C307,Standard,{},e31dd008-53a0-48d7-abf9-0eb3325deafc,85facac6-aab0-476e-a979-38e2abb6911e,febd7822-08bb-44fd-bb6b-ed5d489ffc20,4f948df7-06e1-485d-bf4e-812db660f1c3,
,,,C346,Standard,{},b176f9ee-d154-4c84-9768-7a2c1d89e0c1,3d36f2b5-e95e-40ac-a696-5b470e4c94fe,35ddd42c-b33b-4af4-bf5b-d33a38d278a3,5b42ac8c-471d-4b8f-99ca-62332f2cfab6,
,,,C346,Standard,{},7c043e46-ebb3-4f80-abbd-e47268e0e4a8,375df748-52b3-4a58-a655-96b61c4f1ee8,6e3d04e1-aef9-4f34-9cd9-1bb1c195b3c3,3c4d0a65-aec4-4ec1-a58f-66ba60f0c52d,
,,,C346 (European),Standard,{},342c3186-9431-475b-913b-ed6a5b983f3c,fd94d505-ba75-4ddd-baf0-161a9d87dbfe,6e3d04e1-aef9-4f34-9cd9-1bb1c195b3c3,3c4d0a65-aec4-4ec1-a58f-66ba60f0c52d,
,,,C519,Standard,{},6aad16aa-04ce-45c9-8eda-31b546c3398f,3ec6fdcb-b502-4f0c-8ddd-d613d396e4bf,d0e9c971-ffd3-4b50-b3eb-f66e3159dd8e,a99aa145-1a82-467a-a030-0978b4af7f69,
,,,C519,Standard,{},24e7c88d-e738-449f-b06c-244cc0bb269b,25be32cd-00d2-460a-bcd6-499e1c51fe5f,d0e9c971-ffd3-4b50-b3eb-f66e3159dd8e,a99aa145-1a82-467a-a030-0978b4af7f69,
,,,C519,Standard,{},ef8928ba-6cb5-448b-883f-ad447cc6d252,25be32cd-00d2-460a-bcd6-499e1c51fe5f,d0e9c971-ffd3-4b50-b3eb-f66e3159dd8e,c9b14029-d8ea-4773-8450-0928383f327e,
,,,C519,Standard,{},ff962b08-8b99-4900-9d7d-896213481502,08d4a869-dfe7-4882-8b81-36e5855f20e3,d0e9c971-ffd3-4b50-b3eb-f66e3159dd8e,a99aa145-1a82-467a-a030-0978b4af7f69,
,,,C519,Standard,{},e054cbd7-dca9-4611-8fee-fa44a534171a,08d4a869-dfe7-4882-8b81-36e5855f20e3,d0e9c971-ffd3-4b50-b3eb-f66e3159dd8e,62150ac8-c9d6-41ea-b0b0-364a14bc27e2,
,,,C519,Standard,{},d547c94b-e361-48cd-b38f-af9a84744d6c,a62307f6-81bd-4b4a-8515-c7c37463f25f,d0e9c971-ffd3-4b50-b3eb-f66e3159dd8e,8be11f32-e34f-4899-a8c3-a60e4aab4c0a,
,,,C519,Standard,{},c058d17d-4b1f-4634-99d6-2ed55b1a9c32,a62307f6-81bd-4b4a-8515-c7c37463f25f,d0e9c971-ffd3-4b50-b3eb-f66e3159dd8e,c9b14029-d8ea-4773-8450-0928383f327e,
,,,C519,Standard,{},37834e20-d88b-48b0-b3e5-fec9dc7e2abe,27f196fb-b56a-4296-a3b6-0231803f7829,d0e9c971-ffd3-4b50-b3eb-f66e3159dd8e,8be11f32-e34f-4899-a8c3-a60e4aab4c0a,
,,,C519,Standard,{},58ca0b18-261e-456d-820b-49cc486c98f3,27f196fb-b56a-4296-a3b6-0231803f7829,d0e9c971-ffd3-4b50-b3eb-f66e3159dd8e,c9b14029-d8ea-4773-8450-0928383f327e,
,,,C519,Standard,{},4a972abd-4aea-4a25-8b97-c49ec2c62e2f,6dcb62bf-855d-4d9a-ae6e-0ed2286b93b9,d0e9c971-ffd3-4b50-b3eb-f66e3159dd8e,8be11f32-e34f-4899-a8c3-a60e4aab4c0a,
,,,C519,Standard,{},1769f706-3075-44c9-993d-ca2078988d25,80165271-69c1-432f-be64-ac6acfaf9533,d0e9c971-ffd3-4b50-b3eb-f66e3159dd8e,8be11f32-e34f-4899-a8c3-a60e4aab4c0a,
,,,C519,Standard,{},bbb438c3-439a-4804-afeb-3a8f23661671,41900a20-69ec-4f3d-ae8f-862aa452fe0c,d0e9c971-ffd3-4b50-b3eb-f66e3159dd8e,12e2dd6f-c898-47ff-ba7d-07171857fc13,
,,,C519,Standard,{},f3dcdc74-eff6-49a5-aedf-dbf26109b26c,41900a20-69ec-4f3d-ae8f-862aa452fe0c,d0e9c971-ffd3-4b50-b3eb-f66e3159dd8e,0a845c90-520d-45cb-b5eb-254244306ff6,
,,,C519,Standard,{},b97910c6-1129-4b45-acdf-3c1edca5f8f8,cd2cf8c3-71fe-47a0-8da2-31efae765ff7,d0e9c971-ffd3-4b50-b3eb-f66e3159dd8e,a99aa145-1a82-467a-a030-0978b4af7f69,
,,,C519,Standard,{},a01ab2c2-f0b3-4f29-8982-5b51376503b0,c2c549ca-9e5b-45aa-a39a-46b2eba58aa8,d0e9c971-ffd3-4b50-b3eb-f66e3159dd8e,a99aa145-1a82-467a-a030-0978b4af7f69,
,,,C519,Standard,{},4bc91d1a-0ef0-4125-8a8d-1717de5ac41e,7268e60c-9e7f-43d8-9cc4-7c12348120d0,d0e9c971-ffd3-4b50-b3eb-f66e3159dd8e,39c72fbb-c5bf-4275-a6ea-2a6731eff8fc,
,,,C307,Standard,{},edd92192-3089-463d-b6d8-24307571670f,90ee16c0-b18e-45d5-a0a8-d7ff66a1bf37,9a451c99-07e4-4d20-b0ad-8fa3450db149,6eb3e5de-a179-4fea-b7b4-199e13a102cc,
,,,C307,Standard,{},6b3b3128-4f82-4e68-9146-c7f77f37c77c,90ee16c0-b18e-45d5-a0a8-d7ff66a1bf37,e57c06b5-8411-4bce-aa8f-1f91876add34,6eb3e5de-a179-4fea-b7b4-199e13a102cc,
,,,C346,Standard,{},d0283330-e44b-47c8-b955-ed531b949c4a,ec672bb3-ddb8-4d2e-9fef-0f54dfadc6ac,6e3d04e1-aef9-4f34-9cd9-1bb1c195b3c3,12e2dd6f-c898-47ff-ba7d-07171857fc13,
,,,C519,Standard,{},6537c13d-b8f7-4ef0-958e-0397cfa9147a,980073e3-0853-4021-a0ee-29286ed99bfc,2b2369fa-1f41-48e5-ba09-0288b82ac0e1,12e2dd6f-c898-47ff-ba7d-07171857fc13,
,,,C519,Standard,{},68a5c1b0-87fb-4935-8ae8-1d0b81dc91ed,980073e3-0853-4021-a0ee-29286ed99bfc,2b2369fa-1f41-48e5-ba09-0288b82ac0e1,00b4bd8d-58d3-43b2-9b6f-cd3cd10e97cd,
,,,C519,Standard,{},d6e2ede5-65ac-43b1-bc48-ab8d98efe30e,97e9f52b-c396-44c4-9e54-9772a94dc71f,2b2369fa-1f41-48e5-ba09-0288b82ac0e1,12e2dd6f-c898-47ff-ba7d-07171857fc13,
,,,C519,Standard,{},94a36a99-1e86-47a7-99ac-081b01bdf283,980073e3-0853-4021-a0ee-29286ed99bfc,d0e9c971-ffd3-4b50-b3eb-f66e3159dd8e,12e2dd6f-c898-47ff-ba7d-07171857fc13,
,,,C519,Standard,{},bb560b8b-284e-49ba-8251-a70729752b95,980073e3-0853-4021-a0ee-29286ed99bfc,d0e9c971-ffd3-4b50-b3eb-f66e3159dd8e,00b4bd8d-58d3-43b2-9b6f-cd3cd10e97cd,
,,,C170,Standard,{},a91b92dc-298d-4970-920c-b297f88fe965,5f6dcf43-d3e0-4108-8250-8ca3ad60197e,4bf66df6-80cf-4ece-b01e-767b603bf4b5,5b42ac8c-471d-4b8f-99ca-62332f2cfab6,
,,,C346,Standard,{},4a7d4759-28b6-4a52-aea1-23a619808262,503d1858-33a1-4f24-afab-62795ea3955e,cd232807-bb9c-4af5-852b-ba81ec3fd929,12e2dd6f-c898-47ff-ba7d-07171857fc13,
,,,CD340,Standard,{},b681750e-8288-4b66-a31a-3975250b137d,b245ccf6-82fc-4802-ace6-1bbb2f03dc1b,562974e0-a794-4cf4-a10a-13f5cd487f58,5b42ac8c-471d-4b8f-99ca-62332f2cfab6,
,,,CD340,Standard,{},6e36d920-c77b-4d36-9dd5-9847d1e21b46,5d78969a-9046-4bb1-9e89-f3e589a397f0,562974e0-a794-4cf4-a10a-13f5cd487f58,e9fe83ca-0de0-497a-ad75-2b21289d4ddf,
,,,CD340,Standard,{},a12e885e-385c-4ff9-9e07-10442ef5846a,3602e4bc-0098-45cc-b00b-485a7289fa56,562974e0-a794-4cf4-a10a-13f5cd487f58,12e2dd6f-c898-47ff-ba7d-07171857fc13,
,,,CD340,Standard,{},4ef05f14-5ec0-44e4-a1ae-8679d46997ed,c6ab74ee-0ca0-4a37-8480-8121b2fcf4d6,562974e0-a794-4cf4-a10a-13f5cd487f58,12e2dd6f-c898-47ff-ba7d-07171857fc13,
,,,CD340,Standard,{},dee5f291-4c27-429b-8335-bed2ce539dae,c6ab74ee-0ca0-4a37-8480-8121b2fcf4d6,562974e0-a794-4cf4-a10a-13f5cd487f58,e9fe83ca-0de0-497a-ad75-2b21289d4ddf,
,,,CD340,Standard,{},73cf3cea-cb66-4115-b9e5-0ae1f7284fa9,b245ccf6-82fc-4802-ace6-1bbb2f03dc1b,b8a2713a-05d9-4ad3-ae77-1ca23fc9328c,5b42ac8c-471d-4b8f-99ca-62332f2cfab6,
,,,CD340,Standard,{},93e9cd47-13ff-40f0-894d-139801974009,5d78969a-9046-4bb1-9e89-f3e589a397f0,b8a2713a-05d9-4ad3-ae77-1ca23fc9328c,e9fe83ca-0de0-497a-ad75-2b21289d4ddf,
,,,CD340,Standard,{},ed38501f-da46-4199-88e9-df07a0cb9fe7,c6ab74ee-0ca0-4a37-8480-8121b2fcf4d6,b8a2713a-05d9-4ad3-ae77-1ca23fc9328c,12e2dd6f-c898-47ff-ba7d-07171857fc13,
,,,CD340,Standard,{},01f751bd-9ea6-41f3-ba5f-dff318ed6ad8,c6ab74ee-0ca0-4a37-8480-8121b2fcf4d6,b8a2713a-05d9-4ad3-ae77-1ca23fc9328c,e9fe83ca-0de0-497a-ad75-2b21289d4ddf,
,,,CD340,Standard,{},a724d93e-f9d2-421f-b326-8207d434aeb1,7adb82a5-a3df-4f29-b57f-45f155a2e53e,b8a2713a-05d9-4ad3-ae77-1ca23fc9328c,12e2dd6f-c898-47ff-ba7d-07171857fc13,
,,,CD340,Standard,{},e5053883-f21a-472e-a8ca-9141b1f146de,7adb82a5-a3df-4f29-b57f-45f155a2e53e,b8a2713a-05d9-4ad3-ae77-1ca23fc9328c,e9fe83ca-0de0-497a-ad75-2b21289d4ddf,
,,,CD390,Standard,{},ca098b7e-4b0b-4d0b-b854-14f8f4cb827a,ab57262b-0fa0-4536-a1b5-5e4c9d2baffb,d1ec1f61-1df2-4ec5-9f23-593d038e76bc,3c4d0a65-aec4-4ec1-a58f-66ba60f0c52d,
,,,CD390,Standard,{},642c7070-4fb5-4391-bf3c-cfc1ebbd0174,ac22bc01-435e-4098-8651-12f395c646c4,cb7f6bb4-403c-42ec-add6-fed6c5e6eadb,12e2dd6f-c898-47ff-ba7d-07171857fc13,
,,,CD390,Standard,{},9163d8fd-8c5c-4ca4-80ce-9d6250dd7b03,489bc12d-ca74-4c96-b075-7807f6729622,cb7f6bb4-403c-42ec-add6-fed6c5e6eadb,12e2dd6f-c898-47ff-ba7d-07171857fc13,
,,,CD390,Standard,{},8346c36c-609e-464d-83a0-6e30ecce7056,489bc12d-ca74-4c96-b075-7807f6729622,cb7f6bb4-403c-42ec-add6-fed6c5e6eadb,0a845c90-520d-45cb-b5eb-254244306ff6,
,,,CD390,Standard,{},8182ed49-97f2-498d-b816-625a7bd005c9,12c8195b-f420-43e2-bf0b-56d7ef22acc8,cb7f6bb4-403c-42ec-add6-fed6c5e6eadb,12e2dd6f-c898-47ff-ba7d-07171857fc13,
,,,CD390,Standard,{},55ff8c6f-595a-4c39-81ff-ab1a3ffcdc79,12c8195b-f420-43e2-bf0b-56d7ef22acc8,cb7f6bb4-403c-42ec-add6-fed6c5e6eadb,0a845c90-520d-45cb-b5eb-254244306ff6,
,,,CD390,Standard,{},1cbcd0ea-53f1-41e7-b839-d586c63e5b0e,2e68c7e7-1c14-42c0-9697-55a5f17db336,cb7f6bb4-403c-42ec-add6-fed6c5e6eadb,4464d907-6600-4aef-93bf-c7172b8c203b,
,,,CD390,Standard,{},8b581298-aeb5-4241-9524-7e6a6b2f2c13,489bc12d-ca74-4c96-b075-7807f6729622,cb7f6bb4-403c-42ec-add6-fed6c5e6eadb,12e2dd6f-c898-47ff-ba7d-07171857fc13,
,,,CD390,Standard,{},ef354718-8295-4081-afd1-537a31c0bb18,12c8195b-f420-43e2-bf0b-56d7ef22acc8,cb7f6bb4-403c-42ec-add6-fed6c5e6eadb,0a845c90-520d-45cb-b5eb-254244306ff6,
,,,C394,Standard,{},31991fc6-fd7d-4172-8d4f-644a2d4e39c6,e8229acd-f187-42db-ab5e-86684c43ef05,801a79d6-fad3-425f-9f3f-5279c11a44ab,6eb3e5de-a179-4fea-b7b4-199e13a102cc,
,,,C520,Standard,{},d003e712-7e36-4a62-beb7-2771d208dec5,7f6685b1-0568-4cb2-b449-301d59ab3c3b,66f7682b-ba15-45b2-bd09-3345a634e915,12e2dd6f-c898-47ff-ba7d-07171857fc13,
,,,C520,Standard,{},e4dfbc0b-f660-4c5e-89f7-1c75153a7e54,7ddf519b-2ec9-4851-b4a3-59300f397d9b,66f7682b-ba15-45b2-bd09-3345a634e915,3c4d0a65-aec4-4ec1-a58f-66ba60f0c52d,
,,,C520,Standard,{},90172d6f-b34a-4da0-b5c6-a15d30f347b0,7f6685b1-0568-4cb2-b449-301d59ab3c3b,66f7682b-ba15-45b2-bd09-3345a634e915,3c4d0a65-aec4-4ec1-a58f-66ba60f0c52d,
,,,C520,Standard,{},9aadd3f0-d398-4de9-bed5-6e0549e659a2,eb9c4190-204e-4fef-9cff-1ccb76b72a11,66f7682b-ba15-45b2-bd09-3345a634e915,3c4d0a65-aec4-4ec1-a58f-66ba60f0c52d,
,,,C520,Standard,{},0ec95b9e-214e-490c-b97b-3352b1c367b4,7ddf519b-2ec9-4851-b4a3-59300f397d9b,52a2d3c4-3928-4941-9481-57172725b730,3c4d0a65-aec4-4ec1-a58f-66ba60f0c52d,
,,,C520,Standard,{},3acdc8e6-be59-449c-961a-b9800920e95f,f0477f1e-c249-40ad-9f8a-c568911b6ad6,52a2d3c4-3928-4941-9481-57172725b730,3c4d0a65-aec4-4ec1-a58f-66ba60f0c52d,
,,,C520,Standard,{},8a0759d8-58dd-46a9-b9f7-caaaf57e15ef,7568eb0e-ff97-4248-9559-7544e1e6522f,52a2d3c4-3928-4941-9481-57172725b730,3c4d0a65-aec4-4ec1-a58f-66ba60f0c52d,
,,,C520,Standard,{},ec20d1ba-e71f-45e4-a39f-b2016e40c770,19285229-1857-4d40-bab8-1a3ea7aaa2ef,52a2d3c4-3928-4941-9481-57172725b730,3c4d0a65-aec4-4ec1-a58f-66ba60f0c52d,
,,,CX482,Standard,{},15f0a415-74ee-4425-9521-54571364e643,a62307f6-81bd-4b4a-8515-c7c37463f25f,2d2f2b12-3280-4fed-8300-c5a1b6cfdabd,8be11f32-e34f-4899-a8c3-a60e4aab4c0a,
,,,CX482,Standard,{},0ba18ffd-8339-4842-a18d-60c5e21cd9d0,80165271-69c1-432f-be64-ac6acfaf9533,2d2f2b12-3280-4fed-8300-c5a1b6cfdabd,8be11f32-e34f-4899-a8c3-a60e4aab4c0a,
,,,CX482,Standard,{},8d7f69bb-ab6c-4023-b45d-f373a305242f,80165271-69c1-432f-be64-ac6acfaf9533,2d2f2b12-3280-4fed-8300-c5a1b6cfdabd,39c72fbb-c5bf-4275-a6ea-2a6731eff8fc,
,,,CX482,Standard,{},84e4279c-98bc-46f3-9fad-1de93e3fbf71,c2ab2e8d-a9b2-46f1-a58b-099f4e74dfc3,2d2f2b12-3280-4fed-8300-c5a1b6cfdabd,12e2dd6f-c898-47ff-ba7d-07171857fc13,
,,,CX482,Standard,{},1b3818ac-fadc-4edc-9396-0cf6261bb027,a62307f6-81bd-4b4a-8515-c7c37463f25f,f46a2b72-7b9f-488f-9065-af393d2e719a,8be11f32-e34f-4899-a8c3-a60e4aab4c0a,
,,,CX482,Standard,{},f386e5c3-c081-4c1f-99f1-b62065e5fa53,27f196fb-b56a-4296-a3b6-0231803f7829,f46a2b72-7b9f-488f-9065-af393d2e719a,39c72fbb-c5bf-4275-a6ea-2a6731eff8fc,
,,,CD345,Standard,{},b08cde87-8cc3-4bd4-9dba-ba0cfe999a3c,624516bb-b5cb-49bb-8e9b-e215ecec1304,cff95fa7-dd21-459f-b411-95308c90f968,e9fe83ca-0de0-497a-ad75-2b21289d4ddf,
,,,CD345,Standard,{},cfc23926-6a41-41b7-9e49-6f43673bffa3,a1475d65-c178-40bc-be52-2c503984b144,cff95fa7-dd21-459f-b411-95308c90f968,6eb3e5de-a179-4fea-b7b4-199e13a102cc,
,,,CD345,Standard,{},6beb9858-d5b7-4c6c-a353-7c66bde030de,5a44fbd0-b640-49a3-ace4-2f8aaa59c2c2,cff95fa7-dd21-459f-b411-95308c90f968,6eb3e5de-a179-4fea-b7b4-199e13a102cc,
,,,CD345,Standard,{},f6e8d979-1a2c-4eea-a20b-010f94195e0c,5a44fbd0-b640-49a3-ace4-2f8aaa59c2c2,cff95fa7-dd21-459f-b411-95308c90f968,e9fe83ca-0de0-497a-ad75-2b21289d4ddf,
,,,CD345,Standard,{},77b9825b-e8a9-4440-80f9-59e04633da31,1b9429a0-5b0b-46ca-9794-aac62e0ab974,9a02e137-b408-4b0d-a041-7fda30b45168,6eb3e5de-a179-4fea-b7b4-199e13a102cc,
,,,CD345,Standard,{},281f1b7e-5cba-41fc-b34f-09efd6aa75cc,c4279b33-4e42-4146-9cc2-627bb6f33eb7,9a02e137-b408-4b0d-a041-7fda30b45168,12e2dd6f-c898-47ff-ba7d-07171857fc13,
,,,CD345,Standard,{},2e3d0869-fcf5-4b47-9d2e-f2b66a3255e8,e7256171-0a27-4e15-ab33-c40da35bbe09,9a02e137-b408-4b0d-a041-7fda30b45168,12e2dd6f-c898-47ff-ba7d-07171857fc13,
,,,CD345,Standard,{},e8f55271-eb08-4b75-bb51-92da5ceafc3b,624516bb-b5cb-49bb-8e9b-e215ecec1304,9a02e137-b408-4b0d-a041-7fda30b45168,e9fe83ca-0de0-497a-ad75-2b21289d4ddf,
,,,BX726,Standard,{},6987e4c4-b0ff-4fff-b6cd-92dea47939c3,30520d65-5b3c-46ea-a6b8-cda65e8e8e47,c30c3eb7-ac9c-4bf8-8e1f-2761658438ee,a99aa145-1a82-467a-a030-0978b4af7f69,
,,,BX726,Standard,{},0c1e08d3-64b3-49ec-9828-c004616c9884,758a592a-bcdc-4bf6-90f8-4783540dce9d,c30c3eb7-ac9c-4bf8-8e1f-2761658438ee,a99aa145-1a82-467a-a030-0978b4af7f69,
,,,BX726,Standard,{},a05599f1-8fef-43dd-b437-46f1bbc095be,b7503b34-765f-45ee-810b-be82f2de7337,c30c3eb7-ac9c-4bf8-8e1f-2761658438ee,8be11f32-e34f-4899-a8c3-a60e4aab4c0a,
,,,BX726,Standard,{},2e455ed0-91f6-4260-b18d-d34a8e0ecf77,30520d65-5b3c-46ea-a6b8-cda65e8e8e47,46618904-068e-4520-a4c9-304e09e4b53f,a99aa145-1a82-467a-a030-0978b4af7f69,
,,,CD340,Standard,{},387c93da-75d5-4d95-a18a-fd98b9beba7d,b245ccf6-82fc-4802-ace6-1bbb2f03dc1b,34c00b72-39d6-43dc-9854-7f080b0e494b,5b42ac8c-471d-4b8f-99ca-62332f2cfab6,
,,,CD340,Standard,{},e5d879df-c226-4037-bc6f-413e00128845,5d78969a-9046-4bb1-9e89-f3e589a397f0,34c00b72-39d6-43dc-9854-7f080b0e494b,12e2dd6f-c898-47ff-ba7d-07171857fc13,
,,,CD340,Standard,{},97a34f30-2c74-4d34-b848-c423d8f5ef10,5d78969a-9046-4bb1-9e89-f3e589a397f0,34c00b72-39d6-43dc-9854-7f080b0e494b,e9fe83ca-0de0-497a-ad75-2b21289d4ddf,
,,,CD340,Standard,{},5938bb13-1f25-463d-92d4-d5e65959210a,29d5276f-f59c-4abe-a3d6-a08a636b4b41,34c00b72-39d6-43dc-9854-7f080b0e494b,6eb3e5de-a179-4fea-b7b4-199e13a102cc,
,,,CD340,Standard,{},da5c7db4-2024-4ecf-8c13-28de3df367d5,3602e4bc-0098-45cc-b00b-485a7289fa56,34c00b72-39d6-43dc-9854-7f080b0e494b,12e2dd6f-c898-47ff-ba7d-07171857fc13,
,,,CD340,Standard,{},61155747-c1ef-40bb-b0cd-ec45adcf2e9f,b245ccf6-82fc-4802-ace6-1bbb2f03dc1b,8fb0d646-efb4-478a-ba34-5305ac8dbde2,5b42ac8c-471d-4b8f-99ca-62332f2cfab6,
,,,CD340,Standard,{},58df0100-d88c-4ca4-98eb-cd6e22264d5a,fa14d5f5-a6ad-4e87-b409-4e2cc99788cf,8fb0d646-efb4-478a-ba34-5305ac8dbde2,12e2dd6f-c898-47ff-ba7d-07171857fc13,
,,,CD340,Standard,{},aacc22ef-a8fd-412b-a0e0-182c8b86047e,5ae61830-684d-4eb1-b93b-d3ada085a9c9,8fb0d646-efb4-478a-ba34-5305ac8dbde2,12e2dd6f-c898-47ff-ba7d-07171857fc13,
,,,CD340,Standard,{},72d25cd6-50c2-45bc-8121-d8d2b5d4c5ab,5d78969a-9046-4bb1-9e89-f3e589a397f0,8fb0d646-efb4-478a-ba34-5305ac8dbde2,12e2dd6f-c898-47ff-ba7d-07171857fc13,
,,,CD340,Standard,{},99d7edc7-093a-4057-8ca5-cf7b47589563,5d78969a-9046-4bb1-9e89-f3e589a397f0,8fb0d646-efb4-478a-ba34-5305ac8dbde2,e9fe83ca-0de0-497a-ad75-2b21289d4ddf,
,,,CD340,Standard,{},69b6dc05-dd8c-4575-be50-e865eaf6125d,c6ab74ee-0ca0-4a37-8480-8121b2fcf4d6,8fb0d646-efb4-478a-ba34-5305ac8dbde2,12e2dd6f-c898-47ff-ba7d-07171857fc13,
,,,CD340,Standard,{},b250a339-6875-4764-bb48-8148bc0aac0e,c6ab74ee-0ca0-4a37-8480-8121b2fcf4d6,8fb0d646-efb4-478a-ba34-5305ac8dbde2,e9fe83ca-0de0-497a-ad75-2b21289d4ddf,
,,,CD340,Standard,{},e8e93b57-5080-4935-bc78-e00ab4facf02,7adb82a5-a3df-4f29-b57f-45f155a2e53e,8fb0d646-efb4-478a-ba34-5305ac8dbde2,6eb3e5de-a179-4fea-b7b4-199e13a102cc,
,,,CD340,Standard,{},cc6832e9-6dcb-4855-803d-58ac795fbfab,7adb82a5-a3df-4f29-b57f-45f155a2e53e,8fb0d646-efb4-478a-ba34-5305ac8dbde2,e9fe83ca-0de0-497a-ad75-2b21289d4ddf,
,,,CD539,Standard,{},23dc87c9-0393-4b6a-aafc-404f05bbea12,ab57262b-0fa0-4536-a1b5-5e4c9d2baffb,408dc21f-5c42-4da9-a963-9b626a460668,3c4d0a65-aec4-4ec1-a58f-66ba60f0c52d,
,,,CD539,Standard,{},e8d3dce5-aa0a-4291-85d4-7ecd4b15cf34,ac22bc01-435e-4098-8651-12f395c646c4,6a762348-5ea8-4f1d-9e70-5226bb4a471b,12e2dd6f-c898-47ff-ba7d-07171857fc13,
,,,CD539,Standard,{},25cd6f2d-aad4-4db8-bb5a-9acba5abeeb1,489bc12d-ca74-4c96-b075-7807f6729622,6a762348-5ea8-4f1d-9e70-5226bb4a471b,12e2dd6f-c898-47ff-ba7d-07171857fc13,
,,,CD539,Standard,{},c863f4e7-6785-478b-8fa9-1be86346da60,489bc12d-ca74-4c96-b075-7807f6729622,6a762348-5ea8-4f1d-9e70-5226bb4a471b,0a845c90-520d-45cb-b5eb-254244306ff6,
,,,CD539,Standard,{},ac5ca1f7-989a-43c7-993d-c2f31a482e04,12c8195b-f420-43e2-bf0b-56d7ef22acc8,6a762348-5ea8-4f1d-9e70-5226bb4a471b,12e2dd6f-c898-47ff-ba7d-07171857fc13,
,,,CD539,Standard,{},86f40798-1faa-427e-8160-363042c6ac4e,12c8195b-f420-43e2-bf0b-56d7ef22acc8,6a762348-5ea8-4f1d-9e70-5226bb4a471b,0a845c90-520d-45cb-b5eb-254244306ff6,
,,,CD539,Standard,{},2b362765-eecb-4c42-b8a2-2c2ba4148ef5,2e68c7e7-1c14-42c0-9697-55a5f17db336,6a762348-5ea8-4f1d-9e70-5226bb4a471b,4464d907-6600-4aef-93bf-c7172b8c203b,
,,,CD539,Standard,{},59d7235e-d3c5-4bee-8ef9-e5fa8d6e8efe,489bc12d-ca74-4c96-b075-7807f6729622,6a762348-5ea8-4f1d-9e70-5226bb4a471b,12e2dd6f-c898-47ff-ba7d-07171857fc13,
,,,V227,Standard,{},865a5d08-cdfb-4bf3-8464-c92b55854f50,04e12b40-6280-452e-9630-7fefc7f942a9,59eb3b00-0a73-4d7b-ad97-f259bcaa3b18,5b42ac8c-471d-4b8f-99ca-62332f2cfab6,
,,,V227,Standard,{},9c28e7d0-a72d-481f-9432-217046917ac0,04e12b40-6280-452e-9630-7fefc7f942a9,f73ae6c0-e009-4696-945e-a0e5efd8405c,5b42ac8c-471d-4b8f-99ca-62332f2cfab6,
,,,V408,Standard,{},8c9225fa-99a8-41a1-aaa2-a6b95e6ac066,9c4e9e16-8a89-4109-94f3-0867e409f9b7,4c83831d-0877-46a8-a8da-c5f2267e2e4a,8be11f32-e34f-4899-a8c3-a60e4aab4c0a,
,,,V408,Standard,{},d1b87792-0cd6-4fa1-9db4-8d7bef2ed8c2,9c4e9e16-8a89-4109-94f3-0867e409f9b7,4c83831d-0877-46a8-a8da-c5f2267e2e4a,39c72fbb-c5bf-4275-a6ea-2a6731eff8fc,
,,,V408,Standard,{},b28c8cc7-f8a1-4f09-a3ca-ae570a4e4ea3,a54fdb19-4381-4f43-84cb-df14cd55ee1f,4c83831d-0877-46a8-a8da-c5f2267e2e4a,8be11f32-e34f-4899-a8c3-a60e4aab4c0a,
,,,V408,Standard,{},84325df3-8cc1-4d7f-b5f8-032d51784234,a54fdb19-4381-4f43-84cb-df14cd55ee1f,4c83831d-0877-46a8-a8da-c5f2267e2e4a,39c72fbb-c5bf-4275-a6ea-2a6731eff8fc,
,,,FX11,Standard,{},731b78ed-dc28-41a3-bece-e380c8f60f1c,e3cd1d95-6612-4d23-a00a-9c8e03669459,4a80c27e-52bf-4902-8d81-c53a2d7fc9dc,64258aeb-b3a8-45c6-93d6-7c05baf00fb3,
,,,G426,Standard,{},09996972-e399-4d06-8949-4a0426c30be6,e3cd1d95-6612-4d23-a00a-9c8e03669459,9a342afd-e389-4a7e-bb41-69c12c053ead,64258aeb-b3a8-45c6-93d6-7c05baf00fb3,
,,,SX11,Standard,{},bb27d9f6-8b76-466a-b188-43a016804908,e3cd1d95-6612-4d23-a00a-9c8e03669459,46a4c158-fb1c-4411-b5d5-ee8d943d5832,64258aeb-b3a8-45c6-93d6-7c05baf00fb3,
,,,VF11,Standard,{},955bd8d0-dd73-4751-b03c-04e110125f73,e3cd1d95-6612-4d23-a00a-9c8e03669459,ca41afb3-5e1f-4be1-80a2-ad49811fda7e,64258aeb-b3a8-45c6-93d6-7c05baf00fb3,
,,,VX11,Standard,{},d6ceefc1-87f4-42f3-b5f7-865f82f897d6,e3cd1d95-6612-4d23-a00a-9c8e03669459,fb629fe8-8015-4822-a055-77f7c24fd6df,64258aeb-b3a8-45c6-93d6-7c05baf00fb3,
,,,FS11,Standard,{},943f111a-f40c-4306-94c0-3dacb01cc002,e3cd1d95-6612-4d23-a00a-9c8e03669459,af807830-d21e-4738-9c47-9775adfc81fb,64258aeb-b3a8-45c6-93d6-7c05baf00fb3,
,,,UM,Standard,{},58c20c81-941e-43af-a9d8-6806f9ba4019,397d203c-a9d4-492d-9b0d-6ee7a8e65f95,2961d7a3-cc46-4561-b55d-88ed0d641a5e,3799308b-0613-4ebb-8533-93a7f19f4af7,
,,,UM,Standard,{},75e6d89a-aee9-4254-a78d-09f232d3ac93,0850d596-fb91-4f58-a629-3ba419a6f89a,2961d7a3-cc46-4561-b55d-88ed0d641a5e,95afacdd-c33b-49ea-926d-e710191e60c4,
,,,UM,Standard,{},11c2b283-b259-41c8-8021-7401107fbb38,fdd0d22e-3e55-4e46-b4d7-c15f13c6a81b,2961d7a3-cc46-4561-b55d-88ed0d641a5e,e2729896-4cc3-47b1-9034-499af28b2358,
,,,UM,Standard,{},db63c5ed-4d78-4fac-92f1-e544b50ca4fa,397d203c-a9d4-492d-9b0d-6ee7a8e65f95,46f7653a-8b35-4749-b495-965d1e3e509a,3799308b-0613-4ebb-8533-93a7f19f4af7,
,,,UM,Standard,{},3dc99313-ce22-40d9-bfef-ab3ada144c2a,b1e21283-d2ed-49a4-887e-1bb7e92379cc,46f7653a-8b35-4749-b495-965d1e3e509a,ff2c8c3a-ce5c-451e-a079-c853ccd1e1f3,
,,,UM,Standard,{},73040b57-d9c5-4835-bc5d-8efa50bf0bb9,fdd0d22e-3e55-4e46-b4d7-c15f13c6a81b,46f7653a-8b35-4749-b495-965d1e3e509a,c4c4b466-8814-4fec-bb3c-36274da5e1a5,
,,,UM,Standard,{},a0ccbdfc-2c66-489f-ac45-043d55263900,397d203c-a9d4-492d-9b0d-6ee7a8e65f95,2961d7a3-cc46-4561-b55d-88ed0d641a5e,3799308b-0613-4ebb-8533-93a7f19f4af7,
,,,UM,Standard,{},fb04e1e3-26cd-47ee-bdd5-af88bc2c7390,0850d596-fb91-4f58-a629-3ba419a6f89a,2961d7a3-cc46-4561-b55d-88ed0d641a5e,95afacdd-c33b-49ea-926d-e710191e60c4,
,,,UM,Standard,{},b12116fe-b647-4f96-9eb1-89e80f95485b,fdd0d22e-3e55-4e46-b4d7-c15f13c6a81b,2961d7a3-cc46-4561-b55d-88ed0d641a5e,e2729896-4cc3-47b1-9034-499af28b2358,
,,,UM,Standard,{},5f44b68d-ca15-4e76-a15e-60c879f823ef,397d203c-a9d4-492d-9b0d-6ee7a8e65f95,46f7653a-8b35-4749-b495-965d1e3e509a,3799308b-0613-4ebb-8533-93a7f19f4af7,
,,,UM,Standard,{},36fe5a80-890c-4ff5-bb69-c036e8d779b0,b1e21283-d2ed-49a4-887e-1bb7e92379cc,46f7653a-8b35-4749-b495-965d1e3e509a,ff2c8c3a-ce5c-451e-a079-c853ccd1e1f3,
,,,UM,Standard,{},1181b4b7-2142-46df-8da8-b35488dddcb2,fdd0d22e-3e55-4e46-b4d7-c15f13c6a81b,46f7653a-8b35-4749-b495-965d1e3e509a,c4c4b466-8814-4fec-bb3c-36274da5e1a5,
,,,UM,Standard,{},8f5b8ac1-921b-46c7-8f25-2b7080375ca4,397d203c-a9d4-492d-9b0d-6ee7a8e65f95,2961d7a3-cc46-4561-b55d-88ed0d641a5e,3799308b-0613-4ebb-8533-93a7f19f4af7,
,,,UM,Standard,{},a5681566-91bb-4afe-80e5-44cc8d7551d8,0850d596-fb91-4f58-a629-3ba419a6f89a,2961d7a3-cc46-4561-b55d-88ed0d641a5e,95afacdd-c33b-49ea-926d-e710191e60c4,
,,,UM,Standard,{},6c27bc71-8582-4b2a-894f-f092b4bb9cac,fdd0d22e-3e55-4e46-b4d7-c15f13c6a81b,2961d7a3-cc46-4561-b55d-88ed0d641a5e,e2729896-4cc3-47b1-9034-499af28b2358,
,,,UM,Standard,{},74b9fda1-6d38-4e76-bd41-a7272b95d708,397d203c-a9d4-492d-9b0d-6ee7a8e65f95,46f7653a-8b35-4749-b495-965d1e3e509a,3799308b-0613-4ebb-8533-93a7f19f4af7,
,,,UM,Standard,{},809d3e69-d157-4f5d-b636-12bf06afa964,397d203c-a9d4-492d-9b0d-6ee7a8e65f95,46f7653a-8b35-4749-b495-965d1e3e509a,3799308b-0613-4ebb-8533-93a7f19f4af7,
,,,UM,Standard,{},4f8f7043-eb83-4319-b1a9-396621ed0b44,b1e21283-d2ed-49a4-887e-1bb7e92379cc,46f7653a-8b35-4749-b495-965d1e3e509a,ff2c8c3a-ce5c-451e-a079-c853ccd1e1f3,
,,,UM,Standard,{},4fb2b6d1-06df-44be-ad58-f941e31c2a3b,fdd0d22e-3e55-4e46-b4d7-c15f13c6a81b,46f7653a-8b35-4749-b495-965d1e3e509a,c4c4b466-8814-4fec-bb3c-36274da5e1a5,
,,,UM,Standard,{},8b1370fd-1a9e-43ee-a953-9b9842298b3e,397d203c-a9d4-492d-9b0d-6ee7a8e65f95,2961d7a3-cc46-4561-b55d-88ed0d641a5e,3799308b-0613-4ebb-8533-93a7f19f4af7,
,,,UM,Standard,{},d9c012f3-2797-4e3b-9b0f-bf8b1128074f,0850d596-fb91-4f58-a629-3ba419a6f89a,2961d7a3-cc46-4561-b55d-88ed0d641a5e,95afacdd-c33b-49ea-926d-e710191e60c4,
,,,UM,Standard,{},ffe29b2f-2de4-4f1f-9b2b-d886ad56fd1a,fdd0d22e-3e55-4e46-b4d7-c15f13c6a81b,2961d7a3-cc46-4561-b55d-88ed0d641a5e,e2729896-4cc3-47b1-9034-499af28b2358,
,,,UM,Standard,{},29bb0ecf-7e03-4dcf-89e0-cccb826c394a,397d203c-a9d4-492d-9b0d-6ee7a8e65f95,46f7653a-8b35-4749-b495-965d1e3e509a,3799308b-0613-4ebb-8533-93a7f19f4af7,
,,,UM,Standard,{},a02a05d1-d9fb-4aba-ad87-c03a7d787699,397d203c-a9d4-492d-9b0d-6ee7a8e65f95,46f7653a-8b35-4749-b495-965d1e3e509a,3799308b-0613-4ebb-8533-93a7f19f4af7,
,,,UM,Standard,{},e2e8661c-2727-43b5-8fa2-72c8353b8ad9,b1e21283-d2ed-49a4-887e-1bb7e92379cc,46f7653a-8b35-4749-b495-965d1e3e509a,ff2c8c3a-ce5c-451e-a079-c853ccd1e1f3,
,,,UM,Standard,{},58ba056b-28e3-46fa-9f5b-f4c281bdfd84,fdd0d22e-3e55-4e46-b4d7-c15f13c6a81b,46f7653a-8b35-4749-b495-965d1e3e509a,c4c4b466-8814-4fec-bb3c-36274da5e1a5,
,,,UM,Standard,{},8c3328fa-166f-489b-8750-7d52607cc6aa,397d203c-a9d4-492d-9b0d-6ee7a8e65f95,2961d7a3-cc46-4561-b55d-88ed0d641a5e,3799308b-0613-4ebb-8533-93a7f19f4af7,
,,,UM,Standard,{},83f43334-f3d0-4b6c-9f81-9b72f885d667,0850d596-fb91-4f58-a629-3ba419a6f89a,2961d7a3-cc46-4561-b55d-88ed0d641a5e,95afacdd-c33b-49ea-926d-e710191e60c4,
,,,UM,Standard,{},9889c3cb-3317-4989-a733-4df8716e6e46,fdd0d22e-3e55-4e46-b4d7-c15f13c6a81b,2961d7a3-cc46-4561-b55d-88ed0d641a5e,e2729896-4cc3-47b1-9034-499af28b2358,
,,,UM,Standard,{},fb925ddd-382f-4680-9a7c-4d6e345126ca,397d203c-a9d4-492d-9b0d-6ee7a8e65f95,46f7653a-8b35-4749-b495-965d1e3e509a,3799308b-0613-4ebb-8533-93a7f19f4af7,
,,,UM,Standard,{},3f0a0eda-2e3f-4c07-908a-30dc589762bc,b1e21283-d2ed-49a4-887e-1bb7e92379cc,46f7653a-8b35-4749-b495-965d1e3e509a,ff2c8c3a-ce5c-451e-a079-c853ccd1e1f3,
,,,UM,Standard,{},393f4692-6f65-4b29-9847-e3db022f74dd,fdd0d22e-3e55-4e46-b4d7-c15f13c6a81b,46f7653a-8b35-4749-b495-965d1e3e509a,c4c4b466-8814-4fec-bb3c-36274da5e1a5,
,,,UM,Standard,{},2a3ba655-be21-4fc9-bfa5-8e84301f900f,397d203c-a9d4-492d-9b0d-6ee7a8e65f95,2961d7a3-cc46-4561-b55d-88ed0d641a5e,3799308b-0613-4ebb-8533-93a7f19f4af7,
,,,UM,Standard,{},4c0b2a4f-b3ab-4d52-95b9-5df8f0789079,0850d596-fb91-4f58-a629-3ba419a6f89a,2961d7a3-cc46-4561-b55d-88ed0d641a5e,95afacdd-c33b-49ea-926d-e710191e60c4,
,,,UM,Standard,{},cdef0067-eb96-4fc0-83d4-b53dbff84bef,fdd0d22e-3e55-4e46-b4d7-c15f13c6a81b,2961d7a3-cc46-4561-b55d-88ed0d641a5e,e2729896-4cc3-47b1-9034-499af28b2358,
,,,UM,Standard,{},1a9c443e-b046-4090-9706-b46b52d32158,397d203c-a9d4-492d-9b0d-6ee7a8e65f95,46f7653a-8b35-4749-b495-965d1e3e509a,3799308b-0613-4ebb-8533-93a7f19f4af7,
,,,UM,Standard,{},b609af77-385a-4a79-bbce-9175562193d8,397d203c-a9d4-492d-9b0d-6ee7a8e65f95,46f7653a-8b35-4749-b495-965d1e3e509a,3799308b-0613-4ebb-8533-93a7f19f4af7,
,,,UM,Standard,{},71dfb9b9-eddf-4b79-86d7-f343109fb681,b1e21283-d2ed-49a4-887e-1bb7e92379cc,46f7653a-8b35-4749-b495-965d1e3e509a,ff2c8c3a-ce5c-451e-a079-c853ccd1e1f3,
,,,UM,Standard,{},71b00840-84a0-416f-8e5d-36cd09c63a36,fdd0d22e-3e55-4e46-b4d7-c15f13c6a81b,46f7653a-8b35-4749-b495-965d1e3e509a,c4c4b466-8814-4fec-bb3c-36274da5e1a5,
,,,UM,Standard,{},ff5c3e7e-8ac7-404f-9c3e-18ba6229050c,397d203c-a9d4-492d-9b0d-6ee7a8e65f95,2961d7a3-cc46-4561-b55d-88ed0d641a5e,3799308b-0613-4ebb-8533-93a7f19f4af7,
,,,UM,Standard,{},37141f6e-97ed-4a97-b02e-a365a183fa2b,0850d596-fb91-4f58-a629-3ba419a6f89a,2961d7a3-cc46-4561-b55d-88ed0d641a5e,95afacdd-c33b-49ea-926d-e710191e60c4,
,,,UM,Standard,{},e4c310d7-a879-485b-b1b8-3170a148e12d,fdd0d22e-3e55-4e46-b4d7-c15f13c6a81b,2961d7a3-cc46-4561-b55d-88ed0d641a5e,e2729896-4cc3-47b1-9034-499af28b2358,
,,,UM,Standard,{},96be1698-d9fb-49b9-894d-af63c2503478,397d203c-a9d4-492d-9b0d-6ee7a8e65f95,46f7653a-8b35-4749-b495-965d1e3e509a,3799308b-0613-4ebb-8533-93a7f19f4af7,
,,,UM,Standard,{},cfc98fec-5881-41a7-a792-fd59e1f158d3,b1e21283-d2ed-49a4-887e-1bb7e92379cc,46f7653a-8b35-4749-b495-965d1e3e509a,ff2c8c3a-ce5c-451e-a079-c853ccd1e1f3,
,,,UM,Standard,{},254ef0fd-007e-4fca-a895-f37be1ad50ee,fdd0d22e-3e55-4e46-b4d7-c15f13c6a81b,46f7653a-8b35-4749-b495-965d1e3e509a,c4c4b466-8814-4fec-bb3c-36274da5e1a5,
,,,UM,Standard,{},2f52f519-995d-4ef6-a5da-6cc0b6c1c1c1,397d203c-a9d4-492d-9b0d-6ee7a8e65f95,2961d7a3-cc46-4561-b55d-88ed0d641a5e,3799308b-0613-4ebb-8533-93a7f19f4af7,
,,,UM,Standard,{},0cbb6ae7-963a-4879-ac3b-5f3242ffd79e,0850d596-fb91-4f58-a629-3ba419a6f89a,2961d7a3-cc46-4561-b55d-88ed0d641a5e,95afacdd-c33b-49ea-926d-e710191e60c4,
,,,UM,Standard,{},894d36b6-dd52-4c34-ba4e-97038e3c1edc,fdd0d22e-3e55-4e46-b4d7-c15f13c6a81b,2961d7a3-cc46-4561-b55d-88ed0d641a5e,e2729896-4cc3-47b1-9034-499af28b2358,
,,,UM,Standard,{},c33f0666-bfec-4cf1-85ff-c89a802a26f1,397d203c-a9d4-492d-9b0d-6ee7a8e65f95,46f7653a-8b35-4749-b495-965d1e3e509a,3799308b-0613-4ebb-8533-93a7f19f4af7,
,,,UM,Standard,{},bd6f65e7-03cc-49e1-80ab-64c63e0147be,397d203c-a9d4-492d-9b0d-6ee7a8e65f95,46f7653a-8b35-4749-b495-965d1e3e509a,3799308b-0613-4ebb-8533-93a7f19f4af7,
,,,UM,Standard,{},5ce7e738-ff7a-49cf-a674-3cd63f84529b,b1e21283-d2ed-49a4-887e-1bb7e92379cc,46f7653a-8b35-4749-b495-965d1e3e509a,ff2c8c3a-ce5c-451e-a079-c853ccd1e1f3,
,,,UM,Standard,{},bbaa92dd-d6df-4d1d-a271-a1c351cfff54,fdd0d22e-3e55-4e46-b4d7-c15f13c6a81b,46f7653a-8b35-4749-b495-965d1e3e509a,c4c4b466-8814-4fec-bb3c-36274da5e1a5,
,,,UM,Standard,{},a4f40015-141b-4ce5-9b6b-aba0a4fecd25,397d203c-a9d4-492d-9b0d-6ee7a8e65f95,2961d7a3-cc46-4561-b55d-88ed0d641a5e,3799308b-0613-4ebb-8533-93a7f19f4af7,
,,,UM,Standard,{},c8ee6a23-cfdd-410b-acf3-d3171d89df75,0850d596-fb91-4f58-a629-3ba419a6f89a,2961d7a3-cc46-4561-b55d-88ed0d641a5e,95afacdd-c33b-49ea-926d-e710191e60c4,
,,,UM,Standard,{},7417b610-c365-4409-9abc-e8f9d6342ac1,fdd0d22e-3e55-4e46-b4d7-c15f13c6a81b,2961d7a3-cc46-4561-b55d-88ed0d641a5e,e2729896-4cc3-47b1-9034-499af28b2358,
,,,UM,Standard,{},5d975e25-7baf-4455-879a-25e215e3b2e4,397d203c-a9d4-492d-9b0d-6ee7a8e65f95,46f7653a-8b35-4749-b495-965d1e3e509a,3799308b-0613-4ebb-8533-93a7f19f4af7,
,,,UM,Standard,{},c9e835d7-1251-41cc-b532-059b6da68a10,b1e21283-d2ed-49a4-887e-1bb7e92379cc,46f7653a-8b35-4749-b495-965d1e3e509a,ff2c8c3a-ce5c-451e-a079-c853ccd1e1f3,
,,,UM,Standard,{},5002e9de-6377-4be5-b3bd-8627904b34d9,fdd0d22e-3e55-4e46-b4d7-c15f13c6a81b,46f7653a-8b35-4749-b495-965d1e3e509a,c4c4b466-8814-4fec-bb3c-36274da5e1a5,
,,,UM,Standard,{},cc853938-bb74-41ee-8582-712e9ccda4a9,397d203c-a9d4-492d-9b0d-6ee7a8e65f95,2961d7a3-cc46-4561-b55d-88ed0d641a5e,3799308b-0613-4ebb-8533-93a7f19f4af7,
,,,UM,Standard,{},f49d01c9-34f1-4544-844e-08b21e0a86f4,0850d596-fb91-4f58-a629-3ba419a6f89a,2961d7a3-cc46-4561-b55d-88ed0d641a5e,95afacdd-c33b-49ea-926d-e710191e60c4,
,,,UM,Standard,{},f1db8cb5-812d-4ef3-8c3c-a87f4201f3dd,fdd0d22e-3e55-4e46-b4d7-c15f13c6a81b,2961d7a3-cc46-4561-b55d-88ed0d641a5e,e2729896-4cc3-47b1-9034-499af28b2358,
,,,UM,Standard,{},babaf147-fc49-4c6c-89f1-74c0a8283c0a,397d203c-a9d4-492d-9b0d-6ee7a8e65f95,46f7653a-8b35-4749-b495-965d1e3e509a,3799308b-0613-4ebb-8533-93a7f19f4af7,
,,,UM,Standard,{},27262898-07f8-4424-870a-2526cbbcdd95,b1e21283-d2ed-49a4-887e-1bb7e92379cc,46f7653a-8b35-4749-b495-965d1e3e509a,ff2c8c3a-ce5c-451e-a079-c853ccd1e1f3,
,,,UM,Standard,{},3931fb26-d986-4ce8-a326-0cb620b2653a,fdd0d22e-3e55-4e46-b4d7-c15f13c6a81b,46f7653a-8b35-4749-b495-965d1e3e509a,c4c4b466-8814-4fec-bb3c-36274da5e1a5,
,,,UM,Standard,{},290cdcb8-7128-4ebf-b1fd-87a825637fae,397d203c-a9d4-492d-9b0d-6ee7a8e65f95,2961d7a3-cc46-4561-b55d-88ed0d641a5e,3799308b-0613-4ebb-8533-93a7f19f4af7,
,,,UM,Standard,{},e264bc58-66ff-403c-8ef6-7ccde6aa15be,0850d596-fb91-4f58-a629-3ba419a6f89a,2961d7a3-cc46-4561-b55d-88ed0d641a5e,95afacdd-c33b-49ea-926d-e710191e60c4,
,,,UM,Standard,{},45382494-bd58-40b4-895a-93f98056a4ec,fdd0d22e-3e55-4e46-b4d7-c15f13c6a81b,2961d7a3-cc46-4561-b55d-88ed0d641a5e,e2729896-4cc3-47b1-9034-499af28b2358,
,,,UM,Standard,{},7011dcc6-cf68-4cd5-ae1b-df3e9ee89ecc,397d203c-a9d4-492d-9b0d-6ee7a8e65f95,46f7653a-8b35-4749-b495-965d1e3e509a,3799308b-0613-4ebb-8533-93a7f19f4af7,
,,,UM,Standard,{},06993c9d-094e-48f3-8678-3b911a550141,397d203c-a9d4-492d-9b0d-6ee7a8e65f95,46f7653a-8b35-4749-b495-965d1e3e509a,3799308b-0613-4ebb-8533-93a7f19f4af7,
,,,UM,Standard,{},90b00717-4f05-465b-901a-96b7aa94fc72,b1e21283-d2ed-49a4-887e-1bb7e92379cc,46f7653a-8b35-4749-b495-965d1e3e509a,ff2c8c3a-ce5c-451e-a079-c853ccd1e1f3,
,,,UM,Standard,{},49e7a653-36e1-4dc9-9cb8-9b99f07345ed,fdd0d22e-3e55-4e46-b4d7-c15f13c6a81b,46f7653a-8b35-4749-b495-965d1e3e509a,c4c4b466-8814-4fec-bb3c-36274da5e1a5,
,,,UM,Standard,{},abbc4647-a8f0-4098-8b0c-7f0c17e5a16a,397d203c-a9d4-492d-9b0d-6ee7a8e65f95,2961d7a3-cc46-4561-b55d-88ed0d641a5e,3799308b-0613-4ebb-8533-93a7f19f4af7,
,,,UM,Standard,{},5cb057fb-d3e7-4722-b040-dbb08b641864,0850d596-fb91-4f58-a629-3ba419a6f89a,2961d7a3-cc46-4561-b55d-88ed0d641a5e,95afacdd-c33b-49ea-926d-e710191e60c4,
,,,UM,Standard,{},655a0579-eda3-4d34-bd1b-0e0bc79784df,fdd0d22e-3e55-4e46-b4d7-c15f13c6a81b,2961d7a3-cc46-4561-b55d-88ed0d641a5e,e2729896-4cc3-47b1-9034-499af28b2358,
,,,UM,Standard,{},3b115eda-0628-41ac-8e03-8fb3700ef492,397d203c-a9d4-492d-9b0d-6ee7a8e65f95,46f7653a-8b35-4749-b495-965d1e3e509a,3799308b-0613-4ebb-8533-93a7f19f4af7,
,,,UM,Standard,{},760a0c7d-22c9-454b-8c6e-32ddcb70807b,b1e21283-d2ed-49a4-887e-1bb7e92379cc,46f7653a-8b35-4749-b495-965d1e3e509a,ff2c8c3a-ce5c-451e-a079-c853ccd1e1f3,
,,,UM,Standard,{},fd5114e3-ecae-49d3-b8c2-dfb0c9c94b5d,fdd0d22e-3e55-4e46-b4d7-c15f13c6a81b,46f7653a-8b35-4749-b495-965d1e3e509a,c4c4b466-8814-4fec-bb3c-36274da5e1a5,
,,,UM,Standard,{},bcd6257b-6741-4622-8299-106b7869967f,397d203c-a9d4-492d-9b0d-6ee7a8e65f95,2961d7a3-cc46-4561-b55d-88ed0d641a5e,3799308b-0613-4ebb-8533-93a7f19f4af7,
,,,UM,Standard,{},3fb3df62-3687-4a12-92b0-49f61e98ead0,0850d596-fb91-4f58-a629-3ba419a6f89a,2961d7a3-cc46-4561-b55d-88ed0d641a5e,95afacdd-c33b-49ea-926d-e710191e60c4,
,,,UM,Standard,{},357a5013-f99c-4090-b29a-d77d7aec0d85,fdd0d22e-3e55-4e46-b4d7-c15f13c6a81b,2961d7a3-cc46-4561-b55d-88ed0d641a5e,e2729896-4cc3-47b1-9034-499af28b2358,
,,,UM,Standard,{},a31160a0-d6e7-4edc-be44-6f7d822ed75c,397d203c-a9d4-492d-9b0d-6ee7a8e65f95,46f7653a-8b35-4749-b495-965d1e3e509a,3799308b-0613-4ebb-8533-93a7f19f4af7,
,,,UM,Standard,{},c9d18c74-5582-4173-bc6a-f362e98eed9e,b1e21283-d2ed-49a4-887e-1bb7e92379cc,46f7653a-8b35-4749-b495-965d1e3e509a,ff2c8c3a-ce5c-451e-a079-c853ccd1e1f3,
,,,UM,Standard,{},180a43de-f20b-4454-99b4-ad3f656d434e,fdd0d22e-3e55-4e46-b4d7-c15f13c6a81b,46f7653a-8b35-4749-b495-965d1e3e509a,c4c4b466-8814-4fec-bb3c-36274da5e1a5,
,,,CL,Standard,{},549222f8-61f4-4978-a536-f567c2598f29,64a0dd3c-e5c6-474a-bd77-a408d8b8d34c,91182197-a70e-4f0d-ba2a-0a7d4d373ed9,6beb1472-60ab-4e2b-8c0e-db2869357795,
,,,CL,Standard,{},0703039d-670e-42db-b3b5-d8fb59e3578e,4196e1d3-fd2b-4f18-a415-3dd37b3490a7,91182197-a70e-4f0d-ba2a-0a7d4d373ed9,6beb1472-60ab-4e2b-8c0e-db2869357795,
,,,CL,Standard,{},d1d512d0-cc3c-433d-97d3-cf857202ee9f,64a0dd3c-e5c6-474a-bd77-a408d8b8d34c,6e115720-e956-407e-9b63-9c9ba047cdba,6beb1472-60ab-4e2b-8c0e-db2869357795,
,,,CL,Standard,{},35644262-813d-495a-8f44-6ef9c07ffd61,4196e1d3-fd2b-4f18-a415-3dd37b3490a7,6e115720-e956-407e-9b63-9c9ba047cdba,6beb1472-60ab-4e2b-8c0e-db2869357795,
,,,CV,Standard,{},209d6110-1c3a-4aa2-8f8c-ebc32ee31f3f,7b886516-00fb-4df3-a5d1-ce486807c5bd,bfec2a2f-0e98-4f57-971c-6a34f0b4511f,0e9d7def-b029-4416-b75b-41c756eead8c,
,,,CV,Standard,{},259a7b34-57ac-4b86-a102-51be30191c0f,7b886516-00fb-4df3-a5d1-ce486807c5bd,3306f170-4e9f-4e4c-94d3-53e7a889e287,0e9d7def-b029-4416-b75b-41c756eead8c,
,,,ES,Standard,{},faf13389-72cc-4180-9aff-45a1e9e8bccb,8f9162d2-528c-479a-b597-9974ff5bbdea,65234033-0bd1-44bf-8ae9-063917ce6bb9,33933959-2de5-47f2-b275-58ece264fb46,
,,,ES,Standard,{},f8e5369e-443c-4d43-8b3c-26e16a66beb6,8f9162d2-528c-479a-b597-9974ff5bbdea,65234033-0bd1-44bf-8ae9-063917ce6bb9,27d146f5-0211-4b4d-b133-545453190c67,
,,,ES,Standard,{},185e4e32-819d-4587-af2e-4217c7d07379,56a34992-2411-448f-9a5e-b7f0a9fc83b1,65234033-0bd1-44bf-8ae9-063917ce6bb9,33933959-2de5-47f2-b275-58ece264fb46,
,,,ES,Standard,{},8a537a06-cd33-492e-ae80-845d28c71a62,56a34992-2411-448f-9a5e-b7f0a9fc83b1,65234033-0bd1-44bf-8ae9-063917ce6bb9,27d146f5-0211-4b4d-b133-545453190c67,
,,,ES,Standard,{},f98d3b90-1924-4cab-aa88-2ce6f5dacdc5,8f9162d2-528c-479a-b597-9974ff5bbdea,fc7d66d2-599b-417d-bc6f-609c1ac9cb6b,33933959-2de5-47f2-b275-58ece264fb46,
,,,ES,Standard,{},fa8bca83-d014-447f-8b59-dfa9c1803a17,8f9162d2-528c-479a-b597-9974ff5bbdea,fc7d66d2-599b-417d-bc6f-609c1ac9cb6b,27d146f5-0211-4b4d-b133-545453190c67,
,,,ES,Standard,{},a828686c-3afb-4245-82b7-46ce2598e09e,56a34992-2411-448f-9a5e-b7f0a9fc83b1,fc7d66d2-599b-417d-bc6f-609c1ac9cb6b,33933959-2de5-47f2-b275-58ece264fb46,
,,,ES,Standard,{},ce51b5eb-335a-4578-b7f2-5c76841b7f8d,56a34992-2411-448f-9a5e-b7f0a9fc83b1,fc7d66d2-599b-417d-bc6f-609c1ac9cb6b,27d146f5-0211-4b4d-b133-545453190c67,
,,,FC,Standard,{},db234bce-85b4-4dda-b1cf-02e2a35c9a87,547ef525-6e98-4509-8f0d-e9d43f3e5f15,749db093-8908-4a81-a7e1-b9037b7de8be,ca04667f-56d7-4583-9db5-e782ac76aeeb,
,,,FC,Standard,{},3b2159a6-9b6e-4108-beb2-ad66180d2b08,547ef525-6e98-4509-8f0d-e9d43f3e5f15,fa74c66d-fdc1-4d19-ae06-6805c1a87a9e,ca04667f-56d7-4583-9db5-e782ac76aeeb,
,,,RE,Standard,{},97cd3e7a-821c-4b48-8c94-ee43788cac43,4196e1d3-fd2b-4f18-a415-3dd37b3490a7,4cfd8308-c95e-481c-8c56-25382bccf370,09214afa-b3e9-4de4-ac0e-5f112fbad20a,
,,,RE,Standard,{},ebe7d72c-3777-44be-a18a-69fa3ea5f11f,54fd0ad0-c745-4cad-bf87-0b707f988d07,4cfd8308-c95e-481c-8c56-25382bccf370,09214afa-b3e9-4de4-ac0e-5f112fbad20a,
,,,RE,Standard,{},5b20e60a-393d-4b04-8b32-754185d32995,4196e1d3-fd2b-4f18-a415-3dd37b3490a7,fd0484e8-5896-44f8-a6a6-04c44bd81b8b,09214afa-b3e9-4de4-ac0e-5f112fbad20a,
,,,RE,Standard,{},62c93d96-9fd2-4309-bad1-99511c57b756,54fd0ad0-c745-4cad-bf87-0b707f988d07,fd0484e8-5896-44f8-a6a6-04c44bd81b8b,09214afa-b3e9-4de4-ac0e-5f112fbad20a,
,,,RW,Standard,{},dda315e8-72fe-4442-a95c-d3aa2134ced7,7b886516-00fb-4df3-a5d1-ce486807c5bd,6131c2f0-bba3-41e0-8fbc-9b64645b8bf5,c68102a4-7072-4f01-96d0-12697c074ed1,
,,,RW,Standard,{},9c80c0f6-88ea-41a8-a37e-768c4d31d7ee,7b886516-00fb-4df3-a5d1-ce486807c5bd,72d95d7e-e099-4962-b66d-2d31cb952881,c68102a4-7072-4f01-96d0-12697c074ed1,
,,,GG,Standard,{},a4424d6b-dad1-4047-aeba-fe56b87607df,1e764c6a-3bb7-4d3f-84f6-9341c44e34df,0b07b4fd-68bf-4918-a2a5-137bd3a61d77,891c03df-c570-4ca7-b3e4-f5e979f2d031,
,,,GG,Standard,{},235f25e4-277e-4214-b795-8b9bd2d4b9b2,1e764c6a-3bb7-4d3f-84f6-9341c44e34df,58746ca0-e0fb-4791-9053-48477c3b272a,ece53d95-6bd3-42b8-a165-a651aee87740,
,,,YF4,Standard,{},1e7408d9-d5c4-4a67-aaef-9691cfb9a3ee,400792bc-cf2a-4dfc-82cb-cb8bdd3be256,6668a9b0-00a3-498c-8c11-a9aa4519d7d6,e6d0b69e-df84-498b-9db2-e5a7ab455fd1,
,,,X3,Standard,{},2bee140e-03ac-4235-8a6c-08248a85b27c,5bd417e6-8543-452a-bb6c-b8ab14b0aeac,d92bfbc2-f25a-46c7-974a-9ad6b873c378,99657a9c-039a-4009-894f-cafd6420a1b8,
,,,X3,Standard,{},2c220072-b7a6-48e3-87bb-6ab0baf0b0c0,da686b3e-187a-4582-8e4f-8fef652ef3cb,d92bfbc2-f25a-46c7-974a-9ad6b873c378,99657a9c-039a-4009-894f-cafd6420a1b8,
,,,X3,Standard,{},2c1f7288-395e-464a-bedd-7955cb62f9aa,5bd417e6-8543-452a-bb6c-b8ab14b0aeac,d92bfbc2-f25a-46c7-974a-9ad6b873c378,ad51c26a-51b1-4cec-a9dc-3ca0b4159d53,
,,,X3,Standard,{},d826888c-3f2f-402e-ab33-5e7288828aa9,3f3f6438-6b6e-4542-894b-7be5e3f775cd,d92bfbc2-f25a-46c7-974a-9ad6b873c378,99657a9c-039a-4009-894f-cafd6420a1b8,
,,,X3,Standard,{},760569e7-c54c-4b0f-ace1-195fdf6304e2,3f3f6438-6b6e-4542-894b-7be5e3f775cd,d92bfbc2-f25a-46c7-974a-9ad6b873c378,ad51c26a-51b1-4cec-a9dc-3ca0b4159d53,
,,,X3,Standard,{},e048ce43-39fe-4583-ae64-f32fb9d3416d,64bb9918-9e63-4521-95f7-792d232e8f1d,d92bfbc2-f25a-46c7-974a-9ad6b873c378,99657a9c-039a-4009-894f-cafd6420a1b8,
,,,X3,Standard,{},c889a3af-057f-4e64-8b22-69136d1e0205,64bb9918-9e63-4521-95f7-792d232e8f1d,d92bfbc2-f25a-46c7-974a-9ad6b873c378,ad51c26a-51b1-4cec-a9dc-3ca0b4159d53,
,,,LC,Standard,{},b153dc57-efdf-4ad3-9678-9bbdbbdbdc2a,5bd417e6-8543-452a-bb6c-b8ab14b0aeac,a5cb4e8a-51c0-486f-b4f3-8b995dc3efaf,99657a9c-039a-4009-894f-cafd6420a1b8,
,,,LC,Standard,{},6d23c631-bd0d-48f5-b583-cf5fbd0d679d,3be718b2-0306-4784-996b-0683b85df607,a5cb4e8a-51c0-486f-b4f3-8b995dc3efaf,99657a9c-039a-4009-894f-cafd6420a1b8,
,,,LC,Standard,{},dbc258b3-d25f-4531-b690-406939cd95c1,426b1721-97de-4a79-ad25-637765dad72c,a5cb4e8a-51c0-486f-b4f3-8b995dc3efaf,99657a9c-039a-4009-894f-cafd6420a1b8,
,,,LC,Standard,{},5f8dad14-365a-4e27-b01a-18255df30ddc,426b1721-97de-4a79-ad25-637765dad72c,a5cb4e8a-51c0-486f-b4f3-8b995dc3efaf,f31b33ef-d396-499d-859c-7079e86b6fa7,
,,,LC,Standard,{},4dcb89a1-6840-4f1d-8a51-0d934ac63c3f,5bd417e6-8543-452a-bb6c-b8ab14b0aeac,a5cb4e8a-51c0-486f-b4f3-8b995dc3efaf,99657a9c-039a-4009-894f-cafd6420a1b8,
,,,LC,Standard,{},0a098a3d-98c3-49f5-ac8e-262e6baf7841,5bd417e6-8543-452a-bb6c-b8ab14b0aeac,a5cb4e8a-51c0-486f-b4f3-8b995dc3efaf,f31b33ef-d396-499d-859c-7079e86b6fa7,
,,,LC,Standard,{},23d960b3-d7c3-416b-b0af-cd3d54796008,9d5ec2ce-15b8-4076-a75a-f0f2b11f4d72,a5cb4e8a-51c0-486f-b4f3-8b995dc3efaf,99657a9c-039a-4009-894f-cafd6420a1b8,
,,,LC,Standard,{},82e30498-b077-4497-ba8d-238fe1b567fb,9d5ec2ce-15b8-4076-a75a-f0f2b11f4d72,a5cb4e8a-51c0-486f-b4f3-8b995dc3efaf,f31b33ef-d396-499d-859c-7079e86b6fa7,
,,,LC,Standard,{},ae9585a8-d9db-4049-8849-f77c1131b04b,30211970-f0b9-4f21-a22e-f49bebb13a85,a5cb4e8a-51c0-486f-b4f3-8b995dc3efaf,08a910fa-c4f5-4598-95ad-a07de9f653f0,
,,,MC,Standard,{},5262a5f9-d536-4620-b5d1-ca9a9f9af7f7,7692369e-7b32-4a5a-9c92-3c097117739c,8f3c884b-b43e-4d4c-8bc1-ada86a556f69,bd411c1e-33d2-4b34-8b24-2ad5e1de35a0,
,,,MC,Standard,{},4f7a8cf3-8036-40d0-9006-0e77d4468bcc,7692369e-7b32-4a5a-9c92-3c097117739c,8f3c884b-b43e-4d4c-8bc1-ada86a556f69,f31b33ef-d396-499d-859c-7079e86b6fa7,
,,,MC,Standard,{},dc38963c-f900-498d-b7f2-1bae6187c708,9d5ec2ce-15b8-4076-a75a-f0f2b11f4d72,8f3c884b-b43e-4d4c-8bc1-ada86a556f69,bd411c1e-33d2-4b34-8b24-2ad5e1de35a0,
,,,MC,Standard,{},edd47cc5-c0cf-46ca-88f5-9a25af10edd3,7692369e-7b32-4a5a-9c92-3c097117739c,9e2538b1-0557-4e1d-8e33-b03ab6986e28,bd411c1e-33d2-4b34-8b24-2ad5e1de35a0,
,,,MC,Standard,{},4fbf28d6-215a-4ff1-89f3-d6773689fc44,7692369e-7b32-4a5a-9c92-3c097117739c,9e2538b1-0557-4e1d-8e33-b03ab6986e28,5fa45b3f-40df-4970-88d0-c7f69e3f1c67,
,,,MC,Standard,{},7180095f-b339-40bc-8711-f82da488f961,9d5ec2ce-15b8-4076-a75a-f0f2b11f4d72,9e2538b1-0557-4e1d-8e33-b03ab6986e28,bd411c1e-33d2-4b34-8b24-2ad5e1de35a0,
,,,RB,Standard,{},5dc305d4-f38c-495f-934e-fc29952ae4a5,f7e2bd56-57d5-4ad6-98ae-90c37e18b599,c819fc7b-71dd-47c4-8f6f-bf90d87a98ce,bd411c1e-33d2-4b34-8b24-2ad5e1de35a0,
,,,RB,Standard,{},86a8502c-3f82-49d7-bd07-731249523b47,f7e2bd56-57d5-4ad6-98ae-90c37e18b599,c819fc7b-71dd-47c4-8f6f-bf90d87a98ce,5fa45b3f-40df-4970-88d0-c7f69e3f1c67,
,,,RB,Standard,{},caf28720-c2c5-4c30-9a23-9ba11aaa799c,58537a87-4d91-4e18-9e1c-39f7283d228b,c819fc7b-71dd-47c4-8f6f-bf90d87a98ce,1f075483-8740-4375-bf0b-ff2c41cd8fa6,
,,,RB,Standard,{},7d7186ef-e951-4dd6-84a9-33fffbd3964b,58537a87-4d91-4e18-9e1c-39f7283d228b,c819fc7b-71dd-47c4-8f6f-bf90d87a98ce,a68e50b0-a4ed-4bbd-9d6b-cc66dec651ca,
,,,RB,Standard,{},6b57c537-ab2d-47f6-a446-f3f9c9651e50,7c543176-6d90-49da-889c-0ccba5e2d813,c819fc7b-71dd-47c4-8f6f-bf90d87a98ce,1f075483-8740-4375-bf0b-ff2c41cd8fa6,
,,,RB,Standard,{},c06212de-9ad1-42eb-9b39-8fa918668edb,7c543176-6d90-49da-889c-0ccba5e2d813,c819fc7b-71dd-47c4-8f6f-bf90d87a98ce,a68e50b0-a4ed-4bbd-9d6b-cc66dec651ca,
,,,RB,Standard,{},60454496-2f8c-441f-877c-de9141de4e97,3284c7f1-0f3a-45bb-9d70-3d18f10afbea,c819fc7b-71dd-47c4-8f6f-bf90d87a98ce,b44626e1-271f-49d0-9719-82801e2e9b14,
,,,RB,Standard,{},e06c7059-e004-400b-b8c3-a968e62a96fd,3284c7f1-0f3a-45bb-9d70-3d18f10afbea,c819fc7b-71dd-47c4-8f6f-bf90d87a98ce,9be1faee-58b9-4f79-9be3-844c82317c50,
,,,RB,Standard,{},f7448333-d6ad-4c9b-b701-ce66ff9961b0,9b89eeb5-22d2-40a0-b45b-cf170f7d12e9,c819fc7b-71dd-47c4-8f6f-bf90d87a98ce,da2fab56-8487-4b8c-b830-26176971e95b,
,,,YC,Standard,{},cb7c7b06-b273-476e-899c-322427041ee5,9b89eeb5-22d2-40a0-b45b-cf170f7d12e9,e0905607-9c2f-41c8-9aed-0e2fd4149829,1f075483-8740-4375-bf0b-ff2c41cd8fa6,
,,,YC,Standard,{},b91d9ac9-ed3d-4865-8420-90a36c855d64,9b89eeb5-22d2-40a0-b45b-cf170f7d12e9,e0905607-9c2f-41c8-9aed-0e2fd4149829,a68e50b0-a4ed-4bbd-9d6b-cc66dec651ca,
,,,YC,Standard,{},fc006a42-040d-4620-876a-9a7547cf26f8,a7c5c4ec-20ac-42b7-a7be-99e1648c040f,e0905607-9c2f-41c8-9aed-0e2fd4149829,1f075483-8740-4375-bf0b-ff2c41cd8fa6,
,,,YC,Standard,{},111d6814-f8e3-4977-b146-9a27392972d3,a7c5c4ec-20ac-42b7-a7be-99e1648c040f,e0905607-9c2f-41c8-9aed-0e2fd4149829,a68e50b0-a4ed-4bbd-9d6b-cc66dec651ca,
,,,YC,Standard,{},47d29421-fbc6-4a2b-b4a9-fc574dfe8917,7c543176-6d90-49da-889c-0ccba5e2d813,e0905607-9c2f-41c8-9aed-0e2fd4149829,1f075483-8740-4375-bf0b-ff2c41cd8fa6,
,,,YC,Standard,{},ea3aefab-7239-435a-b59d-b94189a0ea93,7c543176-6d90-49da-889c-0ccba5e2d813,e0905607-9c2f-41c8-9aed-0e2fd4149829,a68e50b0-a4ed-4bbd-9d6b-cc66dec651ca,
,,,YC,Standard,{},80db359d-77fa-4614-b4c1-210b9c83eed0,3c1731c8-f442-49a2-be58-2274c7b7971d,e0905607-9c2f-41c8-9aed-0e2fd4149829,1f075483-8740-4375-bf0b-ff2c41cd8fa6,
,,,BN7,Standard,{},fef595bd-86b7-4f85-948d-deaa06c21bce,b037042c-0477-476c-a77b-0bd8524a5811,b1edaf8c-a533-4cda-8a4d-17228a196f8d,1f075483-8740-4375-bf0b-ff2c41cd8fa6,
,,,BN7,Standard,{},62c77782-516b-4647-908d-5747723abbc8,279c810f-052f-4150-9c5a-4c66b7600f9c,b1edaf8c-a533-4cda-8a4d-17228a196f8d,b44626e1-271f-49d0-9719-82801e2e9b14,
,,,BN7,Standard,{},43924fc2-2a9d-4229-b2c5-6905c67e0c77,279c810f-052f-4150-9c5a-4c66b7600f9c,b1edaf8c-a533-4cda-8a4d-17228a196f8d,8a979483-d2dd-4036-9ae4-22dfb65d1c48,
,,,МХ,Standard,{},687c92d8-36be-4e84-a719-edd7fb76461a,401ce86f-7d0d-413a-99b8-3b3c5a13e2f9,be5d65dd-96e9-48da-91ac-9ac93516167b,9e21db12-038d-4ce0-82b9-dfe028b7f761,
,,,МХ,Standard,{},9623ceee-5cf3-4a18-896f-13748dfad040,da2db75d-60f8-43da-8c1a-f02a107c237b,be5d65dd-96e9-48da-91ac-9ac93516167b,9e21db12-038d-4ce0-82b9-dfe028b7f761,
,,,BC3,Standard,{},89ef54c9-7103-4b52-8e24-198c5ea316f5,a759d988-27ee-443d-9f84-5f7d2cb611c5,ef653737-204c-4734-b824-30b2a0a38b87,1f075483-8740-4375-bf0b-ff2c41cd8fa6,
,,,BC3,Standard,{},062e6bd7-3037-46dd-a9d0-cc662205160c,a759d988-27ee-443d-9f84-5f7d2cb611c5,ef653737-204c-4734-b824-30b2a0a38b87,64d219f6-d3bf-4f73-82a0-ef0404037a77,
,,,BC3,Standard,{},455cb775-34b5-494c-90b6-6726a422b43b,fe70ee11-028a-40ce-8faa-f493a5fa52d6,ef653737-204c-4734-b824-30b2a0a38b87,1f075483-8740-4375-bf0b-ff2c41cd8fa6,
,,,BC3,Standard,{},9297bc46-87b7-41ce-8f58-1aaec78c0b67,fe70ee11-028a-40ce-8faa-f493a5fa52d6,ef653737-204c-4734-b824-30b2a0a38b87,64d219f6-d3bf-4f73-82a0-ef0404037a77,
,,,BC3,Standard,{},4d75ec42-e424-45df-88e4-121a62a79acb,43dcfcab-e655-41a7-ba07-a9810cb92fbf,ef653737-204c-4734-b824-30b2a0a38b87,c65434a2-54b8-4371-9e5b-2765d4f7127c,
,,,BC3,Standard,{},2536864d-9e25-4ff0-b881-97bd9a2abfcc,9b89eeb5-22d2-40a0-b45b-cf170f7d12e9,ef653737-204c-4734-b824-30b2a0a38b87,1f075483-8740-4375-bf0b-ff2c41cd8fa6,
,,,BC3,Standard,{},e88073e6-1b04-4ff8-b904-258199184e04,9b89eeb5-22d2-40a0-b45b-cf170f7d12e9,ef653737-204c-4734-b824-30b2a0a38b87,a68e50b0-a4ed-4bbd-9d6b-cc66dec651ca,
,,,AX1,Standard,{},9ca493cb-26a8-457e-8a57-c95228c9d222,51056d78-da0e-4cde-81d2-d1e629312eca,291385af-74d0-42f1-bc59-32c0e0ca0ed7,6132cf89-a53e-4043-afce-c6739471bdfd,
,,,AX1,Standard,{},8796b014-86a4-44c4-91dc-2362731b7074,e17c1fc2-7365-46af-91a8-d28c2e5fbae6,291385af-74d0-42f1-bc59-32c0e0ca0ed7,6132cf89-a53e-4043-afce-c6739471bdfd,
,,,AX1,Standard,{},4ec8e40a-1060-45d7-bdcc-4c685cc8d840,51056d78-da0e-4cde-81d2-d1e629312eca,fa0f4652-2ed4-4413-8e44-579a624569cb,6132cf89-a53e-4043-afce-c6739471bdfd,
,,,AX1,Standard,{},a81c149e-a9d1-4c59-bac0-597c63129ab9,e17c1fc2-7365-46af-91a8-d28c2e5fbae6,fa0f4652-2ed4-4413-8e44-579a624569cb,6132cf89-a53e-4043-afce-c6739471bdfd,
,,,GS,Standard,{},d3e8b166-5ac1-4b36-9a37-53609251d216,a7c5c4ec-20ac-42b7-a7be-99e1648c040f,6e8e4214-0230-4ccc-a395-d36a6281e78a,1f075483-8740-4375-bf0b-ff2c41cd8fa6,
,,,GS,Standard,{},48e3c890-de31-4b89-a1bb-d9c4c6a73a54,a7c5c4ec-20ac-42b7-a7be-99e1648c040f,6e8e4214-0230-4ccc-a395-d36a6281e78a,a68e50b0-a4ed-4bbd-9d6b-cc66dec651ca,
,,,GS,Standard,{},dc8c3331-5d14-468c-a22b-5b1d85b55e65,e8fb708f-521c-431e-ada3-7c3fa7f42c4b,6e8e4214-0230-4ccc-a395-d36a6281e78a,6a0c3357-ddad-470f-a347-431482ec990a,
,,,GS,Standard,{},d012819a-25ae-41c8-b7c3-bf4a54c3a31c,a7c5c4ec-20ac-42b7-a7be-99e1648c040f,6e8e4214-0230-4ccc-a395-d36a6281e78a,e45850a9-a75c-4acd-ae3f-44113b35f636,
,,,GS,Standard,{},92152165-3f7f-47b5-99be-23d3f9df6079,e8fb708f-521c-431e-ada3-7c3fa7f42c4b,6e8e4214-0230-4ccc-a395-d36a6281e78a,3799308b-0613-4ebb-8533-93a7f19f4af7,
,,,GS,Standard,{},35881d98-a1bc-40a5-981b-7b53e238607e,a7c5c4ec-20ac-42b7-a7be-99e1648c040f,11b57fae-6a05-47d2-978c-2824a30f3598,1f075483-8740-4375-bf0b-ff2c41cd8fa6,
,,,GS,Standard,{},4c09a109-c57e-430e-9ed3-3195998e3904,a7c5c4ec-20ac-42b7-a7be-99e1648c040f,11b57fae-6a05-47d2-978c-2824a30f3598,a68e50b0-a4ed-4bbd-9d6b-cc66dec651ca,
,,,GS,Standard,{},a9ef2b40-bccb-4829-9e3d-a2d19703c8de,e8fb708f-521c-431e-ada3-7c3fa7f42c4b,11b57fae-6a05-47d2-978c-2824a30f3598,6a0c3357-ddad-470f-a347-431482ec990a,
,,,GS,Standard,{},f1df86fb-e641-4cbd-bcf8-e497243f77d4,a7c5c4ec-20ac-42b7-a7be-99e1648c040f,11b57fae-6a05-47d2-978c-2824a30f3598,e45850a9-a75c-4acd-ae3f-44113b35f636,
,,,GS,Standard,{},32cf5636-55e9-4b12-bf2c-0b9add783e0e,e8fb708f-521c-431e-ada3-7c3fa7f42c4b,11b57fae-6a05-47d2-978c-2824a30f3598,3799308b-0613-4ebb-8533-93a7f19f4af7,
,,,SU2,Standard,{},30261bd2-6793-4343-a501-7b47239f34af,a7c5c4ec-20ac-42b7-a7be-99e1648c040f,eb1d11a1-02e7-4e7d-b5b8-21b882a13801,1f075483-8740-4375-bf0b-ff2c41cd8fa6,
,,,SU2,Standard,{},398abc4f-65de-4e06-8164-d6707a47be65,a7c5c4ec-20ac-42b7-a7be-99e1648c040f,eb1d11a1-02e7-4e7d-b5b8-21b882a13801,a68e50b0-a4ed-4bbd-9d6b-cc66dec651ca,
,,,SU2,Standard,{},b2a5ba6a-32f7-4bf7-a7b3-325819f25793,152d2e81-6818-4ca2-a5fb-0c7115d2a9d1,eb1d11a1-02e7-4e7d-b5b8-21b882a13801,6a0c3357-ddad-470f-a347-431482ec990a,
,,,SU2,Standard,{},6f2ffcdb-4f0e-4518-8ed6-22d27b393e93,a7c5c4ec-20ac-42b7-a7be-99e1648c040f,eb1d11a1-02e7-4e7d-b5b8-21b882a13801,e45850a9-a75c-4acd-ae3f-44113b35f636,
,,,SU2,Standard,{},345c5d2c-2532-4082-b165-3f0c2894b3d5,152d2e81-6818-4ca2-a5fb-0c7115d2a9d1,eb1d11a1-02e7-4e7d-b5b8-21b882a13801,3799308b-0613-4ebb-8533-93a7f19f4af7,
,,,SU2,Standard,{},002b6553-6a2a-400b-9f0b-9668ca2662a6,b037042c-0477-476c-a77b-0bd8524a5811,5b1c8efd-2b29-4a28-977f-9afdb5badbd5,1f075483-8740-4375-bf0b-ff2c41cd8fa6,
,,,SU2,Standard,{},6997c6a8-02e7-49cf-a6c4-b972ae3e474c,279c810f-052f-4150-9c5a-4c66b7600f9c,5b1c8efd-2b29-4a28-977f-9afdb5badbd5,e45850a9-a75c-4acd-ae3f-44113b35f636,
,,,SU2,Standard,{},ea200fbb-ca6a-4af7-906f-8bad1e300087,5c20c51e-7446-4370-a0e7-ea45264c360c,5b1c8efd-2b29-4a28-977f-9afdb5badbd5,e45850a9-a75c-4acd-ae3f-44113b35f636,
,,,SU2,Standard,{},0c7cd616-3279-4511-abea-874504325f5a,5c20c51e-7446-4370-a0e7-ea45264c360c,5b1c8efd-2b29-4a28-977f-9afdb5badbd5,3799308b-0613-4ebb-8533-93a7f19f4af7,
,,,RD,Standard,{},de4244ee-5db6-4bd7-94d4-1b50cf159c58,0c2569b2-43c9-4213-bc54-23cf9bc9a539,da7c7023-71dd-43f7-973e-ae024ffd4ef5,d967f6c4-69d3-4249-bdb3-74750de2cd6c,
,,,RD,Standard,{},27245bf8-1739-499f-a61c-24c8ce5e1517,b6796429-9c39-413b-843f-f45a89f753c9,da7c7023-71dd-43f7-973e-ae024ffd4ef5,d967f6c4-69d3-4249-bdb3-74750de2cd6c,
,,,RD,Standard,{},e68abb31-69e9-4c12-a5c7-7591a25507f8,b6796429-9c39-413b-843f-f45a89f753c9,da7c7023-71dd-43f7-973e-ae024ffd4ef5,02092667-45aa-4d1a-8ef9-46312fcf602f,
,,,RD,Standard,{},d26302df-5c7a-43b9-93b3-03314765f1cf,1a26d224-d429-4747-b219-1728fb0f7bbd,da7c7023-71dd-43f7-973e-ae024ffd4ef5,d967f6c4-69d3-4249-bdb3-74750de2cd6c,
,,,RD,Standard,{},336fb686-2f7d-4b52-832c-4c22c0c458ed,1a26d224-d429-4747-b219-1728fb0f7bbd,da7c7023-71dd-43f7-973e-ae024ffd4ef5,2bc5d8a3-8e10-4728-b2ed-e63f93e31db5,
,,,RD,Standard,{},df5345b0-edda-4c73-97b4-df18b4327ff4,0c2569b2-43c9-4213-bc54-23cf9bc9a539,8d61aa1a-b1a1-49e8-8531-1f1884187dc6,d967f6c4-69d3-4249-bdb3-74750de2cd6c,
,,,RD,Standard,{},4c264e00-6747-48c9-ac90-b1e5227d7ca5,1a26d224-d429-4747-b219-1728fb0f7bbd,8d61aa1a-b1a1-49e8-8531-1f1884187dc6,d967f6c4-69d3-4249-bdb3-74750de2cd6c,
,,,RD,Standard,{},fc20265d-924e-4f42-83b8-cadfaea3be43,1a26d224-d429-4747-b219-1728fb0f7bbd,8d61aa1a-b1a1-49e8-8531-1f1884187dc6,d0bfd350-b6f6-4733-848d-21a4298eb8f8,
,,,GK,Standard,{},b0bd0a8d-4d94-4116-84cf-80f449bfb60c,9d5ec2ce-15b8-4076-a75a-f0f2b11f4d72,34d92f1f-8922-48d1-aa6b-270b87cd97f6,08a910fa-c4f5-4598-95ad-a07de9f653f0,
,,,GK,Standard,{},caaf4ce7-7743-405a-9b7e-50bab84c88e9,8de33aee-e394-4566-8519-de34a84cf8a9,34d92f1f-8922-48d1-aa6b-270b87cd97f6,08a910fa-c4f5-4598-95ad-a07de9f653f0,
,,,GK,Standard,{},6d744bf1-7451-4cb1-8475-700228675ce4,413c00c2-7e5a-4624-8c58-155a1c276469,34d92f1f-8922-48d1-aa6b-270b87cd97f6,7d39fd07-2d56-47e6-9c61-47979169c4cb,
,,,GK,Standard,{},b4df14c6-f4b0-4c83-b22d-af21be9bb652,8de33aee-e394-4566-8519-de34a84cf8a9,dd0e4130-3f68-4502-b7c4-daf553977c93,08a910fa-c4f5-4598-95ad-a07de9f653f0,
,,,GK,Standard,{},674d0b0f-06ba-4238-8221-9dcdcecfb523,413c00c2-7e5a-4624-8c58-155a1c276469,dd0e4130-3f68-4502-b7c4-daf553977c93,7d39fd07-2d56-47e6-9c61-47979169c4cb,
,,,RD,Standard,{},cd6a2b9e-ed8d-48e5-a9af-db887a1b3184,0c2569b2-43c9-4213-bc54-23cf9bc9a539,fe9f7f02-45cb-4dc9-8c06-45c895547136,d967f6c4-69d3-4249-bdb3-74750de2cd6c,
,,,XD,Standard,{},c9d32eb8-acf4-4c8f-a8c7-f53c7605beba,9d5ec2ce-15b8-4076-a75a-f0f2b11f4d72,50a5d093-bf03-4f59-955b-601a493e5b19,08a910fa-c4f5-4598-95ad-a07de9f653f0,
,,,XD,Standard,{},d65945e9-79cb-416e-b410-7acc27b0db36,9d5ec2ce-15b8-4076-a75a-f0f2b11f4d72,50a5d093-bf03-4f59-955b-601a493e5b19,f31b33ef-d396-499d-859c-7079e86b6fa7,
,,,XD,Standard,{},14b20b0e-1dc2-4009-8cba-f1e6fac6e24a,18e17172-82a2-4eab-b915-ce19d698fb5e,50a5d093-bf03-4f59-955b-601a493e5b19,08a910fa-c4f5-4598-95ad-a07de9f653f0,
,,,XD,Standard,{},1d045291-99e2-4b16-9def-395ccbee6b08,8de33aee-e394-4566-8519-de34a84cf8a9,50a5d093-bf03-4f59-955b-601a493e5b19,08a910fa-c4f5-4598-95ad-a07de9f653f0,
,,,XD2,Standard,{},b00b4cc0-3f9d-4c76-a668-10f653dfb1d1,9d5ec2ce-15b8-4076-a75a-f0f2b11f4d72,1594c6eb-de2a-42ee-b876-d4b0e17c082f,08a910fa-c4f5-4598-95ad-a07de9f653f0,
,,,XD2,Standard,{},e6e80d1f-673a-4f38-90c3-54c528c94441,9d5ec2ce-15b8-4076-a75a-f0f2b11f4d72,1594c6eb-de2a-42ee-b876-d4b0e17c082f,f31b33ef-d396-499d-859c-7079e86b6fa7,
,,,XD2,Standard,{},fa8d9be6-545a-4752-839d-22663d793643,18e17172-82a2-4eab-b915-ce19d698fb5e,1594c6eb-de2a-42ee-b876-d4b0e17c082f,08a910fa-c4f5-4598-95ad-a07de9f653f0,
,,,XD2,Standard,{},5016ec2b-e5e6-40fc-afee-923bbf7be60d,8de33aee-e394-4566-8519-de34a84cf8a9,1594c6eb-de2a-42ee-b876-d4b0e17c082f,08a910fa-c4f5-4598-95ad-a07de9f653f0,
,,,HD,Standard,{},8aec5090-efc5-48fe-a8d5-07b52f0bd16e,58537a87-4d91-4e18-9e1c-39f7283d228b,e878f434-eb5b-4f9d-bb4a-28a669e6f1c7,bd411c1e-33d2-4b34-8b24-2ad5e1de35a0,
,,,HD,Standard,{},2d292b67-660f-44f7-b74a-67b4eed3de56,58537a87-4d91-4e18-9e1c-39f7283d228b,e878f434-eb5b-4f9d-bb4a-28a669e6f1c7,f31b33ef-d396-499d-859c-7079e86b6fa7,
,,,HD,Standard,{},30623a15-2007-44d5-9553-9a8697ea3cf2,8de33aee-e394-4566-8519-de34a84cf8a9,e878f434-eb5b-4f9d-bb4a-28a669e6f1c7,0d01f605-2a3c-4ab7-b588-b9accad9e2cc,
,,,HD,Standard,{},1ed57831-6627-4932-b5d1-a2bf31081c63,8de33aee-e394-4566-8519-de34a84cf8a9,e878f434-eb5b-4f9d-bb4a-28a669e6f1c7,d0bfd350-b6f6-4733-848d-21a4298eb8f8,
,,,MD,Standard,{},2de61ecb-db56-4164-a11f-19011b49d603,a7c5c4ec-20ac-42b7-a7be-99e1648c040f,84e63154-8c90-4fd3-8921-dbb0f77decc1,1f075483-8740-4375-bf0b-ff2c41cd8fa6,
,,,MD,Standard,{},897ceb99-a013-4554-a6fb-aa8031d45a31,a7c5c4ec-20ac-42b7-a7be-99e1648c040f,84e63154-8c90-4fd3-8921-dbb0f77decc1,a68e50b0-a4ed-4bbd-9d6b-cc66dec651ca,
,,,MD,Standard,{},04ec5619-d590-4fef-96fb-cccc9ef29eee,ac4df9ed-f131-4ce3-acc2-2b718229f4a0,84e63154-8c90-4fd3-8921-dbb0f77decc1,b44626e1-271f-49d0-9719-82801e2e9b14,
,,,MD,Standard,{},905c5547-74e5-4b46-b893-79b1187cb366,ac4df9ed-f131-4ce3-acc2-2b718229f4a0,84e63154-8c90-4fd3-8921-dbb0f77decc1,a68e50b0-a4ed-4bbd-9d6b-cc66dec651ca,
,,,MD,Standard,{},877de258-a712-4c22-88a2-75679cfd0311,a7c5c4ec-20ac-42b7-a7be-99e1648c040f,6d835a47-14b0-4775-973e-971f18c6a5ac,1f075483-8740-4375-bf0b-ff2c41cd8fa6,
,,,MD,Standard,{},8fd06dfb-6512-4d14-a68a-be2186ec7807,a7c5c4ec-20ac-42b7-a7be-99e1648c040f,6d835a47-14b0-4775-973e-971f18c6a5ac,a68e50b0-a4ed-4bbd-9d6b-cc66dec651ca,
,,,MD,Standard,{},890c1d76-dfeb-4335-bf69-67de6381afe8,ac4df9ed-f131-4ce3-acc2-2b718229f4a0,6d835a47-14b0-4775-973e-971f18c6a5ac,a68e50b0-a4ed-4bbd-9d6b-cc66dec651ca,
,,,AD,Standard,{},15cca96e-4443-47dd-ba88-5f76b7b78323,a7c5c4ec-20ac-42b7-a7be-99e1648c040f,495e4ecd-78bc-4331-b036-4cf279a3776b,1f075483-8740-4375-bf0b-ff2c41cd8fa6,
,,,AD,Standard,{},3e15b77d-821b-4c08-9e44-8a67f8e92927,a7c5c4ec-20ac-42b7-a7be-99e1648c040f,495e4ecd-78bc-4331-b036-4cf279a3776b,a68e50b0-a4ed-4bbd-9d6b-cc66dec651ca,
,,,AD,Standard,{},9414cc14-4c5e-4d6f-a49b-88ff487128da,e8fb708f-521c-431e-ada3-7c3fa7f42c4b,495e4ecd-78bc-4331-b036-4cf279a3776b,b44626e1-271f-49d0-9719-82801e2e9b14,
,,,AD,Standard,{},43518436-0e73-49ca-9d92-c6325038f5f0,e8fb708f-521c-431e-ada3-7c3fa7f42c4b,495e4ecd-78bc-4331-b036-4cf279a3776b,6a0c3357-ddad-470f-a347-431482ec990a,
,,,AD,Standard,{},cb3341f4-e902-4091-879f-866913be67f8,a7c5c4ec-20ac-42b7-a7be-99e1648c040f,eea1ff00-cd8a-4b96-8883-063da0b5156b,1f075483-8740-4375-bf0b-ff2c41cd8fa6,
,,,AD,Standard,{},d8d30d19-0038-4b62-a3e5-ff6dd30b508e,a7c5c4ec-20ac-42b7-a7be-99e1648c040f,eea1ff00-cd8a-4b96-8883-063da0b5156b,a68e50b0-a4ed-4bbd-9d6b-cc66dec651ca,
,,,AD,Standard,{},ee49ce67-335c-47fc-8a4c-2e1e899ffd67,e8fb708f-521c-431e-ada3-7c3fa7f42c4b,eea1ff00-cd8a-4b96-8883-063da0b5156b,b44626e1-271f-49d0-9719-82801e2e9b14,
,,,AD,Standard,{},62aa971c-80db-45c3-b70f-4061ab671164,e8fb708f-521c-431e-ada3-7c3fa7f42c4b,eea1ff00-cd8a-4b96-8883-063da0b5156b,6a0c3357-ddad-470f-a347-431482ec990a,
,,,CN7,Standard,{},68476411-5c3e-497e-bd1b-87400c04e474,a7c5c4ec-20ac-42b7-a7be-99e1648c040f,e4701d95-0255-4c60-8868-483a2bcc62e1,a68e50b0-a4ed-4bbd-9d6b-cc66dec651ca,
,,,CN7,Standard,{},a8637e64-2ef4-4a9d-9714-0ebd30e2cca2,152d2e81-6818-4ca2-a5fb-0c7115d2a9d1,e4701d95-0255-4c60-8868-483a2bcc62e1,6a0c3357-ddad-470f-a347-431482ec990a,
,,,CN7,Standard,{},70a4769a-ace1-4e64-9309-f286f170cd89,56bcb995-b630-4332-9624-90d2050c107b,e4701d95-0255-4c60-8868-483a2bcc62e1,8a979483-d2dd-4036-9ae4-22dfb65d1c48,
,,,CN7,Standard,{},744dcf2d-d318-4148-825a-77c2603f4b37,3c1731c8-f442-49a2-be58-2274c7b7971d,e4701d95-0255-4c60-8868-483a2bcc62e1,1f075483-8740-4375-bf0b-ff2c41cd8fa6,
,,,CN7,Standard,{},843e451a-450d-4e90-89aa-76e3684f7d2c,a78ef499-6a85-4766-ac9c-4658d65baa98,e4701d95-0255-4c60-8868-483a2bcc62e1,b44626e1-271f-49d0-9719-82801e2e9b14,
,,,CN7,Standard,{},4474a3d0-0504-4b7e-88ec-ac588a53039a,a78ef499-6a85-4766-ac9c-4658d65baa98,e4701d95-0255-4c60-8868-483a2bcc62e1,8a979483-d2dd-4036-9ae4-22dfb65d1c48,
,,,CN7,Standard,{},374f5166-1f68-4846-a5c4-7279724d94d8,b906b9ab-1597-4e50-80ac-568003de9f27,e4701d95-0255-4c60-8868-483a2bcc62e1,0e9976ec-b4b1-46fc-914a-21c9bcf10c2c,
,,,CN7,Standard,{},a43e5101-a723-49d1-8ff3-8f3850f22a37,56bcb995-b630-4332-9624-90d2050c107b,b6510d6a-d041-44d3-8434-d429bba2c33e,8a979483-d2dd-4036-9ae4-22dfb65d1c48,
,,,CN7,Standard,{},afc6df13-15c5-4ca2-b84b-35d3d2718703,3c1731c8-f442-49a2-be58-2274c7b7971d,b6510d6a-d041-44d3-8434-d429bba2c33e,1f075483-8740-4375-bf0b-ff2c41cd8fa6,
,,,CN7,Standard,{},19a3f603-c344-45b5-95b5-3fec375b8c7a,a78ef499-6a85-4766-ac9c-4658d65baa98,b6510d6a-d041-44d3-8434-d429bba2c33e,b44626e1-271f-49d0-9719-82801e2e9b14,
,,,CN7,Standard,{},ac29a555-0043-403a-989c-645ec054795c,a78ef499-6a85-4766-ac9c-4658d65baa98,b6510d6a-d041-44d3-8434-d429bba2c33e,8a979483-d2dd-4036-9ae4-22dfb65d1c48,
,,,LZ,Standard,{},100d7537-06f0-450a-8039-5fc818d80a6a,c854915b-aba7-42f6-9c16-93e18af0643c,711a0e93-c062-4cac-98eb-07afe9c8e0d4,5259e4cc-4882-41d4-90fe-34bfd80b5e93,
,,,LZ,Standard,{},dbd462eb-c5dc-4ec3-839b-07fdbbe91dbf,7a088558-ad6a-4950-8dd0-4f452580b45f,711a0e93-c062-4cac-98eb-07afe9c8e0d4,5259e4cc-4882-41d4-90fe-34bfd80b5e93,
,,,LZ,Standard,{},46871bec-c83f-4610-a2a1-3f579d509dd9,6471e1eb-f436-4b73-9bfe-4a2850654de4,711a0e93-c062-4cac-98eb-07afe9c8e0d4,5259e4cc-4882-41d4-90fe-34bfd80b5e93,
,,,LZ,Standard,{},5123f103-7d6f-4cf8-bce8-6266dbb48eca,6dadb12c-c4c3-4ec5-bad0-1948d17062da,711a0e93-c062-4cac-98eb-07afe9c8e0d4,5259e4cc-4882-41d4-90fe-34bfd80b5e93,
,,,LZ,Standard,{},f2556616-860e-404b-a74a-97458623415b,58174fe4-8033-4900-bf0d-73a25d003a5a,711a0e93-c062-4cac-98eb-07afe9c8e0d4,5259e4cc-4882-41d4-90fe-34bfd80b5e93,
,,,VI,Standard,{},e3d07217-82df-4bb4-b2aa-181deaf8140f,ba607fb2-e81d-40aa-9c41-a3dedd6a513b,52f78ec9-21f5-417b-a375-3ae86cfd031e,73333b04-8b98-42ee-a14f-9416f24b6dda,
,,,VI,Standard,{},0189ff3d-3617-4511-9610-e33aad5a46d4,3783620f-8a5a-4115-89ce-98c39aa7cd32,52f78ec9-21f5-417b-a375-3ae86cfd031e,ba79403c-a0c1-4545-8b94-12c2d84e1c65,
,,,VI,Standard,{},877d41ca-162b-4daa-bfc1-fe363a93c5b1,56e8878c-a773-433e-b783-0e8d1d291f70,4903dd40-b722-40bb-b444-ed4c971fdf2a,73333b04-8b98-42ee-a14f-9416f24b6dda,
,,,VI,Standard,{},c6b0de6a-7aa2-42a4-bb50-00b3010d7388,b799747e-20a7-428b-a486-f86acb784fd2,4903dd40-b722-40bb-b444-ed4c971fdf2a,ba79403c-a0c1-4545-8b94-12c2d84e1c65,
,,,EP,Standard,{},835a18c1-6f95-4f75-96a5-489722699618,6dadb12c-c4c3-4ec5-bad0-1948d17062da,15d91298-6f78-4084-b712-b28a661df636,5259e4cc-4882-41d4-90fe-34bfd80b5e93,
,,,BH,Standard,{},211872ae-6b26-49c0-aadb-4f9225a5dbdd,534d552f-3af4-402c-b6e0-f2e74944dbe2,54b59977-fae4-4ba3-afc9-35c3efb05e33,73333b04-8b98-42ee-a14f-9416f24b6dda,
,,,BH,Standard,{},3a285d97-816b-455d-80a5-e9f93bc94e65,56e8878c-a773-433e-b783-0e8d1d291f70,54b59977-fae4-4ba3-afc9-35c3efb05e33,73333b04-8b98-42ee-a14f-9416f24b6dda,
,,,BH,Standard,{},2980888c-4a40-47a4-a870-a6cdc18d0db7,b799747e-20a7-428b-a486-f86acb784fd2,54b59977-fae4-4ba3-afc9-35c3efb05e33,ba79403c-a0c1-4545-8b94-12c2d84e1c65,
,,,DH,Standard,{},dea20994-2a6b-4541-9650-d787213457c6,3c7e5984-fd2f-48cc-b96c-d91487783f3b,cb3de01c-9dea-4565-b5f8-754fd463053c,73333b04-8b98-42ee-a14f-9416f24b6dda,
,,,DH,Standard,{},dabdc7fd-9274-4f36-bca4-712e0a998c37,56e8878c-a773-433e-b783-0e8d1d291f70,cb3de01c-9dea-4565-b5f8-754fd463053c,73333b04-8b98-42ee-a14f-9416f24b6dda,
,,,DH,Standard,{},fb744f43-f820-49a7-b249-3f863d38390d,3c7e5984-fd2f-48cc-b96c-d91487783f3b,cb3de01c-9dea-4565-b5f8-754fd463053c,73333b04-8b98-42ee-a14f-9416f24b6dda,
,,,DH,Standard,{},37e93d3d-9e5d-49f0-97bf-54ea14829ea5,56e8878c-a773-433e-b783-0e8d1d291f70,cb3de01c-9dea-4565-b5f8-754fd463053c,73333b04-8b98-42ee-a14f-9416f24b6dda,
,,,DH,Standard,{},31842bbf-e45e-4aaf-a858-d7f6f0a66ac3,3c7e5984-fd2f-48cc-b96c-d91487783f3b,cb3de01c-9dea-4565-b5f8-754fd463053c,73333b04-8b98-42ee-a14f-9416f24b6dda,
,,,DH,Standard,{},0de6f1fb-aff6-491f-85eb-30e4f417ad25,534d552f-3af4-402c-b6e0-f2e74944dbe2,cb3de01c-9dea-4565-b5f8-754fd463053c,ba79403c-a0c1-4545-8b94-12c2d84e1c65,
,,,DH,Standard,{},d924f7e5-8544-441a-bccc-bdb87d5db0d9,56e8878c-a773-433e-b783-0e8d1d291f70,cb3de01c-9dea-4565-b5f8-754fd463053c,73333b04-8b98-42ee-a14f-9416f24b6dda,
,,,DH,Standard,{},ea297351-f710-48e7-89bf-3bdaaf926484,b799747e-20a7-428b-a486-f86acb784fd2,cb3de01c-9dea-4565-b5f8-754fd463053c,ba79403c-a0c1-4545-8b94-12c2d84e1c65,
,,,BK,Standard,{},f62b8939-c55a-4b0e-adcb-5d5d47ce14f9,49fa3b42-e444-48b0-b546-8c1674b42a6c,2e4c2871-efb9-4056-a769-81de2beb8df0,73333b04-8b98-42ee-a14f-9416f24b6dda,
,,,TB,Standard,{},720434f9-219b-4265-b7d6-3f85581f9464,da2db75d-60f8-43da-8c1a-f02a107c237b,ab84b4c5-8d6e-44aa-9e5c-99447277fe33,9e21db12-038d-4ce0-82b9-dfe028b7f761,
,,,TB,Standard,{},19cba673-5d91-49f0-bb29-7ead15337a0a,5bd417e6-8543-452a-bb6c-b8ab14b0aeac,ab84b4c5-8d6e-44aa-9e5c-99447277fe33,99657a9c-039a-4009-894f-cafd6420a1b8,
,,,TB,Standard,{},829d04c8-1ab5-4bfd-9b8c-30f2d73c5403,5bd417e6-8543-452a-bb6c-b8ab14b0aeac,ab84b4c5-8d6e-44aa-9e5c-99447277fe33,f31b33ef-d396-499d-859c-7079e86b6fa7,
,,,TB,Standard,{},8aa90070-4c7a-46fb-935f-2e1f4e9689f3,9d5ec2ce-15b8-4076-a75a-f0f2b11f4d72,ab84b4c5-8d6e-44aa-9e5c-99447277fe33,99657a9c-039a-4009-894f-cafd6420a1b8,
,,,TB,Standard,{},62206ca0-0ffb-4164-a135-b000591d3689,9d5ec2ce-15b8-4076-a75a-f0f2b11f4d72,ab84b4c5-8d6e-44aa-9e5c-99447277fe33,f31b33ef-d396-499d-859c-7079e86b6fa7,
,,,TB,Standard,{},07583c9b-f594-48f5-bec8-571494ddb993,913b3582-2428-4526-8a28-74de9a9e7d10,53bcdd01-6dbe-4476-a092-31ce02807710,c65434a2-54b8-4371-9e5b-2765d4f7127c,
,,,TB,Standard,{},f31179b4-57c3-4f70-a828-51c340b1812c,7692369e-7b32-4a5a-9c92-3c097117739c,53bcdd01-6dbe-4476-a092-31ce02807710,99657a9c-039a-4009-894f-cafd6420a1b8,
,,,TB,Standard,{},f5c23882-23e4-4d46-846e-4733851115f4,7692369e-7b32-4a5a-9c92-3c097117739c,53bcdd01-6dbe-4476-a092-31ce02807710,f31b33ef-d396-499d-859c-7079e86b6fa7,
,,,TB,Standard,{},dab72c75-289d-4e4b-a85d-333dde5a5d34,9d5ec2ce-15b8-4076-a75a-f0f2b11f4d72,53bcdd01-6dbe-4476-a092-31ce02807710,99657a9c-039a-4009-894f-cafd6420a1b8,
,,,TB,Standard,{},66f16417-39b8-4477-a6d1-68c4244b33f1,9d5ec2ce-15b8-4076-a75a-f0f2b11f4d72,53bcdd01-6dbe-4476-a092-31ce02807710,f31b33ef-d396-499d-859c-7079e86b6fa7,
,,,TG,Standard,{},1f319495-9b16-4186-98af-c27b6a3368ce,1e8d4835-608f-4b13-be8d-2371c6aca1d0,70d72475-eef9-4fd3-96c5-c5b045735c47,05ce06d5-aaa3-41c2-a821-0bab0e4b84c7,
,,,TG,Standard,{},770354cf-43ab-42b5-831f-559516db560f,fd6f9862-6afc-4160-b601-f77f48423351,70d72475-eef9-4fd3-96c5-c5b045735c47,05ce06d5-aaa3-41c2-a821-0bab0e4b84c7,
,,,TG,Standard,{},f50cadf3-b667-4bc7-a3d5-63392fc5804e,7a088558-ad6a-4950-8dd0-4f452580b45f,70d72475-eef9-4fd3-96c5-c5b045735c47,5259e4cc-4882-41d4-90fe-34bfd80b5e93,
,,,TG,Standard,{},b90416b6-6348-4b21-9683-8b7399e4a101,6dadb12c-c4c3-4ec5-bad0-1948d17062da,70d72475-eef9-4fd3-96c5-c5b045735c47,5259e4cc-4882-41d4-90fe-34bfd80b5e93,
,,,TG,Standard,{},a01f8e2e-c0b4-4ec2-9198-9a551cd29357,70f3b13c-9c47-43ab-8c53-b2ef73817111,70d72475-eef9-4fd3-96c5-c5b045735c47,5259e4cc-4882-41d4-90fe-34bfd80b5e93,
,,,TG,Standard,{},9c65eb46-b42b-469a-8498-7b79a1f20a9c,15370ac0-99c4-485c-aba2-210cc90d1148,a80840eb-058b-4d48-b453-9a62fa088807,6a0c3357-ddad-470f-a347-431482ec990a,
,,,TG,Standard,{},943fb458-f500-44a4-b36c-e98e56aa384b,fd6f9862-6afc-4160-b601-f77f48423351,a80840eb-058b-4d48-b453-9a62fa088807,3799308b-0613-4ebb-8533-93a7f19f4af7,
,,,TG,Standard,{},68770bac-4c2e-45d2-9267-904aa28806d0,7a088558-ad6a-4950-8dd0-4f452580b45f,a80840eb-058b-4d48-b453-9a62fa088807,95afacdd-c33b-49ea-926d-e710191e60c4,
,,,TG,Standard,{},5dadc55e-c68a-4188-a8e0-b3e57e82fe2d,6dadb12c-c4c3-4ec5-bad0-1948d17062da,a80840eb-058b-4d48-b453-9a62fa088807,dc56b0e5-a85e-4d21-8f29-5448ec5ba764,
,,,TG,Standard,{},2ffdcb3c-eb9b-495b-8b7e-3370fd8307ab,70f3b13c-9c47-43ab-8c53-b2ef73817111,a80840eb-058b-4d48-b453-9a62fa088807,dc56b0e5-a85e-4d21-8f29-5448ec5ba764,
,,,HG,Standard,{},f0ebffbc-473a-4a85-9dca-28b67abe29f6,15370ac0-99c4-485c-aba2-210cc90d1148,e9914460-1e1b-4783-9ec9-4bd14ee1457d,6a0c3357-ddad-470f-a347-431482ec990a,
,,,HG,Standard,{},707484c9-4672-4559-9f41-c636f35b3c53,f7a1bdc2-c847-4e89-930b-b02bdedd476f,e9914460-1e1b-4783-9ec9-4bd14ee1457d,3799308b-0613-4ebb-8533-93a7f19f4af7,
,,,HG,Standard,{},7845bf47-6abb-4621-a829-0c317be1ab3c,d7086e84-ff3a-4283-a97f-bd68e022aaea,e9914460-1e1b-4783-9ec9-4bd14ee1457d,95afacdd-c33b-49ea-926d-e710191e60c4,
,,,HG,Standard,{},5bff2e89-723f-4ba8-976a-ccd0a4f77aec,3c7e5984-fd2f-48cc-b96c-d91487783f3b,e9914460-1e1b-4783-9ec9-4bd14ee1457d,95afacdd-c33b-49ea-926d-e710191e60c4,
,,,HG,Standard,{},293395e6-ad0d-4c4d-91c2-93fffccc59ab,534d552f-3af4-402c-b6e0-f2e74944dbe2,e9914460-1e1b-4783-9ec9-4bd14ee1457d,dc56b0e5-a85e-4d21-8f29-5448ec5ba764,
,,,HG,Standard,{},1200dacf-6147-424d-a2a5-26f4b91e969f,df77471e-608e-4234-975c-950be5faa026,e9914460-1e1b-4783-9ec9-4bd14ee1457d,e2729896-4cc3-47b1-9034-499af28b2358,
,,,HG,Standard,{},4be1af9e-85ec-4cb6-a615-59bd2816c5e5,f7a1bdc2-c847-4e89-930b-b02bdedd476f,928ccac7-a663-4bef-8fa1-778045c3bd53,3799308b-0613-4ebb-8533-93a7f19f4af7,
,,,HG,Standard,{},7c0cbbad-e5e4-423a-84c7-14e07449208f,d7086e84-ff3a-4283-a97f-bd68e022aaea,928ccac7-a663-4bef-8fa1-778045c3bd53,95afacdd-c33b-49ea-926d-e710191e60c4,
,,,HG,Standard,{},a251d753-1738-42ba-930d-9d8c3f2a4704,df77471e-608e-4234-975c-950be5faa026,928ccac7-a663-4bef-8fa1-778045c3bd53,e2729896-4cc3-47b1-9034-499af28b2358,
,,,IG,Standard,{},ed149216-58e8-469c-a46c-5c03bc4c4210,f7a1bdc2-c847-4e89-930b-b02bdedd476f,954466d6-c43c-4b84-b6ff-4f9e0b40f9eb,3799308b-0613-4ebb-8533-93a7f19f4af7,
,,,IG,Standard,{},3929fdde-c32d-4f10-9785-cc8f68f296b1,d7086e84-ff3a-4283-a97f-bd68e022aaea,954466d6-c43c-4b84-b6ff-4f9e0b40f9eb,95afacdd-c33b-49ea-926d-e710191e60c4,
,,,IG,Standard,{},b6e8e16e-8c7b-4081-85b6-4b36bc573c51,906ac187-2046-43dc-be27-d6468c71829f,954466d6-c43c-4b84-b6ff-4f9e0b40f9eb,ff2c8c3a-ce5c-451e-a079-c853ccd1e1f3,
,,,IG,Standard,{},2c0f8a6d-8991-46c2-bb14-1019ed3ed4c2,528e55f9-ed79-4c90-93ae-3607d408abf7,954466d6-c43c-4b84-b6ff-4f9e0b40f9eb,ff2c8c3a-ce5c-451e-a079-c853ccd1e1f3,
,,,IG,Standard,{},21975947-406f-490c-bb10-dda4014a6696,a67284d7-697d-4f35-adca-ab9db2dcd973,954466d6-c43c-4b84-b6ff-4f9e0b40f9eb,ff2c8c3a-ce5c-451e-a079-c853ccd1e1f3,
,,,IG,Standard,{},0ed2d893-0833-43cd-a0fb-de8dd5479f71,df77471e-608e-4234-975c-950be5faa026,954466d6-c43c-4b84-b6ff-4f9e0b40f9eb,c4c4b466-8814-4fec-bb3c-36274da5e1a5,
,,,IG,Standard,{},077a6eb3-b13d-4899-93ca-024905684038,eeeb0eb9-1059-4c38-a8e8-d33684ac8829,3772d810-f56a-4f91-893e-c92d5e3ea7ef,3f091fc7-8ce8-4b23-a2e3-a92f04386a2d,
,,,IG,Standard,{},6bc70c69-f57e-4014-aeb6-123221d1bd14,528e55f9-ed79-4c90-93ae-3607d408abf7,3772d810-f56a-4f91-893e-c92d5e3ea7ef,ff2c8c3a-ce5c-451e-a079-c853ccd1e1f3,
,,,IG,Standard,{},093870b6-5934-44bb-9d9c-9d497974dc6a,a67284d7-697d-4f35-adca-ab9db2dcd973,3772d810-f56a-4f91-893e-c92d5e3ea7ef,ff2c8c3a-ce5c-451e-a079-c853ccd1e1f3,
,,,GN7,Standard,{},b9385cd4-d67f-4ed8-a020-a0381c3c788d,eeeb0eb9-1059-4c38-a8e8-d33684ac8829,01ae65ec-39e0-42c0-a016-d5dce3cb38e9,3f091fc7-8ce8-4b23-a2e3-a92f04386a2d,
,,,GN7,Standard,{},b4661adf-cf14-4625-8481-9a3927a97c22,a9aad679-71a5-4cab-ac89-26555cf1072b,01ae65ec-39e0-42c0-a016-d5dce3cb38e9,ff2c8c3a-ce5c-451e-a079-c853ccd1e1f3,
,,,PA,Standard,{},42481528-3a20-44a3-8100-9dc36d0ff3c8,913b3582-2428-4526-8a28-74de9a9e7d10,64e15a0e-1002-4e6e-bb50-33173d18e69b,c65434a2-54b8-4371-9e5b-2765d4f7127c,
,,,PA,Standard,{},6ce9bf42-cdc9-4279-a3cf-fb76d6f117c3,913b3582-2428-4526-8a28-74de9a9e7d10,64e15a0e-1002-4e6e-bb50-33173d18e69b,6132cf89-a53e-4043-afce-c6739471bdfd,
,,,PA,Standard,{},3a4848bf-6a67-41e9-9651-664ac86468fb,4bcfc252-11a1-4a41-bb5c-956933b4166c,64e15a0e-1002-4e6e-bb50-33173d18e69b,c65434a2-54b8-4371-9e5b-2765d4f7127c,
,,,PA,Standard,{},95f89340-8a4c-4676-9dd4-2f574e9d726c,4bcfc252-11a1-4a41-bb5c-956933b4166c,64e15a0e-1002-4e6e-bb50-33173d18e69b,6132cf89-a53e-4043-afce-c6739471bdfd,
,,,PA,Standard,{},ce0c37e2-0889-4c77-8114-7c26d1a8d2e1,662ff18a-554e-4253-b7ef-9ba9ff314e97,64e15a0e-1002-4e6e-bb50-33173d18e69b,c65434a2-54b8-4371-9e5b-2765d4f7127c,
,,,PA,Standard,{},7677aa86-7a14-434a-8f9a-270c1328039b,913b3582-2428-4526-8a28-74de9a9e7d10,142f836c-c39c-4da3-91b2-dfdba0fa2214,c65434a2-54b8-4371-9e5b-2765d4f7127c,
,,,PA,Standard,{},1ad66644-7db1-41ec-a564-afa6954ae0b1,913b3582-2428-4526-8a28-74de9a9e7d10,142f836c-c39c-4da3-91b2-dfdba0fa2214,6132cf89-a53e-4043-afce-c6739471bdfd,
,,,PA,Standard,{},e5d84314-432c-4dc2-8bc4-931a0816c412,4bcfc252-11a1-4a41-bb5c-956933b4166c,142f836c-c39c-4da3-91b2-dfdba0fa2214,c65434a2-54b8-4371-9e5b-2765d4f7127c,
,,,PA,Standard,{},6e9dc779-255c-4b50-93c6-85c33f55ba6a,4bcfc252-11a1-4a41-bb5c-956933b4166c,142f836c-c39c-4da3-91b2-dfdba0fa2214,6132cf89-a53e-4043-afce-c6739471bdfd,
,,,IA,Standard,{},4556f5ef-c3bc-4149-a275-2fce08f4df7b,fd433203-157f-4270-adf2-df5f3a380fa5,626a828c-6207-4fe3-a762-ad2dabd67678,c65434a2-54b8-4371-9e5b-2765d4f7127c,
,,,IA,Standard,{},92d42e74-f452-4413-9ad8-a517fa83dc20,fd433203-157f-4270-adf2-df5f3a380fa5,626a828c-6207-4fe3-a762-ad2dabd67678,6132cf89-a53e-4043-afce-c6739471bdfd,
,,,IA,Standard,{},96e52949-619e-474d-abf3-8dad98d3b510,4bcfc252-11a1-4a41-bb5c-956933b4166c,626a828c-6207-4fe3-a762-ad2dabd67678,c65434a2-54b8-4371-9e5b-2765d4f7127c,
,,,IA,Standard,{},ddc3c04d-60b6-4c89-bb49-498ad7413768,4bcfc252-11a1-4a41-bb5c-956933b4166c,626a828c-6207-4fe3-a762-ad2dabd67678,6132cf89-a53e-4043-afce-c6739471bdfd,
,,,IA,Standard,{},2250ac64-6e72-489f-84bc-e4b39bcf1371,fd433203-157f-4270-adf2-df5f3a380fa5,1e6b6aa2-ac61-4dcd-8b67-3ce848f11112,c65434a2-54b8-4371-9e5b-2765d4f7127c,
,,,IA,Standard,{},19a29ce6-64b0-4d3e-9545-1257df5e2bf6,fd433203-157f-4270-adf2-df5f3a380fa5,1e6b6aa2-ac61-4dcd-8b67-3ce848f11112,6132cf89-a53e-4043-afce-c6739471bdfd,
,,,IA,Standard,{},98aa7414-9039-4d26-a693-82f3e5264334,4bcfc252-11a1-4a41-bb5c-956933b4166c,1e6b6aa2-ac61-4dcd-8b67-3ce848f11112,c65434a2-54b8-4371-9e5b-2765d4f7127c,
,,,IA,Standard,{},80960743-d1b9-428c-983b-3fad75cb0872,4bcfc252-11a1-4a41-bb5c-956933b4166c,1e6b6aa2-ac61-4dcd-8b67-3ce848f11112,6132cf89-a53e-4043-afce-c6739471bdfd,
,,,AC3,Standard,{},a57d36cb-8dfd-4eed-8c6e-2e79a4ea18ec,fd433203-157f-4270-adf2-df5f3a380fa5,4ee9a7c5-421b-4946-9fd7-eac45df5eef5,c65434a2-54b8-4371-9e5b-2765d4f7127c,
,,,AC3,Standard,{},00545c44-7c84-4b92-9511-ce639f80fb7e,fd433203-157f-4270-adf2-df5f3a380fa5,4ee9a7c5-421b-4946-9fd7-eac45df5eef5,f669c8f1-7045-4ffa-a152-c1a3f2482335,
,,,AC3,Standard,{},5506c04d-2080-4d4c-8618-b41ccde5e933,4bcfc252-11a1-4a41-bb5c-956933b4166c,4ee9a7c5-421b-4946-9fd7-eac45df5eef5,c65434a2-54b8-4371-9e5b-2765d4f7127c,
,,,AC3,Standard,{},5a587418-3c30-420b-a671-958fbb43cdd3,4bcfc252-11a1-4a41-bb5c-956933b4166c,4ee9a7c5-421b-4946-9fd7-eac45df5eef5,f669c8f1-7045-4ffa-a152-c1a3f2482335,
,,,AC3,Standard,{},c3dcd327-78fb-42fc-9490-0d1b6324bf09,51056d78-da0e-4cde-81d2-d1e629312eca,4ee9a7c5-421b-4946-9fd7-eac45df5eef5,c65434a2-54b8-4371-9e5b-2765d4f7127c,
,,,AC3,Standard,{},91675876-73c6-4607-87ec-b87d4a8c0a49,51056d78-da0e-4cde-81d2-d1e629312eca,4ee9a7c5-421b-4946-9fd7-eac45df5eef5,f669c8f1-7045-4ffa-a152-c1a3f2482335,
,,,AC3,Standard,{},668058ed-bb9d-4e4b-b394-2b2e8921cdba,a759d988-27ee-443d-9f84-5f7d2cb611c5,4ee9a7c5-421b-4946-9fd7-eac45df5eef5,bd411c1e-33d2-4b34-8b24-2ad5e1de35a0,
,,,AC3,Standard,{},6a89fc8a-9330-42a6-bdc4-598be6e83882,43dcfcab-e655-41a7-ba07-a9810cb92fbf,4ee9a7c5-421b-4946-9fd7-eac45df5eef5,c65434a2-54b8-4371-9e5b-2765d4f7127c,
,,,AC3,Standard,{},53d2cef0-0ad7-4b72-bea2-864f83d028e0,43dcfcab-e655-41a7-ba07-a9810cb92fbf,4ee9a7c5-421b-4946-9fd7-eac45df5eef5,f669c8f1-7045-4ffa-a152-c1a3f2482335,
,,,,Standard,{},d7293088-c8e5-4c17-86f1-76121e235e9c,4bcfc252-11a1-4a41-bb5c-956933b4166c,86fae287-5ed3-4d42-ac63-7d6324077a0d,bd411c1e-33d2-4b34-8b24-2ad5e1de35a0,
,,,,Standard,{},8975a6e3-522a-4b37-93fb-8a39fcac7cac,f7e2bd56-57d5-4ad6-98ae-90c37e18b599,86fae287-5ed3-4d42-ac63-7d6324077a0d,bd411c1e-33d2-4b34-8b24-2ad5e1de35a0,
,,,,Standard,{},0aa18644-8b1b-40d1-a944-f8e647504f00,f7e2bd56-57d5-4ad6-98ae-90c37e18b599,86fae287-5ed3-4d42-ac63-7d6324077a0d,5fa45b3f-40df-4970-88d0-c7f69e3f1c67,
,,,,Standard,{},510cff7e-d196-4010-b7fb-bf2cf935fc96,58537a87-4d91-4e18-9e1c-39f7283d228b,86fae287-5ed3-4d42-ac63-7d6324077a0d,bd411c1e-33d2-4b34-8b24-2ad5e1de35a0,
,,,,Standard,{},d370556c-b934-4851-892a-79b3dd2b9353,58537a87-4d91-4e18-9e1c-39f7283d228b,86fae287-5ed3-4d42-ac63-7d6324077a0d,5fa45b3f-40df-4970-88d0-c7f69e3f1c67,
,,,,Standard,{},dd326a3f-6a1c-4f4e-abb2-c21a8751f175,4bcfc252-11a1-4a41-bb5c-956933b4166c,c4b44e1c-8d56-4bbd-90bd-6a0be48b28eb,bd411c1e-33d2-4b34-8b24-2ad5e1de35a0,
,,,,Standard,{},b56db997-c3a3-4c69-bb54-887826cc7511,f7e2bd56-57d5-4ad6-98ae-90c37e18b599,c4b44e1c-8d56-4bbd-90bd-6a0be48b28eb,bd411c1e-33d2-4b34-8b24-2ad5e1de35a0,
,,,,Standard,{},3aff6d59-ac21-4348-b848-ab069e714eaa,f7e2bd56-57d5-4ad6-98ae-90c37e18b599,c4b44e1c-8d56-4bbd-90bd-6a0be48b28eb,5fa45b3f-40df-4970-88d0-c7f69e3f1c67,
,,,,Standard,{},d4664e0c-c80a-4630-b4b8-15d8078fcd6e,4bcfc252-11a1-4a41-bb5c-956933b4166c,c4b44e1c-8d56-4bbd-90bd-6a0be48b28eb,bd411c1e-33d2-4b34-8b24-2ad5e1de35a0,
,,,,Standard,{},e4d87a39-588c-4bb7-b43d-3b37d0f0c770,f7e2bd56-57d5-4ad6-98ae-90c37e18b599,c4b44e1c-8d56-4bbd-90bd-6a0be48b28eb,bd411c1e-33d2-4b34-8b24-2ad5e1de35a0,
,,,GB,Standard,{},abeb81f6-f70d-4fb8-84a6-98e2e6c9395f,4bcfc252-11a1-4a41-bb5c-956933b4166c,5c050123-f6f4-49e7-9434-6982b4905c0f,c65434a2-54b8-4371-9e5b-2765d4f7127c,
,,,GB,Standard,{},4de69b7d-b028-4789-9945-f0d972848aaf,4bcfc252-11a1-4a41-bb5c-956933b4166c,5c050123-f6f4-49e7-9434-6982b4905c0f,c65434a2-54b8-4371-9e5b-2765d4f7127c,
,,,GB,Standard,{},5f5fcf4f-bad7-4140-9df2-5b3043447061,9b89eeb5-22d2-40a0-b45b-cf170f7d12e9,5c050123-f6f4-49e7-9434-6982b4905c0f,1f075483-8740-4375-bf0b-ff2c41cd8fa6,
,,,GB,Standard,{},bf76d3fb-8946-4758-819d-77dd318a8326,9b89eeb5-22d2-40a0-b45b-cf170f7d12e9,5c050123-f6f4-49e7-9434-6982b4905c0f,5fa45b3f-40df-4970-88d0-c7f69e3f1c67,
,,,GB,Standard,{},8e7d60ca-2ca6-4d44-8d5f-fef575c5e462,662ff18a-554e-4253-b7ef-9ba9ff314e97,5c050123-f6f4-49e7-9434-6982b4905c0f,1f075483-8740-4375-bf0b-ff2c41cd8fa6,
,,,GB,Standard,{},23d8aa6c-c479-4835-890e-6faec30ccbce,ae203544-8a8e-4010-ada8-82f90a26bd82,5c050123-f6f4-49e7-9434-6982b4905c0f,b44626e1-271f-49d0-9719-82801e2e9b14,
,,,GB,Standard,{},1fc4e62d-ab6f-4228-a356-4ecf5b57569f,e17c1fc2-7365-46af-91a8-d28c2e5fbae6,8e29fe8d-f3e6-412c-8f5e-82b2bb981fd1,1f075483-8740-4375-bf0b-ff2c41cd8fa6,
,,,GB,Standard,{},ff592781-e429-4508-bd89-3defef818fa7,e17c1fc2-7365-46af-91a8-d28c2e5fbae6,8e29fe8d-f3e6-412c-8f5e-82b2bb981fd1,64d219f6-d3bf-4f73-82a0-ef0404037a77,
,,,GB,Standard,{},bc7425b1-33ab-47d7-8443-90ae91292640,e17c1fc2-7365-46af-91a8-d28c2e5fbae6,8e29fe8d-f3e6-412c-8f5e-82b2bb981fd1,1f075483-8740-4375-bf0b-ff2c41cd8fa6,
,,,GB,Standard,{},17a1c2c7-3aa7-4514-9b70-59a652b02a62,e17c1fc2-7365-46af-91a8-d28c2e5fbae6,8e29fe8d-f3e6-412c-8f5e-82b2bb981fd1,64d219f6-d3bf-4f73-82a0-ef0404037a77,
,,,GB,Standard,{},5f6fd8a7-b3a2-4acd-b7a1-97b3c19e4592,4bcfc252-11a1-4a41-bb5c-956933b4166c,8e29fe8d-f3e6-412c-8f5e-82b2bb981fd1,c65434a2-54b8-4371-9e5b-2765d4f7127c,
,,,GB,Standard,{},05795a6c-0765-4485-9936-a1a4f15dea8a,4bcfc252-11a1-4a41-bb5c-956933b4166c,8e29fe8d-f3e6-412c-8f5e-82b2bb981fd1,c65434a2-54b8-4371-9e5b-2765d4f7127c,
,,,BC3,Standard,{},47880396-add3-4451-bbc0-2a167b7f5aa2,a759d988-27ee-443d-9f84-5f7d2cb611c5,bb1a809e-c15e-4d47-92db-5d33f0c4a76f,1f075483-8740-4375-bf0b-ff2c41cd8fa6,
,,,BC3,Standard,{},0f50d262-9a7b-45b9-b8c0-0d6fed71b2bd,a759d988-27ee-443d-9f84-5f7d2cb611c5,bb1a809e-c15e-4d47-92db-5d33f0c4a76f,64d219f6-d3bf-4f73-82a0-ef0404037a77,
,,,BC3,Standard,{},51eac5e2-5ba6-49de-a27f-e992aacb1d28,fe70ee11-028a-40ce-8faa-f493a5fa52d6,bb1a809e-c15e-4d47-92db-5d33f0c4a76f,1f075483-8740-4375-bf0b-ff2c41cd8fa6,
,,,BC3,Standard,{},3f071ed1-aa2f-4980-82cb-8a4273ee897d,fe70ee11-028a-40ce-8faa-f493a5fa52d6,bb1a809e-c15e-4d47-92db-5d33f0c4a76f,64d219f6-d3bf-4f73-82a0-ef0404037a77,
,,,BC3,Standard,{},b6b3f6ec-fa9e-4636-837f-43fa182c3033,43dcfcab-e655-41a7-ba07-a9810cb92fbf,bb1a809e-c15e-4d47-92db-5d33f0c4a76f,c65434a2-54b8-4371-9e5b-2765d4f7127c,
,,,BC3,Standard,{},afed04a5-4923-4b14-90d1-1d15ea1f3694,9b89eeb5-22d2-40a0-b45b-cf170f7d12e9,bb1a809e-c15e-4d47-92db-5d33f0c4a76f,1f075483-8740-4375-bf0b-ff2c41cd8fa6,
,,,BC3,Standard,{},82134e93-a21a-4205-9764-182c67aba20e,9b89eeb5-22d2-40a0-b45b-cf170f7d12e9,bb1a809e-c15e-4d47-92db-5d33f0c4a76f,a68e50b0-a4ed-4bbd-9d6b-cc66dec651ca,
,,,BC3,Standard,{},0e15f5e7-1c93-4c49-b426-c0489dea28cd,a759d988-27ee-443d-9f84-5f7d2cb611c5,79cbf6db-3ed6-4138-b5c5-1341973c9185,1f075483-8740-4375-bf0b-ff2c41cd8fa6,
,,,BC3,Standard,{},b7a37b87-e456-4211-8387-60ebfa4b4a98,a759d988-27ee-443d-9f84-5f7d2cb611c5,79cbf6db-3ed6-4138-b5c5-1341973c9185,64d219f6-d3bf-4f73-82a0-ef0404037a77,
,,,BC3,Standard,{},1f063132-d9b5-4880-abb2-3d191674715d,fe70ee11-028a-40ce-8faa-f493a5fa52d6,79cbf6db-3ed6-4138-b5c5-1341973c9185,1f075483-8740-4375-bf0b-ff2c41cd8fa6,
,,,BC3,Standard,{},3f3c735b-f6d5-43a7-919b-1e74af0c9472,fe70ee11-028a-40ce-8faa-f493a5fa52d6,79cbf6db-3ed6-4138-b5c5-1341973c9185,64d219f6-d3bf-4f73-82a0-ef0404037a77,
,,,FD,Standard,{},c7bf82be-4dfc-4865-a537-300e830e53b6,f7e2bd56-57d5-4ad6-98ae-90c37e18b599,cc2f3739-b96e-4ba8-8188-997481af1c23,bd411c1e-33d2-4b34-8b24-2ad5e1de35a0,
,,,FD,Standard,{},bbf87cda-e292-4b46-9cc1-ffa25add8f62,58537a87-4d91-4e18-9e1c-39f7283d228b,cc2f3739-b96e-4ba8-8188-997481af1c23,bd411c1e-33d2-4b34-8b24-2ad5e1de35a0,
,,,FD,Standard,{},446cbc12-f91e-499e-95b0-ebc1f0165fe7,58537a87-4d91-4e18-9e1c-39f7283d228b,cc2f3739-b96e-4ba8-8188-997481af1c23,5fa45b3f-40df-4970-88d0-c7f69e3f1c67,
,,,FD,Standard,{},5074ae5c-4d7a-4315-bf77-64a09de73fa7,58537a87-4d91-4e18-9e1c-39f7283d228b,cc2f3739-b96e-4ba8-8188-997481af1c23,bd411c1e-33d2-4b34-8b24-2ad5e1de35a0,
,,,FD,Standard,{},3fb0247e-767b-4ef7-b7a4-9e7afab3acf1,58537a87-4d91-4e18-9e1c-39f7283d228b,cc2f3739-b96e-4ba8-8188-997481af1c23,5fa45b3f-40df-4970-88d0-c7f69e3f1c67,
,,,GD,Standard,{},2b0a2383-e968-461f-aca4-d1ad03eb4632,f7e2bd56-57d5-4ad6-98ae-90c37e18b599,81a80308-0431-4ab0-8d47-a18fadf73dbb,1f075483-8740-4375-bf0b-ff2c41cd8fa6,
,,,GD,Standard,{},b3c0f2ab-4249-43c3-86be-aacb41e378d2,a7c5c4ec-20ac-42b7-a7be-99e1648c040f,81a80308-0431-4ab0-8d47-a18fadf73dbb,1f075483-8740-4375-bf0b-ff2c41cd8fa6,
,,,GD,Standard,{},617e32ac-b605-43ea-b9f8-61dab30fcb02,a7c5c4ec-20ac-42b7-a7be-99e1648c040f,81a80308-0431-4ab0-8d47-a18fadf73dbb,a68e50b0-a4ed-4bbd-9d6b-cc66dec651ca,
,,,GD,Standard,{},f1955651-b3d3-4cdd-a774-5b1526f90e42,3284c7f1-0f3a-45bb-9d70-3d18f10afbea,81a80308-0431-4ab0-8d47-a18fadf73dbb,6a0c3357-ddad-470f-a347-431482ec990a,
,,,GD,Standard,{},d3276667-d584-415f-b1cf-356dd7a40b9d,9b89eeb5-22d2-40a0-b45b-cf170f7d12e9,873655e6-2a96-479c-b9ad-616a94b014c4,1f075483-8740-4375-bf0b-ff2c41cd8fa6,
,,,GD,Standard,{},8e52cb13-4427-485c-9b54-411cb0fce92a,a7c5c4ec-20ac-42b7-a7be-99e1648c040f,873655e6-2a96-479c-b9ad-616a94b014c4,1f075483-8740-4375-bf0b-ff2c41cd8fa6,
,,,GD,Standard,{},d891233b-2c90-46b8-9a55-bb82008dd406,a7c5c4ec-20ac-42b7-a7be-99e1648c040f,873655e6-2a96-479c-b9ad-616a94b014c4,a68e50b0-a4ed-4bbd-9d6b-cc66dec651ca,
,,,PD,Standard,{},8b4ddf78-f2ba-4f2f-8f69-b97a5870cd74,e17c1fc2-7365-46af-91a8-d28c2e5fbae6,26b38e4f-24f9-429d-80d8-b8bdb27b46af,1f075483-8740-4375-bf0b-ff2c41cd8fa6,
,,,PD,Standard,{},0d4d469c-317c-4d31-97e9-88658a6b0550,9b89eeb5-22d2-40a0-b45b-cf170f7d12e9,26b38e4f-24f9-429d-80d8-b8bdb27b46af,1f075483-8740-4375-bf0b-ff2c41cd8fa6,
,,,PD,Standard,{},467b43df-6074-4f1d-9164-b4a5d03814a4,56bcb995-b630-4332-9624-90d2050c107b,26b38e4f-24f9-429d-80d8-b8bdb27b46af,8a979483-d2dd-4036-9ae4-22dfb65d1c48,
,,,PD,Standard,{},5be4c733-137b-4ca4-ac67-831cb5d29ae7,3284c7f1-0f3a-45bb-9d70-3d18f10afbea,26b38e4f-24f9-429d-80d8-b8bdb27b46af,8a979483-d2dd-4036-9ae4-22dfb65d1c48,
,,,PD,Standard,{},12b83426-696c-4586-b5e4-b762874cdca7,3284c7f1-0f3a-45bb-9d70-3d18f10afbea,26b38e4f-24f9-429d-80d8-b8bdb27b46af,8a979483-d2dd-4036-9ae4-22dfb65d1c48,
,,,PD,Standard,{},9f5a7302-2a44-4cc7-a0f1-2956dd3b3898,e17c1fc2-7365-46af-91a8-d28c2e5fbae6,ac3b7faa-0b4d-46d5-802b-28feaa56a649,1f075483-8740-4375-bf0b-ff2c41cd8fa6,
,,,PD,Standard,{},14c1915a-2ec3-46c6-9a8e-1352ba6ea9c2,9b89eeb5-22d2-40a0-b45b-cf170f7d12e9,ac3b7faa-0b4d-46d5-802b-28feaa56a649,1f075483-8740-4375-bf0b-ff2c41cd8fa6,
,,,PD,Standard,{},633a1e4c-bd7b-47b5-b6af-16bb0164afc1,56bcb995-b630-4332-9624-90d2050c107b,ac3b7faa-0b4d-46d5-802b-28feaa56a649,8a979483-d2dd-4036-9ae4-22dfb65d1c48,
,,,PD,Standard,{},c99c6bf8-174d-49b4-ab1b-bdfff0285ef6,3284c7f1-0f3a-45bb-9d70-3d18f10afbea,ac3b7faa-0b4d-46d5-802b-28feaa56a649,8a979483-d2dd-4036-9ae4-22dfb65d1c48,
,,,PD,Standard,{},6f3b1e48-2202-45e0-bd00-284a947538e2,3284c7f1-0f3a-45bb-9d70-3d18f10afbea,ac3b7faa-0b4d-46d5-802b-28feaa56a649,8a979483-d2dd-4036-9ae4-22dfb65d1c48,
,,,PD,Standard,{},65129fa4-8e27-4fdb-8814-bde730185d67,fe70ee11-028a-40ce-8faa-f493a5fa52d6,ac3b7faa-0b4d-46d5-802b-28feaa56a649,1f075483-8740-4375-bf0b-ff2c41cd8fa6,
,,,PD,Standard,{},cd5a6502-34fc-4ca6-aff9-73b19eb82c70,fe70ee11-028a-40ce-8faa-f493a5fa52d6,ac3b7faa-0b4d-46d5-802b-28feaa56a649,8a979483-d2dd-4036-9ae4-22dfb65d1c48,
,,,PD,Standard,{},6f115364-c42f-4faa-b088-a7ef69b2cd73,c9905ea9-5f6d-46a0-a367-afbc73bf5cdf,ac3b7faa-0b4d-46d5-802b-28feaa56a649,1f075483-8740-4375-bf0b-ff2c41cd8fa6,
,,,PD,Standard,{},74ad8a4d-2361-4dd9-8d40-4d9bc1780279,279c810f-052f-4150-9c5a-4c66b7600f9c,ac3b7faa-0b4d-46d5-802b-28feaa56a649,8a979483-d2dd-4036-9ae4-22dfb65d1c48,
,,,PD,Standard,{},a882a421-35bf-4695-8fdc-3114cb802129,0b981e0a-02a5-4a1f-bb3a-ff8cc46978ea,ac3b7faa-0b4d-46d5-802b-28feaa56a649,8a979483-d2dd-4036-9ae4-22dfb65d1c48,
,,,PD,Standard,{},4e7ca074-2bbe-43f0-96dd-db085d12fe29,0b981e0a-02a5-4a1f-bb3a-ff8cc46978ea,ac3b7faa-0b4d-46d5-802b-28feaa56a649,8a979483-d2dd-4036-9ae4-22dfb65d1c48,
,,,PD,Standard,{},02f50593-3335-43e2-bd0f-95f1ebfcfa52,def70b76-147d-4549-a292-4b84bb534061,cf6266ac-f69e-49fb-a19f-aef1b3ee4431,e0ce1078-2d1f-426b-9367-2bcc64e89cec,
,,,PD,Standard,{},535b08aa-cb5f-48e6-9b69-18e22c9e391a,def70b76-147d-4549-a292-4b84bb534061,cf6266ac-f69e-49fb-a19f-aef1b3ee4431,e0ce1078-2d1f-426b-9367-2bcc64e89cec,
,,,PD,Standard,{},a38dc3f5-71bb-4977-907e-2326ffb61019,def70b76-147d-4549-a292-4b84bb534061,c3898f50-8a72-4d25-af13-3968329b518d,e0ce1078-2d1f-426b-9367-2bcc64e89cec,
,,,PD,Standard,{},b5857bee-3d19-45e7-954b-b78ce6250694,def70b76-147d-4549-a292-4b84bb534061,c3898f50-8a72-4d25-af13-3968329b518d,e0ce1078-2d1f-426b-9367-2bcc64e89cec,
,,,PD,Standard,{},8f46215f-11f3-4115-991c-981267894aa9,def70b76-147d-4549-a292-4b84bb534061,c3898f50-8a72-4d25-af13-3968329b518d,8833dccf-c99e-459d-9a47-9ba189df5a66,
,,,VF,Standard,{},ec1e64b1-5b91-4166-b07b-c02dbb4e82f1,7c543176-6d90-49da-889c-0ccba5e2d813,2f3337c4-3697-471e-ae63-d93ded49bb57,1f075483-8740-4375-bf0b-ff2c41cd8fa6,
,,,VF,Standard,{},78c16ef4-a795-4178-96e7-cdff39ac150f,5a526d94-c3a5-41eb-bfde-18103811da2f,2f3337c4-3697-471e-ae63-d93ded49bb57,6a0c3357-ddad-470f-a347-431482ec990a,
,,,VF,Standard,{},f9a7a9b3-6648-40fa-a8ba-628d444fad21,e8fb708f-521c-431e-ada3-7c3fa7f42c4b,2f3337c4-3697-471e-ae63-d93ded49bb57,b44626e1-271f-49d0-9719-82801e2e9b14,
,,,VF,Standard,{},f3e9c619-f79a-43ae-b405-87d6465fb20f,2475d288-673d-44e8-a4b0-d7333bd2804f,2f3337c4-3697-471e-ae63-d93ded49bb57,3799308b-0613-4ebb-8533-93a7f19f4af7,
,,,VF,Standard,{},50d3cd39-27e0-402d-932d-9ed4fed040a6,7c543176-6d90-49da-889c-0ccba5e2d813,0f995f25-4673-4cb7-84b4-275a9f663a60,1f075483-8740-4375-bf0b-ff2c41cd8fa6,
,,,VF,Standard,{},a88fd946-e94d-41d2-adc3-1d8259d046b7,e8fb708f-521c-431e-ada3-7c3fa7f42c4b,0f995f25-4673-4cb7-84b4-275a9f663a60,6a0c3357-ddad-470f-a347-431482ec990a,
,,,VF,Standard,{},64d816b5-4894-413f-8163-d1cb4c785b36,e8fb708f-521c-431e-ada3-7c3fa7f42c4b,0f995f25-4673-4cb7-84b4-275a9f663a60,b44626e1-271f-49d0-9719-82801e2e9b14,
,,,VF,Standard,{},7c3e27be-3481-4a74-9b3d-48443cd9a9ac,2475d288-673d-44e8-a4b0-d7333bd2804f,0f995f25-4673-4cb7-84b4-275a9f663a60,8a979483-d2dd-4036-9ae4-22dfb65d1c48,
,,,EN,Standard,{},4640033e-d9a1-464d-b84f-0d132ef5147c,6dadb12c-c4c3-4ec5-bad0-1948d17062da,e8c376a5-065f-4e0b-a186-ecf4a66f5803,e2729896-4cc3-47b1-9034-499af28b2358,
,,,EN,Standard,{},2572ab0f-9214-4cd5-a6af-4caf034edc2f,963c3fb7-556c-414e-9617-27fc8d81ff7f,e8c376a5-065f-4e0b-a186-ecf4a66f5803,e2729896-4cc3-47b1-9034-499af28b2358,
,,,OS,Standard,{},0e624303-084d-4ede-b3bb-8e11ac87ab24,e17c1fc2-7365-46af-91a8-d28c2e5fbae6,fead9bf7-286a-40ce-8ce5-919bca0be569,1f075483-8740-4375-bf0b-ff2c41cd8fa6,
,,,OS,Standard,{},7b53c402-c6b2-45be-ac29-83f83fe9d8a6,72468b3b-c315-4e0a-ae6e-8a4350271afa,fead9bf7-286a-40ce-8ce5-919bca0be569,8a979483-d2dd-4036-9ae4-22dfb65d1c48,
,,,OS,Standard,{},a151f2ff-b7b6-4acd-9a0a-5051636e0e64,8e3b321f-d461-426b-8d4b-7f6a3c8a3de0,fead9bf7-286a-40ce-8ce5-919bca0be569,a68e50b0-a4ed-4bbd-9d6b-cc66dec651ca,
,,,OS,Standard,{},aa4c617d-5f71-41e1-96ce-fcadabe1ec7b,0b981e0a-02a5-4a1f-bb3a-ff8cc46978ea,fead9bf7-286a-40ce-8ce5-919bca0be569,b44626e1-271f-49d0-9719-82801e2e9b14,
,,,OS,Standard,{},87af73f0-ea05-4260-bace-369241a417f2,0b981e0a-02a5-4a1f-bb3a-ff8cc46978ea,fead9bf7-286a-40ce-8ce5-919bca0be569,8a979483-d2dd-4036-9ae4-22dfb65d1c48,
,,,OS,Standard,{},acb62b9e-ab19-4c0a-ae26-991d3da4ddb9,b906b9ab-1597-4e50-80ac-568003de9f27,fead9bf7-286a-40ce-8ce5-919bca0be569,0e9976ec-b4b1-46fc-914a-21c9bcf10c2c,
,,,OS,Standard,{},a6be8eae-3c52-4e18-9fee-cbafb1b00540,72468b3b-c315-4e0a-ae6e-8a4350271afa,fead9bf7-286a-40ce-8ce5-919bca0be569,8a979483-d2dd-4036-9ae4-22dfb65d1c48,
,,,OS,Standard,{},ba71f401-b978-43de-96b7-27549d1ca1bd,8e3b321f-d461-426b-8d4b-7f6a3c8a3de0,fead9bf7-286a-40ce-8ce5-919bca0be569,a68e50b0-a4ed-4bbd-9d6b-cc66dec651ca,
,,,OS,Standard,{},d025396e-2635-4054-87bc-877593f53480,fe70ee11-028a-40ce-8faa-f493a5fa52d6,d76a67f9-b2bb-46c8-8044-afaeff64875c,1f075483-8740-4375-bf0b-ff2c41cd8fa6,
,,,OS,Standard,{},995b740d-acf7-47ab-a99f-e650fbfefc00,fe70ee11-028a-40ce-8faa-f493a5fa52d6,d76a67f9-b2bb-46c8-8044-afaeff64875c,64d219f6-d3bf-4f73-82a0-ef0404037a77,
,,,OS,Standard,{},4ce859ad-154f-484a-9296-1403f7cb3c00,a78ef499-6a85-4766-ac9c-4658d65baa98,d76a67f9-b2bb-46c8-8044-afaeff64875c,8a979483-d2dd-4036-9ae4-22dfb65d1c48,
,,,OS,Standard,{},16e7a18e-68c0-437f-b6e9-1d80df193c91,0b981e0a-02a5-4a1f-bb3a-ff8cc46978ea,d76a67f9-b2bb-46c8-8044-afaeff64875c,b44626e1-271f-49d0-9719-82801e2e9b14,
,,,OS,Standard,{},a1c93c45-0c1d-4ee0-95d0-eae2124e48cd,0b981e0a-02a5-4a1f-bb3a-ff8cc46978ea,d76a67f9-b2bb-46c8-8044-afaeff64875c,8a979483-d2dd-4036-9ae4-22dfb65d1c48,
,,,OS,Standard,{},2af5c5e3-04fd-4adc-85b3-7ae879e55e0a,b906b9ab-1597-4e50-80ac-568003de9f27,d76a67f9-b2bb-46c8-8044-afaeff64875c,0e9976ec-b4b1-46fc-914a-21c9bcf10c2c,
,,,OS,Standard,{},8a7ae95c-601f-444d-991a-8903a100d74a,a78ef499-6a85-4766-ac9c-4658d65baa98,d76a67f9-b2bb-46c8-8044-afaeff64875c,8a979483-d2dd-4036-9ae4-22dfb65d1c48,
,,,FC,Standard,{},6dd3f20f-9170-46d1-8435-025c6c145cf5,9d5ec2ce-15b8-4076-a75a-f0f2b11f4d72,596b1246-9a8f-4f30-aace-7e3438c8a5dd,08a910fa-c4f5-4598-95ad-a07de9f653f0,
,,,FC,Standard,{},c8f26f28-3363-433d-83a1-dde4760d8a32,18e17172-82a2-4eab-b915-ce19d698fb5e,596b1246-9a8f-4f30-aace-7e3438c8a5dd,08a910fa-c4f5-4598-95ad-a07de9f653f0,
,,,FC,Standard,{},f587b8be-c22e-4ce6-8e2b-81bcf61b811b,9d5ec2ce-15b8-4076-a75a-f0f2b11f4d72,885c80bc-fa29-4f62-a5e0-7d7af157fef6,08a910fa-c4f5-4598-95ad-a07de9f653f0,
,,,FC,Standard,{},26f0d4bd-7adb-4a1a-9dd8-d46d0ffdfe59,18e17172-82a2-4eab-b915-ce19d698fb5e,885c80bc-fa29-4f62-a5e0-7d7af157fef6,08a910fa-c4f5-4598-95ad-a07de9f653f0,
,,,FC,Standard,{},75dd4c3c-e068-4b51-90dd-fa82905f9d70,9d5ec2ce-15b8-4076-a75a-f0f2b11f4d72,885c80bc-fa29-4f62-a5e0-7d7af157fef6,08a910fa-c4f5-4598-95ad-a07de9f653f0,
,,,FC,Standard,{},2734ea1d-f040-4b08-8d59-956b7c359cce,9d5ec2ce-15b8-4076-a75a-f0f2b11f4d72,885c80bc-fa29-4f62-a5e0-7d7af157fef6,f31b33ef-d396-499d-859c-7079e86b6fa7,
,,,FC,Standard,{},3365b64c-e71b-4ecf-95af-241faf9098f5,18e17172-82a2-4eab-b915-ce19d698fb5e,885c80bc-fa29-4f62-a5e0-7d7af157fef6,08a910fa-c4f5-4598-95ad-a07de9f653f0,
,,,LX2,Standard,{},7a73639d-153c-424b-b5ea-cf213e5d58ef,a67284d7-697d-4f35-adca-ab9db2dcd973,4dab4573-7b51-422f-ade8-f8a6ee7d5cb1,ff2c8c3a-ce5c-451e-a079-c853ccd1e1f3,
,,,LX2,Standard,{},a0790f4c-2e1d-4790-9ee2-5f4a13c00b94,df77471e-608e-4234-975c-950be5faa026,4dab4573-7b51-422f-ade8-f8a6ee7d5cb1,c4c4b466-8814-4fec-bb3c-36274da5e1a5,
,,,LX2 (US Market),Standard,{},5ac5567c-a287-4ccc-8468-1e50c814f884,e9cdd1a0-881b-489c-9ea6-a8ef628c9291,4dab4573-7b51-422f-ade8-f8a6ee7d5cb1,ff2c8c3a-ce5c-451e-a079-c853ccd1e1f3,
,,,LX2,Standard,{},01094adb-454f-49f2-9602-3fd4bd679966,a67284d7-697d-4f35-adca-ab9db2dcd973,8e4d5142-0788-4135-993b-686524395503,ff2c8c3a-ce5c-451e-a079-c853ccd1e1f3,
,,,LX2,Standard,{},71da590a-20da-4425-a76c-d086b944cd2f,e9cdd1a0-881b-489c-9ea6-a8ef628c9291,8e4d5142-0788-4135-993b-686524395503,ff2c8c3a-ce5c-451e-a079-c853ccd1e1f3,
,,,LX2,Standard,{},8dcec272-4083-4ee4-b8a4-8c5fa7c36ffe,df77471e-608e-4234-975c-950be5faa026,8e4d5142-0788-4135-993b-686524395503,c4c4b466-8814-4fec-bb3c-36274da5e1a5,
,,,LX3,Standard,{},456f57fe-c233-4cdb-b6b3-0c2f0d481c51,65785f5f-805b-4be8-b097-111a60f70ef5,7cc4c1e1-f3b7-42c8-9046-d12e684bd834,c4c4b466-8814-4fec-bb3c-36274da5e1a5,
,,,LX3,Standard,{},18ee411c-a539-45d5-b825-464ee555041d,a9aad679-71a5-4cab-ac89-26555cf1072b,7cc4c1e1-f3b7-42c8-9046-d12e684bd834,ff2c8c3a-ce5c-451e-a079-c853ccd1e1f3,
,,,,Standard,{},5b07319d-ec51-470d-9302-8d6ce0ea9422,9098ea4a-7ce4-41f5-8ba5-9ed749c21977,a3560bb5-c57f-4c6b-bd89-5b87877f0318,1f8aa102-2c2d-4c79-8ff3-6765ceba9985,
,,,,Standard,{},fe594266-6ade-4364-99d2-036dbab9b105,67c52f73-754e-4c1d-85d9-c87a4e57ea10,a3560bb5-c57f-4c6b-bd89-5b87877f0318,1f8aa102-2c2d-4c79-8ff3-6765ceba9985,
,,,,Standard,{},cd94047f-ac6b-4199-8753-fe5678cc9b54,67c52f73-754e-4c1d-85d9-c87a4e57ea10,a3560bb5-c57f-4c6b-bd89-5b87877f0318,1f8aa102-2c2d-4c79-8ff3-6765ceba9985,
,,,,Standard,{},f8385438-f008-4880-999d-ba97bb328521,962aedca-5d92-4465-b26e-a9f676a19576,cf7a9397-8e9d-4776-bcca-85ed4760f083,1f8aa102-2c2d-4c79-8ff3-6765ceba9985,
,,,CM,Standard,{},5cf144ec-622e-496c-abd4-b5c4ae4b0509,fd6f9862-6afc-4160-b601-f77f48423351,ccdb7790-7d62-46c6-afdc-293efc69f119,fb0b8977-df4c-4591-8437-159313d5f00b,
,,,CM,Standard,{},0558b4ce-19aa-436a-9181-f8b4ed819842,70f3b13c-9c47-43ab-8c53-b2ef73817111,ccdb7790-7d62-46c6-afdc-293efc69f119,db505f82-b910-4d37-9ea0-269e9f758837,
,,,CM,Standard,{},ac1e8025-153c-4658-9514-85b8c0ecec6f,70f3b13c-9c47-43ab-8c53-b2ef73817111,ccdb7790-7d62-46c6-afdc-293efc69f119,5259e4cc-4882-41d4-90fe-34bfd80b5e93,
,,,CM,Standard,{},d1f206a2-1b65-42ac-b6a0-efa9ce0dcfcc,15370ac0-99c4-485c-aba2-210cc90d1148,5a893ee4-7ed4-40ac-ab96-43fc4c3cfeca,e0ce1078-2d1f-426b-9367-2bcc64e89cec,
,,,CM,Standard,{},73f6b731-38ec-46e3-b3e0-8e0b6486f87b,15370ac0-99c4-485c-aba2-210cc90d1148,5a893ee4-7ed4-40ac-ab96-43fc4c3cfeca,3799308b-0613-4ebb-8533-93a7f19f4af7,
,,,CM,Standard,{},b470acfa-cbe0-4dcb-b895-38494fcb137f,df77471e-608e-4234-975c-950be5faa026,5a893ee4-7ed4-40ac-ab96-43fc4c3cfeca,fa946e42-efb0-4e8e-9a20-d56f121c466f,
,,,CM,Standard,{},f4ae191a-25a8-4b21-89cb-f66e657a7124,df77471e-608e-4234-975c-950be5faa026,5a893ee4-7ed4-40ac-ab96-43fc4c3cfeca,e2729896-4cc3-47b1-9034-499af28b2358,
,,,DM,Standard,{},802113c7-0c11-410c-b540-e335858dcb77,15370ac0-99c4-485c-aba2-210cc90d1148,681241ef-286a-4a2f-a63a-27747bdd304a,e0ce1078-2d1f-426b-9367-2bcc64e89cec,
,,,DM,Standard,{},141cd394-10cc-4f28-a432-683569431069,df77471e-608e-4234-975c-950be5faa026,681241ef-286a-4a2f-a63a-27747bdd304a,e2729896-4cc3-47b1-9034-499af28b2358,
,,,DM,Standard,{},c81bb64f-981c-43f9-9063-1251afec3cd2,15370ac0-99c4-485c-aba2-210cc90d1148,681241ef-286a-4a2f-a63a-27747bdd304a,3799308b-0613-4ebb-8533-93a7f19f4af7,
,,,DM,Standard,{},19f510d9-9715-4449-9234-83ab158c3153,15370ac0-99c4-485c-aba2-210cc90d1148,50ff050a-1885-4a50-be27-a0f77e924065,e0ce1078-2d1f-426b-9367-2bcc64e89cec,
,,,DM,Standard,{},d602ec61-ae93-4348-b81b-5ba563819276,15370ac0-99c4-485c-aba2-210cc90d1148,50ff050a-1885-4a50-be27-a0f77e924065,3799308b-0613-4ebb-8533-93a7f19f4af7,
,,,DM,Standard,{},48fa7049-be99-4ce4-b807-3c1442733c20,df77471e-608e-4234-975c-950be5faa026,50ff050a-1885-4a50-be27-a0f77e924065,e2729896-4cc3-47b1-9034-499af28b2358,
,,,TM,Standard,{},c97b7c0b-f19e-4de4-957c-afeb4de429c4,f7a1bdc2-c847-4e89-930b-b02bdedd476f,1ad7ad03-f86c-4d58-8b03-10109e9685b8,3799308b-0613-4ebb-8533-93a7f19f4af7,
,,,TM,Standard,{},1223e698-a390-494e-9bab-7d70af03419b,a67284d7-697d-4f35-adca-ab9db2dcd973,1ad7ad03-f86c-4d58-8b03-10109e9685b8,ff2c8c3a-ce5c-451e-a079-c853ccd1e1f3,
,,,TM,Standard,{},d494a7db-efcf-4bcb-93ac-334511862a6e,df77471e-608e-4234-975c-950be5faa026,1ad7ad03-f86c-4d58-8b03-10109e9685b8,c4c4b466-8814-4fec-bb3c-36274da5e1a5,
,,,TM,Standard,{},22a1dcc7-286e-4970-b0e7-34a15501f242,4acee615-ca2f-4f30-be0c-6bd79c6cac5c,c8cfe1ff-aefd-4c43-a692-22f01eca4c5d,3799308b-0613-4ebb-8533-93a7f19f4af7,
,,,TM,Standard,{},796ec2d4-0e63-4f31-856a-1b18760534b1,1c9c7b07-cd69-4276-8e26-17a1aca7f9d6,c8cfe1ff-aefd-4c43-a692-22f01eca4c5d,ff2c8c3a-ce5c-451e-a079-c853ccd1e1f3,
,,,TM,Standard,{},4b6296d9-0833-485e-8220-788993ca01e3,ef61734d-6452-496c-a1f8-ad9066132592,c8cfe1ff-aefd-4c43-a692-22f01eca4c5d,8833dccf-c99e-459d-9a47-9ba189df5a66,
,,,MX5,Standard,{},3573dcea-5786-4224-945d-1a5f51b513fb,8c3144dd-9108-42a4-8c3a-4d707f8b3975,b2f7cc11-a0a9-409c-9520-83e438bd3e6d,ff2c8c3a-ce5c-451e-a079-c853ccd1e1f3,
,,,MX5,Standard,{},421a9e71-42c7-4023-bf1d-8d59315ef742,eeeb0eb9-1059-4c38-a8e8-d33684ac8829,b2f7cc11-a0a9-409c-9520-83e438bd3e6d,ff2c8c3a-ce5c-451e-a079-c853ccd1e1f3,
,,,MX5,Standard,{},fc3edca4-9489-4b79-b5b7-397cbe3cdd61,65785f5f-805b-4be8-b097-111a60f70ef5,b2f7cc11-a0a9-409c-9520-83e438bd3e6d,8833dccf-c99e-459d-9a47-9ba189df5a66,
,,,NC,Standard,{},95170e47-c580-4831-800d-14cce8f6c0cd,67d139e7-1fba-40eb-9a1f-b36d22388998,c795fede-3e3a-4b3b-9a59-e35f23262384,95afacdd-c33b-49ea-926d-e710191e60c4,
,,,NC,Standard,{},faaa7fc2-b24b-43cb-a55b-854ff8026b83,df77471e-608e-4234-975c-950be5faa026,c795fede-3e3a-4b3b-9a59-e35f23262384,e2729896-4cc3-47b1-9034-499af28b2358,
,,,NC,Standard,{},80fccd37-cbdc-4703-82d1-a99ba52610a8,3c7e5984-fd2f-48cc-b96c-d91487783f3b,20b3543c-5995-4c0c-ab0b-2a764881bbbf,95afacdd-c33b-49ea-926d-e710191e60c4,
,,,NC,Standard,{},14923c36-3184-4619-bf7d-ef5695868be7,df77471e-608e-4234-975c-950be5faa026,20b3543c-5995-4c0c-ab0b-2a764881bbbf,e2729896-4cc3-47b1-9034-499af28b2358,
,,,EF,Standard,{},fd18e374-c094-4e77-81ca-0de53758e31c,e7836fd8-7f31-41a1-b473-2dbe19d99a51,6267a053-0445-4b76-bfb4-3d2fb368024c,de2e23a7-4bf9-452a-8223-6080288e2c74,
,,,EF,Standard,{},bfa81014-89d9-4ad3-869d-d39fbc898924,9098ea4a-7ce4-41f5-8ba5-9ed749c21977,6267a053-0445-4b76-bfb4-3d2fb368024c,de2e23a7-4bf9-452a-8223-6080288e2c74,
,,,EF,Standard,{},7afa494b-08bb-4395-bc34-91e6100d5bff,67c52f73-754e-4c1d-85d9-c87a4e57ea10,6267a053-0445-4b76-bfb4-3d2fb368024c,de2e23a7-4bf9-452a-8223-6080288e2c74,
,,,EF,Standard,{},a24f7d6c-8da4-4dbc-a646-a9554574e5fc,9dd39390-6694-4e63-9122-d89ea0170968,6267a053-0445-4b76-bfb4-3d2fb368024c,de2e23a7-4bf9-452a-8223-6080288e2c74,
,,,EF,Standard,{},2a46312e-8b9f-4870-97c1-3db8ec764086,e7836fd8-7f31-41a1-b473-2dbe19d99a51,1250ecaa-43a3-4037-89ba-1e09d834792c,de2e23a7-4bf9-452a-8223-6080288e2c74,
,,,EF,Standard,{},2b1428e8-6289-43da-9d7c-2309c304b373,9098ea4a-7ce4-41f5-8ba5-9ed749c21977,1250ecaa-43a3-4037-89ba-1e09d834792c,de2e23a7-4bf9-452a-8223-6080288e2c74,
,,,EF,Standard,{},2d9857b3-339e-4b55-afaa-d2bef55238f6,8de33aee-e394-4566-8519-de34a84cf8a9,1250ecaa-43a3-4037-89ba-1e09d834792c,de2e23a7-4bf9-452a-8223-6080288e2c74,
,,,EF,Standard,{},216c4fcb-c8bd-4509-a9f5-4a0db298a872,413c00c2-7e5a-4624-8c58-155a1c276469,1250ecaa-43a3-4037-89ba-1e09d834792c,de2e23a7-4bf9-452a-8223-6080288e2c74,
,,,NF,Standard,{},17472906-b8cd-49b5-b119-6f3779fbd3be,253069fb-ebc6-4c9c-80d9-7671aa3cea5d,e374c891-4eef-462c-b454-f89be65c46de,de2e23a7-4bf9-452a-8223-6080288e2c74,
,,,NF,Standard,{},66f9c805-10e8-4703-9368-6590dc29b640,1e8d4835-608f-4b13-be8d-2371c6aca1d0,e374c891-4eef-462c-b454-f89be65c46de,fb0b8977-df4c-4591-8437-159313d5f00b,
,,,NF,Standard,{},5f4535ae-ffba-4a4d-b654-74fabe45e3c4,7a088558-ad6a-4950-8dd0-4f452580b45f,e374c891-4eef-462c-b454-f89be65c46de,fb0b8977-df4c-4591-8437-159313d5f00b,
,,,NF,Standard,{},94c1fedf-f2f6-4f21-aed9-7e61a59b7755,7a088558-ad6a-4950-8dd0-4f452580b45f,e374c891-4eef-462c-b454-f89be65c46de,5259e4cc-4882-41d4-90fe-34bfd80b5e93,
,,,NF,Standard,{},04f33f91-d3f5-4727-9ee9-26baafdaef09,962aedca-5d92-4465-b26e-a9f676a19576,e374c891-4eef-462c-b454-f89be65c46de,fb0b8977-df4c-4591-8437-159313d5f00b,
,,,NF,Standard,{},08386911-2848-4f29-bfac-a4d043fb337b,b4ba5176-c138-4263-ba74-3e0cde9e4cb7,a604ea6d-014b-43bd-afc9-0759d2e37d5f,de2e23a7-4bf9-452a-8223-6080288e2c74,
,,,NF,Standard,{},dfe4a644-d8f3-42c7-ba20-692e1370c1f5,15370ac0-99c4-485c-aba2-210cc90d1148,a604ea6d-014b-43bd-afc9-0759d2e37d5f,fb0b8977-df4c-4591-8437-159313d5f00b,
,,,NF,Standard,{},37b9deca-930a-4a8c-9b99-1b66f64e64bb,15370ac0-99c4-485c-aba2-210cc90d1148,a604ea6d-014b-43bd-afc9-0759d2e37d5f,05ce06d5-aaa3-41c2-a821-0bab0e4b84c7,
,,,NF,Standard,{},34e59765-70a4-407b-8c15-552b32bcd77c,7a088558-ad6a-4950-8dd0-4f452580b45f,a604ea6d-014b-43bd-afc9-0759d2e37d5f,fb0b8977-df4c-4591-8437-159313d5f00b,
,,,NF,Standard,{},c2ec3d64-a020-4637-934a-33c95044e33f,7a088558-ad6a-4950-8dd0-4f452580b45f,a604ea6d-014b-43bd-afc9-0759d2e37d5f,5259e4cc-4882-41d4-90fe-34bfd80b5e93,
,,,NF,Standard,{},15b8f6a9-44d6-45b7-8912-f5d8ba32acdc,962aedca-5d92-4465-b26e-a9f676a19576,a604ea6d-014b-43bd-afc9-0759d2e37d5f,fb0b8977-df4c-4591-8437-159313d5f00b,
,,,YF,Standard,{},d3eac1d2-7504-47ae-9684-bfb30e7002ac,b4ba5176-c138-4263-ba74-3e0cde9e4cb7,f980cf48-cba4-4e29-b933-b99ad10e4aa0,b767bfc8-f57f-4d0d-a67c-3cf7f425ef03,
,,,YF,Standard,{},370080f3-8aa0-4e82-8c06-29ed9c32ba4a,b4ba5176-c138-4263-ba74-3e0cde9e4cb7,f980cf48-cba4-4e29-b933-b99ad10e4aa0,6a0c3357-ddad-470f-a347-431482ec990a,
,,,YF,Standard,{},c14ba9b6-f54c-442d-82c3-629fcea6612a,15370ac0-99c4-485c-aba2-210cc90d1148,f980cf48-cba4-4e29-b933-b99ad10e4aa0,6a0c3357-ddad-470f-a347-431482ec990a,
,,,LF,Standard,{},49405c4d-fc3c-4ecc-bd94-3dadb7c6ed6e,72468b3b-c315-4e0a-ae6e-8a4350271afa,dd7b1536-81f3-4f29-b80c-4b5c19963e14,8a979483-d2dd-4036-9ae4-22dfb65d1c48,
,,,LF,Standard,{},dc045d28-3463-4a10-8b19-93206541f0e2,e8fb708f-521c-431e-ada3-7c3fa7f42c4b,dd7b1536-81f3-4f29-b80c-4b5c19963e14,6a0c3357-ddad-470f-a347-431482ec990a,
,,,LF,Standard,{},fa1465d1-a831-42aa-af80-31451881d39a,def70b76-147d-4549-a292-4b84bb534061,dd7b1536-81f3-4f29-b80c-4b5c19963e14,ff2c8c3a-ce5c-451e-a079-c853ccd1e1f3,
,,,LF,Standard,{},d40df5d5-223f-443e-82e5-962be5e1e713,f7a1bdc2-c847-4e89-930b-b02bdedd476f,dd7b1536-81f3-4f29-b80c-4b5c19963e14,3799308b-0613-4ebb-8533-93a7f19f4af7,
,,,LF,Standard,{},0544f013-e325-4dbf-8299-a62a8e9bc2d7,2475d288-673d-44e8-a4b0-d7333bd2804f,dd7b1536-81f3-4f29-b80c-4b5c19963e14,8a979483-d2dd-4036-9ae4-22dfb65d1c48,
,,,LF,Standard,{},86328aa3-91e4-49cd-8f3c-a52411f2a6fc,e8fb708f-521c-431e-ada3-7c3fa7f42c4b,770b3aaf-b872-4160-adbe-1fc1d74c4c83,6a0c3357-ddad-470f-a347-431482ec990a,
,,,LF,Standard,{},8dc7e015-e28d-4993-bcb9-fed1f4fe4642,f7a1bdc2-c847-4e89-930b-b02bdedd476f,770b3aaf-b872-4160-adbe-1fc1d74c4c83,3799308b-0613-4ebb-8533-93a7f19f4af7,
,,,DN8,Standard,{},6f9ea9b0-dd95-4668-a5e9-66597795f83b,e8fb708f-521c-431e-ada3-7c3fa7f42c4b,efc8e8f0-fe77-4f27-82d6-74b6c06d5957,6a0c3357-ddad-470f-a347-431482ec990a,
,,,DN8,Standard,{},3e223160-b2bc-4421-9121-672155379592,4acee615-ca2f-4f30-be0c-6bd79c6cac5c,efc8e8f0-fe77-4f27-82d6-74b6c06d5957,3799308b-0613-4ebb-8533-93a7f19f4af7,
,,,DN8,Standard,{},ec002eb6-529a-4cdf-a6d1-0f75ed9b0e8d,a78ef499-6a85-4766-ac9c-4658d65baa98,efc8e8f0-fe77-4f27-82d6-74b6c06d5957,8a979483-d2dd-4036-9ae4-22dfb65d1c48,
,,,DN8,Standard,{},9b6d7e1f-3d2a-4f59-9897-8bf74def41c0,eeeb0eb9-1059-4c38-a8e8-d33684ac8829,efc8e8f0-fe77-4f27-82d6-74b6c06d5957,3f091fc7-8ce8-4b23-a2e3-a92f04386a2d,
,,,DN8,Standard,{},ac690a3f-8b33-40df-9320-6a0c8bd30317,65785f5f-805b-4be8-b097-111a60f70ef5,018c9482-8b1c-429d-99e2-f6b277cc2256,8833dccf-c99e-459d-9a47-9ba189df5a66,
,,,RB,Standard,{},67a8a4db-9033-4e93-8bb1-19c7c483bc71,f7e2bd56-57d5-4ad6-98ae-90c37e18b599,42f9d5fc-c1db-4ea3-9aec-2b20ce93997d,bd411c1e-33d2-4b34-8b24-2ad5e1de35a0,
,,,RB,Standard,{},a993949b-3999-4657-a78f-b4b9f2f7d4aa,f7e2bd56-57d5-4ad6-98ae-90c37e18b599,42f9d5fc-c1db-4ea3-9aec-2b20ce93997d,5fa45b3f-40df-4970-88d0-c7f69e3f1c67,
,,,RB,Standard,{},292bc5d8-0f08-4a25-b519-ad838d9c2c1d,58537a87-4d91-4e18-9e1c-39f7283d228b,42f9d5fc-c1db-4ea3-9aec-2b20ce93997d,bd411c1e-33d2-4b34-8b24-2ad5e1de35a0,
,,,RB,Standard,{},8d3875e5-4bb6-481c-ac9f-90439e5d3d17,58537a87-4d91-4e18-9e1c-39f7283d228b,42f9d5fc-c1db-4ea3-9aec-2b20ce93997d,5fa45b3f-40df-4970-88d0-c7f69e3f1c67,
,,,RB,Standard,{},d7ec59eb-dcd0-41e8-beb3-09b9c9acb334,f7e2bd56-57d5-4ad6-98ae-90c37e18b599,55ebb5dd-604d-4b0d-9657-ec78d8146428,bd411c1e-33d2-4b34-8b24-2ad5e1de35a0,
,,,RB,Standard,{},f0d566ef-5c24-4fa3-ade8-cf22377e053c,f7e2bd56-57d5-4ad6-98ae-90c37e18b599,55ebb5dd-604d-4b0d-9657-ec78d8146428,5fa45b3f-40df-4970-88d0-c7f69e3f1c67,
,,,RB,Standard,{},35b13f16-a930-4694-a294-d5aaec9525a1,58537a87-4d91-4e18-9e1c-39f7283d228b,55ebb5dd-604d-4b0d-9657-ec78d8146428,1f075483-8740-4375-bf0b-ff2c41cd8fa6,
,,,RB,Standard,{},9dbe33b1-73a5-482e-bdc9-490da5519657,58537a87-4d91-4e18-9e1c-39f7283d228b,55ebb5dd-604d-4b0d-9657-ec78d8146428,a68e50b0-a4ed-4bbd-9d6b-cc66dec651ca,
,,,HC,Standard,{},0ffaf5fb-3dd1-4b0a-b5f4-24a6ddaf97ae,9b89eeb5-22d2-40a0-b45b-cf170f7d12e9,369db7a0-ee0b-4f64-ab27-002e68f3eba7,1f075483-8740-4375-bf0b-ff2c41cd8fa6,
,,,HC,Standard,{},26164b1f-16c3-4b2c-923d-05bb8152a868,9b89eeb5-22d2-40a0-b45b-cf170f7d12e9,369db7a0-ee0b-4f64-ab27-002e68f3eba7,a68e50b0-a4ed-4bbd-9d6b-cc66dec651ca,
,,,HC,Standard,{},0e641545-285e-4e3b-95e6-34e85156fbd5,a7c5c4ec-20ac-42b7-a7be-99e1648c040f,369db7a0-ee0b-4f64-ab27-002e68f3eba7,1f075483-8740-4375-bf0b-ff2c41cd8fa6,
,,,HC,Standard,{},7c1452c2-ba65-4ea3-8e00-025d9680b18b,a7c5c4ec-20ac-42b7-a7be-99e1648c040f,369db7a0-ee0b-4f64-ab27-002e68f3eba7,a68e50b0-a4ed-4bbd-9d6b-cc66dec651ca,
,,,HC,Standard,{},067b0ed4-8217-46c5-b878-6a2e1dbfeb6a,9b89eeb5-22d2-40a0-b45b-cf170f7d12e9,6c88ee14-68c0-422c-b203-055f8db05b57,1f075483-8740-4375-bf0b-ff2c41cd8fa6,
,,,HC,Standard,{},46aee348-82b0-4ffa-830d-c351a343d7fd,9b89eeb5-22d2-40a0-b45b-cf170f7d12e9,6c88ee14-68c0-422c-b203-055f8db05b57,a68e50b0-a4ed-4bbd-9d6b-cc66dec651ca,
,,,HC,Standard,{},44fa9bb2-9243-45d8-b9d0-f6e09fa231a0,a7c5c4ec-20ac-42b7-a7be-99e1648c040f,6c88ee14-68c0-422c-b203-055f8db05b57,1f075483-8740-4375-bf0b-ff2c41cd8fa6,
,,,HC,Standard,{},92a19cae-4955-4c16-b4bd-2b5f3be096a9,a7c5c4ec-20ac-42b7-a7be-99e1648c040f,6c88ee14-68c0-422c-b203-055f8db05b57,a68e50b0-a4ed-4bbd-9d6b-cc66dec651ca,
,,,A1,Standard,{},6f18ab2f-6fcd-4661-bddc-367f908b19d6,0780f07f-9eed-4b6f-89b1-617dffa8bacc,99ca9c70-85de-4eaf-8ac1-9d8dbf0903fc,942e7d48-5cff-43dc-acda-3376972d0ec3,
,,,A1,Standard,{},7114bd24-509f-4af4-acff-c3fd12cdee0a,8bcad6c3-8882-430e-a206-d389ca2cb71b,99ca9c70-85de-4eaf-8ac1-9d8dbf0903fc,942e7d48-5cff-43dc-acda-3376972d0ec3,
,,,A1,Standard,{},7a7f4908-27cc-4beb-bfc3-dd3f9659cc7d,3e5e6389-f39a-413f-9529-cb49389b5cb6,99ca9c70-85de-4eaf-8ac1-9d8dbf0903fc,942e7d48-5cff-43dc-acda-3376972d0ec3,
,,,A1,Standard,{},92b10786-1db7-4925-af6d-2ef666038647,862fe793-0350-454a-a42e-fc5556fb0321,99ca9c70-85de-4eaf-8ac1-9d8dbf0903fc,942e7d48-5cff-43dc-acda-3376972d0ec3,
,,,A1,Standard,{},e43ec229-1e41-4e89-9e4a-d52e9e252234,f2991219-7b0e-421f-b3ae-d7709e20100e,99ca9c70-85de-4eaf-8ac1-9d8dbf0903fc,942e7d48-5cff-43dc-acda-3376972d0ec3,
,,,A1,Standard,{},e75ceb2e-8788-4284-b8bb-859e5f15cfbc,67c52f73-754e-4c1d-85d9-c87a4e57ea10,99ca9c70-85de-4eaf-8ac1-9d8dbf0903fc,942e7d48-5cff-43dc-acda-3376972d0ec3,
,,,A1,Standard,{},7ff8aac3-9fe2-4651-b127-83d4877b33a5,9a778e20-41ba-47f0-ba34-34b632f960dc,99ca9c70-85de-4eaf-8ac1-9d8dbf0903fc,17fd27f3-874c-4084-a013-fdcb059931b5,
,,,A1,Standard,{},27e4977e-c2fa-48e2-86e6-46f29ba23b1a,0780f07f-9eed-4b6f-89b1-617dffa8bacc,bcf7be2b-f121-41e4-b5c6-87bf51b36dd3,942e7d48-5cff-43dc-acda-3376972d0ec3,
,,,A1,Standard,{},3bd71180-8076-4538-b874-253198a3bc04,67c52f73-754e-4c1d-85d9-c87a4e57ea10,bcf7be2b-f121-41e4-b5c6-87bf51b36dd3,942e7d48-5cff-43dc-acda-3376972d0ec3,
,,,A1,Standard,{},d73e3f07-277b-4fbd-80d3-83058d66310d,f2991219-7b0e-421f-b3ae-d7709e20100e,bcf7be2b-f121-41e4-b5c6-87bf51b36dd3,942e7d48-5cff-43dc-acda-3376972d0ec3,
,,,A1,Standard,{},05a8a8bd-ec1a-4284-b29d-97693605c60d,9a778e20-41ba-47f0-ba34-34b632f960dc,bcf7be2b-f121-41e4-b5c6-87bf51b36dd3,17fd27f3-874c-4084-a013-fdcb059931b5,
,,,TQ,Standard,{},838f4d9b-9877-4ddf-a1a1-e1cfb40694de,0b2aa07c-883d-4ce1-9963-9f7bdd5cb2d8,f7aa3377-894d-4248-b563-0d8dc67ded9d,ea3120c3-1e64-459c-9beb-b88af92bdcb2,
,,,TQ,Standard,{},c6d4236d-2aeb-4aeb-8fbb-a64e039dc2cc,0b2aa07c-883d-4ce1-9963-9f7bdd5cb2d8,f7aa3377-894d-4248-b563-0d8dc67ded9d,0a7a9065-0af4-49be-b519-2845e4d45687,
,,,TQ,Standard,{},c17f111d-e9fb-4914-9690-05079f287e5c,9a778e20-41ba-47f0-ba34-34b632f960dc,f7aa3377-894d-4248-b563-0d8dc67ded9d,ea3120c3-1e64-459c-9beb-b88af92bdcb2,
,,,TQ,Standard,{},943cf9a8-f87a-4d56-9989-724808905dd2,9a778e20-41ba-47f0-ba34-34b632f960dc,f7aa3377-894d-4248-b563-0d8dc67ded9d,0a7a9065-0af4-49be-b519-2845e4d45687,
,,,TQ,Standard,{},3d6cab33-3652-421a-beb7-7dd2fe1496aa,0b2aa07c-883d-4ce1-9963-9f7bdd5cb2d8,7aae4aa3-b6df-4dee-b9ff-734c867f8eb1,ea3120c3-1e64-459c-9beb-b88af92bdcb2,
,,,TQ,Standard,{},3c51cd5e-ed55-49ef-95f9-c178f33771f0,0b2aa07c-883d-4ce1-9963-9f7bdd5cb2d8,7aae4aa3-b6df-4dee-b9ff-734c867f8eb1,0a7a9065-0af4-49be-b519-2845e4d45687,
,,,TQ,Standard,{},5b667aa2-5085-485d-a76a-21db37a91f2b,9a778e20-41ba-47f0-ba34-34b632f960dc,7aae4aa3-b6df-4dee-b9ff-734c867f8eb1,92dce736-b75b-44d1-b5f3-a3d3f2363ddf,
,,,TQ,Standard,{},9a0142f3-7002-468f-a38d-b750212a4945,9a778e20-41ba-47f0-ba34-34b632f960dc,7aae4aa3-b6df-4dee-b9ff-734c867f8eb1,0a7a9065-0af4-49be-b519-2845e4d45687,
,,,TQ,Standard,{},638e49aa-bb6c-48f1-aaa9-49958b2910cb,9a778e20-41ba-47f0-ba34-34b632f960dc,7aae4aa3-b6df-4dee-b9ff-734c867f8eb1,92dce736-b75b-44d1-b5f3-a3d3f2363ddf,
,,,TQ,Standard,{},122ed006-bdd6-4e56-aebd-dcfd8ff7b9bd,9a778e20-41ba-47f0-ba34-34b632f960dc,7aae4aa3-b6df-4dee-b9ff-734c867f8eb1,0a7a9065-0af4-49be-b519-2845e4d45687,
,,,US4,Standard,{},899830b7-04f0-4491-b7e2-a8b1a34c3ff1,1c9c7b07-cd69-4276-8e26-17a1aca7f9d6,bf82bc9d-4374-44b7-9c49-b1c08c18f9bf,c4c4b466-8814-4fec-bb3c-36274da5e1a5,
,,,US4,Standard,{},11157453-7530-4a38-a461-bca058714d15,df77471e-608e-4234-975c-950be5faa026,bf82bc9d-4374-44b7-9c49-b1c08c18f9bf,fa946e42-efb0-4e8e-9a20-d56f121c466f,
,,,US4,Standard,{},52fa9b1e-e5f8-4997-88f0-ffe543e1fba7,df77471e-608e-4234-975c-950be5faa026,bf82bc9d-4374-44b7-9c49-b1c08c18f9bf,c4c4b466-8814-4fec-bb3c-36274da5e1a5,
,,,US4,Standard,{},b152e481-b290-41c3-bf03-829ac309b018,1c9c7b07-cd69-4276-8e26-17a1aca7f9d6,0ffe0f26-457d-4210-a76a-7bb880ab35dd,c4c4b466-8814-4fec-bb3c-36274da5e1a5,
,,,HP,Standard,{},49955387-a64c-49b4-afd3-7f84917f75da,6471e1eb-f436-4b73-9bfe-4a2850654de4,b835d686-a8f4-4810-85e3-e0f4769dfd4f,17fd27f3-874c-4084-a013-fdcb059931b5,
,,,HP,Standard,{},33064e05-3af4-4af5-8138-9514797e14fa,f2991219-7b0e-421f-b3ae-d7709e20100e,b835d686-a8f4-4810-85e3-e0f4769dfd4f,17fd27f3-874c-4084-a013-fdcb059931b5,
,,,HP,Standard,{},c0465108-0964-4e05-8119-5b525789ecad,6471e1eb-f436-4b73-9bfe-4a2850654de4,b141b27a-0ba4-4fb7-8896-91d1e9a2b038,17fd27f3-874c-4084-a013-fdcb059931b5,
,,,HP,Standard,{},466bbc27-fbbb-4a63-908e-333d8c7a07fc,f2991219-7b0e-421f-b3ae-d7709e20100e,b141b27a-0ba4-4fb7-8896-91d1e9a2b038,17fd27f3-874c-4084-a013-fdcb059931b5,
,,,FO,Standard,{},90cab0a2-c6fd-40fe-95ac-4a05b4fcaaf8,9098ea4a-7ce4-41f5-8ba5-9ed749c21977,49cdfdda-4972-4259-bd08-ae4945419662,1f8aa102-2c2d-4c79-8ff3-6765ceba9985,
,,,FO,Standard,{},205b884e-93c2-4c93-8040-017439fef1be,962aedca-5d92-4465-b26e-a9f676a19576,49cdfdda-4972-4259-bd08-ae4945419662,1f8aa102-2c2d-4c79-8ff3-6765ceba9985,
,,,FO,Standard,{},ac844640-859e-4061-94e4-f45cb0f4c42e,8de33aee-e394-4566-8519-de34a84cf8a9,afbca808-7293-41ec-a2c7-72eff3f726eb,1f8aa102-2c2d-4c79-8ff3-6765ceba9985,
,,,JM,Standard,{},5f3c47d7-a546-4de1-a39a-9b7b30c54051,8de33aee-e394-4566-8519-de34a84cf8a9,78203af2-8594-4368-8fd2-563d3fced8d9,de2e23a7-4bf9-452a-8223-6080288e2c74,
,,,JM,Standard,{},40131cba-780b-4456-aed0-3c5679cf7c48,8de33aee-e394-4566-8519-de34a84cf8a9,78203af2-8594-4368-8fd2-563d3fced8d9,de2e23a7-4bf9-452a-8223-6080288e2c74,
,,,JM,Standard,{},c6921d9f-ecbd-4ade-b975-6c6789e95cb7,962aedca-5d92-4465-b26e-a9f676a19576,78203af2-8594-4368-8fd2-563d3fced8d9,de2e23a7-4bf9-452a-8223-6080288e2c74,
,,,LM,Standard,{},268ce439-f9e7-4842-8506-d474e810fb1f,b4ba5176-c138-4263-ba74-3e0cde9e4cb7,a04fb35a-3aef-4940-ada0-074bf99a72a3,de2e23a7-4bf9-452a-8223-6080288e2c74,
,,,LM,Standard,{},1f47c8c0-99b9-4590-90f2-3f657a514d02,b4ba5176-c138-4263-ba74-3e0cde9e4cb7,a04fb35a-3aef-4940-ada0-074bf99a72a3,6a0c3357-ddad-470f-a347-431482ec990a,
,,,LM,Standard,{},145c466c-71a4-4a58-aa6d-c5a0cd95f05b,b4ba5176-c138-4263-ba74-3e0cde9e4cb7,a04fb35a-3aef-4940-ada0-074bf99a72a3,de2e23a7-4bf9-452a-8223-6080288e2c74,
,,,LM,Standard,{},b53dec46-a181-4da4-89a1-56b241a728e0,b4ba5176-c138-4263-ba74-3e0cde9e4cb7,a04fb35a-3aef-4940-ada0-074bf99a72a3,6a0c3357-ddad-470f-a347-431482ec990a,
,,,LM,Standard,{},5b8d3c1b-8f2f-4430-8470-59a5087bf1dc,d5a6a18c-948d-4483-bbe0-6fe4dd59b616,a04fb35a-3aef-4940-ada0-074bf99a72a3,e0ce1078-2d1f-426b-9367-2bcc64e89cec,
,,,LM,Standard,{},ea255384-5956-46c0-9815-ca1dbd6892b7,d5a6a18c-948d-4483-bbe0-6fe4dd59b616,a04fb35a-3aef-4940-ada0-074bf99a72a3,dc56b0e5-a85e-4d21-8f29-5448ec5ba764,
,,,LM,Standard,{},6901c831-4147-4d73-94a3-45252907659c,e8fb708f-521c-431e-ada3-7c3fa7f42c4b,a2251930-59c2-41cc-97fa-f78d85409a6d,e45850a9-a75c-4acd-ae3f-44113b35f636,
,,,LM,Standard,{},5345b107-bbae-49f1-bd22-a70642d21235,e8fb708f-521c-431e-ada3-7c3fa7f42c4b,a2251930-59c2-41cc-97fa-f78d85409a6d,6a0c3357-ddad-470f-a347-431482ec990a,
,,,LM,Standard,{},25ea6baa-9e94-4914-aa46-dd1c6c13656d,e8fb708f-521c-431e-ada3-7c3fa7f42c4b,a2251930-59c2-41cc-97fa-f78d85409a6d,e45850a9-a75c-4acd-ae3f-44113b35f636,
,,,LM,Standard,{},645dd79e-3946-4d45-806c-738707e8a0d3,e8fb708f-521c-431e-ada3-7c3fa7f42c4b,a2251930-59c2-41cc-97fa-f78d85409a6d,6a0c3357-ddad-470f-a347-431482ec990a,
,,,LM,Standard,{},6ed9fc4b-a562-45f9-9fd4-37e5d3c22544,d5a6a18c-948d-4483-bbe0-6fe4dd59b616,a2251930-59c2-41cc-97fa-f78d85409a6d,dc56b0e5-a85e-4d21-8f29-5448ec5ba764,
,,,TL,Standard,{},f9d39402-dd48-4e65-b3b6-97200d2d9a12,7c543176-6d90-49da-889c-0ccba5e2d813,1f88fdf0-7583-4b9d-9500-5a448a24524d,1f075483-8740-4375-bf0b-ff2c41cd8fa6,
,,,TL,Standard,{},6d69fdca-40b3-4fb6-baad-528d39e0524c,e8fb708f-521c-431e-ada3-7c3fa7f42c4b,1f88fdf0-7583-4b9d-9500-5a448a24524d,e45850a9-a75c-4acd-ae3f-44113b35f636,
,,,TL,Standard,{},55607a51-bd37-49ee-b7b9-9629da7bc1b9,e8fb708f-521c-431e-ada3-7c3fa7f42c4b,1f88fdf0-7583-4b9d-9500-5a448a24524d,6a0c3357-ddad-470f-a347-431482ec990a,
,,,TL,Standard,{},60968d0f-65cf-4adc-9ceb-c71f7e2be10a,72468b3b-c315-4e0a-ae6e-8a4350271afa,1f88fdf0-7583-4b9d-9500-5a448a24524d,8a979483-d2dd-4036-9ae4-22dfb65d1c48,
,,,TL,Standard,{},fe34ba83-a50f-4bc0-b332-c597ba0de7e4,e8fb708f-521c-431e-ada3-7c3fa7f42c4b,1f88fdf0-7583-4b9d-9500-5a448a24524d,e45850a9-a75c-4acd-ae3f-44113b35f636,
,,,TL,Standard,{},c0497563-b7c7-44d5-99d4-a407677a58f7,e8fb708f-521c-431e-ada3-7c3fa7f42c4b,1f88fdf0-7583-4b9d-9500-5a448a24524d,6a0c3357-ddad-470f-a347-431482ec990a,
,,,TL,Standard,{},48f9e25a-7bc3-4c0e-8765-d90e59eda356,d5a6a18c-948d-4483-bbe0-6fe4dd59b616,1f88fdf0-7583-4b9d-9500-5a448a24524d,dc56b0e5-a85e-4d21-8f29-5448ec5ba764,
,,,TL,Standard,{},ff696f75-d85d-41a9-ae02-fd71046abec2,e8fb708f-521c-431e-ada3-7c3fa7f42c4b,5db8d883-9462-44b2-b458-2e5ea7e05752,e45850a9-a75c-4acd-ae3f-44113b35f636,
,,,TL,Standard,{},16c22762-3301-4a45-bd36-30b4c11a8c72,e8fb708f-521c-431e-ada3-7c3fa7f42c4b,5db8d883-9462-44b2-b458-2e5ea7e05752,6a0c3357-ddad-470f-a347-431482ec990a,
,,,TL,Standard,{},c8adafc9-e3a8-4f76-9db8-ad40fb332a15,72468b3b-c315-4e0a-ae6e-8a4350271afa,5db8d883-9462-44b2-b458-2e5ea7e05752,8a979483-d2dd-4036-9ae4-22dfb65d1c48,
,,,TL,Standard,{},6f85de23-831a-4b2c-a56c-39477f4dba0d,e8fb708f-521c-431e-ada3-7c3fa7f42c4b,5db8d883-9462-44b2-b458-2e5ea7e05752,e45850a9-a75c-4acd-ae3f-44113b35f636,
,,,TL,Standard,{},4ae2df73-7aef-48de-8e21-1a77b736cdba,e8fb708f-521c-431e-ada3-7c3fa7f42c4b,5db8d883-9462-44b2-b458-2e5ea7e05752,6a0c3357-ddad-470f-a347-431482ec990a,
,,,TL,Standard,{},837b7f17-3784-45f2-9d18-8832f903b2a4,d5a6a18c-948d-4483-bbe0-6fe4dd59b616,5db8d883-9462-44b2-b458-2e5ea7e05752,ff2c8c3a-ce5c-451e-a079-c853ccd1e1f3,
,,,NX4,Standard,{},b959febe-a5b3-49ae-9e7c-339f4b8cdcb2,152d2e81-6818-4ca2-a5fb-0c7115d2a9d1,c8897863-e513-4c6d-bca7-3c214656a505,e45850a9-a75c-4acd-ae3f-44113b35f636,
,,,NX4,Standard,{},0253811c-503f-4d2b-9936-8837aeb14ed6,152d2e81-6818-4ca2-a5fb-0c7115d2a9d1,c8897863-e513-4c6d-bca7-3c214656a505,6a0c3357-ddad-470f-a347-431482ec990a,
,,,NX4,Standard,{},d2f309cc-5c8e-40be-b3cb-a6edd22248ad,152d2e81-6818-4ca2-a5fb-0c7115d2a9d1,c8897863-e513-4c6d-bca7-3c214656a505,e45850a9-a75c-4acd-ae3f-44113b35f636,
,,,NX4,Standard,{},371cf558-bf9f-4dd1-916e-08cae40a773e,152d2e81-6818-4ca2-a5fb-0c7115d2a9d1,c8897863-e513-4c6d-bca7-3c214656a505,6a0c3357-ddad-470f-a347-431482ec990a,
,,,NX4,Standard,{},bf4def83-fe59-4b46-a3ea-5c6bb0740431,eeeb0eb9-1059-4c38-a8e8-d33684ac8829,c8897863-e513-4c6d-bca7-3c214656a505,3f091fc7-8ce8-4b23-a2e3-a92f04386a2d,
,,,NX4,Standard,{},55651915-6d7f-4bc0-882e-08d3dd362550,af404df5-7afe-41fc-ac5e-b85d683f3fee,c8897863-e513-4c6d-bca7-3c214656a505,c4c4b466-8814-4fec-bb3c-36274da5e1a5,
,,,NX4,Standard,{},006da78e-837f-44e3-9d02-c50652009944,0fdcf893-698e-4140-b000-c80475f52644,2fd2a938-426c-47e1-93e2-a26c35c2c637,8a979483-d2dd-4036-9ae4-22dfb65d1c48,
,,,NX4,Standard,{},e5f2370d-882c-49d8-9bb7-ffa341737257,a78ef499-6a85-4766-ac9c-4658d65baa98,2fd2a938-426c-47e1-93e2-a26c35c2c637,8a979483-d2dd-4036-9ae4-22dfb65d1c48,
,,,NX4,Standard,{},0f9c669c-1841-4557-9137-12f6653f09fa,0b981e0a-02a5-4a1f-bb3a-ff8cc46978ea,2fd2a938-426c-47e1-93e2-a26c35c2c637,8a979483-d2dd-4036-9ae4-22dfb65d1c48,
,,,NX4,Standard,{},40b1f516-8718-4bfe-a241-cd7525c59b56,152d2e81-6818-4ca2-a5fb-0c7115d2a9d1,2fd2a938-426c-47e1-93e2-a26c35c2c637,e45850a9-a75c-4acd-ae3f-44113b35f636,
,,,NX4,Standard,{},9064d3a2-fb7c-4240-9e60-449131bffc38,eeeb0eb9-1059-4c38-a8e8-d33684ac8829,2fd2a938-426c-47e1-93e2-a26c35c2c637,3f091fc7-8ce8-4b23-a2e3-a92f04386a2d,
,,,FS,Standard,{},48a80c5f-41bd-4588-9f45-1aa384c6a54b,a7c5c4ec-20ac-42b7-a7be-99e1648c040f,f316a9d7-ee98-4aff-9b69-9e2d6ba07205,1f075483-8740-4375-bf0b-ff2c41cd8fa6,
,,,FS,Standard,{},de12e68f-cbbe-42ab-bd9d-ca68e7ebe1b5,a7c5c4ec-20ac-42b7-a7be-99e1648c040f,f316a9d7-ee98-4aff-9b69-9e2d6ba07205,a68e50b0-a4ed-4bbd-9d6b-cc66dec651ca,
,,,FS,Standard,{},ea4fd250-5035-492b-8922-ca71f6a2a8b4,72468b3b-c315-4e0a-ae6e-8a4350271afa,26cad9ce-77cd-4cb5-bb41-bb375e8f06e3,8a979483-d2dd-4036-9ae4-22dfb65d1c48,
,,,FS,Standard,{},ba4a5529-b14e-4cd1-8d1e-34cc4dc0ea32,7c543176-6d90-49da-889c-0ccba5e2d813,26cad9ce-77cd-4cb5-bb41-bb375e8f06e3,e2fa03db-9b54-43ff-9e85-a5b81a898582,
,,,QX,Standard,{},ff5a766c-8ebd-488d-9de0-23cddfd31b74,a7c5c4ec-20ac-42b7-a7be-99e1648c040f,79dd6319-5449-4a26-90f4-036cf14d6b6d,1f075483-8740-4375-bf0b-ff2c41cd8fa6,
,,,QX,Standard,{},3b78bbfc-1bac-4c12-b213-2deedbd716c0,a7c5c4ec-20ac-42b7-a7be-99e1648c040f,79dd6319-5449-4a26-90f4-036cf14d6b6d,a68e50b0-a4ed-4bbd-9d6b-cc66dec651ca,
,,,QX,Standard,{},0f9dd805-e91b-47bd-be3c-dd5cf180a78e,3c1731c8-f442-49a2-be58-2274c7b7971d,79dd6319-5449-4a26-90f4-036cf14d6b6d,1f075483-8740-4375-bf0b-ff2c41cd8fa6,
,,,VG,Standard,{},34949e0a-89db-49a2-83b9-1f16d9bc32f8,93976d8e-a0d9-418c-abeb-5e01f75b7104,1812cfcf-6f86-43bd-b6a9-ac26192780e6,6a0c3357-ddad-470f-a347-431482ec990a,
,,,VG,Standard,{},d68d12d4-496e-4319-a32e-e640b0003e44,b93580d5-ae1b-4544-8927-d254e3451750,1812cfcf-6f86-43bd-b6a9-ac26192780e6,3799308b-0613-4ebb-8533-93a7f19f4af7,
,,,VG,Standard,{},ff973d0a-4d97-4df9-b955-6de55fb8a0ec,b1e21283-d2ed-49a4-887e-1bb7e92379cc,1812cfcf-6f86-43bd-b6a9-ac26192780e6,dc56b0e5-a85e-4d21-8f29-5448ec5ba764,
,,,VG,Standard,{},b55987db-4c14-4474-b4cb-7a870bcd455a,397d203c-a9d4-492d-9b0d-6ee7a8e65f95,20ce8dc4-b6c3-4dbc-9e09-2b599cfd63b6,3799308b-0613-4ebb-8533-93a7f19f4af7,
,,,VG,Standard,{},31808019-18d9-4555-82d0-e93866f1d3b5,77b6b0f9-409d-4a7b-856c-30a7c8b37381,20ce8dc4-b6c3-4dbc-9e09-2b599cfd63b6,95afacdd-c33b-49ea-926d-e710191e60c4,
,,,VG,Standard,{},d6f6afae-55b9-4e8e-8220-42caccb7a414,7afdf35d-e682-4e4f-9e5e-59294bfb6edd,20ce8dc4-b6c3-4dbc-9e09-2b599cfd63b6,dc56b0e5-a85e-4d21-8f29-5448ec5ba764,
,,,VG,Standard,{},dd2ff2d8-1cad-4ae2-8601-0d3be64ede36,b1e21283-d2ed-49a4-887e-1bb7e92379cc,20ce8dc4-b6c3-4dbc-9e09-2b599cfd63b6,dc56b0e5-a85e-4d21-8f29-5448ec5ba764,
,,,YG,Standard,{},6749c454-8fdc-415f-855f-161bdce12964,397d203c-a9d4-492d-9b0d-6ee7a8e65f95,44f76c5c-6761-4411-9bbc-80d01870ff07,3799308b-0613-4ebb-8533-93a7f19f4af7,
,,,YG,Standard,{},c29782af-7de8-4957-b6af-742d1efc06c8,0850d596-fb91-4f58-a629-3ba419a6f89a,44f76c5c-6761-4411-9bbc-80d01870ff07,95afacdd-c33b-49ea-926d-e710191e60c4,
,,,YG,Standard,{},f6c6f6c9-d173-47d4-bde5-d3ad53c4d009,fdd0d22e-3e55-4e46-b4d7-c15f13c6a81b,44f76c5c-6761-4411-9bbc-80d01870ff07,c4c4b466-8814-4fec-bb3c-36274da5e1a5,
,,,YG,Standard,{},ea1c4b99-eaf6-4ed2-802e-b83751a23dcd,53360df5-2426-4a54-8eca-6f8f9adb18c3,099ed83d-4e3c-4ea4-b2d0-9096b25f06e6,3f091fc7-8ce8-4b23-a2e3-a92f04386a2d,
,,,YG,Standard,{},63385771-a0fc-4989-bb0f-31cdcc497b2e,4dc937f1-b342-428a-9b90-104243fa0a4c,099ed83d-4e3c-4ea4-b2d0-9096b25f06e6,ff2c8c3a-ce5c-451e-a079-c853ccd1e1f3,
,,,YG,Standard,{},74dac889-c8c2-447f-b82e-6e65c2d55760,4c5449fe-d5ff-4bce-a888-10e95da84882,099ed83d-4e3c-4ea4-b2d0-9096b25f06e6,ff2c8c3a-ce5c-451e-a079-c853ccd1e1f3,
,,,YG,Standard,{},a2307a14-12de-4e7a-9318-a1397734b08e,b1e21283-d2ed-49a4-887e-1bb7e92379cc,099ed83d-4e3c-4ea4-b2d0-9096b25f06e6,ff2c8c3a-ce5c-451e-a079-c853ccd1e1f3,
,,,YG,Standard,{},e2771fd2-aeaf-44bb-9f6e-ffe1be698afe,fdd0d22e-3e55-4e46-b4d7-c15f13c6a81b,099ed83d-4e3c-4ea4-b2d0-9096b25f06e6,c4c4b466-8814-4fec-bb3c-36274da5e1a5,
,,,FJ,Standard,{},17673116-2a78-4dc9-980d-d658d5c2bf56,f4144df0-c769-4a5c-b275-69b1d471d9d5,73726a95-3195-4b44-a9ab-6f23926b1bc7,de2e23a7-4bf9-452a-8223-6080288e2c74,
,,,UN,Standard,{},6826da1e-1dae-4ffa-b33d-5711baff9213,9672380d-482b-4ea9-9a74-2af8796b9b74,de8dc268-d6e0-4944-a406-a97ad433b013,bd411c1e-33d2-4b34-8b24-2ad5e1de35a0,
,,,UN,Standard,{},cd63ad84-9fdb-4694-83d8-e4a118ec107d,de61b260-0c02-4026-8a2e-ca42721dd7d4,de8dc268-d6e0-4944-a406-a97ad433b013,de2e23a7-4bf9-452a-8223-6080288e2c74,
,,,UN,Standard,{},3cdf3164-926b-4da9-bdf7-8a8606c4a125,a75f26b1-7ae9-4004-9406-a88fb7722a08,de8dc268-d6e0-4944-a406-a97ad433b013,b767bfc8-f57f-4d0d-a67c-3cf7f425ef03,
,,,UN,Standard,{},e3d46e94-080f-4bc2-bf7e-305a12cd15e4,9672380d-482b-4ea9-9a74-2af8796b9b74,bc2d17ab-873c-428f-848f-50888cdb8e55,bd411c1e-33d2-4b34-8b24-2ad5e1de35a0,
,,,UN,Standard,{},ef3dcd4c-8247-4e66-8868-0289ac75417c,de61b260-0c02-4026-8a2e-ca42721dd7d4,bc2d17ab-873c-428f-848f-50888cdb8e55,de2e23a7-4bf9-452a-8223-6080288e2c74,
,,,UN,Standard,{},5f6031b4-917b-4f66-aecd-4a73dbd1faba,cf5b3208-f2c6-4a2c-8e50-cd2d8afdefb2,bc2d17ab-873c-428f-848f-50888cdb8e55,e45850a9-a75c-4acd-ae3f-44113b35f636,
,,,RP,Standard,{},b63d5420-d975-4252-b29f-aa94dce096da,eafe70d2-a59d-460b-9d8c-d0d39c8ab3b4,5c871968-f857-419f-bde3-5adba417d323,1f075483-8740-4375-bf0b-ff2c41cd8fa6,
,,,RP,Standard,{},241190be-6e44-4751-9afa-8877b7b6364f,1e11698f-e28e-4368-b26c-06901be3cdc2,5c871968-f857-419f-bde3-5adba417d323,6a0c3357-ddad-470f-a347-431482ec990a,
,,,RP,Standard,{},dd0e991b-0999-49a7-bb73-b30e08d00c89,74e8404a-a289-4f0c-9296-ca6fb74615a4,5c871968-f857-419f-bde3-5adba417d323,e0ce1078-2d1f-426b-9367-2bcc64e89cec,
,,,RP,Standard,{},05707f6f-a631-41dd-8c2b-02cef1ce80ad,eafe70d2-a59d-460b-9d8c-d0d39c8ab3b4,8dd920ff-a556-444a-b0e6-d55386b42e34,1f075483-8740-4375-bf0b-ff2c41cd8fa6,
,,,RP,Standard,{},1e96b6be-7407-493b-89ca-e46a89d6e12a,1e11698f-e28e-4368-b26c-06901be3cdc2,8dd920ff-a556-444a-b0e6-d55386b42e34,6a0c3357-ddad-470f-a347-431482ec990a,
,,,RP,Standard,{},753eaf95-bda1-403b-b1c7-15532d0bfa04,74e8404a-a289-4f0c-9296-ca6fb74615a4,8dd920ff-a556-444a-b0e6-d55386b42e34,e0ce1078-2d1f-426b-9367-2bcc64e89cec,
,,,RP,Standard,{},928b72e1-3c40-4272-ae76-afed49f64c0b,74e8404a-a289-4f0c-9296-ca6fb74615a4,8dd920ff-a556-444a-b0e6-d55386b42e34,8a979483-d2dd-4036-9ae4-22dfb65d1c48,
,,,KY,Standard,{},9ded1ed1-3770-4a77-9c1a-8ec4cc723fb0,17d0547b-7d56-4195-87a5-3a6ae398939f,cf7f69cd-7b97-4eda-a15c-e74dee00e8bf,e45850a9-a75c-4acd-ae3f-44113b35f636,
,,,KY,Standard,{},deff555c-8150-449c-95af-8592693197f1,17d0547b-7d56-4195-87a5-3a6ae398939f,cf7f69cd-7b97-4eda-a15c-e74dee00e8bf,8a979483-d2dd-4036-9ae4-22dfb65d1c48,
,,,KY,Standard,{},2a9ec9ed-d64c-42fd-bead-723bfc4172e3,1749def9-e90e-4fc1-85b1-9bdd4e9b3199,cf7f69cd-7b97-4eda-a15c-e74dee00e8bf,1f075483-8740-4375-bf0b-ff2c41cd8fa6,
,,,KY,Standard,{},09cccd8c-065a-4d35-ae14-01e3bf6baec1,92714069-37d8-4aa7-8765-a9d5fb4dbf82,cf7f69cd-7b97-4eda-a15c-e74dee00e8bf,e45850a9-a75c-4acd-ae3f-44113b35f636,
,,,KY,Standard,{},3d3a3fe5-6dfb-446d-be0a-9cfeaf97a75f,92714069-37d8-4aa7-8765-a9d5fb4dbf82,cf7f69cd-7b97-4eda-a15c-e74dee00e8bf,8a979483-d2dd-4036-9ae4-22dfb65d1c48,
,,,VQ,Standard,{},f6707d7d-49fc-4cfb-8a27-72adfb0e0b0e,b93580d5-ae1b-4544-8927-d254e3451750,03a203b1-6b7d-40fa-b950-5553cc05abf9,fb0b8977-df4c-4591-8437-159313d5f00b,
,,,VQ,Standard,{},3bd0c87f-4b85-4f6e-8869-b273013acc2a,f1a20737-7a2e-4bf6-9bb3-2e25c234ee6f,03a203b1-6b7d-40fa-b950-5553cc05abf9,db505f82-b910-4d37-9ea0-269e9f758837,
,,,VQ,Standard,{},944a38d5-d4c2-4f49-9d19-47b87963ffef,f1a20737-7a2e-4bf6-9bb3-2e25c234ee6f,03a203b1-6b7d-40fa-b950-5553cc05abf9,5259e4cc-4882-41d4-90fe-34bfd80b5e93,
,,,VQ,Standard,{},9dbac66b-f3d7-4560-9d32-5394916e87c1,fdd0d22e-3e55-4e46-b4d7-c15f13c6a81b,747674d1-cdae-49b6-ab28-80522be0c573,fa946e42-efb0-4e8e-9a20-d56f121c466f,
,,,VQ,Standard,{},4b523b76-3a8a-4885-a77b-652632ee3fd5,fdd0d22e-3e55-4e46-b4d7-c15f13c6a81b,747674d1-cdae-49b6-ab28-80522be0c573,e2729896-4cc3-47b1-9034-499af28b2358,
,,,VQ,Standard,{},74fc844f-6073-4b75-a3e6-7c8c37d66ba5,b1e21283-d2ed-49a4-887e-1bb7e92379cc,747674d1-cdae-49b6-ab28-80522be0c573,dc56b0e5-a85e-4d21-8f29-5448ec5ba764,
,,,YP,Standard,{},32a84d85-2f86-4a8d-9079-8699044ea633,7afdf35d-e682-4e4f-9e5e-59294bfb6edd,880a74f3-8a7a-4802-b511-2e4cd09bc685,dc56b0e5-a85e-4d21-8f29-5448ec5ba764,
,,,YP,Standard,{},b0830842-2a12-4283-bcb9-5862848d87f5,fdd0d22e-3e55-4e46-b4d7-c15f13c6a81b,880a74f3-8a7a-4802-b511-2e4cd09bc685,e2729896-4cc3-47b1-9034-499af28b2358,
,,,YP,Standard,{},b45a526a-ad3d-4c0d-a6d4-55b9bfe8b2dd,7afdf35d-e682-4e4f-9e5e-59294bfb6edd,6777584c-070d-465c-82bb-b06976d8e06e,dc56b0e5-a85e-4d21-8f29-5448ec5ba764,
,,,YP,Standard,{},2da09367-fc8f-463b-9516-8d332cd70c07,fdd0d22e-3e55-4e46-b4d7-c15f13c6a81b,6777584c-070d-465c-82bb-b06976d8e06e,c4c4b466-8814-4fec-bb3c-36274da5e1a5,
,,,KA4,Standard,{},f0716d40-95ce-47d1-b025-b49317d76018,e94d1713-149c-4283-8498-cca114b3e862,7b1fba0c-c200-4c1f-a48a-3a7cb6f2118b,ff2c8c3a-ce5c-451e-a079-c853ccd1e1f3,
,,,KA4,Standard,{},7c253c97-de8e-4635-9156-ca7fe188f237,4e256d69-0b04-4c00-b390-c703b452e9a8,7b1fba0c-c200-4c1f-a48a-3a7cb6f2118b,c4c4b466-8814-4fec-bb3c-36274da5e1a5,
,,,ED (дорестайлинг),Standard,{},a464154e-2d8f-4e71-8d77-32600bf16a40,a6dc2d9c-bba2-4d93-9103-770355cf11bc,a5c66dcd-b9aa-4244-b27d-7dbc72980fb6,bd411c1e-33d2-4b34-8b24-2ad5e1de35a0,
,,,ED (дорестайлинг),Standard,{},a681c33f-84a0-4c0c-bdbc-6df42825f243,9672380d-482b-4ea9-9a74-2af8796b9b74,a5c66dcd-b9aa-4244-b27d-7dbc72980fb6,bd411c1e-33d2-4b34-8b24-2ad5e1de35a0,
,,,ED (дорестайлинг),Standard,{},9bbe2100-50b6-4a76-9d39-9170df8cf1db,f4144df0-c769-4a5c-b275-69b1d471d9d5,a5c66dcd-b9aa-4244-b27d-7dbc72980fb6,0d01f605-2a3c-4ab7-b588-b9accad9e2cc,
,,,ED (дорестайлинг),Standard,{},ca7502ce-0b82-48bc-b628-d9aa5992e7d6,f4144df0-c769-4a5c-b275-69b1d471d9d5,a5c66dcd-b9aa-4244-b27d-7dbc72980fb6,9be1faee-58b9-4f79-9be3-844c82317c50,
,,,ED (дорестайлинг),Standard,{},67be2b90-abe8-4faa-8b6c-a76f0447ee11,cf5b3208-f2c6-4a2c-8e50-cd2d8afdefb2,a5c66dcd-b9aa-4244-b27d-7dbc72980fb6,030d19e5-e523-4ae2-8bf7-4bde9061073a,
,,,ED (дорестайлинг),Standard,{},b6ba6fa9-f814-4bdb-ae02-6eecef8f3c6f,a75f26b1-7ae9-4004-9406-a88fb7722a08,a5c66dcd-b9aa-4244-b27d-7dbc72980fb6,e0ce1078-2d1f-426b-9367-2bcc64e89cec,
,,,ED (рестайлинг),Standard,{},428550f8-aa64-493f-b4b1-4a545bbf7783,a6dc2d9c-bba2-4d93-9103-770355cf11bc,0453e1d9-c0f0-4e55-a779-16090076e2dc,bd411c1e-33d2-4b34-8b24-2ad5e1de35a0,
,,,ED (рестайлинг),Standard,{},28532573-4480-42d8-a778-bebf1e7ebe2c,9672380d-482b-4ea9-9a74-2af8796b9b74,0453e1d9-c0f0-4e55-a779-16090076e2dc,bd411c1e-33d2-4b34-8b24-2ad5e1de35a0,
,,,ED (рестайлинг),Standard,{},ffdabed0-90ee-416f-a724-18939ed591dd,9672380d-482b-4ea9-9a74-2af8796b9b74,0453e1d9-c0f0-4e55-a779-16090076e2dc,5fa45b3f-40df-4970-88d0-c7f69e3f1c67,
,,,JD,Standard,{},4ad3cd81-d432-464e-80e2-2d1d38deb634,a6dc2d9c-bba2-4d93-9103-770355cf11bc,669450e7-fd48-417e-b82a-85b16099e46a,1f075483-8740-4375-bf0b-ff2c41cd8fa6,
,,,JD,Standard,{},ad4f2252-2b49-485f-ad4e-18314b1cb8b4,85bcd64a-4f73-4743-9aa1-9a587a662093,669450e7-fd48-417e-b82a-85b16099e46a,1f075483-8740-4375-bf0b-ff2c41cd8fa6,
,,,JD,Standard,{},7b034e37-73ff-468c-abd6-294a1274e64b,85bcd64a-4f73-4743-9aa1-9a587a662093,669450e7-fd48-417e-b82a-85b16099e46a,a68e50b0-a4ed-4bbd-9d6b-cc66dec651ca,
,,,JD,Standard,{},3d850d81-498f-418b-a0b5-7586fa077efa,fece5466-ff85-4470-9e0e-12b3e3afe903,239fb75f-efb2-498f-a6d0-d49b9eb4fa9f,1f075483-8740-4375-bf0b-ff2c41cd8fa6,
,,,JD,Standard,{},2b60d88b-a3df-4a2e-a1b5-e169ddabab7d,85bcd64a-4f73-4743-9aa1-9a587a662093,239fb75f-efb2-498f-a6d0-d49b9eb4fa9f,1f075483-8740-4375-bf0b-ff2c41cd8fa6,
,,,JD,Standard,{},42ac0e36-6ad0-4417-99e8-306d540ca882,85bcd64a-4f73-4743-9aa1-9a587a662093,239fb75f-efb2-498f-a6d0-d49b9eb4fa9f,a68e50b0-a4ed-4bbd-9d6b-cc66dec651ca,
,,,JD,Standard,{},3907172d-fef8-48b8-acf4-0ff7c2750c07,eafe70d2-a59d-460b-9d8c-d0d39c8ab3b4,239fb75f-efb2-498f-a6d0-d49b9eb4fa9f,e2fa03db-9b54-43ff-9e85-a5b81a898582,
,,,,Standard,{},6c8585c8-1cdd-4a12-abb7-97ac8ef975fa,fece5466-ff85-4470-9e0e-12b3e3afe903,428af0f9-3c83-48df-acc1-b5630f38a7f9,1f075483-8740-4375-bf0b-ff2c41cd8fa6,
,,,,Standard,{},0ada2952-307b-484b-a3d8-be4e38190a1b,17d0547b-7d56-4195-87a5-3a6ae398939f,428af0f9-3c83-48df-acc1-b5630f38a7f9,8a979483-d2dd-4036-9ae4-22dfb65d1c48,
,,,,Standard,{},dbaa1f3f-c5a2-42bb-a400-fe5754f6b2cc,85bcd64a-4f73-4743-9aa1-9a587a662093,428af0f9-3c83-48df-acc1-b5630f38a7f9,1f075483-8740-4375-bf0b-ff2c41cd8fa6,
,,,,Standard,{},745399c2-2e90-440a-a51f-7c13dd9800a0,2dab971a-edb2-405c-bf40-5d8828ff2bd2,428af0f9-3c83-48df-acc1-b5630f38a7f9,b44626e1-271f-49d0-9719-82801e2e9b14,
,,,,Standard,{},1d09fe76-e3ad-4fb0-8de7-f56b733a112e,b5bb10f8-5516-4c68-ae91-9015c764d9a9,5459b7a8-73c1-4bb0-9584-163675234c0c,1f075483-8740-4375-bf0b-ff2c41cd8fa6,
,,,,Standard,{},bdabb6a3-63b0-48a9-a6cf-6c432540e4e5,92714069-37d8-4aa7-8765-a9d5fb4dbf82,5459b7a8-73c1-4bb0-9584-163675234c0c,b44626e1-271f-49d0-9719-82801e2e9b14,
,,,,Standard,{},c27cc241-e284-48a3-82ed-7747cd303319,89e6cddd-4e62-4f3a-94c0-3ffe5917467c,5459b7a8-73c1-4bb0-9584-163675234c0c,8a979483-d2dd-4036-9ae4-22dfb65d1c48,
,,,,Standard,{},aa402d80-2cf5-4f09-8025-9b0f51fa9030,eecd28a9-55de-43e7-baef-a916df150008,5459b7a8-73c1-4bb0-9584-163675234c0c,0e9976ec-b4b1-46fc-914a-21c9bcf10c2c,
,,,,Standard,{},0552a272-978f-4778-acc9-d85d6e37127c,2dab971a-edb2-405c-bf40-5d8828ff2bd2,5459b7a8-73c1-4bb0-9584-163675234c0c,b44626e1-271f-49d0-9719-82801e2e9b14,
,,,LD,Standard,{},4f5ddf31-7630-4332-9b40-e1d3aad63c82,6585cee1-a6c9-44e4-a972-8c2a8cb892ea,0ea8c007-8b86-4d16-8bf2-2001e617f2e1,08a910fa-c4f5-4598-95ad-a07de9f653f0,
,,,LD,Standard,{},4d1ef173-cef7-4e44-b1d6-b6e9774a8856,6585cee1-a6c9-44e4-a972-8c2a8cb892ea,0ea8c007-8b86-4d16-8bf2-2001e617f2e1,f31b33ef-d396-499d-859c-7079e86b6fa7,
,,,LD,Standard,{},6d940651-0a58-4d8b-855d-274dbb13b67f,f4144df0-c769-4a5c-b275-69b1d471d9d5,0ea8c007-8b86-4d16-8bf2-2001e617f2e1,08a910fa-c4f5-4598-95ad-a07de9f653f0,
,,,LD,Standard,{},0147a8a8-5da0-45ab-a266-abeaf351d58e,9672380d-482b-4ea9-9a74-2af8796b9b74,0ea8c007-8b86-4d16-8bf2-2001e617f2e1,bd411c1e-33d2-4b34-8b24-2ad5e1de35a0,
,,,LD,Standard,{},8eaaf687-0e27-43ee-96b5-7d19251226d6,9672380d-482b-4ea9-9a74-2af8796b9b74,0ea8c007-8b86-4d16-8bf2-2001e617f2e1,5fa45b3f-40df-4970-88d0-c7f69e3f1c67,
,,,LD,Standard,{},30b553ce-220b-480c-9550-a37b484c6dfa,f4144df0-c769-4a5c-b275-69b1d471d9d5,0ea8c007-8b86-4d16-8bf2-2001e617f2e1,0d01f605-2a3c-4ab7-b588-b9accad9e2cc,
,,,LD,Standard,{},9c4db52e-e5ff-47d9-9944-ce4baef2065e,f4144df0-c769-4a5c-b275-69b1d471d9d5,0ea8c007-8b86-4d16-8bf2-2001e617f2e1,9be1faee-58b9-4f79-9be3-844c82317c50,
,,,TD,Standard,{},7daff627-4d99-4b29-b711-70101788a4bb,9672380d-482b-4ea9-9a74-2af8796b9b74,8d0ec455-fdb1-4fc1-88ea-2f7c56f05315,bd411c1e-33d2-4b34-8b24-2ad5e1de35a0,
,,,TD,Standard,{},e3f3c217-af46-4178-9033-eda6ea006f73,9672380d-482b-4ea9-9a74-2af8796b9b74,8d0ec455-fdb1-4fc1-88ea-2f7c56f05315,5fa45b3f-40df-4970-88d0-c7f69e3f1c67,
,,,TD,Standard,{},d7424dbd-89f2-4fbf-aa05-6ff4e76f8bc1,27d8976c-85c6-4e7a-8218-b1e043e35714,8d0ec455-fdb1-4fc1-88ea-2f7c56f05315,0d01f605-2a3c-4ab7-b588-b9accad9e2cc,
,,,TD,Standard,{},508126b8-4ca9-4805-948c-71b191f73efd,27d8976c-85c6-4e7a-8218-b1e043e35714,8d0ec455-fdb1-4fc1-88ea-2f7c56f05315,9be1faee-58b9-4f79-9be3-844c82317c50,
,,,TD,Standard,{},3b87ed94-fb6d-4c25-a8d1-a2e45c406528,9672380d-482b-4ea9-9a74-2af8796b9b74,8d0ec455-fdb1-4fc1-88ea-2f7c56f05315,1f075483-8740-4375-bf0b-ff2c41cd8fa6,
,,,TD,Standard,{},70cc5805-f622-43e3-bd55-aca9b002930f,9672380d-482b-4ea9-9a74-2af8796b9b74,8d0ec455-fdb1-4fc1-88ea-2f7c56f05315,a68e50b0-a4ed-4bbd-9d6b-cc66dec651ca,
,,,TD,Standard,{},9e86815e-0333-4cca-96ae-b7137da57dfd,27d8976c-85c6-4e7a-8218-b1e043e35714,8d0ec455-fdb1-4fc1-88ea-2f7c56f05315,6a0c3357-ddad-470f-a347-431482ec990a,
,,,YD,Standard,{},104efa77-9fbe-4e01-af69-af2cc4b22a2a,85bcd64a-4f73-4743-9aa1-9a587a662093,5df6453b-7fca-4ee8-954b-5edfcab1c6ab,1f075483-8740-4375-bf0b-ff2c41cd8fa6,
,,,YD,Standard,{},e40977bf-02b4-4cb9-afcb-0cffc5639441,85bcd64a-4f73-4743-9aa1-9a587a662093,5df6453b-7fca-4ee8-954b-5edfcab1c6ab,a68e50b0-a4ed-4bbd-9d6b-cc66dec651ca,
,,,YD,Standard,{},bfc2b152-160b-4acf-b498-d20e40586136,3ed45f06-6d00-46bc-8d2a-3fa7f8a8204e,5df6453b-7fca-4ee8-954b-5edfcab1c6ab,6a0c3357-ddad-470f-a347-431482ec990a,
,,,YD,Standard,{},f3a99e32-8a57-4630-8504-01ed2debe69f,85bcd64a-4f73-4743-9aa1-9a587a662093,f59b4ed4-2881-4ae1-b0ef-3182af11ac84,1f075483-8740-4375-bf0b-ff2c41cd8fa6,
,,,YD,Standard,{},268f6871-2f7e-4605-953f-ea271d44d006,85bcd64a-4f73-4743-9aa1-9a587a662093,f59b4ed4-2881-4ae1-b0ef-3182af11ac84,a68e50b0-a4ed-4bbd-9d6b-cc66dec651ca,
,,,YD,Standard,{},baf4754f-6e1c-4eaf-81f6-ebd26adac112,3ed45f06-6d00-46bc-8d2a-3fa7f8a8204e,f59b4ed4-2881-4ae1-b0ef-3182af11ac84,6a0c3357-ddad-470f-a347-431482ec990a,
,,,BD,Standard,{},c9646bb9-4eb9-42ff-8795-97d59d9fc50f,85bcd64a-4f73-4743-9aa1-9a587a662093,b5822c6e-6af6-407f-b77b-0b0a876a14db,1f075483-8740-4375-bf0b-ff2c41cd8fa6,
,,,BD,Standard,{},8b79d526-8007-4705-b3ca-0999f4542f95,85bcd64a-4f73-4743-9aa1-9a587a662093,b5822c6e-6af6-407f-b77b-0b0a876a14db,a68e50b0-a4ed-4bbd-9d6b-cc66dec651ca,
,,,BD,Standard,{},af0eb224-2e70-4b4e-80c3-2f4ceef475bb,3ed45f06-6d00-46bc-8d2a-3fa7f8a8204e,b5822c6e-6af6-407f-b77b-0b0a876a14db,6a0c3357-ddad-470f-a347-431482ec990a,
,,,BD,Standard,{},5e35c9ed-4bb4-4599-ad49-f6babeac7029,85bcd64a-4f73-4743-9aa1-9a587a662093,2cbd8b45-39e9-4958-b779-4e67dc670b04,1f075483-8740-4375-bf0b-ff2c41cd8fa6,
,,,BD,Standard,{},4ed68aa9-3cdf-4972-92ba-e6f41d9154d4,85bcd64a-4f73-4743-9aa1-9a587a662093,2cbd8b45-39e9-4958-b779-4e67dc670b04,a68e50b0-a4ed-4bbd-9d6b-cc66dec651ca,
,,,BD,Standard,{},52bd7994-4f0c-4f72-95d9-3557adc3aa22,3ed45f06-6d00-46bc-8d2a-3fa7f8a8204e,2cbd8b45-39e9-4958-b779-4e67dc670b04,6a0c3357-ddad-470f-a347-431482ec990a,
,,,ED,Standard,{},de50f977-0bad-43d9-a39d-fdd7cf554cc2,a6dc2d9c-bba2-4d93-9103-770355cf11bc,86b43223-377b-4211-bcdb-8b4a3d26038d,bd411c1e-33d2-4b34-8b24-2ad5e1de35a0,
,,,ED,Standard,{},f10a8a68-52ff-4a10-b3da-61b6e5f72b68,9672380d-482b-4ea9-9a74-2af8796b9b74,86b43223-377b-4211-bcdb-8b4a3d26038d,bd411c1e-33d2-4b34-8b24-2ad5e1de35a0,
,,,ED,Standard,{},16c6c193-6bf5-44fa-84e6-abb288412218,9672380d-482b-4ea9-9a74-2af8796b9b74,86b43223-377b-4211-bcdb-8b4a3d26038d,5fa45b3f-40df-4970-88d0-c7f69e3f1c67,
,,,ED,Standard,{},733e45eb-daed-4c5b-8600-fae866948503,f4144df0-c769-4a5c-b275-69b1d471d9d5,86b43223-377b-4211-bcdb-8b4a3d26038d,0d01f605-2a3c-4ab7-b588-b9accad9e2cc,
,,,ED,Standard,{},f8dcc551-c56d-4280-87a5-796c35ad5030,f4144df0-c769-4a5c-b275-69b1d471d9d5,86b43223-377b-4211-bcdb-8b4a3d26038d,9be1faee-58b9-4f79-9be3-844c82317c50,
,,,ED,Standard,{},2c7e8a48-fc3a-4658-bdba-aaf21292f438,9672380d-482b-4ea9-9a74-2af8796b9b74,0e4bfeb7-8e14-4514-889b-799321f0cfe9,bd411c1e-33d2-4b34-8b24-2ad5e1de35a0,
,,,ED,Standard,{},8cd1634f-f922-4f99-b46a-bb8e630de6c1,9672380d-482b-4ea9-9a74-2af8796b9b74,0e4bfeb7-8e14-4514-889b-799321f0cfe9,5fa45b3f-40df-4970-88d0-c7f69e3f1c67,
,,,JD,Standard,{},25883a8c-ae61-4ce1-b416-1193439b4fef,85bcd64a-4f73-4743-9aa1-9a587a662093,6b75d821-e461-4cd5-956e-9d2556e6d7e2,1f075483-8740-4375-bf0b-ff2c41cd8fa6,
,,,JD,Standard,{},771ec58f-d78a-4619-8f45-b583067986a4,85bcd64a-4f73-4743-9aa1-9a587a662093,6b75d821-e461-4cd5-956e-9d2556e6d7e2,a68e50b0-a4ed-4bbd-9d6b-cc66dec651ca,
,,,JD,Standard,{},65c7300a-9b63-438c-9850-c66fdbff4b47,89e6cddd-4e62-4f3a-94c0-3ffe5917467c,6b75d821-e461-4cd5-956e-9d2556e6d7e2,b44626e1-271f-49d0-9719-82801e2e9b14,
,,,JD,Standard,{},38c1fedf-7867-4784-b529-81bb01e2367d,85bcd64a-4f73-4743-9aa1-9a587a662093,e72b2767-6bc6-4443-9cf2-a53880060f0a,1f075483-8740-4375-bf0b-ff2c41cd8fa6,
,,,JD,Standard,{},ef6c35fd-71fe-4320-8086-60654ccb700f,85bcd64a-4f73-4743-9aa1-9a587a662093,e72b2767-6bc6-4443-9cf2-a53880060f0a,a68e50b0-a4ed-4bbd-9d6b-cc66dec651ca,
,,,JD,Standard,{},677e077f-03bb-4093-b987-ec1d83f7c7f4,eafe70d2-a59d-460b-9d8c-d0d39c8ab3b4,e72b2767-6bc6-4443-9cf2-a53880060f0a,e2fa03db-9b54-43ff-9e85-a5b81a898582,
,,,JD,Standard,{},1e06a5ee-6641-4758-a468-41c893566e53,89e6cddd-4e62-4f3a-94c0-3ffe5917467c,e72b2767-6bc6-4443-9cf2-a53880060f0a,b44626e1-271f-49d0-9719-82801e2e9b14,
,,,CD,Standard,{},c3ac41d9-1fc9-4438-afbb-33062f5ce44d,17d0547b-7d56-4195-87a5-3a6ae398939f,b01d0ca8-cab8-420d-953e-db1275f52b99,8a979483-d2dd-4036-9ae4-22dfb65d1c48,
,,,CD,Standard,{},0cbf7a26-91ae-4014-93b1-3df44432f5ce,89e6cddd-4e62-4f3a-94c0-3ffe5917467c,b01d0ca8-cab8-420d-953e-db1275f52b99,8a979483-d2dd-4036-9ae4-22dfb65d1c48,
,,,CD,Standard,{},07057aab-cf18-40b9-b564-7820f9e03244,92714069-37d8-4aa7-8765-a9d5fb4dbf82,36114fe9-017b-4df8-b6d3-6d35bd70ed8b,b44626e1-271f-49d0-9719-82801e2e9b14,
,,,CD,Standard,{},30e21e8e-aa3b-4c62-91c3-5f76bc8a86d5,92714069-37d8-4aa7-8765-a9d5fb4dbf82,36114fe9-017b-4df8-b6d3-6d35bd70ed8b,8a979483-d2dd-4036-9ae4-22dfb65d1c48,
,,,CD,Standard,{},70f1def2-8845-416b-b85d-1bb9b3a8ae4e,17d0547b-7d56-4195-87a5-3a6ae398939f,e92f6fbf-ae25-4a29-9da9-cadf1d5bf4b9,8a979483-d2dd-4036-9ae4-22dfb65d1c48,
,,,CD,Standard,{},d4f4c3b0-f2eb-418c-9409-95a3d8827779,92714069-37d8-4aa7-8765-a9d5fb4dbf82,e92f6fbf-ae25-4a29-9da9-cadf1d5bf4b9,8a979483-d2dd-4036-9ae4-22dfb65d1c48,
,,,CD,Standard,{},9b0c2da3-315b-45eb-8e9e-8ce22427334f,89e6cddd-4e62-4f3a-94c0-3ffe5917467c,e92f6fbf-ae25-4a29-9da9-cadf1d5bf4b9,8a979483-d2dd-4036-9ae4-22dfb65d1c48,
,,,CD,Standard,{},fe353bdc-92b3-413b-a7ba-ebd3589f4523,b5bb10f8-5516-4c68-ae91-9015c764d9a9,e059bd55-8383-47ad-8999-fd680506ddc2,0e9976ec-b4b1-46fc-914a-21c9bcf10c2c,
,,,CD,Standard,{},b620c986-81c4-45c0-80b1-37c21c6193d8,2dab971a-edb2-405c-bf40-5d8828ff2bd2,e059bd55-8383-47ad-8999-fd680506ddc2,8a979483-d2dd-4036-9ae4-22dfb65d1c48,
,,,CD,Standard,{},61f2f489-4aed-4a76-859e-5b5d6cfab240,92714069-37d8-4aa7-8765-a9d5fb4dbf82,e059bd55-8383-47ad-8999-fd680506ddc2,8a979483-d2dd-4036-9ae4-22dfb65d1c48,
,,,CD,Standard,{},641956cd-a8ab-405c-8315-04c69d628d32,92714069-37d8-4aa7-8765-a9d5fb4dbf82,e059bd55-8383-47ad-8999-fd680506ddc2,8a979483-d2dd-4036-9ae4-22dfb65d1c48,
,,,CD,Standard,{},5af5dac3-a29a-4201-a7df-be5e5e90e302,89e6cddd-4e62-4f3a-94c0-3ffe5917467c,e059bd55-8383-47ad-8999-fd680506ddc2,8a979483-d2dd-4036-9ae4-22dfb65d1c48,
,,,CL4,Standard,{},d5fddce5-981c-4be3-a109-9a4bd985efad,54841d21-d0dd-4c7f-b602-a0151878b39d,0a2d9fc0-4a2b-4736-911e-9bd594627257,3f091fc7-8ce8-4b23-a2e3-a92f04386a2d,
,,,CL4,Standard,{},4391f399-1ea0-4346-b012-dd11fa64c94d,b5bb10f8-5516-4c68-ae91-9015c764d9a9,0a2d9fc0-4a2b-4736-911e-9bd594627257,1f075483-8740-4375-bf0b-ff2c41cd8fa6,
,,,CL4,Standard,{},bdf7f61a-9a69-4f50-8624-77bb3b5252e8,3a3f21c9-2d2c-4268-95e6-ceafceffc4d2,0a2d9fc0-4a2b-4736-911e-9bd594627257,1f075483-8740-4375-bf0b-ff2c41cd8fa6,
,,,CL4,Standard,{},a01d6295-1b50-473a-9ab0-39b4d31656db,3a3f21c9-2d2c-4268-95e6-ceafceffc4d2,0a2d9fc0-4a2b-4736-911e-9bd594627257,64d219f6-d3bf-4f73-82a0-ef0404037a77,
,,,CL4,Standard,{},e263fa66-32e9-476d-a530-1d9852b30c37,54841d21-d0dd-4c7f-b602-a0151878b39d,0a2d9fc0-4a2b-4736-911e-9bd594627257,8a979483-d2dd-4036-9ae4-22dfb65d1c48,
,,,CL4,Standard,{},c8b48879-318c-4f96-b114-97024f2e8d7e,54841d21-d0dd-4c7f-b602-a0151878b39d,0a2d9fc0-4a2b-4736-911e-9bd594627257,8a979483-d2dd-4036-9ae4-22dfb65d1c48,
,,,TF,Standard,{},55b2e42a-3ee7-43c4-9728-9aa2711f11d8,27d8976c-85c6-4e7a-8218-b1e043e35714,a58a317e-08fd-4c0d-8ba9-46676522db73,b44626e1-271f-49d0-9719-82801e2e9b14,
,,,TF,Standard,{},e21e7fac-0579-41fe-8db9-a067dcca901e,ca195b26-f1ce-4193-b221-e0a6eb3d7c11,a58a317e-08fd-4c0d-8ba9-46676522db73,b44626e1-271f-49d0-9719-82801e2e9b14,
,,,TF,Standard,{},888a9ccb-34a5-45a5-8692-18c40341d7f2,27d8976c-85c6-4e7a-8218-b1e043e35714,a58a317e-08fd-4c0d-8ba9-46676522db73,6a0c3357-ddad-470f-a347-431482ec990a,
,,,TF,Standard,{},b81c0b7b-e648-440e-afeb-a1b4473e266d,93976d8e-a0d9-418c-abeb-5e01f75b7104,a58a317e-08fd-4c0d-8ba9-46676522db73,6a0c3357-ddad-470f-a347-431482ec990a,
,,,TF,Standard,{},f6daadcc-b92a-40d9-8a2a-6b1d6d4ef0d0,ca195b26-f1ce-4193-b221-e0a6eb3d7c11,f1c7bf29-0dfa-4b37-8d41-ccfa3b2e03bb,b44626e1-271f-49d0-9719-82801e2e9b14,
,,,TF,Standard,{},7af40a75-24a1-4d40-95a4-726c871be50d,ca195b26-f1ce-4193-b221-e0a6eb3d7c11,f1c7bf29-0dfa-4b37-8d41-ccfa3b2e03bb,6a0c3357-ddad-470f-a347-431482ec990a,
,,,TF,Standard,{},a113bd4f-78ef-4974-ad2f-7e33d9bdf9a6,93976d8e-a0d9-418c-abeb-5e01f75b7104,f1c7bf29-0dfa-4b37-8d41-ccfa3b2e03bb,6a0c3357-ddad-470f-a347-431482ec990a,
,,,JF,Standard,{},61ff74ca-c702-470c-b6b5-0bc7ebfe8286,ca195b26-f1ce-4193-b221-e0a6eb3d7c11,e59c91c8-b23c-4de9-bce5-46d2d52f2eb8,b44626e1-271f-49d0-9719-82801e2e9b14,
,,,JF,Standard,{},ab5c6a1b-2a2b-4500-95ce-bf9bbdb9f55b,ecfab4ef-b6e6-4b42-a234-3c4f66eb848a,e59c91c8-b23c-4de9-bce5-46d2d52f2eb8,95afacdd-c33b-49ea-926d-e710191e60c4,
,,,JF,Standard,{},1a62d245-2d02-4c04-b17b-ab5add7456d9,397d203c-a9d4-492d-9b0d-6ee7a8e65f95,e59c91c8-b23c-4de9-bce5-46d2d52f2eb8,3799308b-0613-4ebb-8533-93a7f19f4af7,
,,,JF,Standard,{},a07d18ed-b65d-4474-b837-229190329630,ca195b26-f1ce-4193-b221-e0a6eb3d7c11,765d9d3f-79fa-4cdc-a418-cb463806ebc9,b44626e1-271f-49d0-9719-82801e2e9b14,
,,,JF,Standard,{},4a77603b-b5fb-48f1-955b-e64cfd03f282,ecfab4ef-b6e6-4b42-a234-3c4f66eb848a,765d9d3f-79fa-4cdc-a418-cb463806ebc9,95afacdd-c33b-49ea-926d-e710191e60c4,
,,,JF,Standard,{},2e094cfa-40b7-471e-b169-8696a620ed14,397d203c-a9d4-492d-9b0d-6ee7a8e65f95,765d9d3f-79fa-4cdc-a418-cb463806ebc9,3799308b-0613-4ebb-8533-93a7f19f4af7,
,,,DL3,Standard,{},942d3332-64a1-4cff-b871-695c8f1a04ae,3ed45f06-6d00-46bc-8d2a-3fa7f8a8204e,7e02f816-a16d-4442-acee-a083ed4debdb,6a0c3357-ddad-470f-a347-431482ec990a,
,,,DL3,Standard,{},b546bd4e-b7a6-4f2d-b7a9-a3b51f6c76ad,53360df5-2426-4a54-8eca-6f8f9adb18c3,7e02f816-a16d-4442-acee-a083ed4debdb,3f091fc7-8ce8-4b23-a2e3-a92f04386a2d,
,,,GL3,Standard,{},24192f9e-307b-41e8-8af2-09dfb1c701fc,53360df5-2426-4a54-8eca-6f8f9adb18c3,b92d76d0-580d-42e3-9428-51a5a3ca797f,3f091fc7-8ce8-4b23-a2e3-a92f04386a2d,
,,,GL3,Standard,{},4130ba63-4077-479b-bf8f-4497a9ceb699,1ac4a304-e744-47f6-bf2c-8f34b09ee3a9,b92d76d0-580d-42e3-9428-51a5a3ca797f,ff2c8c3a-ce5c-451e-a079-c853ccd1e1f3,
,,,GL3,Standard,{},ddd2a708-a6b6-4171-9a13-37cd443f8c3b,1ac4a304-e744-47f6-bf2c-8f34b09ee3a9,b92d76d0-580d-42e3-9428-51a5a3ca797f,ff2c8c3a-ce5c-451e-a079-c853ccd1e1f3,
,,,KH,Standard,{},f5b85e4b-a3de-4e94-ae6b-f6ee840189a7,faed5752-3789-4634-973b-563708d96550,bc693931-6a33-4cf8-9b60-4515282892b1,73333b04-8b98-42ee-a14f-9416f24b6dda,
,,,KH,Standard,{},36f120f4-e5a2-4eaa-a961-fc2930bf7412,7afdf35d-e682-4e4f-9e5e-59294bfb6edd,bc693931-6a33-4cf8-9b60-4515282892b1,73333b04-8b98-42ee-a14f-9416f24b6dda,
,,,KH,Standard,{},e9424343-346a-4923-853a-acca98f023b6,bbc534b1-9da9-4258-9334-bd30f8ca996a,bc693931-6a33-4cf8-9b60-4515282892b1,73333b04-8b98-42ee-a14f-9416f24b6dda,
,,,KH,Standard,{},18eb2407-d5b3-41f7-8500-b73be82a8af4,bbc534b1-9da9-4258-9334-bd30f8ca996a,6b3fde80-f904-4f2f-8e80-2dfd75d817c4,73333b04-8b98-42ee-a14f-9416f24b6dda,
,,,KH,Standard,{},56d16b1d-777a-4b8e-98fc-89b2d6678176,bbc534b1-9da9-4258-9334-bd30f8ca996a,6b3fde80-f904-4f2f-8e80-2dfd75d817c4,73333b04-8b98-42ee-a14f-9416f24b6dda,
,,,KH,Standard,{},22aabd34-ff9b-4703-aa24-98a13141d9ae,7afdf35d-e682-4e4f-9e5e-59294bfb6edd,6b3fde80-f904-4f2f-8e80-2dfd75d817c4,73333b04-8b98-42ee-a14f-9416f24b6dda,
,,,KH,Standard,{},87d9467d-8e01-44ba-b8fa-6005321e01a7,1d9d00ed-3d4c-4f24-bbc5-33b4fb62346a,6b3fde80-f904-4f2f-8e80-2dfd75d817c4,ba79403c-a0c1-4545-8b94-12c2d84e1c65,
,,,RJ,Standard,{},43fe0ecb-e06b-486b-ba95-300271704e90,4c5449fe-d5ff-4bce-a888-10e95da84882,8883160d-8697-486c-911f-6738487487a4,73333b04-8b98-42ee-a14f-9416f24b6dda,
,,,RJ,Standard,{},7f090498-258d-438e-8675-97b617b7ca2b,f14dd849-3f40-4655-b14a-a761176e914a,8883160d-8697-486c-911f-6738487487a4,ba79403c-a0c1-4545-8b94-12c2d84e1c65,
,,,RJ,Standard,{},8ec18bb7-2ecb-4f5c-a68b-11140d92c77a,bbc534b1-9da9-4258-9334-bd30f8ca996a,8883160d-8697-486c-911f-6738487487a4,73333b04-8b98-42ee-a14f-9416f24b6dda,
,,,RJ,Standard,{},f67c098d-547a-4ee5-a327-c03da154c748,1d9d00ed-3d4c-4f24-bbc5-33b4fb62346a,8883160d-8697-486c-911f-6738487487a4,ba79403c-a0c1-4545-8b94-12c2d84e1c65,
,,,RJ,Standard,{},64835add-43ea-4e27-a267-10ab48e3f491,4c5449fe-d5ff-4bce-a888-10e95da84882,058dfc33-7872-4f0e-9ab5-06cc2a43a80e,73333b04-8b98-42ee-a14f-9416f24b6dda,
,,,GD,Standard,{},eb4c433f-6f54-4d1d-a997-24d2db160978,f72dde9a-a13a-4ad0-b143-53624d19aa80,5a82980e-152d-4202-8843-5d6c7ad1dbfb,de2e23a7-4bf9-452a-8223-6080288e2c74,
,,,GD,Standard,{},ed1cbc19-378d-4302-bdfb-a28f572bafa4,1f5a9cb5-a741-42c2-baf7-deff7c544297,5a82980e-152d-4202-8843-5d6c7ad1dbfb,de2e23a7-4bf9-452a-8223-6080288e2c74,
,,,GD,Standard,{},fb1f7620-66aa-4d3d-97bc-9f4b7cb345cf,baa0b3e6-e257-4829-9d22-2ea8f4938983,5a82980e-152d-4202-8843-5d6c7ad1dbfb,de2e23a7-4bf9-452a-8223-6080288e2c74,
,,,GD,Standard,{},6a1df1b2-72b4-44b5-a2af-2c3f8f54e9ac,dc787609-ad83-4eb9-9c55-1031a1908bfa,5a82980e-152d-4202-8843-5d6c7ad1dbfb,de2e23a7-4bf9-452a-8223-6080288e2c74,
,,,GD,Standard,{},68acf004-3850-4c43-8423-6062218ecd20,f72dde9a-a13a-4ad0-b143-53624d19aa80,b80fd366-944f-4de7-9199-7f1644d927fb,de2e23a7-4bf9-452a-8223-6080288e2c74,
,,,GD,Standard,{},e7f03045-b34d-4e3a-aea8-21b76555f2af,1f5a9cb5-a741-42c2-baf7-deff7c544297,b80fd366-944f-4de7-9199-7f1644d927fb,de2e23a7-4bf9-452a-8223-6080288e2c74,
,,,GD,Standard,{},0b33073b-cd21-4495-a500-39e29bb0447b,baa0b3e6-e257-4829-9d22-2ea8f4938983,b80fd366-944f-4de7-9199-7f1644d927fb,de2e23a7-4bf9-452a-8223-6080288e2c74,
,,,MG,Standard,{},3423582d-97f6-41b6-b899-c7a7c1845c36,de61b260-0c02-4026-8a2e-ca42721dd7d4,17dd29ec-289b-4536-ba1e-8a38dcaa4a10,de2e23a7-4bf9-452a-8223-6080288e2c74,
,,,MG,Standard,{},b1be35fb-2a78-420e-a4b1-d65ed1e08c48,b93580d5-ae1b-4544-8927-d254e3451750,17dd29ec-289b-4536-ba1e-8a38dcaa4a10,5259e4cc-4882-41d4-90fe-34bfd80b5e93,
,,,MG,Standard,{},772b7b51-8771-437b-8ace-8f30c9cba86f,a75f26b1-7ae9-4004-9406-a88fb7722a08,17dd29ec-289b-4536-ba1e-8a38dcaa4a10,fb0b8977-df4c-4591-8437-159313d5f00b,
,,,MG,Standard,{},8a3e70aa-d227-4bb3-b33e-34a1a734fe01,b93580d5-ae1b-4544-8927-d254e3451750,0104b7c0-aacf-4bca-bd11-9789b52cbecf,5259e4cc-4882-41d4-90fe-34bfd80b5e93,
,,,MG,Standard,{},3bb497a6-3f1f-45c6-8ab4-96cb71dadf0d,a75f26b1-7ae9-4004-9406-a88fb7722a08,0104b7c0-aacf-4bca-bd11-9789b52cbecf,fb0b8977-df4c-4591-8437-159313d5f00b,
,,,HM,Standard,{},a2dfd589-a0fc-4e32-bd2b-becc8ca78f75,967bdced-ad0f-43cd-8a6f-13926d4bdf0c,cfacb3ae-e015-4135-a1a8-2c6091eb0ff1,0a7a9065-0af4-49be-b519-2845e4d45687,
,,,HM,Standard,{},132acb7d-90cf-4287-91e4-ef378b5bb768,967bdced-ad0f-43cd-8a6f-13926d4bdf0c,df23bd6d-0abe-49d3-b64e-400dfdbbfe2b,0a7a9065-0af4-49be-b519-2845e4d45687,
,,,HM,Standard,{},2a29d4fe-54c0-4193-9d37-9f7fd2715d70,997316f0-3581-4623-9924-708d50c0a8c4,df23bd6d-0abe-49d3-b64e-400dfdbbfe2b,ba79403c-a0c1-4545-8b94-12c2d84e1c65,
,,,HM,Standard,{},aa03735c-06a5-4d05-ac28-4f9ef66fa457,997316f0-3581-4623-9924-708d50c0a8c4,df23bd6d-0abe-49d3-b64e-400dfdbbfe2b,ba79403c-a0c1-4545-8b94-12c2d84e1c65,
,,,HM2,Standard,{},20ee9c1b-9f6d-4c46-bf35-57d1b57e553e,997316f0-3581-4623-9924-708d50c0a8c4,7178028a-4f63-4369-baac-f5842aa7bc22,ba79403c-a0c1-4545-8b94-12c2d84e1c65,
,,,GH,Standard,{},5bb03c20-7fc8-4b59-a5a1-856fa19ff5b1,08031632-c2b1-495a-859b-43cd4f95f492,16805fae-8f4f-48eb-a805-e69903405ba6,05ce06d5-aaa3-41c2-a821-0bab0e4b84c7,
,,,GH,Standard,{},fe1e4cff-cece-4821-98f2-18a607b4f2e0,480f10d7-2e2e-4c7a-99c7-7fec016550b5,16805fae-8f4f-48eb-a805-e69903405ba6,05ce06d5-aaa3-41c2-a821-0bab0e4b84c7,
,,,GH,Standard,{},f18b374a-4517-4b81-8edd-6cb4f5996a4b,bffe3738-cf3e-4973-9cce-205c8d0b5212,16805fae-8f4f-48eb-a805-e69903405ba6,5259e4cc-4882-41d4-90fe-34bfd80b5e93,
,,,GH,Standard,{},0bc70752-23c7-4776-a360-2ea2a9f47344,967bdced-ad0f-43cd-8a6f-13926d4bdf0c,16805fae-8f4f-48eb-a805-e69903405ba6,5259e4cc-4882-41d4-90fe-34bfd80b5e93,
,,,GH,Standard,{},58f6587f-fb3e-43f8-b710-d81add7a8c51,b93580d5-ae1b-4544-8927-d254e3451750,1e351749-12a8-4ac9-a92d-74290009e23c,05ce06d5-aaa3-41c2-a821-0bab0e4b84c7,
,,,GH,Standard,{},b230e8ac-4301-45b1-b4e3-cd411472ca59,e5d049a3-f93d-483c-a2f5-6894e89617e0,1e351749-12a8-4ac9-a92d-74290009e23c,5259e4cc-4882-41d4-90fe-34bfd80b5e93,
,,,GH,Standard,{},a59120fc-986c-45e9-9fc3-ccc9722c0e65,967bdced-ad0f-43cd-8a6f-13926d4bdf0c,1e351749-12a8-4ac9-a92d-74290009e23c,5259e4cc-4882-41d4-90fe-34bfd80b5e93,
,,,GH,Standard,{},9fa2bd04-a917-4bc9-988c-287ee69731cd,b93580d5-ae1b-4544-8927-d254e3451750,1e351749-12a8-4ac9-a92d-74290009e23c,95afacdd-c33b-49ea-926d-e710191e60c4,
,,,GH,Standard,{},25411574-e4e1-47fd-b2a4-41a3c4e8cd0c,e5d049a3-f93d-483c-a2f5-6894e89617e0,1e351749-12a8-4ac9-a92d-74290009e23c,dc56b0e5-a85e-4d21-8f29-5448ec5ba764,
,,,GH,Standard,{},e7bb3055-1ec6-415f-b6e0-a44a75952652,967bdced-ad0f-43cd-8a6f-13926d4bdf0c,1e351749-12a8-4ac9-a92d-74290009e23c,dc56b0e5-a85e-4d21-8f29-5448ec5ba764,
,,,GD,Standard,{},b4aeddfc-93dd-4ad9-99de-e9e5ea2174f8,f72dde9a-a13a-4ad0-b143-53624d19aa80,5a82980e-152d-4202-8843-5d6c7ad1dbfb,de2e23a7-4bf9-452a-8223-6080288e2c74,
,,,GD,Standard,{},90cf8854-2078-4675-a952-dee234bf532b,1f5a9cb5-a741-42c2-baf7-deff7c544297,5a82980e-152d-4202-8843-5d6c7ad1dbfb,de2e23a7-4bf9-452a-8223-6080288e2c74,
,,,GD,Standard,{},edaf4d53-3208-48f0-8ed9-4da4c77829f2,baa0b3e6-e257-4829-9d22-2ea8f4938983,5a82980e-152d-4202-8843-5d6c7ad1dbfb,de2e23a7-4bf9-452a-8223-6080288e2c74,
,,,GD,Standard,{},fc2ef8b2-4e87-4b8a-998a-c9cc3399ec98,dc787609-ad83-4eb9-9c55-1031a1908bfa,5a82980e-152d-4202-8843-5d6c7ad1dbfb,de2e23a7-4bf9-452a-8223-6080288e2c74,
,,,GD,Standard,{},675ce0dc-001a-47e3-94cd-b75282187cf1,f72dde9a-a13a-4ad0-b143-53624d19aa80,b80fd366-944f-4de7-9199-7f1644d927fb,de2e23a7-4bf9-452a-8223-6080288e2c74,
,,,GD,Standard,{},1f6598af-95f4-481a-8418-f5385a0aab88,1f5a9cb5-a741-42c2-baf7-deff7c544297,b80fd366-944f-4de7-9199-7f1644d927fb,de2e23a7-4bf9-452a-8223-6080288e2c74,
,,,GD,Standard,{},f7618da9-3f28-4654-9695-5d825ceb7f8f,baa0b3e6-e257-4829-9d22-2ea8f4938983,b80fd366-944f-4de7-9199-7f1644d927fb,de2e23a7-4bf9-452a-8223-6080288e2c74,
,,,GD,Standard,{},eb9160ea-bcf1-459a-a194-af1426afcad0,dc787609-ad83-4eb9-9c55-1031a1908bfa,b80fd366-944f-4de7-9199-7f1644d927fb,de2e23a7-4bf9-452a-8223-6080288e2c74,
,,,GD,Standard,{},a5a5db2e-6751-4923-9849-ce89d0e45963,08031632-c2b1-495a-859b-43cd4f95f492,b80fd366-944f-4de7-9199-7f1644d927fb,de2e23a7-4bf9-452a-8223-6080288e2c74,
,,,MG,Standard,{},d0615fd7-80fe-4ed5-9f5b-95db14465c4a,de61b260-0c02-4026-8a2e-ca42721dd7d4,17dd29ec-289b-4536-ba1e-8a38dcaa4a10,de2e23a7-4bf9-452a-8223-6080288e2c74,
,,,MG,Standard,{},6b3e7568-fe46-40ad-aa9d-6cc13373d3e9,b93580d5-ae1b-4544-8927-d254e3451750,17dd29ec-289b-4536-ba1e-8a38dcaa4a10,5259e4cc-4882-41d4-90fe-34bfd80b5e93,
,,,MG,Standard,{},d3d10caf-8189-45dc-a20b-e5b5d48e0662,a75f26b1-7ae9-4004-9406-a88fb7722a08,17dd29ec-289b-4536-ba1e-8a38dcaa4a10,fb0b8977-df4c-4591-8437-159313d5f00b,
,,,MG,Standard,{},871824c7-1080-43ae-9fea-f987776059ed,b93580d5-ae1b-4544-8927-d254e3451750,0104b7c0-aacf-4bca-bd11-9789b52cbecf,5259e4cc-4882-41d4-90fe-34bfd80b5e93,
,,,MG,Standard,{},b6e3c973-5131-48b1-b0fe-ca343c8063fb,a75f26b1-7ae9-4004-9406-a88fb7722a08,0104b7c0-aacf-4bca-bd11-9789b52cbecf,fb0b8977-df4c-4591-8437-159313d5f00b,
,,,TF,Standard,{},48dc83e2-2bfb-4c1b-8e5e-8e65c98acc62,27d8976c-85c6-4e7a-8218-b1e043e35714,a58a317e-08fd-4c0d-8ba9-46676522db73,b44626e1-271f-49d0-9719-82801e2e9b14,
,,,TF,Standard,{},7adaed27-92f4-4278-a134-8e3524919661,ca195b26-f1ce-4193-b221-e0a6eb3d7c11,a58a317e-08fd-4c0d-8ba9-46676522db73,b44626e1-271f-49d0-9719-82801e2e9b14,
,,,TF,Standard,{},447fb7c6-c537-47e2-8488-9358618cf1a4,27d8976c-85c6-4e7a-8218-b1e043e35714,a58a317e-08fd-4c0d-8ba9-46676522db73,6a0c3357-ddad-470f-a347-431482ec990a,
,,,TF,Standard,{},ec59e1d8-4904-40e3-9a5d-5e267ced3e88,ca195b26-f1ce-4193-b221-e0a6eb3d7c11,a58a317e-08fd-4c0d-8ba9-46676522db73,6a0c3357-ddad-470f-a347-431482ec990a,
,,,TF,Standard,{},7ecf7b85-e60f-4ab3-a33a-80904415bc3c,93976d8e-a0d9-418c-abeb-5e01f75b7104,a58a317e-08fd-4c0d-8ba9-46676522db73,6a0c3357-ddad-470f-a347-431482ec990a,
,,,TF,Standard,{},cd533d31-a645-498a-9877-2dbf875612ac,ca195b26-f1ce-4193-b221-e0a6eb3d7c11,f1c7bf29-0dfa-4b37-8d41-ccfa3b2e03bb,b44626e1-271f-49d0-9719-82801e2e9b14,
,,,TF,Standard,{},cd7658ab-61a2-4e8e-a913-571f65110ff9,ca195b26-f1ce-4193-b221-e0a6eb3d7c11,f1c7bf29-0dfa-4b37-8d41-ccfa3b2e03bb,6a0c3357-ddad-470f-a347-431482ec990a,
,,,TF,Standard,{},e0a35127-29ae-4e9d-9e38-11e84aab73b9,93976d8e-a0d9-418c-abeb-5e01f75b7104,f1c7bf29-0dfa-4b37-8d41-ccfa3b2e03bb,6a0c3357-ddad-470f-a347-431482ec990a,
,,,JF,Standard,{},a0792b7e-2edb-475e-8ea9-42417bb73339,ca195b26-f1ce-4193-b221-e0a6eb3d7c11,765d9d3f-79fa-4cdc-a418-cb463806ebc9,b44626e1-271f-49d0-9719-82801e2e9b14,
,,,JF,Standard,{},4a4c31cc-091e-4bbc-bea8-deb81d7881ea,ca195b26-f1ce-4193-b221-e0a6eb3d7c11,765d9d3f-79fa-4cdc-a418-cb463806ebc9,6a0c3357-ddad-470f-a347-431482ec990a,
,,,JF,Standard,{},3ec72f5b-6b32-429c-a0fc-9cdd7d9055b8,ecfab4ef-b6e6-4b42-a234-3c4f66eb848a,765d9d3f-79fa-4cdc-a418-cb463806ebc9,95afacdd-c33b-49ea-926d-e710191e60c4,
,,,JF,Standard,{},8736a698-9710-46f6-812b-711b6faa3fa0,397d203c-a9d4-492d-9b0d-6ee7a8e65f95,765d9d3f-79fa-4cdc-a418-cb463806ebc9,3799308b-0613-4ebb-8533-93a7f19f4af7,
,,,SA,Standard,{},07e1d4e0-0442-4982-9ed3-4e0464dec3a8,40d89de2-f2c1-4589-838e-7df0c0ca53b2,672638aa-2f01-4c5b-823a-55ae68e3b3df,c65434a2-54b8-4371-9e5b-2765d4f7127c,
,,,SA,Standard,{},10aa7c17-3523-4400-a42f-26aa9f13028e,40d89de2-f2c1-4589-838e-7df0c0ca53b2,344007a3-f2bf-409d-964f-4fea6d7f05e8,c65434a2-54b8-4371-9e5b-2765d4f7127c,
,,,SA,Standard,{},71f4687e-0566-4f81-bdde-77d1687de430,40d89de2-f2c1-4589-838e-7df0c0ca53b2,344007a3-f2bf-409d-964f-4fea6d7f05e8,c65434a2-54b8-4371-9e5b-2765d4f7127c,
,,,SA,Standard,{},d55d5ad1-00ac-404c-b3e8-96b909499446,b1ab756f-65be-440b-843a-618f19c0e966,344007a3-f2bf-409d-964f-4fea6d7f05e8,6132cf89-a53e-4043-afce-c6739471bdfd,
,,,TA,Standard,{},881b5d70-2e55-4ef1-b2d9-2c187c71eebb,f43a2d47-960b-4ff8-95ce-9c421e86f318,98be0e87-1ac1-49ed-92d3-a1670f71825e,c65434a2-54b8-4371-9e5b-2765d4f7127c,
,,,TA,Standard,{},8c8a7003-37e5-4681-8592-563668bc9d0b,48c4d4b7-eacf-413a-b76e-5c71085f9ea2,98be0e87-1ac1-49ed-92d3-a1670f71825e,6132cf89-a53e-4043-afce-c6739471bdfd,
,,,TA,Standard,{},4e675d3b-123d-4e9e-b985-d813a14a7d04,f43a2d47-960b-4ff8-95ce-9c421e86f318,ff8a3cf4-3a36-4826-a6b9-6fb880cd6ada,c65434a2-54b8-4371-9e5b-2765d4f7127c,
,,,TA,Standard,{},30e558cf-eeeb-45b8-b3aa-faa7e657634e,48c4d4b7-eacf-413a-b76e-5c71085f9ea2,ff8a3cf4-3a36-4826-a6b9-6fb880cd6ada,6132cf89-a53e-4043-afce-c6739471bdfd,
,,,JA,Standard,{},134133b2-05e7-42c0-bbce-12cec4fa0fe7,f43a2d47-960b-4ff8-95ce-9c421e86f318,bfdb8a42-fc39-487e-817f-51de1f93d78f,c65434a2-54b8-4371-9e5b-2765d4f7127c,
,,,JA,Standard,{},f0a7fbea-1df8-4428-8966-a8ed6f72bf85,48c4d4b7-eacf-413a-b76e-5c71085f9ea2,bfdb8a42-fc39-487e-817f-51de1f93d78f,6132cf89-a53e-4043-afce-c6739471bdfd,
,,,JA,Standard,{},e55365fa-3b6e-4bd2-a15e-faf41b608c72,f43a2d47-960b-4ff8-95ce-9c421e86f318,cd76d6ed-77b7-4e58-960f-c5218276bfae,c65434a2-54b8-4371-9e5b-2765d4f7127c,
,,,JA,Standard,{},65614164-0db9-4c09-be11-25a448bfb666,48c4d4b7-eacf-413a-b76e-5c71085f9ea2,cd76d6ed-77b7-4e58-960f-c5218276bfae,6132cf89-a53e-4043-afce-c6739471bdfd,
,,,JB,Standard,{},bf9cd1f3-f4f0-4e7d-a68d-4a51c0c45237,d7ec4c70-9038-473b-85a0-56e59716e29b,c72c1781-e4b4-469c-8732-3daa5605ea0a,bd411c1e-33d2-4b34-8b24-2ad5e1de35a0,
,,,JB,Standard,{},1c0b2341-e98f-4a5b-b319-13eb20fe840a,d7ec4c70-9038-473b-85a0-56e59716e29b,c72c1781-e4b4-469c-8732-3daa5605ea0a,f31b33ef-d396-499d-859c-7079e86b6fa7,
,,,JB,Standard,{},ea599343-0f27-4bcd-9bc4-79e75b58e1ae,6585cee1-a6c9-44e4-a972-8c2a8cb892ea,c72c1781-e4b4-469c-8732-3daa5605ea0a,bd411c1e-33d2-4b34-8b24-2ad5e1de35a0,
,,,JB,Standard,{},816fdd22-603c-4cbb-8a5f-4d8b22c3b34f,6585cee1-a6c9-44e4-a972-8c2a8cb892ea,c72c1781-e4b4-469c-8732-3daa5605ea0a,d0bfd350-b6f6-4733-848d-21a4298eb8f8,
,,,JB,Standard,{},fcbe49d8-b0e8-42c4-8d11-aac1718921e2,ca4f648f-1b72-411a-a9fd-e3258205689b,c72c1781-e4b4-469c-8732-3daa5605ea0a,0d01f605-2a3c-4ab7-b588-b9accad9e2cc,
,,,JB,Standard,{},e76491dc-dbb1-448c-ba6d-5fcdb8e3fdd1,d7ec4c70-9038-473b-85a0-56e59716e29b,f566a70e-7dec-4e7e-95b9-ed0349ca997a,bd411c1e-33d2-4b34-8b24-2ad5e1de35a0,
,,,JB,Standard,{},b96847aa-7b3b-42b3-9a03-bae8b404bc61,d7ec4c70-9038-473b-85a0-56e59716e29b,f566a70e-7dec-4e7e-95b9-ed0349ca997a,f31b33ef-d396-499d-859c-7079e86b6fa7,
,,,JB,Standard,{},441894f7-e2a1-44ac-88e2-7541853c17ed,6585cee1-a6c9-44e4-a972-8c2a8cb892ea,f566a70e-7dec-4e7e-95b9-ed0349ca997a,bd411c1e-33d2-4b34-8b24-2ad5e1de35a0,
,,,JB,Standard,{},8abb058b-7bd8-4816-a834-14d537fa59ce,6585cee1-a6c9-44e4-a972-8c2a8cb892ea,f566a70e-7dec-4e7e-95b9-ed0349ca997a,d0bfd350-b6f6-4733-848d-21a4298eb8f8,
,,,JB,Standard,{},61949561-1ee9-47e3-9e57-ee1f0b707b8e,ca4f648f-1b72-411a-a9fd-e3258205689b,f566a70e-7dec-4e7e-95b9-ed0349ca997a,0d01f605-2a3c-4ab7-b588-b9accad9e2cc,
,,,QB,Standard,{},d930586e-0268-4f84-9c48-3e74d51314d2,a6dc2d9c-bba2-4d93-9103-770355cf11bc,dd2da99b-05ad-4440-af5d-5d7472085d46,bd411c1e-33d2-4b34-8b24-2ad5e1de35a0,
,,,QB,Standard,{},64abf2bc-61fe-402c-b9e1-db4dfdbed22a,a6dc2d9c-bba2-4d93-9103-770355cf11bc,dd2da99b-05ad-4440-af5d-5d7472085d46,5fa45b3f-40df-4970-88d0-c7f69e3f1c67,
,,,QB,Standard,{},134e1d35-69b5-4952-95ee-2afe505fec07,9672380d-482b-4ea9-9a74-2af8796b9b74,dd2da99b-05ad-4440-af5d-5d7472085d46,bd411c1e-33d2-4b34-8b24-2ad5e1de35a0,
,,,QB,Standard,{},f07511dc-a5ca-4445-bb4c-f737faea70a3,9672380d-482b-4ea9-9a74-2af8796b9b74,dd2da99b-05ad-4440-af5d-5d7472085d46,5fa45b3f-40df-4970-88d0-c7f69e3f1c67,
,,,QB,Standard,{},33797e39-ccb6-4fe7-b780-46604c475bf6,9672380d-482b-4ea9-9a74-2af8796b9b74,dd2da99b-05ad-4440-af5d-5d7472085d46,1f075483-8740-4375-bf0b-ff2c41cd8fa6,
,,,QB,Standard,{},a12e025c-6f5a-49b5-9682-9b6db465398b,9672380d-482b-4ea9-9a74-2af8796b9b74,dd2da99b-05ad-4440-af5d-5d7472085d46,a68e50b0-a4ed-4bbd-9d6b-cc66dec651ca,
,,,QB,Standard,{},48588adb-2831-472a-98b8-5bcffe2eac58,a6dc2d9c-bba2-4d93-9103-770355cf11bc,9466391b-7808-4a9c-a906-4592facbf516,bd411c1e-33d2-4b34-8b24-2ad5e1de35a0,
,,,QB,Standard,{},1660168c-c936-4b1d-99b7-201fc15428e9,a6dc2d9c-bba2-4d93-9103-770355cf11bc,9466391b-7808-4a9c-a906-4592facbf516,5fa45b3f-40df-4970-88d0-c7f69e3f1c67,
,,,QB,Standard,{},42ad1b0e-1b30-4bf8-be8b-e593ba68ba85,9672380d-482b-4ea9-9a74-2af8796b9b74,9466391b-7808-4a9c-a906-4592facbf516,1f075483-8740-4375-bf0b-ff2c41cd8fa6,
,,,QB,Standard,{},3a6d4e6c-1c75-4ec9-af75-dc6d1541b095,9672380d-482b-4ea9-9a74-2af8796b9b74,9466391b-7808-4a9c-a906-4592facbf516,a68e50b0-a4ed-4bbd-9d6b-cc66dec651ca,
,,,FB,Standard,{},ac7d235e-fa99-4776-ac79-8c98088e59fd,fece5466-ff85-4470-9e0e-12b3e3afe903,082db1fc-0f29-40a3-aadb-a56c2467f1d3,1f075483-8740-4375-bf0b-ff2c41cd8fa6,
,,,FB,Standard,{},9f616007-e006-4f26-add4-266bd585cbdc,fece5466-ff85-4470-9e0e-12b3e3afe903,082db1fc-0f29-40a3-aadb-a56c2467f1d3,a68e50b0-a4ed-4bbd-9d6b-cc66dec651ca,
,,,FB,Standard,{},9877d606-e347-4a5c-954c-076d17da8cd2,85bcd64a-4f73-4743-9aa1-9a587a662093,082db1fc-0f29-40a3-aadb-a56c2467f1d3,1f075483-8740-4375-bf0b-ff2c41cd8fa6,
,,,FB,Standard,{},f529263b-b78e-411f-aa70-ac1a1602bdbd,85bcd64a-4f73-4743-9aa1-9a587a662093,082db1fc-0f29-40a3-aadb-a56c2467f1d3,a68e50b0-a4ed-4bbd-9d6b-cc66dec651ca,
,,,FB,Standard,{},d3729252-dd11-434d-a04b-8a1ca0ef6170,fece5466-ff85-4470-9e0e-12b3e3afe903,6b4731d6-8c17-485b-8aef-9a7280ac50c1,1f075483-8740-4375-bf0b-ff2c41cd8fa6,
,,,FB,Standard,{},cc5260ba-e2cd-4b35-ac92-8dd67140ffe8,fece5466-ff85-4470-9e0e-12b3e3afe903,6b4731d6-8c17-485b-8aef-9a7280ac50c1,a68e50b0-a4ed-4bbd-9d6b-cc66dec651ca,
,,,FB,Standard,{},31405c5c-872e-41e3-a555-520f985e7438,85bcd64a-4f73-4743-9aa1-9a587a662093,6b4731d6-8c17-485b-8aef-9a7280ac50c1,1f075483-8740-4375-bf0b-ff2c41cd8fa6,
,,,FB,Standard,{},7d7f7c7d-e3b0-46c6-834e-2dcaf0c4831e,85bcd64a-4f73-4743-9aa1-9a587a662093,6b4731d6-8c17-485b-8aef-9a7280ac50c1,a68e50b0-a4ed-4bbd-9d6b-cc66dec651ca,
,,,FB,Standard,{},6e01b6f7-9b22-45b2-8072-7c8cf5c37730,fece5466-ff85-4470-9e0e-12b3e3afe903,b4cacd06-6e49-4f04-9cd4-0290dbfd1b5f,1f075483-8740-4375-bf0b-ff2c41cd8fa6,
,,,FB,Standard,{},c4ee225a-a853-4048-9d85-d87e60377d5a,fece5466-ff85-4470-9e0e-12b3e3afe903,b4cacd06-6e49-4f04-9cd4-0290dbfd1b5f,a68e50b0-a4ed-4bbd-9d6b-cc66dec651ca,
,,,FB,Standard,{},c06b2060-0696-492f-bc4e-dafe562723b9,85bcd64a-4f73-4743-9aa1-9a587a662093,b4cacd06-6e49-4f04-9cd4-0290dbfd1b5f,1f075483-8740-4375-bf0b-ff2c41cd8fa6,
,,,FB,Standard,{},c2dacf74-a211-4bda-88c3-adb0d4bd0143,85bcd64a-4f73-4743-9aa1-9a587a662093,b4cacd06-6e49-4f04-9cd4-0290dbfd1b5f,a68e50b0-a4ed-4bbd-9d6b-cc66dec651ca,
,,,FB,Standard,{},dc90b926-8bb2-45cc-9dcd-1a14c25426f3,fece5466-ff85-4470-9e0e-12b3e3afe903,0c4bbd88-2c12-4f51-8b23-d771ec7c5021,1f075483-8740-4375-bf0b-ff2c41cd8fa6,
,,,FB,Standard,{},9876f4d4-3719-4faf-85cb-311b13283382,fece5466-ff85-4470-9e0e-12b3e3afe903,0c4bbd88-2c12-4f51-8b23-d771ec7c5021,a68e50b0-a4ed-4bbd-9d6b-cc66dec651ca,
,,,FB,Standard,{},ec5b4251-979b-411a-a451-c2b2f8c4f02a,85bcd64a-4f73-4743-9aa1-9a587a662093,0c4bbd88-2c12-4f51-8b23-d771ec7c5021,1f075483-8740-4375-bf0b-ff2c41cd8fa6,
,,,FB,Standard,{},779fdf95-aefc-4876-a935-7d8078ca910e,85bcd64a-4f73-4743-9aa1-9a587a662093,0c4bbd88-2c12-4f51-8b23-d771ec7c5021,a68e50b0-a4ed-4bbd-9d6b-cc66dec651ca,
,,,SP2,Standard,{},53afcb5f-20f9-4ce2-aec8-4769e7812c0b,85bcd64a-4f73-4743-9aa1-9a587a662093,93bb7677-c9b8-4f24-a6c1-6802a015281f,1f075483-8740-4375-bf0b-ff2c41cd8fa6,
,,,SP2,Standard,{},79da2a89-d931-4e45-bb5b-546c0b12703e,85bcd64a-4f73-4743-9aa1-9a587a662093,93bb7677-c9b8-4f24-a6c1-6802a015281f,a68e50b0-a4ed-4bbd-9d6b-cc66dec651ca,
,,,SP2,Standard,{},cabbc1f4-a66f-4572-aae7-b6f16ad13548,85bcd64a-4f73-4743-9aa1-9a587a662093,93bb7677-c9b8-4f24-a6c1-6802a015281f,e45850a9-a75c-4acd-ae3f-44113b35f636,
,,,SP2,Standard,{},ec07f526-5eee-4373-bc32-3a6831db3c3a,85bcd64a-4f73-4743-9aa1-9a587a662093,93bb7677-c9b8-4f24-a6c1-6802a015281f,a68e50b0-a4ed-4bbd-9d6b-cc66dec651ca,
,,,SP2,Standard,{},48a05ded-d255-4e9d-9b45-7f2b635c5648,89e6cddd-4e62-4f3a-94c0-3ffe5917467c,93bb7677-c9b8-4f24-a6c1-6802a015281f,8a979483-d2dd-4036-9ae4-22dfb65d1c48,
,,,BL,Standard,{},b1b0aae9-e13c-4bea-8223-46447b1ecf77,baa0b3e6-e257-4829-9d22-2ea8f4938983,060b8e80-50b2-4025-bb86-4310bc21ea77,17fd27f3-874c-4084-a013-fdcb059931b5,
,,,BL,Standard,{},dc20b739-af94-4b61-a48a-9eb6680be898,bffe3738-cf3e-4973-9cce-205c8d0b5212,060b8e80-50b2-4025-bb86-4310bc21ea77,aed42de7-d53d-4d98-89ca-ca24ba87ed25,
,,,BL,Standard,{},55a6a6dc-7e02-47f0-b851-1d3cf4dfb7d4,2b292134-5cd8-4653-9f7c-ccfccc157791,060b8e80-50b2-4025-bb86-4310bc21ea77,17fd27f3-874c-4084-a013-fdcb059931b5,
,,,BL,Standard,{},3e354cb6-5da2-4ca7-8f93-d9dfc5b58e19,e5d049a3-f93d-483c-a2f5-6894e89617e0,ed42e18e-960a-47ab-b6bd-cc54aa694f67,aed42de7-d53d-4d98-89ca-ca24ba87ed25,
,,,BL,Standard,{},c016d4dd-b6c0-4ebc-b138-d95b2c65a5ea,2b292134-5cd8-4653-9f7c-ccfccc157791,ed42e18e-960a-47ab-b6bd-cc54aa694f67,ef1097f0-a1ba-41de-9572-c5646a02e006,
,,,BL,Standard,{},b856d210-584a-4c9e-8d1e-dea58f33654e,2b292134-5cd8-4653-9f7c-ccfccc157791,ed42e18e-960a-47ab-b6bd-cc54aa694f67,0a7a9065-0af4-49be-b519-2845e4d45687,
,,,XM,Standard,{},e70748fa-4dc4-4ced-b402-68ccf356086c,93976d8e-a0d9-418c-abeb-5e01f75b7104,d9cf0046-f598-49d3-9ce1-738bac5e4f55,e0ce1078-2d1f-426b-9367-2bcc64e89cec,
,,,XM,Standard,{},10070fa8-4a97-41bd-b3a2-2d6e1e6b16bb,93976d8e-a0d9-418c-abeb-5e01f75b7104,d9cf0046-f598-49d3-9ce1-738bac5e4f55,3799308b-0613-4ebb-8533-93a7f19f4af7,
,,,XM,Standard,{},5ae7d132-d994-4d1e-9021-69bdc060928c,fdd0d22e-3e55-4e46-b4d7-c15f13c6a81b,d9cf0046-f598-49d3-9ce1-738bac5e4f55,fa946e42-efb0-4e8e-9a20-d56f121c466f,
,,,XM,Standard,{},f29dd790-1260-49a6-97bf-91e5279909a9,fdd0d22e-3e55-4e46-b4d7-c15f13c6a81b,d9cf0046-f598-49d3-9ce1-738bac5e4f55,e2729896-4cc3-47b1-9034-499af28b2358,
,,,XM,Standard,{},806b6c4c-dfe8-4dcb-ac6d-9d0389a87e2c,93976d8e-a0d9-418c-abeb-5e01f75b7104,c770acf1-0f1a-44c1-91be-02694c00b854,e0ce1078-2d1f-426b-9367-2bcc64e89cec,
,,,XM,Standard,{},600ed55f-1152-4116-bb88-8fe3e3614bd5,93976d8e-a0d9-418c-abeb-5e01f75b7104,c770acf1-0f1a-44c1-91be-02694c00b854,3799308b-0613-4ebb-8533-93a7f19f4af7,
,,,XM,Standard,{},ae7dfa7d-25da-4912-9309-e924bdc4b5e1,fdd0d22e-3e55-4e46-b4d7-c15f13c6a81b,c770acf1-0f1a-44c1-91be-02694c00b854,fa946e42-efb0-4e8e-9a20-d56f121c466f,
,,,XM,Standard,{},b85a0a02-077f-4da3-a4eb-57d61a9d81b2,fdd0d22e-3e55-4e46-b4d7-c15f13c6a81b,c770acf1-0f1a-44c1-91be-02694c00b854,e2729896-4cc3-47b1-9034-499af28b2358,
,,,UM,Standard,{},d52908a3-4db7-49eb-9507-1902570e9d17,397d203c-a9d4-492d-9b0d-6ee7a8e65f95,2961d7a3-cc46-4561-b55d-88ed0d641a5e,3799308b-0613-4ebb-8533-93a7f19f4af7,
,,,UM,Standard,{},e2c397a0-2b92-4d76-928a-308cb307006b,0850d596-fb91-4f58-a629-3ba419a6f89a,2961d7a3-cc46-4561-b55d-88ed0d641a5e,95afacdd-c33b-49ea-926d-e710191e60c4,
,,,UM,Standard,{},61130b85-da59-4eb4-9848-161dec5c3a0d,fdd0d22e-3e55-4e46-b4d7-c15f13c6a81b,2961d7a3-cc46-4561-b55d-88ed0d641a5e,e2729896-4cc3-47b1-9034-499af28b2358,
,,,UM,Standard,{},2ebe6d14-8b3b-4515-a05c-31304a676290,397d203c-a9d4-492d-9b0d-6ee7a8e65f95,46f7653a-8b35-4749-b495-965d1e3e509a,3799308b-0613-4ebb-8533-93a7f19f4af7,
,,,UM,Standard,{},8e8e8f7d-18fa-41e1-841e-1d40be198ed2,397d203c-a9d4-492d-9b0d-6ee7a8e65f95,46f7653a-8b35-4749-b495-965d1e3e509a,3799308b-0613-4ebb-8533-93a7f19f4af7,
,,,UM,Standard,{},7b8e1ce0-0ad8-4bb3-b1de-b756f4370b86,b1e21283-d2ed-49a4-887e-1bb7e92379cc,46f7653a-8b35-4749-b495-965d1e3e509a,ff2c8c3a-ce5c-451e-a079-c853ccd1e1f3,
,,,UM,Standard,{},dcb0c8a6-7095-448c-bdf2-2b98b35024ac,fdd0d22e-3e55-4e46-b4d7-c15f13c6a81b,46f7653a-8b35-4749-b495-965d1e3e509a,c4c4b466-8814-4fec-bb3c-36274da5e1a5,
,,,MQ4,Standard,{},55307204-1073-49e1-b321-f4f3dc4e7b7e,b18d0415-41f7-402c-97c8-f28fb36f9a11,281c7635-f989-44dd-ad9a-98ac8ff56a2e,3799308b-0613-4ebb-8533-93a7f19f4af7,
,,,MQ4,Standard,{},005bcba9-a45b-496f-9fb8-1f654fc90986,b18d0415-41f7-402c-97c8-f28fb36f9a11,281c7635-f989-44dd-ad9a-98ac8ff56a2e,3799308b-0613-4ebb-8533-93a7f19f4af7,
,,,MQ4,Standard,{},f75058c3-9fcb-4946-bacd-25836a98d66f,e94d1713-149c-4283-8498-cca114b3e862,281c7635-f989-44dd-ad9a-98ac8ff56a2e,ff2c8c3a-ce5c-451e-a079-c853ccd1e1f3,
,,,MQ4,Standard,{},37aa4818-f57b-43fe-a7f0-02e710392d40,4e256d69-0b04-4c00-b390-c703b452e9a8,281c7635-f989-44dd-ad9a-98ac8ff56a2e,8833dccf-c99e-459d-9a47-9ba189df5a66,
,,,MQ4,Standard,{},291b3ac8-1c97-4153-a8cb-7e097863049c,641822ec-e82d-4e8a-9f96-a47c861f808c,281c7635-f989-44dd-ad9a-98ac8ff56a2e,8833dccf-c99e-459d-9a47-9ba189df5a66,
,,,AM,Standard,{},f64ab4d2-918b-4283-b216-c0ee9680bcd7,9672380d-482b-4ea9-9a74-2af8796b9b74,463de88c-80a8-4a11-a802-355e99b4a2d8,bd411c1e-33d2-4b34-8b24-2ad5e1de35a0,
,,,AM,Standard,{},6dc02b37-77dd-41af-b967-c86a94ccd52a,9672380d-482b-4ea9-9a74-2af8796b9b74,463de88c-80a8-4a11-a802-355e99b4a2d8,5fa45b3f-40df-4970-88d0-c7f69e3f1c67,
,,,AM,Standard,{},93ccb47c-c018-4bfb-b2c4-673aee961f2f,cf5b3208-f2c6-4a2c-8e50-cd2d8afdefb2,463de88c-80a8-4a11-a802-355e99b4a2d8,030d19e5-e523-4ae2-8bf7-4bde9061073a,
,,,AM,Standard,{},d5e6b1d4-9acd-401d-aa53-ca22dee413bf,cf5b3208-f2c6-4a2c-8e50-cd2d8afdefb2,463de88c-80a8-4a11-a802-355e99b4a2d8,9be1faee-58b9-4f79-9be3-844c82317c50,
,,,AM,Standard,{},8362ffd3-9ea4-479f-9259-456194da21da,85bcd64a-4f73-4743-9aa1-9a587a662093,938cb2d7-4f26-41a4-b22f-d8a2544bcfd7,1f075483-8740-4375-bf0b-ff2c41cd8fa6,
,,,AM,Standard,{},9198d04b-d525-4fe8-8e49-3fa8106645f6,85bcd64a-4f73-4743-9aa1-9a587a662093,938cb2d7-4f26-41a4-b22f-d8a2544bcfd7,a68e50b0-a4ed-4bbd-9d6b-cc66dec651ca,
,,,AM,Standard,{},d55fdd97-3a72-4451-9208-858532262c69,cf5b3208-f2c6-4a2c-8e50-cd2d8afdefb2,938cb2d7-4f26-41a4-b22f-d8a2544bcfd7,3799308b-0613-4ebb-8533-93a7f19f4af7,
,,,PS,Standard,{},d29b7fec-fcef-4b53-9c2a-8574367f0869,85bcd64a-4f73-4743-9aa1-9a587a662093,bf422044-85b1-4e63-8bd5-0f81abc36d54,1f075483-8740-4375-bf0b-ff2c41cd8fa6,
,,,PS,Standard,{},24133cf5-0491-4ea0-a1a2-258358e34148,eafe70d2-a59d-460b-9d8c-d0d39c8ab3b4,bf422044-85b1-4e63-8bd5-0f81abc36d54,a68e50b0-a4ed-4bbd-9d6b-cc66dec651ca,
,,,PS,Standard,{},9147f351-7815-436d-bf34-ab0b1a7c9980,cf5b3208-f2c6-4a2c-8e50-cd2d8afdefb2,bf422044-85b1-4e63-8bd5-0f81abc36d54,3799308b-0613-4ebb-8533-93a7f19f4af7,
,,,PS,Standard,{},eb931767-4a3f-442b-88e7-29cf87a7a99f,85bcd64a-4f73-4743-9aa1-9a587a662093,406647c7-62c4-4a90-9ede-fbe89d8acc47,1f075483-8740-4375-bf0b-ff2c41cd8fa6,
,,,PS,Standard,{},820f26c1-557b-4ecc-92a1-c0a00c8720ce,eafe70d2-a59d-460b-9d8c-d0d39c8ab3b4,406647c7-62c4-4a90-9ede-fbe89d8acc47,a68e50b0-a4ed-4bbd-9d6b-cc66dec651ca,
,,,PS,Standard,{},844d6ffa-ff3e-4d99-90eb-9674f404a757,89e6cddd-4e62-4f3a-94c0-3ffe5917467c,406647c7-62c4-4a90-9ede-fbe89d8acc47,8a979483-d2dd-4036-9ae4-22dfb65d1c48,
,,,PS,Standard,{},3888ec03-a6df-4ca2-aa1c-65a82dab4607,3ed45f06-6d00-46bc-8d2a-3fa7f8a8204e,406647c7-62c4-4a90-9ede-fbe89d8acc47,6a0c3357-ddad-470f-a347-431482ec990a,
,,,SK3,Standard,{},36a04194-e794-4d95-a8cb-49f8028e62c2,85bcd64a-4f73-4743-9aa1-9a587a662093,a54e3c55-9fcc-4c6c-a9c3-6e6dd0df02e7,1f075483-8740-4375-bf0b-ff2c41cd8fa6,
,,,SK3,Standard,{},0d8bde9d-3a89-40cc-a5fa-e484578945ce,85bcd64a-4f73-4743-9aa1-9a587a662093,a54e3c55-9fcc-4c6c-a9c3-6e6dd0df02e7,a68e50b0-a4ed-4bbd-9d6b-cc66dec651ca,
,,,SK3,Standard,{},9abb0b22-7ab9-4389-ae15-339c2f844f0f,89e6cddd-4e62-4f3a-94c0-3ffe5917467c,a54e3c55-9fcc-4c6c-a9c3-6e6dd0df02e7,8a979483-d2dd-4036-9ae4-22dfb65d1c48,
,,,SK3,Standard,{},465ce5a1-a1d5-4bd4-ae7d-6f92c3f5e99b,3ed45f06-6d00-46bc-8d2a-3fa7f8a8204e,a54e3c55-9fcc-4c6c-a9c3-6e6dd0df02e7,6a0c3357-ddad-470f-a347-431482ec990a,
,,,SK3,Standard,{},ce0bffff-2502-4c4a-9d61-ac7bce24a289,85bcd64a-4f73-4743-9aa1-9a587a662093,73017e0a-49dd-4dcd-a60f-1b71a222ea66,a68e50b0-a4ed-4bbd-9d6b-cc66dec651ca,
,,,SK3,Standard,{},497bb06e-687d-4c2f-a632-26fb4d6f6b48,3ed45f06-6d00-46bc-8d2a-3fa7f8a8204e,73017e0a-49dd-4dcd-a60f-1b71a222ea66,6a0c3357-ddad-470f-a347-431482ec990a,
,,,KM,Standard,{},f9e89308-7bde-44ba-bfcc-d832b5f45d22,f4144df0-c769-4a5c-b275-69b1d471d9d5,5bf1d65a-f09f-4cc0-87c1-4a763e166ead,de2e23a7-4bf9-452a-8223-6080288e2c74,
,,,KM,Standard,{},ef41afd1-3c3a-45d0-8744-ff3d436b0429,a75f26b1-7ae9-4004-9406-a88fb7722a08,5bf1d65a-f09f-4cc0-87c1-4a763e166ead,de2e23a7-4bf9-452a-8223-6080288e2c74,
,,,KM,Standard,{},bd79fe43-c198-4fe2-8973-a79654c650c3,f4144df0-c769-4a5c-b275-69b1d471d9d5,1cf0010d-9c3b-4a9b-bf1a-bc4e722a107a,de2e23a7-4bf9-452a-8223-6080288e2c74,
,,,KM,Standard,{},dacce336-6ecd-4206-85ca-15fcd5a61520,f4144df0-c769-4a5c-b275-69b1d471d9d5,1cf0010d-9c3b-4a9b-bf1a-bc4e722a107a,de2e23a7-4bf9-452a-8223-6080288e2c74,
,,,KM,Standard,{},48c7aae9-dd60-42f5-bc10-b35b3520eeb8,a75f26b1-7ae9-4004-9406-a88fb7722a08,1cf0010d-9c3b-4a9b-bf1a-bc4e722a107a,de2e23a7-4bf9-452a-8223-6080288e2c74,
,,,SL,Standard,{},09da0842-4a45-429e-85f0-a5c2f90d6e17,27d8976c-85c6-4e7a-8218-b1e043e35714,10538a65-eacd-44ce-a1f4-eac3ef9102ab,de2e23a7-4bf9-452a-8223-6080288e2c74,
,,,SL,Standard,{},140f3710-b60e-4edd-a45a-30df40796c1e,27d8976c-85c6-4e7a-8218-b1e043e35714,10538a65-eacd-44ce-a1f4-eac3ef9102ab,6a0c3357-ddad-470f-a347-431482ec990a,
,,,SL,Standard,{},9ccac18a-2445-413d-b018-6f3de6a6b218,74e8404a-a289-4f0c-9296-ca6fb74615a4,10538a65-eacd-44ce-a1f4-eac3ef9102ab,b44626e1-271f-49d0-9719-82801e2e9b14,
,,,SL,Standard,{},47f861a1-85d8-423a-9a07-b5fd8b1ebcab,27d8976c-85c6-4e7a-8218-b1e043e35714,e43451cb-526e-4f1d-8018-8dcd8b03c451,de2e23a7-4bf9-452a-8223-6080288e2c74,
,,,SL,Standard,{},07f994f5-dafc-4eeb-b560-9e7649d85562,27d8976c-85c6-4e7a-8218-b1e043e35714,e43451cb-526e-4f1d-8018-8dcd8b03c451,6a0c3357-ddad-470f-a347-431482ec990a,
,,,SL,Standard,{},2aed24d1-4eb2-436d-b396-6f51c29256c9,a8393cde-796b-4597-8d25-fa1f451da51f,e43451cb-526e-4f1d-8018-8dcd8b03c451,e0ce1078-2d1f-426b-9367-2bcc64e89cec,
,,,SL,Standard,{},07d390ef-3691-4577-bf5d-55fef0f1d80c,a8393cde-796b-4597-8d25-fa1f451da51f,e43451cb-526e-4f1d-8018-8dcd8b03c451,dc56b0e5-a85e-4d21-8f29-5448ec5ba764,
,,,QL,Standard,{},9b827635-d54c-482f-b2e7-9be052630c1f,3ed45f06-6d00-46bc-8d2a-3fa7f8a8204e,eba4927f-dd9c-4438-b7e5-ba092ada9bf1,e45850a9-a75c-4acd-ae3f-44113b35f636,
,,,QL,Standard,{},e650ee95-353f-4e03-9bde-9a655c20bfbc,3ed45f06-6d00-46bc-8d2a-3fa7f8a8204e,eba4927f-dd9c-4438-b7e5-ba092ada9bf1,6a0c3357-ddad-470f-a347-431482ec990a,
,,,QL,Standard,{},c8ea2a48-043d-4406-b090-924f1499742f,89e6cddd-4e62-4f3a-94c0-3ffe5917467c,eba4927f-dd9c-4438-b7e5-ba092ada9bf1,8a979483-d2dd-4036-9ae4-22dfb65d1c48,
,,,QL,Standard,{},d16295bc-2884-4003-ac1a-d63b8451d02f,3ed45f06-6d00-46bc-8d2a-3fa7f8a8204e,eba4927f-dd9c-4438-b7e5-ba092ada9bf1,e45850a9-a75c-4acd-ae3f-44113b35f636,
,,,QL,Standard,{},9069e363-7429-4b3a-83d3-43781be5d8c0,3ed45f06-6d00-46bc-8d2a-3fa7f8a8204e,eba4927f-dd9c-4438-b7e5-ba092ada9bf1,6a0c3357-ddad-470f-a347-431482ec990a,
,,,QL,Standard,{},7027e176-4946-48b7-98c4-7d69e8fc7ca9,a8393cde-796b-4597-8d25-fa1f451da51f,eba4927f-dd9c-4438-b7e5-ba092ada9bf1,dc56b0e5-a85e-4d21-8f29-5448ec5ba764,
,,,QL,Standard,{},2a0f50d8-7f44-489e-8842-74b7a7fe6ab9,3ed45f06-6d00-46bc-8d2a-3fa7f8a8204e,639405b0-7ba5-4c44-973f-06ddda2fdfc1,e45850a9-a75c-4acd-ae3f-44113b35f636,
,,,QL,Standard,{},22d8a102-b2b0-443e-8bb2-1522b024b61e,3ed45f06-6d00-46bc-8d2a-3fa7f8a8204e,639405b0-7ba5-4c44-973f-06ddda2fdfc1,6a0c3357-ddad-470f-a347-431482ec990a,
,,,QL,Standard,{},9887cf04-0b30-4c0c-b164-1313678a0b62,3ed45f06-6d00-46bc-8d2a-3fa7f8a8204e,639405b0-7ba5-4c44-973f-06ddda2fdfc1,e45850a9-a75c-4acd-ae3f-44113b35f636,
,,,QL,Standard,{},b6c7054a-4740-4d64-a6a7-ce9917170926,3ed45f06-6d00-46bc-8d2a-3fa7f8a8204e,639405b0-7ba5-4c44-973f-06ddda2fdfc1,6a0c3357-ddad-470f-a347-431482ec990a,
,,,QL,Standard,{},f16042a5-e01f-4ca7-983c-01d25bfc7346,397d203c-a9d4-492d-9b0d-6ee7a8e65f95,639405b0-7ba5-4c44-973f-06ddda2fdfc1,3799308b-0613-4ebb-8533-93a7f19f4af7,
,,,QL,Standard,{},b6c19e41-871b-437d-aec3-599a3ef7dff2,a8393cde-796b-4597-8d25-fa1f451da51f,639405b0-7ba5-4c44-973f-06ddda2fdfc1,ff2c8c3a-ce5c-451e-a079-c853ccd1e1f3,
,,,NQ5,Standard,{},5c499e0e-dccf-4935-ba7d-d90ad87736ae,54841d21-d0dd-4c7f-b602-a0151878b39d,f7ce3325-08a1-432c-836e-5493ab7e9331,e45850a9-a75c-4acd-ae3f-44113b35f636,
,,,NQ5,Standard,{},fb75ced3-3125-40e5-9f5e-2575c1d87cd1,54841d21-d0dd-4c7f-b602-a0151878b39d,f7ce3325-08a1-432c-836e-5493ab7e9331,8a979483-d2dd-4036-9ae4-22dfb65d1c48,
,,,NQ5,Standard,{},d3c2b21e-7590-4b70-93ac-bfafc8fe31b0,ccb60b0d-62c4-47b9-9928-e0c2702a1b44,f7ce3325-08a1-432c-836e-5493ab7e9331,e45850a9-a75c-4acd-ae3f-44113b35f636,
,,,NQ5,Standard,{},98d3eac4-d605-4bcb-8b5f-774c2793b1b8,ccb60b0d-62c4-47b9-9928-e0c2702a1b44,f7ce3325-08a1-432c-836e-5493ab7e9331,6a0c3357-ddad-470f-a347-431482ec990a,
,,,NQ5,Standard,{},c3d61afb-417f-4b8f-90a5-24ddf9513530,2dab971a-edb2-405c-bf40-5d8828ff2bd2,f7ce3325-08a1-432c-836e-5493ab7e9331,e45850a9-a75c-4acd-ae3f-44113b35f636,
,,,NQ5,Standard,{},e80fcc0f-8de0-47d8-a2be-12e5b727244c,2dab971a-edb2-405c-bf40-5d8828ff2bd2,f7ce3325-08a1-432c-836e-5493ab7e9331,8a979483-d2dd-4036-9ae4-22dfb65d1c48,
,,,NQ5,Standard,{},2f35aa59-30a7-4a67-ba5a-b51cd57820e5,54841d21-d0dd-4c7f-b602-a0151878b39d,f7ce3325-08a1-432c-836e-5493ab7e9331,8a979483-d2dd-4036-9ae4-22dfb65d1c48,
,,,NQ5,Standard,{},e9fb5d49-4308-442c-b64a-ea241efaa1aa,ccb60b0d-62c4-47b9-9928-e0c2702a1b44,f7ce3325-08a1-432c-836e-5493ab7e9331,e45850a9-a75c-4acd-ae3f-44113b35f636,
,,,NQ5,Standard,{},4a3963c9-532f-4842-8aaa-a3356012645f,53360df5-2426-4a54-8eca-6f8f9adb18c3,f7ce3325-08a1-432c-836e-5493ab7e9331,3f091fc7-8ce8-4b23-a2e3-a92f04386a2d,
,,,NQ5,Standard,{},d6dea422-ff7c-4f10-a314-960aaf9ed549,2dab971a-edb2-405c-bf40-5d8828ff2bd2,f7ce3325-08a1-432c-836e-5493ab7e9331,8a979483-d2dd-4036-9ae4-22dfb65d1c48,
,,,CK,Standard,{},272a5e05-ccb0-40e0-8920-378ec64ff7ea,467d737f-85a9-44c0-839a-42a8de620e98,fc32c246-3cb9-4014-8431-5882c88b92cb,73333b04-8b98-42ee-a14f-9416f24b6dda,
,,,CK,Standard,{},b22d771b-39df-450f-8024-678ec6310d95,467d737f-85a9-44c0-839a-42a8de620e98,fc32c246-3cb9-4014-8431-5882c88b92cb,73333b04-8b98-42ee-a14f-9416f24b6dda,
,,,CK,Standard,{},08284012-0e46-489c-868b-faaa6be3eefa,f14dd849-3f40-4655-b14a-a761176e914a,fc32c246-3cb9-4014-8431-5882c88b92cb,ba79403c-a0c1-4545-8b94-12c2d84e1c65,
,,,CK,Standard,{},3e688b77-ded6-45d8-9cc9-bb6a2124b7a2,467d737f-85a9-44c0-839a-42a8de620e98,f125d69d-c927-445f-a04b-e6ff5b3ebfde,73333b04-8b98-42ee-a14f-9416f24b6dda,
,,,CK,Standard,{},f0a04e5e-0703-4d2f-b6b6-815a1c95d244,467d737f-85a9-44c0-839a-42a8de620e98,f125d69d-c927-445f-a04b-e6ff5b3ebfde,73333b04-8b98-42ee-a14f-9416f24b6dda,
,,,CK,Standard,{},8d77b037-da47-4b71-9bf7-455d14944c5a,f14dd849-3f40-4655-b14a-a761176e914a,f125d69d-c927-445f-a04b-e6ff5b3ebfde,ba79403c-a0c1-4545-8b94-12c2d84e1c65,
,,,YB,Standard,{},9b117fa1-0c9e-4348-88d0-ad293a98ced7,2c711ede-55a6-43d5-9536-704e0583d299,77a508b1-58c8-416e-bf90-7fe101b8f58b,bd411c1e-33d2-4b34-8b24-2ad5e1de35a0,
,,,YB,Standard,{},50e010cb-4e3a-4ecf-9546-e6b141865d6d,48c4d4b7-eacf-413a-b76e-5c71085f9ea2,77a508b1-58c8-416e-bf90-7fe101b8f58b,bd411c1e-33d2-4b34-8b24-2ad5e1de35a0,
,,,YB,Standard,{},f294437b-1c2f-4ec0-b305-478f9ad49d1e,fece5466-ff85-4470-9e0e-12b3e3afe903,77a508b1-58c8-416e-bf90-7fe101b8f58b,1f075483-8740-4375-bf0b-ff2c41cd8fa6,
,,,YB,Standard,{},1348284d-086e-4338-97c1-12994b476c02,b5bb10f8-5516-4c68-ae91-9015c764d9a9,a610f95d-90ac-4bf0-850e-7b7934a79e28,1f075483-8740-4375-bf0b-ff2c41cd8fa6,
,,,YB,Standard,{},33cc06cb-b60d-457f-8657-5f58ebcff408,3a3f21c9-2d2c-4268-95e6-ceafceffc4d2,a610f95d-90ac-4bf0-850e-7b7934a79e28,1f075483-8740-4375-bf0b-ff2c41cd8fa6,
,,,YB,Standard,{},3901702c-c7c9-4b32-a717-417ebac228c0,fae53a65-263e-4c61-bb03-7560d10d1cdf,a610f95d-90ac-4bf0-850e-7b7934a79e28,bd411c1e-33d2-4b34-8b24-2ad5e1de35a0,
,,,ON,Standard,{},e22ee6d1-6ce2-4503-b151-86e83f5f028e,94d674f1-031a-483c-b2cd-1347b7ab3235,8cef73a0-5b7d-46c9-909f-a9e1ff128b8d,ff2c8c3a-ce5c-451e-a079-c853ccd1e1f3,
,,,ON,Standard,{},3dd8f8de-9410-40d9-95d5-fda1a8b83396,94d674f1-031a-483c-b2cd-1347b7ab3235,2bd0a8f0-27a7-492b-96bc-17fbadb4a4e9,ff2c8c3a-ce5c-451e-a079-c853ccd1e1f3,
,,,LQ2,Standard,{},ec2320d6-628f-49e7-8175-22ad14153d8b,641822ec-e82d-4e8a-9f96-a47c861f808c,265b90f0-0414-4490-9846-687a782828e4,c4c4b466-8814-4fec-bb3c-36274da5e1a5,
,,,YN,Standard,{},348a3dda-2722-40ed-bc1a-df4fc6a9b258,a6dc2d9c-bba2-4d93-9103-770355cf11bc,13f73762-6065-4eec-ad77-e51204db964a,bd411c1e-33d2-4b34-8b24-2ad5e1de35a0,
,,,YN,Standard,{},14644bae-781d-4b40-b1d8-4922f12679cf,9672380d-482b-4ea9-9a74-2af8796b9b74,13f73762-6065-4eec-ad77-e51204db964a,bd411c1e-33d2-4b34-8b24-2ad5e1de35a0,
,,,YN,Standard,{},7b0ea0d7-c03f-4940-a6ea-857dfd72429b,9672380d-482b-4ea9-9a74-2af8796b9b74,13f73762-6065-4eec-ad77-e51204db964a,5fa45b3f-40df-4970-88d0-c7f69e3f1c67,
,,,YN,Standard,{},01b7ad3f-8b9b-4a1f-acd2-f222db36d15e,4b20eebb-959c-4683-b0d1-692018a6cb0b,13f73762-6065-4eec-ad77-e51204db964a,b44626e1-271f-49d0-9719-82801e2e9b14,
,,,YN,Standard,{},53824974-43ee-4712-bd47-e8b57f1445a3,cf5b3208-f2c6-4a2c-8e50-cd2d8afdefb2,13f73762-6065-4eec-ad77-e51204db964a,b44626e1-271f-49d0-9719-82801e2e9b14,
,,,YN,Standard,{},b9950195-4b6b-42f2-b42a-8bcfab75a1d6,a6dc2d9c-bba2-4d93-9103-770355cf11bc,c43b2e6b-2ebe-4e7a-9935-21dc0fe053b1,bd411c1e-33d2-4b34-8b24-2ad5e1de35a0,
,,,YN,Standard,{},dec798a5-572f-4d9f-b8cb-1ca9139b2238,9672380d-482b-4ea9-9a74-2af8796b9b74,c43b2e6b-2ebe-4e7a-9935-21dc0fe053b1,5fa45b3f-40df-4970-88d0-c7f69e3f1c67,
,,,BM,Standard,{},faa1c6eb-1d12-4c77-be85-fce7fa3e4e4c,401fbec4-8015-4bf4-a904-5e0ecb527d5f,23a7bee4-8c15-45f7-b4df-19c5a1bc48e8,abb818bb-49e0-4776-9cd6-8f013e176066,
,,,BM,Standard,{},17870094-cf87-429c-84ca-399a036cfec8,eb749092-a433-43e9-a1eb-72e141ff19fd,23a7bee4-8c15-45f7-b4df-19c5a1bc48e8,abb818bb-49e0-4776-9cd6-8f013e176066,
,,,BM,Standard,{},e1d98281-b92c-4a41-bc0a-1687948f8738,180e2e05-b609-4ef3-bb9f-d47d8880c0db,23a7bee4-8c15-45f7-b4df-19c5a1bc48e8,abb818bb-49e0-4776-9cd6-8f013e176066,
,,,BM,Standard,{},b43e729c-ca19-4874-a803-2c09dafb0ae2,401fbec4-8015-4bf4-a904-5e0ecb527d5f,5add6cb2-19d1-4c48-850d-ccc10c71b6c9,abb818bb-49e0-4776-9cd6-8f013e176066,
,,,BM,Standard,{},a52885e5-e7e0-424a-80d0-d5fa555e1194,eb749092-a433-43e9-a1eb-72e141ff19fd,5add6cb2-19d1-4c48-850d-ccc10c71b6c9,abb818bb-49e0-4776-9cd6-8f013e176066,
,,,BM,Standard,{},08792807-61a8-4543-a385-d0dda608755e,180e2e05-b609-4ef3-bb9f-d47d8880c0db,5add6cb2-19d1-4c48-850d-ccc10c71b6c9,abb818bb-49e0-4776-9cd6-8f013e176066,
,,,BM,Standard,{},47efd61f-3b3e-45df-bd9b-e4ccd51e3bbc,d2139ba1-b7cc-441e-8edc-723ee73a333f,5add6cb2-19d1-4c48-850d-ccc10c71b6c9,be162773-8ea2-485c-bc22-6bc42362de5d,
,,,GH,Standard,{},2a4ae20f-214a-4c2f-a74f-b1bef69e7f7c,7fc24dbe-cd0e-44be-ab6c-5cb018fcec3b,d65f845c-ab6b-418b-bfd6-1f7551a4f542,f629f929-66cb-4d34-88ea-ee2dd91c1444,
,,,GH,Standard,{},dad64b53-7b5d-4f03-9f85-a318ce96376e,7fc24dbe-cd0e-44be-ab6c-5cb018fcec3b,26fdcfaf-abb8-45ff-90db-839e336aedba,f629f929-66cb-4d34-88ea-ee2dd91c1444,
,,,GJ,Standard,{},10f0a0e1-0ce3-4833-843e-aa9e296d7267,eb749092-a433-43e9-a1eb-72e141ff19fd,6765a0a5-fc77-4402-bba2-38f6ad77654d,abb818bb-49e0-4776-9cd6-8f013e176066,
,,,GJ,Standard,{},b0d0113c-64eb-43b6-a7ff-2b7b629f6c0c,180e2e05-b609-4ef3-bb9f-d47d8880c0db,6765a0a5-fc77-4402-bba2-38f6ad77654d,abb818bb-49e0-4776-9cd6-8f013e176066,
,,,GJ,Standard,{},acbca762-19cf-4d5b-a232-ade89d5a389d,eb749092-a433-43e9-a1eb-72e141ff19fd,f7398b9c-659d-49d7-98cb-05581a0f4157,abb818bb-49e0-4776-9cd6-8f013e176066,
,,,GJ,Standard,{},dfc91ab8-7234-41ea-8521-9a9442fe8923,180e2e05-b609-4ef3-bb9f-d47d8880c0db,f7398b9c-659d-49d7-98cb-05581a0f4157,abb818bb-49e0-4776-9cd6-8f013e176066,
,,,GJ,Standard,{},7da06afc-4e45-4f05-a969-659b9869639e,eb749092-a433-43e9-a1eb-72e141ff19fd,f7398b9c-659d-49d7-98cb-05581a0f4157,abb818bb-49e0-4776-9cd6-8f013e176066,
,,,GJ,Standard,{},897d5377-4d30-4533-9282-606fa0ecba2d,180e2e05-b609-4ef3-bb9f-d47d8880c0db,f7398b9c-659d-49d7-98cb-05581a0f4157,abb818bb-49e0-4776-9cd6-8f013e176066,
,,,DK,Standard,{},038fd9a0-507e-493c-b246-137b514d653d,eb749092-a433-43e9-a1eb-72e141ff19fd,cadde126-daa1-4686-8482-b5bbb07ded54,be162773-8ea2-485c-bc22-6bc42362de5d,
,,,DK,Standard,{},babdb723-d286-4a88-b5c4-712ff793a63d,d2139ba1-b7cc-441e-8edc-723ee73a333f,cadde126-daa1-4686-8482-b5bbb07ded54,be162773-8ea2-485c-bc22-6bc42362de5d,
,,,DK,Standard,{},d08e6316-592b-4a39-b009-86819ab1cae3,eb749092-a433-43e9-a1eb-72e141ff19fd,cadde126-daa1-4686-8482-b5bbb07ded54,be162773-8ea2-485c-bc22-6bc42362de5d,
,,,DK,Standard,{},7f4cd9ec-d9bd-40f8-9440-b0e7c896aef0,d2139ba1-b7cc-441e-8edc-723ee73a333f,cadde126-daa1-4686-8482-b5bbb07ded54,be162773-8ea2-485c-bc22-6bc42362de5d,
,,,DK,Standard,{},a43e1e63-d313-47da-879a-65602c680733,401fbec4-8015-4bf4-a904-5e0ecb527d5f,67fe7e16-8bce-4fa3-898f-1f5fde80e349,be162773-8ea2-485c-bc22-6bc42362de5d,
,,,DK,Standard,{},565c5d2c-ed18-4645-baaa-d6343a14c624,eb749092-a433-43e9-a1eb-72e141ff19fd,67fe7e16-8bce-4fa3-898f-1f5fde80e349,be162773-8ea2-485c-bc22-6bc42362de5d,
,,,DK,Standard,{},5a0ece35-7c63-4604-81e8-208ade20c4bb,918e3d5f-e2cf-4b26-9eea-d37f8fc002c7,67fe7e16-8bce-4fa3-898f-1f5fde80e349,be162773-8ea2-485c-bc22-6bc42362de5d,
,,,DK,Standard,{},e62f8c28-0851-4f0e-a292-89c3daa0b0d5,401fbec4-8015-4bf4-a904-5e0ecb527d5f,67fe7e16-8bce-4fa3-898f-1f5fde80e349,be162773-8ea2-485c-bc22-6bc42362de5d,
,,,DK,Standard,{},935466b3-7ac0-4b63-837d-9707aa5770ca,eb749092-a433-43e9-a1eb-72e141ff19fd,67fe7e16-8bce-4fa3-898f-1f5fde80e349,be162773-8ea2-485c-bc22-6bc42362de5d,
,,,DK,Standard,{},d3f7525d-8ab0-480f-a3d8-9f2a5c2007d2,918e3d5f-e2cf-4b26-9eea-d37f8fc002c7,67fe7e16-8bce-4fa3-898f-1f5fde80e349,be162773-8ea2-485c-bc22-6bc42362de5d,
,,,KE,Standard,{},0cc8466a-b6ff-4d5d-b8e2-c93ed5e43907,eb749092-a433-43e9-a1eb-72e141ff19fd,dc0bd09c-ca2d-4a3a-8ac3-d4d9eb86454c,abb818bb-49e0-4776-9cd6-8f013e176066,
,,,KE,Standard,{},f98f6f55-322c-480b-948b-1e58e8bc6d8a,eb749092-a433-43e9-a1eb-72e141ff19fd,fb5a4316-bf3b-4d07-b480-3ba1ca5dd439,abb818bb-49e0-4776-9cd6-8f013e176066,
,,,KE,Standard,{},ae841197-a967-418a-9932-73a9630952bb,eb749092-a433-43e9-a1eb-72e141ff19fd,fb5a4316-bf3b-4d07-b480-3ba1ca5dd439,abb818bb-49e0-4776-9cd6-8f013e176066,
,,,KF,Standard,{},3ed84dbe-7881-41aa-a279-8713ac2fab62,eb749092-a433-43e9-a1eb-72e141ff19fd,4c419508-0623-432c-9843-9530a3a97fe9,abb818bb-49e0-4776-9cd6-8f013e176066,
,,,KF,Standard,{},ae2d12ee-ac33-4c8f-8175-7bccc58fb87d,180e2e05-b609-4ef3-bb9f-d47d8880c0db,4c419508-0623-432c-9843-9530a3a97fe9,abb818bb-49e0-4776-9cd6-8f013e176066,
,,,KF,Standard,{},e8d25824-3dd5-4717-8152-56765dfae38d,eb749092-a433-43e9-a1eb-72e141ff19fd,ec122979-fe9a-45c6-b30d-03490faf564d,abb818bb-49e0-4776-9cd6-8f013e176066,
,,,KF,Standard,{},08b14329-750f-48e1-9d1c-c169464a9df8,180e2e05-b609-4ef3-bb9f-d47d8880c0db,ec122979-fe9a-45c6-b30d-03490faf564d,abb818bb-49e0-4776-9cd6-8f013e176066,
,,,ER,Standard,{},78334592-765b-4358-b2aa-1102f99a86d4,7259ee01-6e33-441c-b1ef-ea56070c65bf,6d440876-ae0e-4902-8efa-f63de4166f4b,f629f929-66cb-4d34-88ea-ee2dd91c1444,
,,,ER,Standard,{},00d1d8b7-9a2f-471f-8ab0-6a9c5a037943,7259ee01-6e33-441c-b1ef-ea56070c65bf,a4b17798-5560-4507-9c1c-22342e8d08e2,f629f929-66cb-4d34-88ea-ee2dd91c1444,
,,,TB,Standard,{},c90f8076-19b6-414f-9ed9-aafe35772e03,33c24aa9-2e94-4067-8b3f-c4eb7e0670cc,8c9d586e-3805-4063-bc20-df8259c68aaf,f629f929-66cb-4d34-88ea-ee2dd91c1444,
,,,TB,Standard,{},82366763-a9c7-49bc-868f-a52bae101984,7fc24dbe-cd0e-44be-ab6c-5cb018fcec3b,8c9d586e-3805-4063-bc20-df8259c68aaf,f629f929-66cb-4d34-88ea-ee2dd91c1444,
,,,TB,Standard,{},99aea986-de02-46a3-9283-a3e7118ebdc6,7fc24dbe-cd0e-44be-ab6c-5cb018fcec3b,8c9d586e-3805-4063-bc20-df8259c68aaf,f629f929-66cb-4d34-88ea-ee2dd91c1444,
,,,TB,Standard,{},f62bc244-10a1-4e9b-b841-03e18094f3f9,33c24aa9-2e94-4067-8b3f-c4eb7e0670cc,246c24a9-d262-43cd-b235-ba509a28e286,f629f929-66cb-4d34-88ea-ee2dd91c1444,
,,,TB,Standard,{},e828c137-9bba-43a8-90c0-2578324649e4,7fc24dbe-cd0e-44be-ab6c-5cb018fcec3b,246c24a9-d262-43cd-b235-ba509a28e286,f629f929-66cb-4d34-88ea-ee2dd91c1444,
,,,TB,Standard,{},48dba96b-2785-4a7f-b15a-f3252640bb47,7fc24dbe-cd0e-44be-ab6c-5cb018fcec3b,246c24a9-d262-43cd-b235-ba509a28e286,f629f929-66cb-4d34-88ea-ee2dd91c1444,
,,,DA,Standard,{},b190cb74-95b1-40d7-984c-507599bb42c5,97767865-acda-4048-bf79-2c389af34543,890ba656-95c5-4234-9be7-ca64d24699f4,39b65fea-e655-477e-959a-5ff58177dc5e,
,,,DA,Standard,{},6cf4f93d-6f57-497f-a1c7-a05514d32dd8,8611bc38-1457-49a3-a138-c93c8e86837c,890ba656-95c5-4234-9be7-ca64d24699f4,39b65fea-e655-477e-959a-5ff58177dc5e,
,,,DA,Standard,{},e4d2973a-19af-4847-8da1-66bdbc364348,8611bc38-1457-49a3-a138-c93c8e86837c,890ba656-95c5-4234-9be7-ca64d24699f4,7ee55584-4194-4975-8a88-ae44b574f3cf,
,,,DA,Standard,{},8bdf4cef-68cb-4191-b6ff-ba0afec9667e,2391baf4-e563-4c84-a61c-af30e8653518,1b82caec-4091-4b6a-b1ad-96c58e90349d,39b65fea-e655-477e-959a-5ff58177dc5e,
,,,DA,Standard,{},78225d55-8773-40b7-837c-e0636457fd10,97767865-acda-4048-bf79-2c389af34543,1b82caec-4091-4b6a-b1ad-96c58e90349d,39b65fea-e655-477e-959a-5ff58177dc5e,
,,,DA,Standard,{},6f124d0b-2615-49db-9859-64e996d4204f,8611bc38-1457-49a3-a138-c93c8e86837c,1b82caec-4091-4b6a-b1ad-96c58e90349d,7ee55584-4194-4975-8a88-ae44b574f3cf,
,,,DK,Standard,{},9b8d156d-312e-45a6-a9b5-4f068790e068,c25a2e6a-be6a-4e53-8237-de78d02ab9e8,ca82d975-d945-4157-aa1f-1b2ab9e73b08,7ee55584-4194-4975-8a88-ae44b574f3cf,
,,,DK,Standard,{},f5beaec6-e263-4e38-9a93-3e51b90e312a,410d3832-f850-4122-bcad-cdfab569aeaf,ca82d975-d945-4157-aa1f-1b2ab9e73b08,6c6a04ec-5584-42ea-823e-873c79a078e7,
,,,DK,Standard,{},200675cf-1e49-487d-93cb-cd1bb7ecc50d,c25a2e6a-be6a-4e53-8237-de78d02ab9e8,d3196839-cf8d-49ab-85f3-d39746d2e7a3,7ee55584-4194-4975-8a88-ae44b574f3cf,
,,,DK,Standard,{},3c5904cd-8bcc-42b6-b9c0-7d2b0140c2e5,410d3832-f850-4122-bcad-cdfab569aeaf,d3196839-cf8d-49ab-85f3-d39746d2e7a3,6c6a04ec-5584-42ea-823e-873c79a078e7,
,,,DJ,Standard,{},7b6fbd36-5907-4344-ae04-17d9e98e2471,c25a2e6a-be6a-4e53-8237-de78d02ab9e8,08a4a86d-4f6e-428e-8109-ce52103993d0,7ee55584-4194-4975-8a88-ae44b574f3cf,
,,,DJ,Standard,{},fadacc3e-4ee9-426f-8401-fabaca1b678c,410d3832-f850-4122-bcad-cdfab569aeaf,08a4a86d-4f6e-428e-8109-ce52103993d0,fcdac355-25aa-4120-ad9c-02884b2c1b48,
,,,DJ,Standard,{},f555a2ec-300d-4df2-acf4-3e13261cb473,c25a2e6a-be6a-4e53-8237-de78d02ab9e8,712d895e-caef-4173-9f23-a7f3e2ea6031,7ee55584-4194-4975-8a88-ae44b574f3cf,
,,,DJ,Standard,{},3110a444-9c98-46c0-9e0b-07620f45955d,410d3832-f850-4122-bcad-cdfab569aeaf,712d895e-caef-4173-9f23-a7f3e2ea6031,6c6a04ec-5584-42ea-823e-873c79a078e7,
,,,DJ,Standard,{},b99d02b9-7c96-4955-b6fe-9dac8d66ae13,c25a2e6a-be6a-4e53-8237-de78d02ab9e8,712d895e-caef-4173-9f23-a7f3e2ea6031,7ee55584-4194-4975-8a88-ae44b574f3cf,
,,,NA,Standard,{},cd89ff8d-3ce3-4a07-9a9d-5af40d1c5c76,c25a2e6a-be6a-4e53-8237-de78d02ab9e8,1f32b829-fd31-4e16-8e23-a6c4a24fd5c0,7ee55584-4194-4975-8a88-ae44b574f3cf,
,,,CS,Standard,{},344910c6-adc1-4fe7-ad0b-d8fe09df6c32,db1cef55-869f-47b0-8fd9-9160a0d4f7a7,35c6e71c-dfd2-4e37-8213-9cadb2237c6a,e03cb34e-dc57-444b-b7ba-3c1da6b65f85,
,,,CS,Standard,{},82c4840f-6f42-4804-a9ed-58605cf1ed32,8611bc38-1457-49a3-a138-c93c8e86837c,35c6e71c-dfd2-4e37-8213-9cadb2237c6a,e03cb34e-dc57-444b-b7ba-3c1da6b65f85,
,,,CS,Standard,{},23ca400a-1d43-4269-af11-8f06fdab614a,8a90cb92-f8c5-433c-81e6-a3f1f8363a8a,35c6e71c-dfd2-4e37-8213-9cadb2237c6a,7ee55584-4194-4975-8a88-ae44b574f3cf,
,,,CS,Standard,{},204bc621-df65-41f6-92d3-c9e2cd18cfb1,db1cef55-869f-47b0-8fd9-9160a0d4f7a7,35c6e71c-dfd2-4e37-8213-9cadb2237c6a,e03cb34e-dc57-444b-b7ba-3c1da6b65f85,
,,,CS,Standard,{},6e78034d-5000-4bc5-bfd4-162cd301cd8a,888f9879-5a61-427d-8d9d-71fd8edc7ef3,63427ee5-1cbe-4ee3-a6bf-8203dc00e6ba,39b65fea-e655-477e-959a-5ff58177dc5e,
,,,CY,Standard,{},7abc3d66-b567-4c55-976d-5c87e588b121,d73c0e1e-f1aa-44ff-857b-03bd67c1f455,2715d5b9-9391-4227-bd1a-80ebb17ee320,39b65fea-e655-477e-959a-5ff58177dc5e,
,,,CY,Standard,{},70a18d79-9b2e-4ca6-9bbb-305d18fe557d,d73c0e1e-f1aa-44ff-857b-03bd67c1f455,16a4674e-2efe-44d4-9f7c-c318e6716d03,39b65fea-e655-477e-959a-5ff58177dc5e,
,,,CY,Standard,{},f87378c9-f4d2-4b8b-b85e-4b6196832bb9,ce8618dd-a5dc-4fa0-8552-bc694b3e666d,16a4674e-2efe-44d4-9f7c-c318e6716d03,7ee55584-4194-4975-8a88-ae44b574f3cf,
,,,KB,Standard,{},1f9f5fe1-8acc-4d13-864e-d6c5f3c63322,35b88513-5d4d-4ab5-b74b-c432713bb3cb,7591c6fc-36d7-4bf4-aca3-8a0398bff166,55801810-a9a9-4b0a-ad35-fd7283f7a92a,
,,,KK,Standard,{},a1493190-f89e-4111-ba86-accfcec67c0e,8ffdbe14-6ecf-49a6-9575-970de9f2c7da,c2873a76-4d2e-43b7-809a-74f0d3367105,0e65025f-5087-44f1-8e2a-f9e7fd908ee1,
,,,V30,Standard,{},136f4df7-2dfe-4b1b-b290-faf9c562fdb6,3ab3ba7e-9351-4acb-95f8-0311f1c3cfef,a075ab97-a032-4c59-8ea3-1b5337e3b0d3,f93bc0ae-a70b-4698-b8be-5895a4e3ddcf,
,,,V30,Standard,{},b43343e1-accf-45aa-b25b-0fd16f4d6ab9,696d9973-d499-4f44-b42c-3bcb359dfac4,a075ab97-a032-4c59-8ea3-1b5337e3b0d3,b51534c9-54bf-4cfb-8268-3652394cfb6b,
,,,V30,Standard,{},4da24fa4-c19b-4c6d-91c6-ee3d3e88d5c9,3ab3ba7e-9351-4acb-95f8-0311f1c3cfef,fb9768d5-8f89-466c-9f02-93e040bd3f45,f93bc0ae-a70b-4698-b8be-5895a4e3ddcf,
,,,V30,Standard,{},c125f2c4-a76e-4c52-9233-3a0fe33f8e1b,696d9973-d499-4f44-b42c-3bcb359dfac4,fb9768d5-8f89-466c-9f02-93e040bd3f45,b51534c9-54bf-4cfb-8268-3652394cfb6b,
,,,V30,Standard,{},570b24e4-295c-4956-b46f-0b6c48189762,6d747efe-33d3-4327-9146-88b33e039ce6,fb9768d5-8f89-466c-9f02-93e040bd3f45,b51534c9-54bf-4cfb-8268-3652394cfb6b,
,,,V70,Standard,{},ec05cdee-7cff-4d2a-a3af-60857089871f,f2dd3582-d24a-4e24-8164-27f9745dad35,38bf2a95-5924-4f61-8e7d-fbd0fde509a7,69494ac6-3655-4364-8212-e207495db006,
,,,V70,Standard,{},d300d9c6-a2cd-4bbe-b18a-6ba48b4aa70d,696d9973-d499-4f44-b42c-3bcb359dfac4,38bf2a95-5924-4f61-8e7d-fbd0fde509a7,69494ac6-3655-4364-8212-e207495db006,
,,,V70,Standard,{},94386987-8ec4-4988-9019-cd4685e9b2e1,696d9973-d499-4f44-b42c-3bcb359dfac4,38bf2a95-5924-4f61-8e7d-fbd0fde509a7,69494ac6-3655-4364-8212-e207495db006,
,,,V70,Standard,{},27385b27-24ec-4190-8d1b-af9b02b149bd,6a4b3537-c9c6-40ba-9808-9a6b059be136,38bf2a95-5924-4f61-8e7d-fbd0fde509a7,69494ac6-3655-4364-8212-e207495db006,
,,,V70,Standard,{},480c7117-13ed-49f5-88d3-85e2ffa57415,f2dd3582-d24a-4e24-8164-27f9745dad35,060aab41-f505-4dd4-a46a-0d043a520d1f,69494ac6-3655-4364-8212-e207495db006,
,,,V70,Standard,{},d47bd9b1-fcb7-4296-90cb-5744395b9594,696d9973-d499-4f44-b42c-3bcb359dfac4,060aab41-f505-4dd4-a46a-0d043a520d1f,69494ac6-3655-4364-8212-e207495db006,
,,,V70,Standard,{},502247c2-e186-4a84-8b3a-266f57bc80dc,410d3832-f850-4122-bcad-cdfab569aeaf,060aab41-f505-4dd4-a46a-0d043a520d1f,69494ac6-3655-4364-8212-e207495db006,
,,,V70,Standard,{},8af14f19-721d-43ce-b95d-278a56f8a514,6a4b3537-c9c6-40ba-9808-9a6b059be136,060aab41-f505-4dd4-a46a-0d043a520d1f,69494ac6-3655-4364-8212-e207495db006,
,,,V90,Standard,{},a068f3b0-12f6-4b9a-bf83-9e7a4e003751,410d3832-f850-4122-bcad-cdfab569aeaf,4b1455a5-71bb-4a5e-b324-4418a4af6c6e,69494ac6-3655-4364-8212-e207495db006,
,,,V90,Standard,{},5e6c49a4-806a-4a55-81c9-0f72e9aa656e,410d3832-f850-4122-bcad-cdfab569aeaf,d46b09c0-65f7-4236-bd6d-69e8b3e966a3,69494ac6-3655-4364-8212-e207495db006,
,,,V90,Standard,{},8ed1838c-c479-4f2c-9c82-166536fff89a,410d3832-f850-4122-bcad-cdfab569aeaf,d46b09c0-65f7-4236-bd6d-69e8b3e966a3,69494ac6-3655-4364-8212-e207495db006,
,,,K90,Standard,{},381038d2-904c-4dde-8bf6-1a82dc0040c0,f2dd3582-d24a-4e24-8164-27f9745dad35,622be59c-4c89-459c-8e8f-47ea892134eb,55801810-a9a9-4b0a-ad35-fd7283f7a92a,
,,,K90,Standard,{},af3f110c-6479-4ca0-bd6d-b373e521f07f,696d9973-d499-4f44-b42c-3bcb359dfac4,622be59c-4c89-459c-8e8f-47ea892134eb,69494ac6-3655-4364-8212-e207495db006,
,,,K90,Standard,{},d8f026b8-d14f-465c-b686-7d19b1eee081,6d747efe-33d3-4327-9146-88b33e039ce6,622be59c-4c89-459c-8e8f-47ea892134eb,55801810-a9a9-4b0a-ad35-fd7283f7a92a,
,,,K90,Standard,{},d9318471-83e4-40d8-904e-87468f138e7c,f2dd3582-d24a-4e24-8164-27f9745dad35,44c18234-f103-45a5-a01a-ebcacdcd957d,55801810-a9a9-4b0a-ad35-fd7283f7a92a,
,,,K90,Standard,{},f17189db-6d10-445f-8606-045d223ba0f6,696d9973-d499-4f44-b42c-3bcb359dfac4,44c18234-f103-45a5-a01a-ebcacdcd957d,69494ac6-3655-4364-8212-e207495db006,
,,,K90,Standard,{},da422f75-8e74-40d7-b119-a4875d6328fc,6d747efe-33d3-4327-9146-88b33e039ce6,44c18234-f103-45a5-a01a-ebcacdcd957d,55801810-a9a9-4b0a-ad35-fd7283f7a92a,
,,,KH,Standard,{},fcf11faa-0570-469c-a2c5-51ce32d688ac,0abb8052-15a2-49a4-9112-79d53d0865b6,aab21249-6f35-4d4f-94b7-0fc02eafd51f,69494ac6-3655-4364-8212-e207495db006,
,,,KH,Standard,{},e0ed4191-d3ed-4a7d-8833-037151159189,696d9973-d499-4f44-b42c-3bcb359dfac4,aab21249-6f35-4d4f-94b7-0fc02eafd51f,55801810-a9a9-4b0a-ad35-fd7283f7a92a,
,,,KH,Standard,{},5e47360c-d421-49a5-bc0d-cb20601a7d8f,35b88513-5d4d-4ab5-b74b-c432713bb3cb,aab21249-6f35-4d4f-94b7-0fc02eafd51f,69494ac6-3655-4364-8212-e207495db006,
,,,KH,Standard,{},5a9092cb-405d-42c4-b2d5-3514852887f9,6a4b3537-c9c6-40ba-9808-9a6b059be136,aab21249-6f35-4d4f-94b7-0fc02eafd51f,55801810-a9a9-4b0a-ad35-fd7283f7a92a,
,,,KH,Standard,{},fee74301-cd9b-4ed4-a0cc-af7201482608,0abb8052-15a2-49a4-9112-79d53d0865b6,3fc34e82-7c18-4824-9b13-78cc7eb5f17b,69494ac6-3655-4364-8212-e207495db006,
,,,KH,Standard,{},7d22a8f1-8899-4f20-9988-5cd53835e3e0,696d9973-d499-4f44-b42c-3bcb359dfac4,3fc34e82-7c18-4824-9b13-78cc7eb5f17b,55801810-a9a9-4b0a-ad35-fd7283f7a92a,
,,,KH,Standard,{},cef76c6f-fae9-4109-a0d2-61099d3ecf50,35b88513-5d4d-4ab5-b74b-c432713bb3cb,3fc34e82-7c18-4824-9b13-78cc7eb5f17b,69494ac6-3655-4364-8212-e207495db006,
,,,KH,Standard,{},041d7cef-fcb4-4f36-9915-7e68cc4819d9,6a4b3537-c9c6-40ba-9808-9a6b059be136,3fc34e82-7c18-4824-9b13-78cc7eb5f17b,55801810-a9a9-4b0a-ad35-fd7283f7a92a,
,,,KS,Standard,{},6c7e6a61-56de-46dc-8ea3-9699d80988cd,35b88513-5d4d-4ab5-b74b-c432713bb3cb,968f4bf4-b1de-41d0-b690-ea08423b4b2b,0e65025f-5087-44f1-8e2a-f9e7fd908ee1,
,,,M13,Standard,{},76dfb3f5-3586-435a-8d6c-d7a5494a0315,f92682f6-dd4f-4102-ba07-51f28ae8c315,bcf3f762-0131-4575-9faa-48e6aa72d48d,c39fbefa-5d53-445d-adcd-f73de5767f0c,
,,,M13,Standard,{},29e0e903-6543-4863-99f0-b736f4129fcb,3f8a9f18-28da-4196-9d72-20372fa8cada,c6c90c59-ff40-41f7-8a56-ba4ac77a243a,c39fbefa-5d53-445d-adcd-f73de5767f0c,
,,,M13,Standard,{},a622e00d-9296-4317-a5fd-8c64c9f6707b,db59c03e-7460-4fa5-b52b-45630447d7d7,c6c90c59-ff40-41f7-8a56-ba4ac77a243a,c39fbefa-5d53-445d-adcd-f73de5767f0c,
,,,M13,Standard,{},1b4d5cf8-16bc-47a9-bf86-ab7d83b73a93,db59c03e-7460-4fa5-b52b-45630447d7d7,c6c90c59-ff40-41f7-8a56-ba4ac77a243a,dc8321a2-c8a5-4830-ab2f-4a73e9a0e063,
,,,M13,Standard,{},22a9c35f-3887-4c51-ae1b-ca2d14f6dfdb,61103a93-c8f3-4e55-a8cf-b8efbb705e77,c6c90c59-ff40-41f7-8a56-ba4ac77a243a,c39fbefa-5d53-445d-adcd-f73de5767f0c,
,,,H00,Standard,{},b9190d30-d6ee-4765-aa8a-3e0956577a5d,5fc92676-d822-429a-8292-cfae35840e24,2330814f-c9a6-408d-8312-dd4a98530d8e,a3df6875-ecd1-4a45-b49d-5015b5eb5800,
,,,H00,Standard,{},3424c88c-ddae-421d-b789-3a6cd9c2057a,de16d0df-349d-408d-a907-832cc6e5a1c8,2330814f-c9a6-408d-8312-dd4a98530d8e,a3df6875-ecd1-4a45-b49d-5015b5eb5800,
,,,H00,Standard,{},dab56417-89c9-43d3-8640-49a4bef146d9,82770145-fa17-4b84-aae7-5109098b500a,a82d12ee-335d-4f37-a314-a660072d59e5,a3df6875-ecd1-4a45-b49d-5015b5eb5800,
,,,H00,Standard,{},bd72db1c-ec67-4f71-a336-8b35a1e2c1a3,c20fdf75-48dd-4099-a438-27ffa66b0242,a82d12ee-335d-4f37-a314-a660072d59e5,68f98f4f-6968-4001-91c2-5db2204e12c7,
,,,L07,Standard,{},e4f5a0c2-ed48-4f8c-bd91-a6dc25c93968,2e0a32fe-1182-40cf-8c88-8d2510003cd1,6348c8a8-d5db-4ee6-8049-c2f2e2dc7fc8,2aaa5f68-b628-4cf6-a4a7-41e8bfca3e9d,
,,,L07,Standard,{},cc5bb743-f986-4181-9ae3-77257a793383,26cb46d7-f619-4bf2-aba3-536a876bc0f4,6348c8a8-d5db-4ee6-8049-c2f2e2dc7fc8,2aaa5f68-b628-4cf6-a4a7-41e8bfca3e9d,
,,,L07,Standard,{},d8b413a3-230b-429e-90aa-362d2a82ff2a,7150f37b-1dbb-423e-bfdf-edd440d3c4ba,ca121460-a8e5-450e-a4a9-bdd4fd0fd191,324d0e45-48c9-4028-b0d0-187889902b18,
,,,L07,Standard,{},19034feb-d9ff-4a02-b839-48ae83fe4a7c,9b2bbff9-1e4c-4ea2-9857-a83b59771ea6,ca121460-a8e5-450e-a4a9-bdd4fd0fd191,324d0e45-48c9-4028-b0d0-187889902b18,
,,,L07,Standard,{},a4e05014-6510-4c36-8dbf-e6393c5d5e30,74b3414f-29bd-45af-a6c2-2baad4602897,ca121460-a8e5-450e-a4a9-bdd4fd0fd191,324d0e45-48c9-4028-b0d0-187889902b18,
,,,T92,Standard,{},34487378-a072-4591-b261-f6e8d646a17d,cec036d2-f36f-48f7-972f-ca579b7fd37d,c5b6de97-61a1-4fb0-8b2c-3cce77838289,68f98f4f-6968-4001-91c2-5db2204e12c7,
,,,T92,Standard,{},72a93bce-48fb-419a-bf35-9ba28fa5e78c,1ff76ec3-f285-4528-a7c8-a9e09ce96e2e,c5b6de97-61a1-4fb0-8b2c-3cce77838289,68f98f4f-6968-4001-91c2-5db2204e12c7,
,,,T92,Standard,{},3f3e3e8e-9e03-4897-8a35-d616a278362f,d9b75107-793f-4be3-ad0e-d2448912d715,c5b6de97-61a1-4fb0-8b2c-3cce77838289,2dc50f9a-55b8-421a-8c83-c4bfb639ff34,
,,,T92,Standard,{},f8e13947-8fd9-428d-88e5-db9dc0b472d1,d9b75107-793f-4be3-ad0e-d2448912d715,c5b6de97-61a1-4fb0-8b2c-3cce77838289,4a63560a-6f86-4311-b5ce-6344393d34ae,
,,,T92,Standard,{},afa76003-d8f4-4bb1-8692-7dd76989f952,184cd637-ed45-4dc0-8e78-781db1d0d7a3,c5b6de97-61a1-4fb0-8b2c-3cce77838289,d26c51ad-5489-4999-8f61-dcc587aca2ad,
,,,T92,Standard,{},5a4d480d-86a7-45e7-929e-8b3838d63d07,281748a0-3167-4a1b-846b-36eaaa3019f1,c5b6de97-61a1-4fb0-8b2c-3cce77838289,003331fa-7186-4ffb-bca1-ec390014865c,
,,,T92,Standard,{},bdbbee51-0ee1-4d3d-a5a2-0d96bcd922d8,cec036d2-f36f-48f7-972f-ca579b7fd37d,b3f1b927-6256-4be5-8111-dad90e737819,68f98f4f-6968-4001-91c2-5db2204e12c7,
,,,T92,Standard,{},26dee913-f485-4229-ae97-b86a37e7bdd0,8ed975d8-66d5-4e05-b893-df77d015c07e,b3f1b927-6256-4be5-8111-dad90e737819,68f98f4f-6968-4001-91c2-5db2204e12c7,
,,,T92,Standard,{},dd0bdd1b-cce1-4ad5-9603-d5bcb15ab0eb,63118a1c-fd55-49b2-9f6b-05760190b95a,b3f1b927-6256-4be5-8111-dad90e737819,68f98f4f-6968-4001-91c2-5db2204e12c7,
,,,T92,Standard,{},776f2192-4b73-4bdd-996b-32c9ddfe142e,8f12df30-67ca-4905-9ade-65d059a0cf45,b3f1b927-6256-4be5-8111-dad90e737819,2dc50f9a-55b8-421a-8c83-c4bfb639ff34,
,,,T92,Standard,{},4509e0d8-fabe-4861-93d4-9c00376e90a2,8f12df30-67ca-4905-9ade-65d059a0cf45,b3f1b927-6256-4be5-8111-dad90e737819,025a16a7-b153-4de7-935e-f6598e164503,
,,,T92,Standard,{},e7c5dbcc-e9db-4b5a-9738-e661e9a31bc0,04dbdd8f-18d1-48c1-a181-05f67f0d58b4,b3f1b927-6256-4be5-8111-dad90e737819,003331fa-7186-4ffb-bca1-ec390014865c,
,,,T92,Standard,{},4e7095d8-0baf-4e4a-8abe-f3816a6768c0,04dbdd8f-18d1-48c1-a181-05f67f0d58b4,b3f1b927-6256-4be5-8111-dad90e737819,4a63560a-6f86-4311-b5ce-6344393d34ae,
,,,T92,Standard,{},36ed54dc-e0f6-4a46-a71a-054465664ec3,281748a0-3167-4a1b-846b-36eaaa3019f1,b3f1b927-6256-4be5-8111-dad90e737819,003331fa-7186-4ffb-bca1-ec390014865c,
,,,T92,Standard,{},0b13b40e-7e46-4c0a-9a19-90c6fe51a782,2d88feb8-9252-4bc2-b45a-bc79d5711735,b3f1b927-6256-4be5-8111-dad90e737819,d26c51ad-5489-4999-8f61-dcc587aca2ad,
,,,T98,Standard,{},e9a08430-209e-470e-93b6-8e110c5d3c9a,243ddbc9-2e41-4a15-a8d0-0b9afcf0e9a1,983e2dd2-316a-4ba4-b17c-f1d4521a8be6,68f98f4f-6968-4001-91c2-5db2204e12c7,
,,,T98,Standard,{},311ca656-946f-4672-95cb-e87a6aee73f2,8ed975d8-66d5-4e05-b893-df77d015c07e,983e2dd2-316a-4ba4-b17c-f1d4521a8be6,68f98f4f-6968-4001-91c2-5db2204e12c7,
,,,T98,Standard,{},7befa49c-ac0f-4621-82d0-57ad3314d409,63118a1c-fd55-49b2-9f6b-05760190b95a,983e2dd2-316a-4ba4-b17c-f1d4521a8be6,68f98f4f-6968-4001-91c2-5db2204e12c7,
,,,T98,Standard,{},153f0967-7966-473e-8581-bfbfe1db4185,8f12df30-67ca-4905-9ade-65d059a0cf45,983e2dd2-316a-4ba4-b17c-f1d4521a8be6,c39fbefa-5d53-445d-adcd-f73de5767f0c,
,,,T98,Standard,{},c1da8c95-e991-4e43-88cc-4ee4baa3d312,86b4b837-9ff3-46b0-9d38-5d85cccdd608,983e2dd2-316a-4ba4-b17c-f1d4521a8be6,c39fbefa-5d53-445d-adcd-f73de5767f0c,
,,,T98,Standard,{},659d0a85-f5c0-46dc-ad09-7127402e5680,04dbdd8f-18d1-48c1-a181-05f67f0d58b4,983e2dd2-316a-4ba4-b17c-f1d4521a8be6,5db71f70-abb9-41c3-9410-3085dd344b64,
,,,T98,Standard,{},8f87ef0b-4821-4a36-8b79-430c1e94d37f,2d88feb8-9252-4bc2-b45a-bc79d5711735,983e2dd2-316a-4ba4-b17c-f1d4521a8be6,c39fbefa-5d53-445d-adcd-f73de5767f0c,
,,,T98,Standard,{},6985de95-028d-4885-81a0-d42518673087,de16d0df-349d-408d-a907-832cc6e5a1c8,a3dbe856-7b57-41e3-9591-0d2c2d349e52,68f98f4f-6968-4001-91c2-5db2204e12c7,
,,,T98,Standard,{},bb33e562-2429-439f-8c6a-115695be150d,514c25c0-6d61-4936-83fd-4909524476cd,a3dbe856-7b57-41e3-9591-0d2c2d349e52,68f98f4f-6968-4001-91c2-5db2204e12c7,
,,,T98,Standard,{},427107e9-a218-4769-9c34-461adef8b7cd,d9256faa-a5c6-4156-8218-83c0c880516b,a3dbe856-7b57-41e3-9591-0d2c2d349e52,68f98f4f-6968-4001-91c2-5db2204e12c7,
,,,T98,Standard,{},6dfa866a-d647-4c28-885c-8273e380fd09,8b0f59fd-c7b9-4daa-a863-f17f290fbcca,a3dbe856-7b57-41e3-9591-0d2c2d349e52,5db71f70-abb9-41c3-9410-3085dd344b64,
,,,A04,Standard,{},6e0ef507-6865-45fd-b4a0-72dca64b856c,d4ee6761-5a07-476d-a92a-9fadb3bd1e3a,fd906667-5f7b-4f14-a4d2-ab2820982725,68f98f4f-6968-4001-91c2-5db2204e12c7,
,,,A04,Standard,{},b0fb2895-d483-47af-a9e2-bb97b0c7b456,fbccf1d0-9d4d-4ba4-b478-b3650169d694,fd906667-5f7b-4f14-a4d2-ab2820982725,c39fbefa-5d53-445d-adcd-f73de5767f0c,
,,,A04,Standard,{},19cb27b2-50a5-40ee-8e57-761f98e466b2,fbccf1d0-9d4d-4ba4-b478-b3650169d694,fd906667-5f7b-4f14-a4d2-ab2820982725,dc8321a2-c8a5-4830-ab2f-4a73e9a0e063,
,,,A04,Standard,{},0f7b66f4-6a7c-40b4-9784-e1ba398439c3,c7fac087-dc47-40e9-bb2c-b268845684bf,fd906667-5f7b-4f14-a4d2-ab2820982725,c39fbefa-5d53-445d-adcd-f73de5767f0c,
,,,A04,Standard,{},73b183c6-b32f-404b-82fe-60e0fd567104,c7fac087-dc47-40e9-bb2c-b268845684bf,fd906667-5f7b-4f14-a4d2-ab2820982725,3bc4c005-8644-4aa5-bd98-bef22e6fb5be,
,,,A04,Standard,{},cdf20177-7a77-42e1-8836-d7f6d977032e,aa3809ba-8733-4bc0-bfcd-8b75ad48be99,fd906667-5f7b-4f14-a4d2-ab2820982725,5db71f70-abb9-41c3-9410-3085dd344b64,
,,,A04,Standard,{},bd758d23-28dd-4d3f-89e3-812d44f71e86,35e9b4a5-8048-4b70-b3b0-4b41b9c32db3,fd906667-5f7b-4f14-a4d2-ab2820982725,84630464-bf04-4a6d-98fe-580732aa8258,
,,,A04,Standard,{},e0b0b124-0e8b-4b86-bdea-62d17fe32b64,d4ee6761-5a07-476d-a92a-9fadb3bd1e3a,f487ea53-fa66-4eab-866a-07c2c313aa47,68f98f4f-6968-4001-91c2-5db2204e12c7,
,,,A04,Standard,{},d185d352-eb25-4e62-b675-1ffd7bdd92d2,e3119a34-0477-4465-8f87-73edbb0619cd,f487ea53-fa66-4eab-866a-07c2c313aa47,c39fbefa-5d53-445d-adcd-f73de5767f0c,
,,,A04,Standard,{},b06ea66b-aca2-4eb0-886c-04d321c982db,e3119a34-0477-4465-8f87-73edbb0619cd,f487ea53-fa66-4eab-866a-07c2c313aa47,dc8321a2-c8a5-4830-ab2f-4a73e9a0e063,
,,,A04,Standard,{},69cf635c-42c8-4a3f-82b4-a867b5486957,26b969f2-f101-41c8-a452-462f1ee0181f,f487ea53-fa66-4eab-866a-07c2c313aa47,c39fbefa-5d53-445d-adcd-f73de5767f0c,
,,,A04,Standard,{},054e65fc-11f0-451b-85ce-9a714a51960d,26b969f2-f101-41c8-a452-462f1ee0181f,f487ea53-fa66-4eab-866a-07c2c313aa47,3bc4c005-8644-4aa5-bd98-bef22e6fb5be,
,,,A04,Standard,{},095b39a0-27b8-400e-ab79-12eea17670de,1d25a465-d5b3-4bed-8941-95439ece33ec,f487ea53-fa66-4eab-866a-07c2c313aa47,2f7d5bed-c2d0-48b9-b095-312ecb2435a0,
,,,A04,Standard,{},4a683655-4e34-45d1-98be-da5639ca3e0c,1d25a465-d5b3-4bed-8941-95439ece33ec,f487ea53-fa66-4eab-866a-07c2c313aa47,dc8321a2-c8a5-4830-ab2f-4a73e9a0e063,
,,,J,Standard,{},3c4bc6ee-885d-4ebe-9828-ce58c2664a64,f92682f6-dd4f-4102-ba07-51f28ae8c315,b1bb14e6-6525-4f9f-820f-a82dccc61348,c39fbefa-5d53-445d-adcd-f73de5767f0c,
,,,J,Standard,{},46ba6ead-a9c0-49c7-a713-86825bfb708b,cbf68e38-4db4-41fa-a1c7-f59bd22f42a0,b1bb14e6-6525-4f9f-820f-a82dccc61348,84630464-bf04-4a6d-98fe-580732aa8258,
,,,J,Standard,{},76b3fcf8-1006-4a33-8811-019320b47504,cf3718d8-5c02-4600-89b9-aa3ef5a15aea,b1bb14e6-6525-4f9f-820f-a82dccc61348,84630464-bf04-4a6d-98fe-580732aa8258,
,,,J,Standard,{},37893403-2c55-44aa-a0a9-a7530712c243,c6ffc07c-e2d8-44a0-9aa5-0b96e16a9315,b1bb14e6-6525-4f9f-820f-a82dccc61348,84630464-bf04-4a6d-98fe-580732aa8258,
,,,J,Standard,{},1ef4233b-d5cf-48f9-b143-8a7968c103d2,48373752-7a76-41de-94ca-117458c42867,b1bb14e6-6525-4f9f-820f-a82dccc61348,84630464-bf04-4a6d-98fe-580732aa8258,
,,,J,Standard,{},67eb606c-da0e-4bc7-9157-5b9658fe5543,4c3806ab-b52f-4b82-a822-e8bec375caed,b1bb14e6-6525-4f9f-820f-a82dccc61348,324d0e45-48c9-4028-b0d0-187889902b18,
,,,J,Standard,{},4c27b988-e156-43d8-b5bb-5c460df29bc8,4c3806ab-b52f-4b82-a822-e8bec375caed,b1bb14e6-6525-4f9f-820f-a82dccc61348,3d8dfe3c-b695-4c5a-91b1-3e1f21eaea00,
,,,J,Standard,{},2c085cb0-0c9c-429e-b639-ad49af58512a,cbf68e38-4db4-41fa-a1c7-f59bd22f42a0,86680abf-02b8-45b9-8119-aa8b7fb424c7,84630464-bf04-4a6d-98fe-580732aa8258,
,,,J,Standard,{},ef0a9ea8-c726-46d1-a336-bce6b3aeea6d,18ed6e91-ea92-468e-8407-384d7e77d36a,86680abf-02b8-45b9-8119-aa8b7fb424c7,84630464-bf04-4a6d-98fe-580732aa8258,
,,,J,Standard,{},cc9369df-a4a2-4fd2-bc3c-2ad5505de1c0,4c3806ab-b52f-4b82-a822-e8bec375caed,86680abf-02b8-45b9-8119-aa8b7fb424c7,324d0e45-48c9-4028-b0d0-187889902b18,
,,,J,Standard,{},ba0782c1-b521-445c-b40d-0c08aa029294,4c3806ab-b52f-4b82-a822-e8bec375caed,86680abf-02b8-45b9-8119-aa8b7fb424c7,3d8dfe3c-b695-4c5a-91b1-3e1f21eaea00,
,,,C89,Standard,{},d6c57f9e-c4e7-4f4a-a6f6-31739713c0c6,184cd637-ed45-4dc0-8e78-781db1d0d7a3,e4db3782-dbf4-4a34-b31e-8cc18db06bee,d26c51ad-5489-4999-8f61-dcc587aca2ad,
,,,C89,Standard,{},b2d6580e-d4ec-4b5a-90ba-94073051a4be,184cd637-ed45-4dc0-8e78-781db1d0d7a3,e4db3782-dbf4-4a34-b31e-8cc18db06bee,4a63560a-6f86-4311-b5ce-6344393d34ae,
,,,C89,Standard,{},2c16a874-95d9-43a9-a54a-6bfd7194cd24,281748a0-3167-4a1b-846b-36eaaa3019f1,e4db3782-dbf4-4a34-b31e-8cc18db06bee,37cce83d-5cfb-46ed-96ca-834c4016e7a2,
,,,C89,Standard,{},a2da570e-be2b-42c6-90d3-365aab06419e,184cd637-ed45-4dc0-8e78-781db1d0d7a3,c5fa009a-715e-4b94-ab2f-fa2a85516699,003331fa-7186-4ffb-bca1-ec390014865c,
,,,C89,Standard,{},a40e6c71-e9c5-4b61-b9f5-402e41d4dc52,184cd637-ed45-4dc0-8e78-781db1d0d7a3,c5fa009a-715e-4b94-ab2f-fa2a85516699,4a63560a-6f86-4311-b5ce-6344393d34ae,
,,,C89,Standard,{},cb7788f6-71b0-47f0-a7cb-be9713aa2c05,281748a0-3167-4a1b-846b-36eaaa3019f1,c5fa009a-715e-4b94-ab2f-fa2a85516699,37cce83d-5cfb-46ed-96ca-834c4016e7a2,
,,,C89,Standard,{},4b5a386f-0440-45b7-a865-0283ee6bc338,184cd637-ed45-4dc0-8e78-781db1d0d7a3,c5fa009a-715e-4b94-ab2f-fa2a85516699,37cce83d-5cfb-46ed-96ca-834c4016e7a2,
,,,C89,Standard,{},a4a58427-456d-4b99-931f-131be875c1a5,184cd637-ed45-4dc0-8e78-781db1d0d7a3,c5fa009a-715e-4b94-ab2f-fa2a85516699,4a63560a-6f86-4311-b5ce-6344393d34ae,
,,,C89,Standard,{},9dab8e32-a3f8-4800-820c-31c73b8ac9f3,281748a0-3167-4a1b-846b-36eaaa3019f1,c5fa009a-715e-4b94-ab2f-fa2a85516699,37cce83d-5cfb-46ed-96ca-834c4016e7a2,
,,,C89,Standard,{},af6aa961-35a6-4231-82a4-cb7795a7c78f,066f9acc-4c35-4c0d-99bf-90c45f4b9d2b,c5fa009a-715e-4b94-ab2f-fa2a85516699,9cbf8877-bd68-4ad7-97d1-75ee464ac73c,
,,,W13,Standard,{},68266aca-53c5-4c99-b13e-ec7427fee429,cbf68e38-4db4-41fa-a1c7-f59bd22f42a0,5c344ad6-7e25-4111-9274-95786320c297,84630464-bf04-4a6d-98fe-580732aa8258,
,,,W13,Standard,{},aaf439d8-dacb-457e-bd65-b7ee4f592f13,18ed6e91-ea92-468e-8407-384d7e77d36a,5c344ad6-7e25-4111-9274-95786320c297,84630464-bf04-4a6d-98fe-580732aa8258,
,,,W13,Standard,{},0f6c3801-4674-4f75-b8d1-f353c1aeb2de,4c3806ab-b52f-4b82-a822-e8bec375caed,5c344ad6-7e25-4111-9274-95786320c297,324d0e45-48c9-4028-b0d0-187889902b18,
,,,S93,Standard,{},0765eaef-a679-490f-90d5-1076e6dbfa15,cec036d2-f36f-48f7-972f-ca579b7fd37d,fa5e1328-ca60-48c3-9489-2124f6a1b230,68f98f4f-6968-4001-91c2-5db2204e12c7,
,,,F06,Standard,{},7ba4249d-1743-4b8b-adf1-2ff08a3bcd68,d9256faa-a5c6-4156-8218-83c0c880516b,b9465412-a21a-48fb-9c0d-812428f3b752,68f98f4f-6968-4001-91c2-5db2204e12c7,
,,,F06,Standard,{},b0606205-3b17-4fe9-a98d-ca834d97f76d,d4ee6761-5a07-476d-a92a-9fadb3bd1e3a,a0e7130e-2737-4dff-8ce8-9c219c30881d,68f98f4f-6968-4001-91c2-5db2204e12c7,
,,,F06,Standard,{},f9f9ee56-a444-434e-a36b-835f03f3d694,781a481a-0e05-464e-9e9e-799b1807e68d,a0e7130e-2737-4dff-8ce8-9c219c30881d,dc8321a2-c8a5-4830-ab2f-4a73e9a0e063,
,,,F06,Standard,{},4cfb6a6b-602c-440e-83cf-c635bd953c35,aa3809ba-8733-4bc0-bfcd-8b75ad48be99,a0e7130e-2737-4dff-8ce8-9c219c30881d,5db71f70-abb9-41c3-9410-3085dd344b64,
,,,S93,Standard,{},7533b8bc-b160-4065-951c-ed6cebcca299,cec036d2-f36f-48f7-972f-ca579b7fd37d,d77e480b-991f-4c77-8f7e-bf50e08b34a4,68f98f4f-6968-4001-91c2-5db2204e12c7,
,,,S93,Standard,{},eaa3fa56-1a74-49c2-86b9-f2c7b4c64801,243ddbc9-2e41-4a15-a8d0-0b9afcf0e9a1,e9754f28-bf38-483e-a00d-b929379b2a4d,68f98f4f-6968-4001-91c2-5db2204e12c7,
,,,S93,Standard,{},54d76267-6829-4f00-81e0-e7be759288ea,8ed975d8-66d5-4e05-b893-df77d015c07e,e9754f28-bf38-483e-a00d-b929379b2a4d,68f98f4f-6968-4001-91c2-5db2204e12c7,
,,,X01,Standard,{},377b1447-1aa9-40c7-9a87-9be190cf1e96,5fc92676-d822-429a-8292-cfae35840e24,fd119ec9-49cd-40b2-8487-27583f2c92c2,dc8321a2-c8a5-4830-ab2f-4a73e9a0e063,
,,,X01,Standard,{},abc0421b-4007-4519-90d2-15c38c3fb099,de16d0df-349d-408d-a907-832cc6e5a1c8,fd119ec9-49cd-40b2-8487-27583f2c92c2,dc8321a2-c8a5-4830-ab2f-4a73e9a0e063,
,,,X01,Standard,{},670cea41-22ae-4995-85b1-6a281038b2bf,514c25c0-6d61-4936-83fd-4909524476cd,fd119ec9-49cd-40b2-8487-27583f2c92c2,683a133f-9cc5-484c-ac1b-722d07bf2669,
,,,X01,Standard,{},e9e8b85e-59f6-431a-bc1c-30e35d556526,c7fac087-dc47-40e9-bb2c-b268845684bf,fd119ec9-49cd-40b2-8487-27583f2c92c2,c39fbefa-5d53-445d-adcd-f73de5767f0c,
,,,X01,Standard,{},170c7407-594b-4d6e-b459-f2edf6a28165,738594a2-cfa3-4ab0-a924-f6bf95236797,fd119ec9-49cd-40b2-8487-27583f2c92c2,c39fbefa-5d53-445d-adcd-f73de5767f0c,
,,,X01,Standard,{},b940aa8d-4912-4a6c-9882-fbe7595723a7,82770145-fa17-4b84-aae7-5109098b500a,4e49dde8-63db-46f6-b102-79ed6dcaff1c,dc8321a2-c8a5-4830-ab2f-4a73e9a0e063,
,,,X01,Standard,{},3860c36a-29aa-44ad-b820-61c6d9144594,c20fdf75-48dd-4099-a438-27ffa66b0242,4e49dde8-63db-46f6-b102-79ed6dcaff1c,dc8321a2-c8a5-4830-ab2f-4a73e9a0e063,
,,,X01,Standard,{},b979da2a-4e61-432a-ac03-859256fcdb2a,d4ee6761-5a07-476d-a92a-9fadb3bd1e3a,4e49dde8-63db-46f6-b102-79ed6dcaff1c,dc8321a2-c8a5-4830-ab2f-4a73e9a0e063,
,,,X01,Standard,{},d201cf2d-0317-4af5-a436-2ff340e22e92,c7fac087-dc47-40e9-bb2c-b268845684bf,4e49dde8-63db-46f6-b102-79ed6dcaff1c,c39fbefa-5d53-445d-adcd-f73de5767f0c,
,,,X01,Standard,{},04acef36-7a34-4dbf-b720-f8fd9094f19f,aa3809ba-8733-4bc0-bfcd-8b75ad48be99,4e49dde8-63db-46f6-b102-79ed6dcaff1c,5db71f70-abb9-41c3-9410-3085dd344b64,
,,,S07,Standard,{},9cdbb96c-0cb5-4346-a6a9-ab77f4d9482d,c20fdf75-48dd-4099-a438-27ffa66b0242,2605d2b2-fd91-4eb1-b78c-13b95a7460c9,dc8321a2-c8a5-4830-ab2f-4a73e9a0e063,
,,,S07,Standard,{},93e1ec5f-de08-47c4-99f9-8892c685499f,d4ee6761-5a07-476d-a92a-9fadb3bd1e3a,2605d2b2-fd91-4eb1-b78c-13b95a7460c9,683a133f-9cc5-484c-ac1b-722d07bf2669,
,,,S07,Standard,{},339fbb8c-c053-4e2c-b51a-810841a60219,781a481a-0e05-464e-9e9e-799b1807e68d,2605d2b2-fd91-4eb1-b78c-13b95a7460c9,c39fbefa-5d53-445d-adcd-f73de5767f0c,
,,,S07,Standard,{},896c8d3b-66bd-44c3-8b71-ccc41426314c,1d25a465-d5b3-4bed-8941-95439ece33ec,2605d2b2-fd91-4eb1-b78c-13b95a7460c9,2f7d5bed-c2d0-48b9-b095-312ecb2435a0,
,,,S07,Standard,{},096c081e-6fb7-462e-9a1e-20d1c41804aa,1d25a465-d5b3-4bed-8941-95439ece33ec,2605d2b2-fd91-4eb1-b78c-13b95a7460c9,dc8321a2-c8a5-4830-ab2f-4a73e9a0e063,
,,,S07,Standard,{},3ef4ba6e-ef42-40d9-89fd-a229250d0813,12ebc7a7-8def-4bb8-acea-88eb107f7b00,2605d2b2-fd91-4eb1-b78c-13b95a7460c9,dc8321a2-c8a5-4830-ab2f-4a73e9a0e063,
,,,S07,Standard,{},2fdc2811-d8e2-48bf-a146-4e7d9a8f4a93,f92682f6-dd4f-4102-ba07-51f28ae8c315,2605d2b2-fd91-4eb1-b78c-13b95a7460c9,683a133f-9cc5-484c-ac1b-722d07bf2669,
,,,X03,Standard,{},262065a7-2526-4fda-a458-486eb2ba076b,d4ee6761-5a07-476d-a92a-9fadb3bd1e3a,51f6cb41-9f0c-47d5-93f3-f22d502c05f8,68f98f4f-6968-4001-91c2-5db2204e12c7,
,,,X03,Standard,{},10dbd646-5a6e-4e62-8663-b6812cced70c,d9256faa-a5c6-4156-8218-83c0c880516b,51f6cb41-9f0c-47d5-93f3-f22d502c05f8,68f98f4f-6968-4001-91c2-5db2204e12c7,
,,,X03,Standard,{},694593d4-9fdd-4898-97e0-0c12c55ca6e2,aa3809ba-8733-4bc0-bfcd-8b75ad48be99,51f6cb41-9f0c-47d5-93f3-f22d502c05f8,5db71f70-abb9-41c3-9410-3085dd344b64,
,,,X03,Standard,{},9434d78e-c893-4bb5-8c64-4310b2c205e4,d4ee6761-5a07-476d-a92a-9fadb3bd1e3a,2245f6e0-fa08-4c27-a63e-b79e8cd5a390,68f98f4f-6968-4001-91c2-5db2204e12c7,
,,,S10,Standard,{},2a5f3a0b-063d-4b7c-83b4-3d70e0d3aba5,cbf68e38-4db4-41fa-a1c7-f59bd22f42a0,beaf05e1-2352-451d-955e-a8930442add7,84630464-bf04-4a6d-98fe-580732aa8258,
,,,S10,Standard,{},b4ae647d-be8d-4b89-8a35-04b24d43c230,cbf68e38-4db4-41fa-a1c7-f59bd22f42a0,beaf05e1-2352-451d-955e-a8930442add7,3d8dfe3c-b695-4c5a-91b1-3e1f21eaea00,
,,,J13,Standard,{},d15cdc61-8088-437e-88f4-54de8c6fb5ee,cbf68e38-4db4-41fa-a1c7-f59bd22f42a0,79477183-e3b5-4e1b-81bc-a8e38eb408a6,84630464-bf04-4a6d-98fe-580732aa8258,
,,,V94,Standard,{},ab0d168e-cccd-4df4-833c-a7b1245599c3,34eef8e6-cf53-4882-bc0e-1ca61b34f086,90db897c-06ec-4a93-946b-1c2acc91ed62,6406e88c-ed2d-4c97-a1da-640182f0ced9,
,,,V94,Standard,{},f3c7bdfe-8512-423d-9f58-df56ebba386c,34eef8e6-cf53-4882-bc0e-1ca61b34f086,90db897c-06ec-4a93-946b-1c2acc91ed62,1eb9fe28-20a8-4364-b36f-dc8271f43cee,
,,,V94,Standard,{},c716e87f-7590-4d42-9fbc-8c84cc314c0e,04dbdd8f-18d1-48c1-a181-05f67f0d58b4,90db897c-06ec-4a93-946b-1c2acc91ed62,6406e88c-ed2d-4c97-a1da-640182f0ced9,
,,,V94,Standard,{},61a00644-5b44-4dc1-9d96-65bee039cec1,04dbdd8f-18d1-48c1-a181-05f67f0d58b4,90db897c-06ec-4a93-946b-1c2acc91ed62,1eb9fe28-20a8-4364-b36f-dc8271f43cee,
,,,V94,Standard,{},93297558-d8b5-4684-9ddd-daeeab7bd1dd,acbddc03-9312-495b-8f88-99ccd6df6877,90db897c-06ec-4a93-946b-1c2acc91ed62,6406e88c-ed2d-4c97-a1da-640182f0ced9,
,,,V94,Standard,{},d0123308-fcbc-4019-a1c3-00b6e666d80f,acbddc03-9312-495b-8f88-99ccd6df6877,90db897c-06ec-4a93-946b-1c2acc91ed62,1eb9fe28-20a8-4364-b36f-dc8271f43cee,
,,,V94,Standard,{},c4e3cba4-d61b-4ab5-ba1b-34d9973e1fe7,e7edfbae-9f46-4c5e-9f85-18d51cbd769b,90db897c-06ec-4a93-946b-1c2acc91ed62,d6d38bcf-fbc6-417e-bbce-f5d014ca400d,
,,,V94,Standard,{},da6736e7-0993-4c95-a21d-d8b9916a90a0,e7edfbae-9f46-4c5e-9f85-18d51cbd769b,90db897c-06ec-4a93-946b-1c2acc91ed62,54c327ac-f51f-4f62-b3e2-f31bae8de74f,
,,,V94,Standard,{},549def76-89be-4051-818f-b4471148d852,d7e2da6a-c521-41d7-8b1c-d91755f0c6da,90db897c-06ec-4a93-946b-1c2acc91ed62,6406e88c-ed2d-4c97-a1da-640182f0ced9,
,,,V94,Standard,{},5fb59168-0e16-4adb-a072-91d1ddad3bff,98716170-8d61-41c7-81d0-d7c1556c276e,946c83f3-e966-42ec-9e5a-e869c32b9c61,6406e88c-ed2d-4c97-a1da-640182f0ced9,
,,,V94,Standard,{},b02e3424-f882-40a9-8063-85b99c9df842,98716170-8d61-41c7-81d0-d7c1556c276e,946c83f3-e966-42ec-9e5a-e869c32b9c61,1eb9fe28-20a8-4364-b36f-dc8271f43cee,
,,,V94,Standard,{},124a4fb2-ca19-4559-ac0a-c4640c981629,eea52715-fec2-4896-92e7-91fd742e245b,946c83f3-e966-42ec-9e5a-e869c32b9c61,54c327ac-f51f-4f62-b3e2-f31bae8de74f,
,,,V94,Standard,{},cc3bed66-7504-4f9a-bdb1-a83cbb435ab9,f8c5c2b3-acb1-4059-bf86-218e6ce031cc,946c83f3-e966-42ec-9e5a-e869c32b9c61,09b38f41-d592-45c9-8d07-55c85c34bee9,
,,,V88,Standard,{},b120fc26-0dc6-41e3-b2ca-f80a75a60ac2,401a7738-ee7a-4161-92b1-a4fcb9bafab8,fd03eb93-5d46-4518-8fe2-3a442bfebaab,d6d38bcf-fbc6-417e-bbce-f5d014ca400d,
,,,V88,Standard,{},01d88030-a565-42c9-b960-68e0c7cb569f,401a7738-ee7a-4161-92b1-a4fcb9bafab8,fd03eb93-5d46-4518-8fe2-3a442bfebaab,54c327ac-f51f-4f62-b3e2-f31bae8de74f,
,,,Z03,Standard,{},db2e1222-ef9b-4645-b604-5904b80dfdda,c7fac087-dc47-40e9-bb2c-b268845684bf,eb50eb83-7e9a-44f1-aded-9ae013c0aae0,c39fbefa-5d53-445d-adcd-f73de5767f0c,
,,,Z03,Standard,{},44b8a755-9486-4661-a9b7-b6af206710aa,f7fca9a9-0c06-4992-b03d-83db0b541a57,eb50eb83-7e9a-44f1-aded-9ae013c0aae0,5db71f70-abb9-41c3-9410-3085dd344b64,
,,,Z03,Standard,{},e8cc085c-e2a9-40e9-ad8d-63c440da8a47,f7fca9a9-0c06-4992-b03d-83db0b541a57,eb50eb83-7e9a-44f1-aded-9ae013c0aae0,dc7440f2-c73c-4988-98dd-6c235b3e8b87,
,,,Z03,Standard,{},d03148e7-a162-490b-a32e-29f8cfe7a623,26cb46d7-f619-4bf2-aba3-536a876bc0f4,eb50eb83-7e9a-44f1-aded-9ae013c0aae0,f90aa48c-5778-4340-bd26-15effe445fca,
,,,Z03,Standard,{},804e1775-01d3-43f5-8d2d-b8542dfb3041,26cb46d7-f619-4bf2-aba3-536a876bc0f4,eb50eb83-7e9a-44f1-aded-9ae013c0aae0,2aaa5f68-b628-4cf6-a4a7-41e8bfca3e9d,
,,,Z03,Standard,{},a2902a55-6c32-4fe9-927d-d1d2a44acfdd,8b0f59fd-c7b9-4daa-a863-f17f290fbcca,eb50eb83-7e9a-44f1-aded-9ae013c0aae0,5db71f70-abb9-41c3-9410-3085dd344b64,
,,,Z03,Standard,{},afcff064-51ec-41b1-96e9-58361334eeb6,6a69aa04-80dc-484a-b12b-851a804cee88,eb50eb83-7e9a-44f1-aded-9ae013c0aae0,f90aa48c-5778-4340-bd26-15effe445fca,
,,,Z03,Standard,{},05cf9a95-db25-4532-bf44-2fad7357683a,6a69aa04-80dc-484a-b12b-851a804cee88,eb50eb83-7e9a-44f1-aded-9ae013c0aae0,2aaa5f68-b628-4cf6-a4a7-41e8bfca3e9d,
,,,Z03,Standard,{},a81c030c-14b4-4835-9b2d-ceb0e27b3633,26b969f2-f101-41c8-a452-462f1ee0181f,6e917296-e3a0-44ba-8803-fd759777661f,c39fbefa-5d53-445d-adcd-f73de5767f0c,
,,,Z03,Standard,{},9bd5d861-7a35-4321-9f06-02c0c9997033,f7fca9a9-0c06-4992-b03d-83db0b541a57,6e917296-e3a0-44ba-8803-fd759777661f,84630464-bf04-4a6d-98fe-580732aa8258,
,,,Z03,Standard,{},2ec4ddc8-7d78-48ee-a97a-ce3e01935277,f7fca9a9-0c06-4992-b03d-83db0b541a57,6e917296-e3a0-44ba-8803-fd759777661f,dc7440f2-c73c-4988-98dd-6c235b3e8b87,
,,,Z03,Standard,{},0f8f9751-57c7-4bab-b918-c100cd13864f,ead655a8-7206-4b9b-80b5-48fd1a13ecf4,6e917296-e3a0-44ba-8803-fd759777661f,324d0e45-48c9-4028-b0d0-187889902b18,
,,,Z03,Standard,{},532b776a-1d50-4157-b8ae-cda6e62c2597,ead655a8-7206-4b9b-80b5-48fd1a13ecf4,6e917296-e3a0-44ba-8803-fd759777661f,3d8dfe3c-b695-4c5a-91b1-3e1f21eaea00,
,,,Z03,Standard,{},6f04d588-e2b2-4a20-8e9e-637073fc9a3a,70d0905e-f98e-4bab-b6e7-b71d4b15225b,6e917296-e3a0-44ba-8803-fd759777661f,84630464-bf04-4a6d-98fe-580732aa8258,
,,,Z03,Standard,{},9a75e1b6-adcc-4950-b435-8b6eda83f5db,35e9b4a5-8048-4b70-b3b0-4b41b9c32db3,6e917296-e3a0-44ba-8803-fd759777661f,324d0e45-48c9-4028-b0d0-187889902b18,
,,,Z03,Standard,{},40c5c9cb-8630-4add-bd81-75a7bec6f050,35e9b4a5-8048-4b70-b3b0-4b41b9c32db3,6e917296-e3a0-44ba-8803-fd759777661f,3d8dfe3c-b695-4c5a-91b1-3e1f21eaea00,
,,,APV,Standard,{},6ee54e71-a615-422c-86f1-8cb43822f392,fb234ff5-5718-43e1-a879-84916b1865dc,d6e34a81-30e0-4528-a5b5-0ad50659bf1d,fdb73ccd-0741-420d-94fc-7acdb8c50ad8,
,,,APV,Standard,{},eef5fe80-fc67-4c7d-86e3-1a0d916a47f6,e7edfbae-9f46-4c5e-9f85-18d51cbd769b,d6e34a81-30e0-4528-a5b5-0ad50659bf1d,fb77af1d-e112-4957-a9bf-04a6333536d6,
,,,APV,Standard,{},2f5c9860-a2e4-4020-a722-e4ee1263408f,51584d75-60d6-4f71-84e8-216148b97477,d6e34a81-30e0-4528-a5b5-0ad50659bf1d,f90aa48c-5778-4340-bd26-15effe445fca,
,,,S93,Standard,{},d7e899cf-670b-4953-8d5c-09da57487c99,8ed975d8-66d5-4e05-b893-df77d015c07e,8d0df39c-36c5-4bfe-9e7f-e3347a0bde26,68f98f4f-6968-4001-91c2-5db2204e12c7,
,,,S93,Standard,{},d628277c-9be5-483b-831b-217b19487f42,8ed975d8-66d5-4e05-b893-df77d015c07e,8d0df39c-36c5-4bfe-9e7f-e3347a0bde26,025a16a7-b153-4de7-935e-f6598e164503,
,,,B,Standard,{},1308f190-e7ae-4f48-9de0-e83d5ba57493,d4ee6761-5a07-476d-a92a-9fadb3bd1e3a,b7acadc1-b6df-4ad1-8103-127f8d4882ab,68f98f4f-6968-4001-91c2-5db2204e12c7,
,,,B,Standard,{},d6560bc4-1aaf-426a-8681-a8e38faf0e4a,d4ee6761-5a07-476d-a92a-9fadb3bd1e3a,b7acadc1-b6df-4ad1-8103-127f8d4882ab,dc8321a2-c8a5-4830-ab2f-4a73e9a0e063,
,,,J89,Standard,{},a3b9d11c-e548-48d5-b6f8-1d3e08328905,1ff76ec3-f285-4528-a7c8-a9e09ce96e2e,0def5ad2-ae46-4d68-a31b-c7147990f339,68f98f4f-6968-4001-91c2-5db2204e12c7,
,,,J89,Standard,{},b04e0086-0974-4c56-ae52-67274df39cc7,d9b75107-793f-4be3-ad0e-d2448912d715,0def5ad2-ae46-4d68-a31b-c7147990f339,d26c51ad-5489-4999-8f61-dcc587aca2ad,
,,,J89,Standard,{},d4686989-6c4e-41d5-a055-23caf1e5986d,184cd637-ed45-4dc0-8e78-781db1d0d7a3,0def5ad2-ae46-4d68-a31b-c7147990f339,d26c51ad-5489-4999-8f61-dcc587aca2ad,
,,,J89,Standard,{},4c61baf0-a2b0-42d6-922c-ceacf72cf429,281748a0-3167-4a1b-846b-36eaaa3019f1,0def5ad2-ae46-4d68-a31b-c7147990f339,37cce83d-5cfb-46ed-96ca-834c4016e7a2,
,,,J89,Standard,{},cd689c22-d9be-4b55-9cce-a02df12e84a1,d9b75107-793f-4be3-ad0e-d2448912d715,c6a78710-b215-4fcc-9977-a7e8b75007e2,003331fa-7186-4ffb-bca1-ec390014865c,
,,,J89,Standard,{},cd7ecd31-5ce8-456d-ac57-57abe4a59bc1,184cd637-ed45-4dc0-8e78-781db1d0d7a3,c6a78710-b215-4fcc-9977-a7e8b75007e2,003331fa-7186-4ffb-bca1-ec390014865c,
,,,J89,Standard,{},5a050d95-6b17-4e6d-8f23-4e19e05590f8,04dbdd8f-18d1-48c1-a181-05f67f0d58b4,c6a78710-b215-4fcc-9977-a7e8b75007e2,003331fa-7186-4ffb-bca1-ec390014865c,
,,,J96,Standard,{},96db51ac-bb3c-4c7f-ae2f-3cd744da21f9,63118a1c-fd55-49b2-9f6b-05760190b95a,d9e32c62-472f-43d9-b73b-49692f1dffb8,68f98f4f-6968-4001-91c2-5db2204e12c7,
,,,J96,Standard,{},5ca189fd-3846-4f7d-bade-8314a919b52f,8f12df30-67ca-4905-9ade-65d059a0cf45,d9e32c62-472f-43d9-b73b-49692f1dffb8,2dc50f9a-55b8-421a-8c83-c4bfb639ff34,
,,,J96,Standard,{},c4b15bb8-9b0a-4e1d-922a-5809191873e4,8f12df30-67ca-4905-9ade-65d059a0cf45,d9e32c62-472f-43d9-b73b-49692f1dffb8,025a16a7-b153-4de7-935e-f6598e164503,
,,,J96,Standard,{},b5dcccdc-2220-4cfd-abd3-5c19ce7bf0f9,6c66cbb4-4256-4a92-82bd-97699be9e6f9,d9e32c62-472f-43d9-b73b-49692f1dffb8,003331fa-7186-4ffb-bca1-ec390014865c,
,,,J96,Standard,{},4d322d5f-f541-4a44-a857-3447d556e7c0,6c66cbb4-4256-4a92-82bd-97699be9e6f9,d9e32c62-472f-43d9-b73b-49692f1dffb8,4a63560a-6f86-4311-b5ce-6344393d34ae,
,,,J96,Standard,{},6efd2c4a-37f4-4aee-8dd2-7035790da2cc,04dbdd8f-18d1-48c1-a181-05f67f0d58b4,d9e32c62-472f-43d9-b73b-49692f1dffb8,003331fa-7186-4ffb-bca1-ec390014865c,
,,,J96,Standard,{},b23db1fd-24a7-4362-aeeb-164cc2dcecdb,04dbdd8f-18d1-48c1-a181-05f67f0d58b4,d9e32c62-472f-43d9-b73b-49692f1dffb8,4a63560a-6f86-4311-b5ce-6344393d34ae,
,,,J96,Standard,{},7a2fc3a4-8dcb-450b-a2bf-d5bc51e90005,acbddc03-9312-495b-8f88-99ccd6df6877,d9e32c62-472f-43d9-b73b-49692f1dffb8,fdb73ccd-0741-420d-94fc-7acdb8c50ad8,
,,,J96,Standard,{},7a31bd9b-c362-4dc0-a632-56495b1d1e40,acbddc03-9312-495b-8f88-99ccd6df6877,d9e32c62-472f-43d9-b73b-49692f1dffb8,99a12f5a-ce3a-4160-8058-cea080dd07fc,
,,,J96,Standard,{},44ddf1f7-89cf-4207-817d-a37453196ce9,eed4bfe1-c074-4452-97ec-d6720191ec98,d9e32c62-472f-43d9-b73b-49692f1dffb8,003331fa-7186-4ffb-bca1-ec390014865c,
,,,J96,Standard,{},2aad7135-641f-4468-996e-dc7ad731184b,d7e2da6a-c521-41d7-8b1c-d91755f0c6da,d9e32c62-472f-43d9-b73b-49692f1dffb8,003331fa-7186-4ffb-bca1-ec390014865c,
,,,J96,Standard,{},1a7c649d-3ef1-4272-a9e1-013aa140a2de,63118a1c-fd55-49b2-9f6b-05760190b95a,916c57fc-77be-4e02-8e82-d43ccc2f188a,68f98f4f-6968-4001-91c2-5db2204e12c7,
,,,J96,Standard,{},88c4c699-9a8c-47a0-9056-c4b9f1a11cfe,8f12df30-67ca-4905-9ade-65d059a0cf45,916c57fc-77be-4e02-8e82-d43ccc2f188a,c39fbefa-5d53-445d-adcd-f73de5767f0c,
,,,J96,Standard,{},93152ed1-5e79-4c8a-8e37-7186e64edb69,8f12df30-67ca-4905-9ade-65d059a0cf45,916c57fc-77be-4e02-8e82-d43ccc2f188a,025a16a7-b153-4de7-935e-f6598e164503,
,,,J96,Standard,{},039aac4b-1bc7-4483-bb6a-5fcbd71916bd,86b4b837-9ff3-46b0-9d38-5d85cccdd608,916c57fc-77be-4e02-8e82-d43ccc2f188a,c39fbefa-5d53-445d-adcd-f73de5767f0c,
,,,J96,Standard,{},e134f83d-d4a6-491c-bff6-1ebc0d51ecd9,86b4b837-9ff3-46b0-9d38-5d85cccdd608,916c57fc-77be-4e02-8e82-d43ccc2f188a,3bc4c005-8644-4aa5-bd98-bef22e6fb5be,
,,,J96,Standard,{},807c5286-0cf6-4088-81af-cd48148a7320,04dbdd8f-18d1-48c1-a181-05f67f0d58b4,916c57fc-77be-4e02-8e82-d43ccc2f188a,003331fa-7186-4ffb-bca1-ec390014865c,
,,,J96,Standard,{},8b558b0c-d18f-45ca-8665-4fe79c8372af,04dbdd8f-18d1-48c1-a181-05f67f0d58b4,916c57fc-77be-4e02-8e82-d43ccc2f188a,4a63560a-6f86-4311-b5ce-6344393d34ae,
,,,J96,Standard,{},c08d507b-2e7f-4721-9283-1be6be2c29bd,acbddc03-9312-495b-8f88-99ccd6df6877,916c57fc-77be-4e02-8e82-d43ccc2f188a,fdb73ccd-0741-420d-94fc-7acdb8c50ad8,
,,,J96,Standard,{},a9e2e5c3-9cd1-4b3a-b0b4-d55708485edd,acbddc03-9312-495b-8f88-99ccd6df6877,916c57fc-77be-4e02-8e82-d43ccc2f188a,99a12f5a-ce3a-4160-8058-cea080dd07fc,
,,,J96,Standard,{},53a2c1ee-0fd1-442a-b47f-91cb43bc088b,eed4bfe1-c074-4452-97ec-d6720191ec98,916c57fc-77be-4e02-8e82-d43ccc2f188a,003331fa-7186-4ffb-bca1-ec390014865c,
,,,J96,Standard,{},0c0d5c02-37a9-40d6-a970-326cdc87cfc1,7e1f05bc-cb18-4b0c-9240-aa27e5109bda,916c57fc-77be-4e02-8e82-d43ccc2f188a,c39fbefa-5d53-445d-adcd-f73de5767f0c,
,,,J96,Standard,{},110593ed-a321-436e-9364-ae5c4a98c188,7e1f05bc-cb18-4b0c-9240-aa27e5109bda,916c57fc-77be-4e02-8e82-d43ccc2f188a,025a16a7-b153-4de7-935e-f6598e164503,
,,,J96,Standard,{},18b95253-be38-4a1f-8285-511c7630475f,c7fac087-dc47-40e9-bb2c-b268845684bf,916c57fc-77be-4e02-8e82-d43ccc2f188a,c39fbefa-5d53-445d-adcd-f73de5767f0c,
,,,J96,Standard,{},c7946c32-7a76-4f24-a6d2-4c3c8f5d506b,c7fac087-dc47-40e9-bb2c-b268845684bf,916c57fc-77be-4e02-8e82-d43ccc2f188a,3bc4c005-8644-4aa5-bd98-bef22e6fb5be,
,,,J96,Standard,{},f7352bf3-f468-4301-9e38-0beec4093da3,d9ea8bdc-0706-4b87-8d60-34ab876092b4,916c57fc-77be-4e02-8e82-d43ccc2f188a,5db71f70-abb9-41c3-9410-3085dd344b64,
,,,J96,Standard,{},8052d220-3163-4d22-a76d-f437dff3e834,d9ea8bdc-0706-4b87-8d60-34ab876092b4,916c57fc-77be-4e02-8e82-d43ccc2f188a,99a12f5a-ce3a-4160-8058-cea080dd07fc,
,,,J96,Standard,{},a7ba524f-55ce-48e6-a9f0-8e46a06c5466,98716170-8d61-41c7-81d0-d7c1556c276e,916c57fc-77be-4e02-8e82-d43ccc2f188a,5db71f70-abb9-41c3-9410-3085dd344b64,
,,,J96,Standard,{},631d9e5d-f09d-4f83-97a8-54dca3b62827,98716170-8d61-41c7-81d0-d7c1556c276e,916c57fc-77be-4e02-8e82-d43ccc2f188a,99a12f5a-ce3a-4160-8058-cea080dd07fc,
,,,J96,Standard,{},7aa571ac-5162-40dd-92cb-fccabc53d766,8b0f59fd-c7b9-4daa-a863-f17f290fbcca,916c57fc-77be-4e02-8e82-d43ccc2f188a,5db71f70-abb9-41c3-9410-3085dd344b64,
,,,J96,Standard,{},c2d5b34b-69a8-4ec2-bbcc-d279e4a7538d,6a69aa04-80dc-484a-b12b-851a804cee88,916c57fc-77be-4e02-8e82-d43ccc2f188a,f90aa48c-5778-4340-bd26-15effe445fca,
,,,Z02,Standard,{},e4f3cde6-19b8-4894-bb47-f3af536cd792,d9ea8bdc-0706-4b87-8d60-34ab876092b4,13876ffb-b0c9-45b4-a27d-4bce983c9975,5db71f70-abb9-41c3-9410-3085dd344b64,
,,,Z02,Standard,{},866b6724-4cb8-477f-bd34-5c299695ed6d,8b0f59fd-c7b9-4daa-a863-f17f290fbcca,13876ffb-b0c9-45b4-a27d-4bce983c9975,5db71f70-abb9-41c3-9410-3085dd344b64,
,,,Z02,Standard,{},db38cb7c-195a-4d25-a548-73ca954340ea,6a69aa04-80dc-484a-b12b-851a804cee88,13876ffb-b0c9-45b4-a27d-4bce983c9975,f90aa48c-5778-4340-bd26-15effe445fca,
,,,Z02,Standard,{},72328e8c-ad56-4b61-a6b8-52c11b4e9407,6a69aa04-80dc-484a-b12b-851a804cee88,13876ffb-b0c9-45b4-a27d-4bce983c9975,2aaa5f68-b628-4cf6-a4a7-41e8bfca3e9d,
,,,Z02,Standard,{},d11518ca-a0ff-4ef0-b60f-141a58203af4,26b969f2-f101-41c8-a452-462f1ee0181f,355df985-f523-4c67-b4b9-d9bf5641c488,dc8321a2-c8a5-4830-ab2f-4a73e9a0e063,
,,,Z02,Standard,{},9c7111c1-cc65-4105-9d60-4d8a3a3ec4e4,f7fca9a9-0c06-4992-b03d-83db0b541a57,355df985-f523-4c67-b4b9-d9bf5641c488,84630464-bf04-4a6d-98fe-580732aa8258,
,,,Z02,Standard,{},37b3a994-1910-4ba4-afb3-fc2691eaa2c9,f7fca9a9-0c06-4992-b03d-83db0b541a57,355df985-f523-4c67-b4b9-d9bf5641c488,dc7440f2-c73c-4988-98dd-6c235b3e8b87,
,,,Z02,Standard,{},86e1f809-75ec-438b-9dc6-c02ea1d4b52b,70d0905e-f98e-4bab-b6e7-b71d4b15225b,355df985-f523-4c67-b4b9-d9bf5641c488,84630464-bf04-4a6d-98fe-580732aa8258,
,,,Z02,Standard,{},48a0fb50-0cc9-4470-b87d-501c983ecaba,35e9b4a5-8048-4b70-b3b0-4b41b9c32db3,355df985-f523-4c67-b4b9-d9bf5641c488,324d0e45-48c9-4028-b0d0-187889902b18,
,,,Z02,Standard,{},14e0692f-8c71-4ba6-934d-3d2c6435c8e6,35e9b4a5-8048-4b70-b3b0-4b41b9c32db3,355df985-f523-4c67-b4b9-d9bf5641c488,3d8dfe3c-b695-4c5a-91b1-3e1f21eaea00,
,,,T98,Standard,{},ce20ccb2-4430-496c-bd10-9a14b4abe182,8f12df30-67ca-4905-9ade-65d059a0cf45,b1698011-ab6d-42eb-818d-e7f36556907a,c39fbefa-5d53-445d-adcd-f73de5767f0c,
,,,T98,Standard,{},d4e6658f-794e-4b4c-a1fa-c7a3ac5d03ac,86b4b837-9ff3-46b0-9d38-5d85cccdd608,b1698011-ab6d-42eb-818d-e7f36556907a,c39fbefa-5d53-445d-adcd-f73de5767f0c,
,,,T98,Standard,{},c8cb56e4-7965-4fa8-9e11-a0b734e29de2,86b4b837-9ff3-46b0-9d38-5d85cccdd608,b1698011-ab6d-42eb-818d-e7f36556907a,3bc4c005-8644-4aa5-bd98-bef22e6fb5be,
,,,T98,Standard,{},8cd54c68-9895-41d5-a09f-46769b72bdbc,eed4bfe1-c074-4452-97ec-d6720191ec98,b1698011-ab6d-42eb-818d-e7f36556907a,5db71f70-abb9-41c3-9410-3085dd344b64,
,,,T98,Standard,{},ed72bcdf-709d-4098-9e6c-98899ea3f1a2,7e1f05bc-cb18-4b0c-9240-aa27e5109bda,38ec429a-2000-4f17-8f86-4667b87cb1ef,c39fbefa-5d53-445d-adcd-f73de5767f0c,
,,,T98,Standard,{},b6c9b226-9c56-443d-b7fc-d2a527cbcd99,c7fac087-dc47-40e9-bb2c-b268845684bf,38ec429a-2000-4f17-8f86-4667b87cb1ef,c39fbefa-5d53-445d-adcd-f73de5767f0c,
,,,T98,Standard,{},ac374c8d-111a-49da-a60a-2ed2bc4b4e95,c7fac087-dc47-40e9-bb2c-b268845684bf,38ec429a-2000-4f17-8f86-4667b87cb1ef,3bc4c005-8644-4aa5-bd98-bef22e6fb5be,
,,,T98,Standard,{},d97c6c13-3fb5-4e1b-8980-77ffaf63202f,f0316d82-447c-435a-bbd9-ef2d264d9776,38ec429a-2000-4f17-8f86-4667b87cb1ef,5db71f70-abb9-41c3-9410-3085dd344b64,
,,,T98,Standard,{},bdb6a5b6-f7d0-4005-8ab6-3473a49eaf5b,d9ea8bdc-0706-4b87-8d60-34ab876092b4,38ec429a-2000-4f17-8f86-4667b87cb1ef,5db71f70-abb9-41c3-9410-3085dd344b64,
,,,T98,Standard,{},546df92b-5434-4a72-932a-319b379f4935,d9ea8bdc-0706-4b87-8d60-34ab876092b4,38ec429a-2000-4f17-8f86-4667b87cb1ef,99a12f5a-ce3a-4160-8058-cea080dd07fc,
,,,T98,Standard,{},f506908e-c044-460b-811e-b3c7f6cd044b,8b0f59fd-c7b9-4daa-a863-f17f290fbcca,38ec429a-2000-4f17-8f86-4667b87cb1ef,5db71f70-abb9-41c3-9410-3085dd344b64,
,,,T98,Standard,{},0faf6bd7-1400-4bff-a523-b87df9a00d75,8b0f59fd-c7b9-4daa-a863-f17f290fbcca,38ec429a-2000-4f17-8f86-4667b87cb1ef,99a12f5a-ce3a-4160-8058-cea080dd07fc,
,,,T98,Standard,{},73eaac88-9250-4c7f-8f93-0c3f1a017b05,6a69aa04-80dc-484a-b12b-851a804cee88,38ec429a-2000-4f17-8f86-4667b87cb1ef,f90aa48c-5778-4340-bd26-15effe445fca,
,,,P12,Standard,{},031e6e8f-44fc-44d9-98ee-7632f995364f,cbf68e38-4db4-41fa-a1c7-f59bd22f42a0,fe4a7517-a12c-46ff-bea3-86714de6d5dc,84630464-bf04-4a6d-98fe-580732aa8258,
,,,P12,Standard,{},db03de9e-4171-4b3d-af5b-bdc5933ee77a,cbf68e38-4db4-41fa-a1c7-f59bd22f42a0,fe4a7517-a12c-46ff-bea3-86714de6d5dc,83c04e07-1f22-4552-af69-e61558c052d9,
,,,P12,Standard,{},320c3974-05b6-4917-82a2-274a9895dc14,18ed6e91-ea92-468e-8407-384d7e77d36a,fe4a7517-a12c-46ff-bea3-86714de6d5dc,84630464-bf04-4a6d-98fe-580732aa8258,
,,,P12,Standard,{},e39f17fd-bd0a-4114-b861-5dec5f975c30,18ed6e91-ea92-468e-8407-384d7e77d36a,fe4a7517-a12c-46ff-bea3-86714de6d5dc,b6d4ced1-de78-49f4-8bae-6ea2c1ffa941,
,,,P12,Standard,{},0fa1ae61-d4d0-49f3-8442-56de6af25835,4c3806ab-b52f-4b82-a822-e8bec375caed,fe4a7517-a12c-46ff-bea3-86714de6d5dc,324d0e45-48c9-4028-b0d0-187889902b18,
,,,P12,Standard,{},2fb8d270-32ed-4adf-9bfa-bcaa6d29ca19,4c3806ab-b52f-4b82-a822-e8bec375caed,fe4a7517-a12c-46ff-bea3-86714de6d5dc,3d8dfe3c-b695-4c5a-91b1-3e1f21eaea00,
,,,9PA,Standard,{},f33fabcd-ff2e-4929-9a1a-efdb9db888fc,89a78e11-d310-4e88-99a8-cdc247655c5b,919f500e-69b9-41e1-ae75-67d9b1ca2fe8,d81b25b8-e4ec-46a6-bd3a-2d739e259ae8,
,,,9PA,Standard,{},f9f534c2-c470-4c39-817b-8a28e80a56ae,fa5a1968-e687-4d78-b306-7d97b9621d36,919f500e-69b9-41e1-ae75-67d9b1ca2fe8,d81b25b8-e4ec-46a6-bd3a-2d739e259ae8,
,,,9PA,Standard,{},2e092875-79c6-4bd7-ad5a-05ac028ed53c,cf1bd45f-00fc-48a4-8af5-2caf7c4a5121,4bf39358-dbf6-4350-8e22-678037252d09,d81b25b8-e4ec-46a6-bd3a-2d739e259ae8,
,,,9PA,Standard,{},82256860-4643-4814-8821-bc4eec9f67ca,32b2aae0-538f-4743-af41-7829b089f971,4bf39358-dbf6-4350-8e22-678037252d09,d81b25b8-e4ec-46a6-bd3a-2d739e259ae8,
,,,95B,Standard,{},68dfd6e0-096e-4fae-a691-767ccae830db,d1302365-61cc-48a6-8f89-f042e60f0aac,7de2e053-4aed-4a4d-b723-3f21e37ffc2b,2eff0815-a008-404b-b43a-332632e2734d,
,,,95B,Standard,{},d31a69e2-6cc4-4ccd-b771-96a6b360454b,aaf740e1-0d83-4604-8ca3-1b3830faea34,7de2e053-4aed-4a4d-b723-3f21e37ffc2b,2eff0815-a008-404b-b43a-332632e2734d,
,,,95B,Standard,{},f348112b-72b5-4c21-aaf7-31b50bf7c5b1,04c16484-8f4b-41ae-96f9-895a0c7f00f2,7de2e053-4aed-4a4d-b723-3f21e37ffc2b,2eff0815-a008-404b-b43a-332632e2734d,
,,,95B,Standard,{},adf4ee6b-9c28-4952-b022-1d1659e72304,f4fc424c-a63c-4515-8c8c-7a28404cefa2,7de2e053-4aed-4a4d-b723-3f21e37ffc2b,2eff0815-a008-404b-b43a-332632e2734d,
,,,95B,Standard,{},8cd3f26e-b5d1-4171-bfb0-64c8edcb1abc,9fa8fff3-55f6-4173-b58a-bd0bbe2eafb0,7de2e053-4aed-4a4d-b723-3f21e37ffc2b,2eff0815-a008-404b-b43a-332632e2734d,
,,,95B,Standard,{},9a87ccce-d5fe-45aa-9a8e-5ac74408c2aa,022d8308-aa36-4207-ab33-b64aa1f4cf69,7de2e053-4aed-4a4d-b723-3f21e37ffc2b,2eff0815-a008-404b-b43a-332632e2734d,
,,,95B,Standard,{},19337307-c72c-4cb1-b1ad-449ff13d9ba2,0281b9cf-d9df-4f71-966c-1d0db481f2b2,77582603-339f-4c5a-81bc-4e1437ae1540,2eff0815-a008-404b-b43a-332632e2734d,
,,,95B,Standard,{},be83aa48-a56e-4e7f-940f-71184944a067,4b0d71c4-3409-4132-afa9-956034dc0538,77582603-339f-4c5a-81bc-4e1437ae1540,2eff0815-a008-404b-b43a-332632e2734d,
,,,95B,Standard,{},cd1a53a2-9a89-4a98-9236-30cddf9b2f66,07033843-7a6a-48ed-9240-70d28e11ac4e,77582603-339f-4c5a-81bc-4e1437ae1540,2eff0815-a008-404b-b43a-332632e2734d,
,,,95B,Standard,{},19eb3544-bee0-4961-ae79-e5263edf324b,023235ba-be1c-4270-a7bb-4fa58fa3f319,77582603-339f-4c5a-81bc-4e1437ae1540,2eff0815-a008-404b-b43a-332632e2734d,
,,,LCM,Standard,{},65cb3e78-e089-48e1-9273-891dd9b0b747,d5734267-8a14-47f8-9038-5274351a440b,5def559d-8ab0-4961-b06c-d2d67a51c39e,03373694-08e8-48e6-af55-bcad28288acc,
,,,LCM,Standard,{},a061c90e-2622-4780-afb4-5885190a8f76,d5734267-8a14-47f8-9038-5274351a440b,5def559d-8ab0-4961-b06c-d2d67a51c39e,d677d76e-b8f1-4da1-b5b1-c4399811a129,
,,,LCM,Standard,{},60f18fce-a53b-4517-8626-1ee77d7eee75,d5734267-8a14-47f8-9038-5274351a440b,5def559d-8ab0-4961-b06c-d2d67a51c39e,00845fbf-d0d8-48a2-a90f-0619b5509033,
,,,D66,Standard,{},22688278-d49d-48cf-87eb-566f03da2acf,01385a5d-a5ca-42cb-b5cd-487242af9eca,de729833-b674-4bba-a322-9ba564e53cec,85c80bee-114f-405f-882a-248f1b8765d6,
,,,D66,Standard,{},185369d6-bf5e-4c26-9fec-80f9acf6a492,4645f218-4d33-4b30-94f1-711b5d0685f0,de729833-b674-4bba-a322-9ba564e53cec,85c80bee-114f-405f-882a-248f1b8765d6,
,,,D66,Standard,{},24fc19d7-c6e0-4ccf-bedd-323754a4cc91,d9c2568e-0a2f-436c-bcc6-813a25e7d738,de729833-b674-4bba-a322-9ba564e53cec,85c80bee-114f-405f-882a-248f1b8765d6,
,,,J87,Standard,{},8be1bba4-bac4-4839-896b-6f12c0a60a7f,55bb3fe1-e388-4266-a3af-502e0e3f01dc,0d3e69d0-0175-41e3-94cb-3bc8ec72738c,03373694-08e8-48e6-af55-bcad28288acc,
,,,J87,Standard,{},9fdd995c-81d2-4872-be83-6269756aa26f,1bb65b39-8a1e-4fd6-bb34-851a52a6aa21,0d3e69d0-0175-41e3-94cb-3bc8ec72738c,a057c1e8-e4c0-4d49-b22b-c498f83d6c4d,
,,,J87,Standard,{},ece9fff5-866a-45ab-9b17-e0eeb529907d,1bb65b39-8a1e-4fd6-bb34-851a52a6aa21,0d3e69d0-0175-41e3-94cb-3bc8ec72738c,2ebf15ab-c8b6-48ed-82b0-3a017765877a,
,,,J87,Standard,{},95ffd5bb-a246-40d1-818c-fbcb0520454f,bde3aa8e-cf53-41af-890b-511af8b0e01a,0d3e69d0-0175-41e3-94cb-3bc8ec72738c,03373694-08e8-48e6-af55-bcad28288acc,
,,,J87,Standard,{},2ba15b1c-6d18-4f47-8b86-5fc0b0af87fd,bde3aa8e-cf53-41af-890b-511af8b0e01a,0d3e69d0-0175-41e3-94cb-3bc8ec72738c,2ebf15ab-c8b6-48ed-82b0-3a017765877a,
,,,J87,Standard,{},65c35cec-c80c-48c3-bc4a-03e52efca2c7,bde3aa8e-cf53-41af-890b-511af8b0e01a,0d3e69d0-0175-41e3-94cb-3bc8ec72738c,a057c1e8-e4c0-4d49-b22b-c498f83d6c4d,
,,,J87,Standard,{},d8ba7911-8053-49ed-8328-892c90d8f570,55bb3fe1-e388-4266-a3af-502e0e3f01dc,90880af8-5958-4dc8-8d14-d25cf6d0d556,03373694-08e8-48e6-af55-bcad28288acc,
,,,J87,Standard,{},5217f12e-1f4e-4a0f-8f77-e87efe4ffd10,1bb65b39-8a1e-4fd6-bb34-851a52a6aa21,90880af8-5958-4dc8-8d14-d25cf6d0d556,a057c1e8-e4c0-4d49-b22b-c498f83d6c4d,
,,,J87,Standard,{},928a0516-cdac-46f4-a76e-38b04eda6b07,1bb65b39-8a1e-4fd6-bb34-851a52a6aa21,90880af8-5958-4dc8-8d14-d25cf6d0d556,2ebf15ab-c8b6-48ed-82b0-3a017765877a,
,,,J87,Standard,{},ed293c01-b45a-4e35-b868-50fb72e197be,bde3aa8e-cf53-41af-890b-511af8b0e01a,90880af8-5958-4dc8-8d14-d25cf6d0d556,03373694-08e8-48e6-af55-bcad28288acc,
,,,J87,Standard,{},cb3fe719-5f4c-4441-81f1-937754bc0205,bde3aa8e-cf53-41af-890b-511af8b0e01a,90880af8-5958-4dc8-8d14-d25cf6d0d556,2ebf15ab-c8b6-48ed-82b0-3a017765877a,
,,,J87,Standard,{},e37b1406-5869-45c5-8344-6753ea9ff6ba,bde3aa8e-cf53-41af-890b-511af8b0e01a,90880af8-5958-4dc8-8d14-d25cf6d0d556,a057c1e8-e4c0-4d49-b22b-c498f83d6c4d,
,,,JB,Standard,{},645bcf6c-0d0c-434f-a999-c3db335ad8c8,af5436cf-4c73-45bd-b1ff-05567fb1c117,fe9ab3e0-b5a7-40a7-836e-af8583bd6429,03373694-08e8-48e6-af55-bcad28288acc,
,,,JB,Standard,{},a0d95f78-fe4e-47cc-9402-ad969e460d25,e3d6b61d-16b9-4769-b69e-1e80a183c831,fe9ab3e0-b5a7-40a7-836e-af8583bd6429,a057c1e8-e4c0-4d49-b22b-c498f83d6c4d,
,,,JB,Standard,{},ec8a94a8-5ff2-47c6-b5b9-a8a313da6a66,e3d6b61d-16b9-4769-b69e-1e80a183c831,fe9ab3e0-b5a7-40a7-836e-af8583bd6429,72c0f538-40d1-48f1-bbbf-7abf6309d158,
,,,JB,Standard,{},ee7da87b-f349-48ff-937f-5b63e5db7a26,bde3aa8e-cf53-41af-890b-511af8b0e01a,fe9ab3e0-b5a7-40a7-836e-af8583bd6429,a057c1e8-e4c0-4d49-b22b-c498f83d6c4d,
,,,JB,Standard,{},ba5c4949-047a-49d5-a848-7494d54c310d,bde3aa8e-cf53-41af-890b-511af8b0e01a,fe9ab3e0-b5a7-40a7-836e-af8583bd6429,72c0f538-40d1-48f1-bbbf-7abf6309d158,
,,,JB,Standard,{},2ca0db4b-de9e-449e-8b24-986c05a507f2,af5436cf-4c73-45bd-b1ff-05567fb1c117,66b43054-9036-4dd8-acd8-a32642c32559,d7bcec97-fef0-4d91-92c8-6c7a99f6f17e,
,,,JB,Standard,{},0a66fae4-e77a-4bfe-94d6-f45070b39c45,af5436cf-4c73-45bd-b1ff-05567fb1c117,66b43054-9036-4dd8-acd8-a32642c32559,03373694-08e8-48e6-af55-bcad28288acc,
,,,JB,Standard,{},b304a15b-3be0-4d96-96db-d864cde45434,e3d6b61d-16b9-4769-b69e-1e80a183c831,66b43054-9036-4dd8-acd8-a32642c32559,a057c1e8-e4c0-4d49-b22b-c498f83d6c4d,
,,,JB,Standard,{},6668aefa-1081-420d-8bbf-8255a6655803,e3d6b61d-16b9-4769-b69e-1e80a183c831,66b43054-9036-4dd8-acd8-a32642c32559,72c0f538-40d1-48f1-bbbf-7abf6309d158,
,,,X57 (Phase 1),Standard,{},d9eb4baf-030a-494c-9c9d-46292ae924e8,ce96384c-aac9-4fc0-a08c-9b5627fd894d,6b94e736-f078-4418-a1af-3a296cb7d98b,0ba24773-a2bb-410b-84b9-cbe8c68f9c63,
,,,X57 (Phase 1),Standard,{},6f38de36-1dd4-48b3-8872-4ab522227e4a,f7ef70c6-1dca-4875-805e-0619ea835fed,6b94e736-f078-4418-a1af-3a296cb7d98b,0ba24773-a2bb-410b-84b9-cbe8c68f9c63,
,,,X57 (Phase 1),Standard,{},d0061ac6-f886-4081-9115-2cde1a88840b,6ec34b52-e5b7-4538-8681-8635e9d7e094,6b94e736-f078-4418-a1af-3a296cb7d98b,0ba24773-a2bb-410b-84b9-cbe8c68f9c63,
,,,X57 (Phase 1),Standard,{},d14e87c2-7eac-48a8-a014-49e83ed033eb,e913b19c-2cb6-4c92-8969-5272e2fe21ac,6b94e736-f078-4418-a1af-3a296cb7d98b,1b30ff8b-4671-4f9e-98c5-fb7656ecc5cc,
,,,X57 (Phase 1),Standard,{},4ac940cb-35c3-45f1-af18-6ec6f7a92b47,4e27afe2-c449-4121-8df8-de2a7c95b769,6b94e736-f078-4418-a1af-3a296cb7d98b,1b30ff8b-4671-4f9e-98c5-fb7656ecc5cc,
,,,X57 (Phase 1),Standard,{},0f7c5307-62f7-4ea6-8f80-2df6606c3004,4e27afe2-c449-4121-8df8-de2a7c95b769,6b94e736-f078-4418-a1af-3a296cb7d98b,fb2d2c41-adce-45b5-a209-6bf88eb9b77d,
,,,X57 (Phase 1),Standard,{},97575760-a83c-45aa-8510-33168e123d33,3cb15004-128e-4f42-b961-697091c1cecc,6b94e736-f078-4418-a1af-3a296cb7d98b,1b30ff8b-4671-4f9e-98c5-fb7656ecc5cc,
,,,X57 (Phase 1),Standard,{},93744722-8f0a-41e5-b54b-a0b87687f2ef,9dae39b9-7ed6-4854-9ef1-5eccb44315c5,6b94e736-f078-4418-a1af-3a296cb7d98b,0ba24773-a2bb-410b-84b9-cbe8c68f9c63,
,,,X57 (Phase 2),Standard,{},656907d7-dc93-46da-948a-01a1df2538df,ce96384c-aac9-4fc0-a08c-9b5627fd894d,416b33da-7af7-4668-97e7-c4b4430b027e,0ba24773-a2bb-410b-84b9-cbe8c68f9c63,
,,,X57 (Phase 2),Standard,{},d715b79c-b547-4309-806f-dac81f4e0b07,f7ef70c6-1dca-4875-805e-0619ea835fed,416b33da-7af7-4668-97e7-c4b4430b027e,0ba24773-a2bb-410b-84b9-cbe8c68f9c63,
,,,X57 (Phase 2),Standard,{},83abda00-c296-4064-a290-bd8c7a976a41,6ec34b52-e5b7-4538-8681-8635e9d7e094,416b33da-7af7-4668-97e7-c4b4430b027e,0ba24773-a2bb-410b-84b9-cbe8c68f9c63,
,,,X57 (Phase 2),Standard,{},225c7901-9df7-4a8a-89a7-043e54de60ed,4e27afe2-c449-4121-8df8-de2a7c95b769,416b33da-7af7-4668-97e7-c4b4430b027e,1b30ff8b-4671-4f9e-98c5-fb7656ecc5cc,
,,,X57 (Phase 2),Standard,{},c48aad65-f00a-43f9-a07d-b7a6fb255e4d,4e27afe2-c449-4121-8df8-de2a7c95b769,416b33da-7af7-4668-97e7-c4b4430b027e,fb2d2c41-adce-45b5-a209-6bf88eb9b77d,
,,,X57 (Phase 2),Standard,{},2dacb485-f19b-4dbc-91cd-a951b12b6a03,4e27afe2-c449-4121-8df8-de2a7c95b769,416b33da-7af7-4668-97e7-c4b4430b027e,1b30ff8b-4671-4f9e-98c5-fb7656ecc5cc,
,,,X57 (Phase 2),Standard,{},52f84590-077e-4e06-8c81-1d3ff2bcded5,3cb15004-128e-4f42-b961-697091c1cecc,416b33da-7af7-4668-97e7-c4b4430b027e,1b30ff8b-4671-4f9e-98c5-fb7656ecc5cc,
,,,X57 (Phase 2),Standard,{},3f8791cc-daba-4aa9-994d-2c02fb1ed80c,9dae39b9-7ed6-4854-9ef1-5eccb44315c5,416b33da-7af7-4668-97e7-c4b4430b027e,0ba24773-a2bb-410b-84b9-cbe8c68f9c63,
,,,X57 (Phase 3),Standard,{},caef2991-7d78-43a8-af00-73074e730968,67cedb0d-9e9f-4dff-b207-5e541c14f73b,416b33da-7af7-4668-97e7-c4b4430b027e,0ba24773-a2bb-410b-84b9-cbe8c68f9c63,
,,,X57 (Phase 3),Standard,{},bce57444-0192-44bd-8dfd-99b052027e6e,6ec34b52-e5b7-4538-8681-8635e9d7e094,416b33da-7af7-4668-97e7-c4b4430b027e,0ba24773-a2bb-410b-84b9-cbe8c68f9c63,
,,,X57 (Phase 3),Standard,{},9a449fa1-f774-4c15-9103-8671ed6fd6b5,6ec34b52-e5b7-4538-8681-8635e9d7e094,416b33da-7af7-4668-97e7-c4b4430b027e,fb2d2c41-adce-45b5-a209-6bf88eb9b77d,
,,,X57 (Phase 3),Standard,{},c96c4af1-3689-4a12-84cf-a40a74457653,4e27afe2-c449-4121-8df8-de2a7c95b769,416b33da-7af7-4668-97e7-c4b4430b027e,1b30ff8b-4671-4f9e-98c5-fb7656ecc5cc,
,,,X57 (Phase 3),Standard,{},272031be-8085-4e58-88b2-4632d677eb18,4e27afe2-c449-4121-8df8-de2a7c95b769,416b33da-7af7-4668-97e7-c4b4430b027e,fb2d2c41-adce-45b5-a209-6bf88eb9b77d,
,,,X57 (Phase 3),Standard,{},bdb33a8c-f385-45e0-b7de-c5a3cc03fcee,4e27afe2-c449-4121-8df8-de2a7c95b769,416b33da-7af7-4668-97e7-c4b4430b027e,1b30ff8b-4671-4f9e-98c5-fb7656ecc5cc,
,,,X57 (Phase 3),Standard,{},768dd8f3-73c5-450e-b7e2-c6ecd6473d91,9dae39b9-7ed6-4854-9ef1-5eccb44315c5,416b33da-7af7-4668-97e7-c4b4430b027e,0ba24773-a2bb-410b-84b9-cbe8c68f9c63,
,,,X65,Standard,{},618db7b3-9dd7-4082-99c5-a6e6a674afb7,67cedb0d-9e9f-4dff-b207-5e541c14f73b,63790694-ffe0-486c-b36c-ac06b7fbff80,0ba24773-a2bb-410b-84b9-cbe8c68f9c63,
,,,X65,Standard,{},ee2cc90e-b574-421a-8dd3-eb00df6f538a,6ec34b52-e5b7-4538-8681-8635e9d7e094,63790694-ffe0-486c-b36c-ac06b7fbff80,f040221d-aee1-492c-bb82-7456cc5b2003,
,,,X65,Standard,{},3c644ce5-70f8-44d8-b7eb-d77b479aa81c,31534ca6-ffdf-4e14-b7ed-275dec1ea68d,63790694-ffe0-486c-b36c-ac06b7fbff80,0ba24773-a2bb-410b-84b9-cbe8c68f9c63,
,,,X65,Standard,{},0df91056-90bb-43d1-a3f2-0b8a8a8c3266,30e7ccc8-f717-4bc1-b2b0-10f867941e0f,63790694-ffe0-486c-b36c-ac06b7fbff80,f040221d-aee1-492c-bb82-7456cc5b2003,
,,,X65,Standard,{},ce9afc3e-55ce-4aba-819f-76c4ecc7ba32,67cedb0d-9e9f-4dff-b207-5e541c14f73b,7272f28c-1b08-4564-8028-23503d1a62b2,0ba24773-a2bb-410b-84b9-cbe8c68f9c63,
,,,X65,Standard,{},d6ae21c8-7012-4a9d-b322-861a9074b014,36a82362-f5e3-4d75-8709-25afc582c91b,7272f28c-1b08-4564-8028-23503d1a62b2,c5defd24-a6a1-4a1c-8ebd-4f31656ade92,
,,,X65,Standard,{},c89c3056-ac94-4230-bfba-8e969ac78b1d,bde3aa8e-cf53-41af-890b-511af8b0e01a,7272f28c-1b08-4564-8028-23503d1a62b2,9664f1bd-0ffc-47ab-bb5a-56fc377e0ef7,
,,,X85,Standard,{},e98f0c25-3b8b-44e8-ac09-8d841f4dae34,36a82362-f5e3-4d75-8709-25afc582c91b,38c4cf71-5339-42ee-92a1-218254b9d63f,9664f1bd-0ffc-47ab-bb5a-56fc377e0ef7,
,,,X85,Standard,{},baf9ceeb-1f06-44f9-8cc4-387adad038fe,7a86be4c-580b-404f-8b84-2bb989a2830a,38c4cf71-5339-42ee-92a1-218254b9d63f,9664f1bd-0ffc-47ab-bb5a-56fc377e0ef7,
,,,X85,Standard,{},8ba0f759-0156-465b-89f2-799852b86c12,d0d44ca6-1d35-4a8f-9578-c72b40a32051,38c4cf71-5339-42ee-92a1-218254b9d63f,9664f1bd-0ffc-47ab-bb5a-56fc377e0ef7,
,,,X85,Standard,{},1a523d4f-edbb-40df-8a5e-d5cfdf86b85f,d0d44ca6-1d35-4a8f-9578-c72b40a32051,38c4cf71-5339-42ee-92a1-218254b9d63f,f040221d-aee1-492c-bb82-7456cc5b2003,
,,,X85,Standard,{},60d519f3-9324-4492-a1e5-c2d4017a0fd3,d0d44ca6-1d35-4a8f-9578-c72b40a32051,a4849903-a9ba-494c-a481-cda9d3087f14,9664f1bd-0ffc-47ab-bb5a-56fc377e0ef7,
,,,X85,Standard,{},2be6e738-585d-460f-b28b-0ca2eea6fdab,d0d44ca6-1d35-4a8f-9578-c72b40a32051,a4849903-a9ba-494c-a481-cda9d3087f14,f040221d-aee1-492c-bb82-7456cc5b2003,
,,,X85,Standard,{},a14eb211-e6a0-4160-ba22-6c59ea68122a,36a82362-f5e3-4d75-8709-25afc582c91b,a4849903-a9ba-494c-a481-cda9d3087f14,9664f1bd-0ffc-47ab-bb5a-56fc377e0ef7,
,,,X85,Standard,{},ea1daa16-d320-46e6-8004-c1b6d11f1c11,c3933b96-1e8d-4381-8b30-510f59ccf8e7,a4849903-a9ba-494c-a481-cda9d3087f14,03373694-08e8-48e6-af55-bcad28288acc,
,,,X85,Standard,{},00cabd3f-9e8a-45ec-8230-8492bd1d1e9b,7a86be4c-580b-404f-8b84-2bb989a2830a,a4849903-a9ba-494c-a481-cda9d3087f14,9664f1bd-0ffc-47ab-bb5a-56fc377e0ef7,
,,,X85,Standard,{},f4f564c6-df69-4d6a-8444-e5bec20994b0,d0d44ca6-1d35-4a8f-9578-c72b40a32051,a4849903-a9ba-494c-a481-cda9d3087f14,a057c1e8-e4c0-4d49-b22b-c498f83d6c4d,
,,,X85,Standard,{},d6c12530-a91a-49f5-a6fb-0f817e5f0519,d0d44ca6-1d35-4a8f-9578-c72b40a32051,a4849903-a9ba-494c-a481-cda9d3087f14,f040221d-aee1-492c-bb82-7456cc5b2003,
,,,X85,Standard,{},462c3e0a-331c-43c7-8df3-91b845a44ce4,bde3aa8e-cf53-41af-890b-511af8b0e01a,a4849903-a9ba-494c-a481-cda9d3087f14,03373694-08e8-48e6-af55-bcad28288acc,
,,,X85,Standard,{},1469f119-4a5a-485b-b0ff-5aa00f934f54,bde3aa8e-cf53-41af-890b-511af8b0e01a,a4849903-a9ba-494c-a481-cda9d3087f14,a057c1e8-e4c0-4d49-b22b-c498f83d6c4d,
,,,X85,Standard,{},448b6ee3-0e64-47c1-a20a-61e3efeec3a3,bde3aa8e-cf53-41af-890b-511af8b0e01a,a4849903-a9ba-494c-a481-cda9d3087f14,a057c1e8-e4c0-4d49-b22b-c498f83d6c4d,
,,,X98,Standard,{},33bf5788-c6fd-434d-8dc8-cb98f763b16a,55bb3fe1-e388-4266-a3af-502e0e3f01dc,ed133b0b-ebe5-4427-bef8-f2d8a381b245,03373694-08e8-48e6-af55-bcad28288acc,
,,,X98,Standard,{},4a0b13b5-32e4-4034-bf32-4394e4bb50aa,36a82362-f5e3-4d75-8709-25afc582c91b,ed133b0b-ebe5-4427-bef8-f2d8a381b245,9664f1bd-0ffc-47ab-bb5a-56fc377e0ef7,
,,,X98,Standard,{},e8c438b6-c246-4005-bae8-07f14cbf5088,1bb65b39-8a1e-4fd6-bb34-851a52a6aa21,ed133b0b-ebe5-4427-bef8-f2d8a381b245,2ebf15ab-c8b6-48ed-82b0-3a017765877a,
,,,X98,Standard,{},f754f32b-7abd-40df-bac8-32661a00e5ab,bde3aa8e-cf53-41af-890b-511af8b0e01a,ed133b0b-ebe5-4427-bef8-f2d8a381b245,03373694-08e8-48e6-af55-bcad28288acc,
,,,X98,Standard,{},8d1305eb-d062-4cb4-be20-f39a06819bb1,3fdaa7cc-4b79-47f6-8630-1f35eb28805c,ed133b0b-ebe5-4427-bef8-f2d8a381b245,2ebf15ab-c8b6-48ed-82b0-3a017765877a,
,,,X98,Standard,{},6c217e79-1fee-4f72-8c3b-815474cb2b2f,55bb3fe1-e388-4266-a3af-502e0e3f01dc,c57153f2-1780-4e9a-adc8-44b5f2aa123a,03373694-08e8-48e6-af55-bcad28288acc,
,,,X98,Standard,{},1a304152-e2bf-4858-afc9-818fddc8f26a,36a82362-f5e3-4d75-8709-25afc582c91b,c57153f2-1780-4e9a-adc8-44b5f2aa123a,9664f1bd-0ffc-47ab-bb5a-56fc377e0ef7,
,,,X98,Standard,{},b8774142-f61d-4b95-9383-479130881960,bde3aa8e-cf53-41af-890b-511af8b0e01a,c57153f2-1780-4e9a-adc8-44b5f2aa123a,03373694-08e8-48e6-af55-bcad28288acc,
,,,X98,Standard,{},6a3826fe-7d5e-46f7-8ec8-033f157675ca,bde3aa8e-cf53-41af-890b-511af8b0e01a,c57153f2-1780-4e9a-adc8-44b5f2aa123a,2ebf15ab-c8b6-48ed-82b0-3a017765877a,
,,,BF,Standard,{},cf98f25b-ca87-4149-a3ee-dd7cd277dabb,a967370d-259e-41b7-a04b-b98b87b50746,8bc11b7b-63b6-4128-84fb-cb4bd623b9bc,9664f1bd-0ffc-47ab-bb5a-56fc377e0ef7,
,,,BF,Standard,{},4a613d4b-cf67-498a-93d9-66bf10aa3a79,af5436cf-4c73-45bd-b1ff-05567fb1c117,8bc11b7b-63b6-4128-84fb-cb4bd623b9bc,03373694-08e8-48e6-af55-bcad28288acc,
,,,BF,Standard,{},d8ae5d81-7ce7-4a35-8f04-f2b210c23804,e3d6b61d-16b9-4769-b69e-1e80a183c831,8bc11b7b-63b6-4128-84fb-cb4bd623b9bc,72c0f538-40d1-48f1-bbbf-7abf6309d158,
,,,BF,Standard,{},0acbe166-d19a-45ab-a3dc-47b4071d7775,bde3aa8e-cf53-41af-890b-511af8b0e01a,8bc11b7b-63b6-4128-84fb-cb4bd623b9bc,a057c1e8-e4c0-4d49-b22b-c498f83d6c4d,
,,,BF,Standard,{},b97b3540-1853-409a-837f-4c697a445fa3,a967370d-259e-41b7-a04b-b98b87b50746,ec91b9d0-6ba8-4f09-90bc-ab8ceb063f3d,9664f1bd-0ffc-47ab-bb5a-56fc377e0ef7,
,,,BF,Standard,{},92fdf060-7948-40a6-b4b7-45efe5359da2,af5436cf-4c73-45bd-b1ff-05567fb1c117,ec91b9d0-6ba8-4f09-90bc-ab8ceb063f3d,d7bcec97-fef0-4d91-92c8-6c7a99f6f17e,
,,,BF,Standard,{},4b8d9c4b-6684-4185-af2f-2cb18c2402fa,af5436cf-4c73-45bd-b1ff-05567fb1c117,ec91b9d0-6ba8-4f09-90bc-ab8ceb063f3d,d7bcec97-fef0-4d91-92c8-6c7a99f6f17e,
,,,BF,Standard,{},024318a8-72cc-4dff-ae5e-c2869a59acb6,e3d6b61d-16b9-4769-b69e-1e80a183c831,ec91b9d0-6ba8-4f09-90bc-ab8ceb063f3d,a057c1e8-e4c0-4d49-b22b-c498f83d6c4d,
,,,BF,Standard,{},fc7dc0bc-919b-4c6f-bcbf-7785d53e57e2,bde3aa8e-cf53-41af-890b-511af8b0e01a,ec91b9d0-6ba8-4f09-90bc-ab8ceb063f3d,a057c1e8-e4c0-4d49-b22b-c498f83d6c4d,
,,,K67,Standard,{},aea7ff17-b131-4c66-8589-3cfc7f114a3f,30e7ccc8-f717-4bc1-b2b0-10f867941e0f,5556a3fe-9f21-4fcc-a206-2cb4183db11b,9664f1bd-0ffc-47ab-bb5a-56fc377e0ef7,
,,,K67,Standard,{},54b81a46-0274-4219-87e3-f036b8d63420,bde3aa8e-cf53-41af-890b-511af8b0e01a,5556a3fe-9f21-4fcc-a206-2cb4183db11b,03373694-08e8-48e6-af55-bcad28288acc,
,,,K67,Standard,{},8868f604-4033-4ff1-99d0-13a20e54fcc3,e3d6b61d-16b9-4769-b69e-1e80a183c831,ceeb79c8-d391-427a-bcd3-9fff77b9fc63,a057c1e8-e4c0-4d49-b22b-c498f83d6c4d,
,,,K67,Standard,{},3823b3fe-597d-4639-b596-656d4a6b4cd3,30e7ccc8-f717-4bc1-b2b0-10f867941e0f,ceeb79c8-d391-427a-bcd3-9fff77b9fc63,9664f1bd-0ffc-47ab-bb5a-56fc377e0ef7,
,,,K67,Standard,{},753080ac-054c-4b10-a587-56698548e165,d5734267-8a14-47f8-9038-5274351a440b,ceeb79c8-d391-427a-bcd3-9fff77b9fc63,9664f1bd-0ffc-47ab-bb5a-56fc377e0ef7,
,,,K67,Standard,{},90ce9bfa-cd39-4821-bb45-1a90d8c5dd9f,bde3aa8e-cf53-41af-890b-511af8b0e01a,ceeb79c8-d391-427a-bcd3-9fff77b9fc63,03373694-08e8-48e6-af55-bcad28288acc,
,,,K67,Standard,{},840c66c8-d6a3-447d-8a0b-fe8db1486420,bde3aa8e-cf53-41af-890b-511af8b0e01a,ceeb79c8-d391-427a-bcd3-9fff77b9fc63,a057c1e8-e4c0-4d49-b22b-c498f83d6c4d,
,,,K67S,Standard,{},55abd3ff-fbf3-4424-9431-71e9f1620074,30e7ccc8-f717-4bc1-b2b0-10f867941e0f,69d20645-70df-4626-9ad5-33d247eb52dd,03373694-08e8-48e6-af55-bcad28288acc,
,,,K67S,Standard,{},198176a5-6a23-4921-9cb0-3a58a25c463c,bde3aa8e-cf53-41af-890b-511af8b0e01a,69d20645-70df-4626-9ad5-33d247eb52dd,03373694-08e8-48e6-af55-bcad28288acc,
,,,K67S,Standard,{},e39e8f92-7c10-47b9-b858-8dfbfb659ec6,e3d6b61d-16b9-4769-b69e-1e80a183c831,8a03e39b-ddf5-4a43-b29e-c7f3b07202b1,a057c1e8-e4c0-4d49-b22b-c498f83d6c4d,
,,,K67S,Standard,{},e4a91a78-b22a-4aa6-809b-3ad49f1ff344,30e7ccc8-f717-4bc1-b2b0-10f867941e0f,8a03e39b-ddf5-4a43-b29e-c7f3b07202b1,03373694-08e8-48e6-af55-bcad28288acc,
,,,K67S,Standard,{},9c1911bb-9081-4d3a-b0a8-d325a16493c3,d5734267-8a14-47f8-9038-5274351a440b,8a03e39b-ddf5-4a43-b29e-c7f3b07202b1,03373694-08e8-48e6-af55-bcad28288acc,
,,,K67S,Standard,{},5c1b7540-eeb7-4be5-ac8d-17121b1f0158,bde3aa8e-cf53-41af-890b-511af8b0e01a,8a03e39b-ddf5-4a43-b29e-c7f3b07202b1,03373694-08e8-48e6-af55-bcad28288acc,
,,,K67S,Standard,{},f78cf1c1-3ff3-49ec-8ee9-b9aa79626a93,bde3aa8e-cf53-41af-890b-511af8b0e01a,8a03e39b-ddf5-4a43-b29e-c7f3b07202b1,a057c1e8-e4c0-4d49-b22b-c498f83d6c4d,
,,,HS,Standard,{},14ed2353-fbb4-40e0-a489-fefd65173ef3,d0d44ca6-1d35-4a8f-9578-c72b40a32051,bae8a52b-ce91-4ece-9302-145e9b6052bf,03373694-08e8-48e6-af55-bcad28288acc,
,,,HS,Standard,{},21765b40-32df-4354-8845-e34ee5851774,4b7db094-ea9e-4034-a3f6-cdf44b7a11c9,bae8a52b-ce91-4ece-9302-145e9b6052bf,cc1a732c-6351-404a-910a-75e21dd5305e,
,,,HS,Standard,{},71dc75e6-7b7e-4489-a8f1-cf7c89bdbc3f,d0d44ca6-1d35-4a8f-9578-c72b40a32051,bae8a52b-ce91-4ece-9302-145e9b6052bf,00845fbf-d0d8-48a2-a90f-0619b5509033,
,,,HS,Standard,{},099c636c-9e03-412a-b8ab-c6d5a91882aa,4b7db094-ea9e-4034-a3f6-cdf44b7a11c9,bae8a52b-ce91-4ece-9302-145e9b6052bf,00845fbf-d0d8-48a2-a90f-0619b5509033,
,,,HS,Standard,{},77c0cb28-d0fc-42de-800b-2dbadf8028f5,bde3aa8e-cf53-41af-890b-511af8b0e01a,bae8a52b-ce91-4ece-9302-145e9b6052bf,00845fbf-d0d8-48a2-a90f-0619b5509033,
,,,HS,Standard,{},4c7cfd1f-dac0-4836-8e69-2b26c5ee06e7,d5734267-8a14-47f8-9038-5274351a440b,aae8035f-c183-4aae-bf77-9798b785c4cd,03373694-08e8-48e6-af55-bcad28288acc,
,,,HS,Standard,{},64248dc2-e1f0-4ad8-b586-04aaced7ecb1,d5734267-8a14-47f8-9038-5274351a440b,aae8035f-c183-4aae-bf77-9798b785c4cd,00845fbf-d0d8-48a2-a90f-0619b5509033,
,,,HS,Standard,{},bfcab165-a54f-4a11-99a9-dfd567094960,4b7db094-ea9e-4034-a3f6-cdf44b7a11c9,aae8035f-c183-4aae-bf77-9798b785c4cd,00845fbf-d0d8-48a2-a90f-0619b5509033,
,,,HS,Standard,{},cffac075-4b5d-432d-b1ab-e104b51c4b4d,bde3aa8e-cf53-41af-890b-511af8b0e01a,aae8035f-c183-4aae-bf77-9798b785c4cd,00845fbf-d0d8-48a2-a90f-0619b5509033,
,,,J66,Standard,{},6bdf1d08-e6f5-4610-80ae-27ae67f20906,601a6bac-0c89-4bfe-b6ea-d88fb864497d,5086e004-70a1-42cb-af66-bd4cc1913e54,b0e4e68b-4f0c-479d-96fe-f4503ab1823f,
,,,J66,Standard,{},e6b86a75-00a9-41f1-a8f2-79f76e614ef7,601a6bac-0c89-4bfe-b6ea-d88fb864497d,5086e004-70a1-42cb-af66-bd4cc1913e54,fb2d2c41-adce-45b5-a209-6bf88eb9b77d,
,,,J66,Standard,{},3961e9f0-d571-41c7-bd12-3d311dbc1492,6b383cbd-d240-40ec-820b-26b36ae4a131,5086e004-70a1-42cb-af66-bd4cc1913e54,a4877164-063e-419f-b0f9-3744b361ef22,
,,,J66,Standard,{},4e976918-c945-4501-9e60-94f366507dbf,66cfa18b-d9b5-4906-acc3-4d65d71afdd5,5086e004-70a1-42cb-af66-bd4cc1913e54,d5a3c94b-639f-4f54-84a4-187b7a72320a,
,,,J66,Standard,{},d93f27d1-8e1f-4b79-853c-c78fd3568878,601a6bac-0c89-4bfe-b6ea-d88fb864497d,9b4ce6b1-ae13-4c35-92c2-4d0ad6e45704,b0e4e68b-4f0c-479d-96fe-f4503ab1823f,
,,,J66,Standard,{},6252cfea-213b-495b-b7f3-42957d626379,601a6bac-0c89-4bfe-b6ea-d88fb864497d,9b4ce6b1-ae13-4c35-92c2-4d0ad6e45704,fb2d2c41-adce-45b5-a209-6bf88eb9b77d,
,,,J66,Standard,{},020a928f-0ee4-4640-8481-46993288fb38,4b7db094-ea9e-4034-a3f6-cdf44b7a11c9,9b4ce6b1-ae13-4c35-92c2-4d0ad6e45704,b0e4e68b-4f0c-479d-96fe-f4503ab1823f,
,,,J66,Standard,{},818a898c-7fbd-45d2-8e65-a64660f505e7,4b7db094-ea9e-4034-a3f6-cdf44b7a11c9,9b4ce6b1-ae13-4c35-92c2-4d0ad6e45704,f040221d-aee1-492c-bb82-7456cc5b2003,
,,,J66,Standard,{},ce84757a-4715-47c0-aced-776e6a9de7e2,66cfa18b-d9b5-4906-acc3-4d65d71afdd5,9b4ce6b1-ae13-4c35-92c2-4d0ad6e45704,d5a3c94b-639f-4f54-84a4-187b7a72320a,
,,,J81,Standard,{},c6e1fbfe-fc20-42e5-9dc1-a1b8b2e7e640,4b7db094-ea9e-4034-a3f6-cdf44b7a11c9,61ea4192-9fe8-4b48-815d-364393c710f6,85c80bee-114f-405f-882a-248f1b8765d6,
,,,J81,Standard,{},1897512b-7471-4846-ae6c-baf050338ca2,01385a5d-a5ca-42cb-b5cd-487242af9eca,61ea4192-9fe8-4b48-815d-364393c710f6,85c80bee-114f-405f-882a-248f1b8765d6,
,,,J81,Standard,{},ab6b56ad-768e-4b9e-91c7-67b552c86f7c,46632fb6-3aac-4701-b94e-dd23cbbaaf4a,61ea4192-9fe8-4b48-815d-364393c710f6,85c80bee-114f-405f-882a-248f1b8765d6,
,,,J81,Standard,{},c8b5cb35-33c7-4fcb-9481-60f0eccbad0d,d9c2568e-0a2f-436c-bcc6-813a25e7d738,61ea4192-9fe8-4b48-815d-364393c710f6,85c80bee-114f-405f-882a-248f1b8765d6,
,,,J81,Standard,{},bd678893-9516-4e94-af3b-3df6cf17a87f,4b7db094-ea9e-4034-a3f6-cdf44b7a11c9,4de5b3f4-639e-4973-bdca-f12462446cb9,85c80bee-114f-405f-882a-248f1b8765d6,
,,,J81,Standard,{},475ac448-0cec-4b4d-a31d-53aae7361f9f,01385a5d-a5ca-42cb-b5cd-487242af9eca,4de5b3f4-639e-4973-bdca-f12462446cb9,85c80bee-114f-405f-882a-248f1b8765d6,
,,,J81,Standard,{},c1435625-aaeb-4f23-8a3a-2f0e1b63e079,3ae8dab6-bc2d-45ea-98ae-fa19960ab97b,4de5b3f4-639e-4973-bdca-f12462446cb9,2084b1e5-8172-4856-bef3-f52773aa97a6,
,,,J81,Standard,{},9800ad6c-2fda-4841-9d08-a113bf80e36e,3ae8dab6-bc2d-45ea-98ae-fa19960ab97b,4de5b3f4-639e-4973-bdca-f12462446cb9,2084b1e5-8172-4856-bef3-f52773aa97a6,
,,,J81,Standard,{},9e3b83f6-a557-40f2-8091-a4d437103ebb,3ae8dab6-bc2d-45ea-98ae-fa19960ab97b,4de5b3f4-639e-4973-bdca-f12462446cb9,2084b1e5-8172-4856-bef3-f52773aa97a6,
,,,J81,Standard,{},cdb8ca40-1df6-4502-8080-50f9cf85bf11,01385a5d-a5ca-42cb-b5cd-487242af9eca,4de5b3f4-639e-4973-bdca-f12462446cb9,85c80bee-114f-405f-882a-248f1b8765d6,
,,,J81,Standard,{},5db5f893-a915-42d7-a832-95a0e833ccf4,3ae8dab6-bc2d-45ea-98ae-fa19960ab97b,4de5b3f4-639e-4973-bdca-f12462446cb9,2084b1e5-8172-4856-bef3-f52773aa97a6,
,,,J81,Standard,{},1893163d-3321-428d-ac96-cb2909080377,3ae8dab6-bc2d-45ea-98ae-fa19960ab97b,4de5b3f4-639e-4973-bdca-f12462446cb9,2084b1e5-8172-4856-bef3-f52773aa97a6,
,,,J81,Standard,{},5ec82065-37ea-4e3c-b038-1627da10a872,01385a5d-a5ca-42cb-b5cd-487242af9eca,4de5b3f4-639e-4973-bdca-f12462446cb9,85c80bee-114f-405f-882a-248f1b8765d6,
,,,J81,Standard,{},91a154e3-cc52-499b-ac27-d6dfab61b9b7,3ae8dab6-bc2d-45ea-98ae-fa19960ab97b,4de5b3f4-639e-4973-bdca-f12462446cb9,2084b1e5-8172-4856-bef3-f52773aa97a6,
,,,J81,Standard,{},f2e07e4f-7ca9-4504-80d7-d0d3ee7e4afd,3ae8dab6-bc2d-45ea-98ae-fa19960ab97b,4de5b3f4-639e-4973-bdca-f12462446cb9,2084b1e5-8172-4856-bef3-f52773aa97a6,
,,,JFC,Standard,{},4c452d7c-bee3-4d6f-a9dc-cc1bd4f6c616,3fdaa7cc-4b79-47f6-8630-1f35eb28805c,ab69a75e-655f-4474-a3b1-97ead46b91ab,72c0f538-40d1-48f1-bbbf-7abf6309d158,
,,,JFC,Standard,{},b87c9ab7-e5df-4dec-a8c1-866aed24d990,98d6d101-bdcb-4f3a-a437-c6d4129828ef,ab69a75e-655f-4474-a3b1-97ead46b91ab,72c0f538-40d1-48f1-bbbf-7abf6309d158,
,,,JFC,Standard,{},61edf4d1-bced-43fd-9056-bba5d5cb7b2b,ca8544de-7369-4816-86c1-86fbdf040451,ab69a75e-655f-4474-a3b1-97ead46b91ab,2084b1e5-8172-4856-bef3-f52773aa97a6,
,,,JFC,Standard,{},05a8dfa2-5413-47a9-8f22-ae35297dd3bb,ca8544de-7369-4816-86c1-86fbdf040451,ab69a75e-655f-4474-a3b1-97ead46b91ab,c5fe26e7-1403-4cb9-ab12-c2ece5de9b1a,
,,,JFC,Standard,{},ebf7713b-d1f8-4097-87ef-24c0ae604aac,3ae8dab6-bc2d-45ea-98ae-fa19960ab97b,ab69a75e-655f-4474-a3b1-97ead46b91ab,c5fe26e7-1403-4cb9-ab12-c2ece5de9b1a,
,,,JFC,Standard,{},8a05ca0a-a4fc-491a-b28d-f72a6cdb385c,98d6d101-bdcb-4f3a-a437-c6d4129828ef,1d2aac41-5006-43a4-867c-523422245984,72c0f538-40d1-48f1-bbbf-7abf6309d158,
,,,JFC,Standard,{},6d22d837-1846-4037-bd88-c978ef0a99a7,3ae8dab6-bc2d-45ea-98ae-fa19960ab97b,1d2aac41-5006-43a4-867c-523422245984,c5fe26e7-1403-4cb9-ab12-c2ece5de9b1a,
,,,X40,Standard,{},e8a10278-ebc5-4337-aa25-657c8819a900,a95da1a9-4586-47aa-b8c0-d0e4990d5c5f,123a9a6e-eb36-43e7-9dc4-cb06a3b48617,0ba24773-a2bb-410b-84b9-cbe8c68f9c63,
,,,X40,Standard,{},d1ea49fc-4b38-4373-856f-0506628cf7a2,356e9a14-12e7-4a86-aa9a-273c1603bfcf,123a9a6e-eb36-43e7-9dc4-cb06a3b48617,0ba24773-a2bb-410b-84b9-cbe8c68f9c63,
,,,X40,Standard,{},dc7fae5b-6c9e-44a7-917a-084f3f48f251,6ec34b52-e5b7-4538-8681-8635e9d7e094,dc5e15f2-14f7-44d1-a99b-f9816482dbca,0ba24773-a2bb-410b-84b9-cbe8c68f9c63,
,,,X40,Standard,{},f219ffdb-719b-4fd0-83e7-2dd9baa50686,356e9a14-12e7-4a86-aa9a-273c1603bfcf,dc5e15f2-14f7-44d1-a99b-f9816482dbca,0ba24773-a2bb-410b-84b9-cbe8c68f9c63,
,,,X40,Standard,{},0a70f6a3-114c-439b-b719-4086f6ecc694,9dae39b9-7ed6-4854-9ef1-5eccb44315c5,dc5e15f2-14f7-44d1-a99b-f9816482dbca,1b30ff8b-4671-4f9e-98c5-fb7656ecc5cc,
,,,X40,Standard,{},f219c7c6-de3d-4b45-b932-cc6dd7f9f82f,ce96384c-aac9-4fc0-a08c-9b5627fd894d,dc5e15f2-14f7-44d1-a99b-f9816482dbca,0ba24773-a2bb-410b-84b9-cbe8c68f9c63,
,,,X40,Standard,{},0ac45fc5-6553-4118-bf59-4ff5bcee0547,6ec34b52-e5b7-4538-8681-8635e9d7e094,dc5e15f2-14f7-44d1-a99b-f9816482dbca,0ba24773-a2bb-410b-84b9-cbe8c68f9c63,
,,,X40,Standard,{},49189cf4-9e0c-4d95-aeeb-fe05a776615d,9dae39b9-7ed6-4854-9ef1-5eccb44315c5,dc5e15f2-14f7-44d1-a99b-f9816482dbca,1b30ff8b-4671-4f9e-98c5-fb7656ecc5cc,
,,,RJK,Standard,{},13369785-eab1-4ffa-999b-aa823709f41f,e3d6b61d-16b9-4769-b69e-1e80a183c831,cf689083-ca8f-4bee-a640-dcb5b822f283,a057c1e8-e4c0-4d49-b22b-c498f83d6c4d,
,,,RJK,Standard,{},9c463b0a-43ce-411d-b1d7-3f6fd5527c56,bde3aa8e-cf53-41af-890b-511af8b0e01a,cf689083-ca8f-4bee-a640-dcb5b822f283,a057c1e8-e4c0-4d49-b22b-c498f83d6c4d,
,,,RJK,Standard,{},9c737ad5-decd-4c9f-ae74-ebd7ec50e597,bde3aa8e-cf53-41af-890b-511af8b0e01a,cf689083-ca8f-4bee-a640-dcb5b822f283,a057c1e8-e4c0-4d49-b22b-c498f83d6c4d,
,,,L38,Standard,{},52d463d2-a64a-46b4-87e3-66cdbf5e0506,d0d44ca6-1d35-4a8f-9578-c72b40a32051,09d95f73-3022-4de3-bc0c-674f903b49a2,03373694-08e8-48e6-af55-bcad28288acc,
,,,L38,Standard,{},106dc22f-1a93-43f6-a093-78a5fe8b8b49,d0d44ca6-1d35-4a8f-9578-c72b40a32051,09d95f73-3022-4de3-bc0c-674f903b49a2,cc1a732c-6351-404a-910a-75e21dd5305e,
,,,L38,Standard,{},3964545c-e063-475a-b985-358650db6ec6,d0d44ca6-1d35-4a8f-9578-c72b40a32051,25968f4a-c0bb-48c2-bfbe-1fbad22fbc70,03373694-08e8-48e6-af55-bcad28288acc,
,,,L38,Standard,{},ef370e68-e449-4463-98e0-9bda0496d933,63561f96-8cf5-46a6-8512-be65ae8055d6,25968f4a-c0bb-48c2-bfbe-1fbad22fbc70,a057c1e8-e4c0-4d49-b22b-c498f83d6c4d,
,,,HA,Standard,{},d99848d8-abb9-4d09-8399-d53292bb997a,1bb65b39-8a1e-4fd6-bb34-851a52a6aa21,c16d2b1d-e283-4ef5-9323-617f33f3a530,a057c1e8-e4c0-4d49-b22b-c498f83d6c4d,
,,,HA,Standard,{},8c5ed5a6-0f74-4da7-9ca7-01e88e3b88db,1bb65b39-8a1e-4fd6-bb34-851a52a6aa21,c16d2b1d-e283-4ef5-9323-617f33f3a530,72c0f538-40d1-48f1-bbbf-7abf6309d158,
,,,HA,Standard,{},4ec3e634-7bd3-449a-8413-3bdf074bd476,3fdaa7cc-4b79-47f6-8630-1f35eb28805c,c16d2b1d-e283-4ef5-9323-617f33f3a530,a057c1e8-e4c0-4d49-b22b-c498f83d6c4d,
,,,HA,Standard,{},5195f48c-e132-46a2-b014-4832a7683676,bde3aa8e-cf53-41af-890b-511af8b0e01a,c16d2b1d-e283-4ef5-9323-617f33f3a530,a057c1e8-e4c0-4d49-b22b-c498f83d6c4d,
,,,HA,Standard,{},5dae8598-6979-4547-8994-dec562807490,bde3aa8e-cf53-41af-890b-511af8b0e01a,c16d2b1d-e283-4ef5-9323-617f33f3a530,2ebf15ab-c8b6-48ed-82b0-3a017765877a,
,,,HA,Standard,{},64249901-b43d-49dd-988d-824edf871cf0,ca8544de-7369-4816-86c1-86fbdf040451,c16d2b1d-e283-4ef5-9323-617f33f3a530,80d4e93d-bb19-4e83-9949-901a54dc7dd9,
,,,HA,Standard,{},9437f031-fb3f-4e22-b094-4cbc729af9e0,e3d6b61d-16b9-4769-b69e-1e80a183c831,7c2bbc33-37f6-4d23-a2cb-6cd311f9e284,a057c1e8-e4c0-4d49-b22b-c498f83d6c4d,
,,,HA,Standard,{},1ad25617-95c3-4764-aa45-f50a666f92ad,e3d6b61d-16b9-4769-b69e-1e80a183c831,7c2bbc33-37f6-4d23-a2cb-6cd311f9e284,72c0f538-40d1-48f1-bbbf-7abf6309d158,
,,,HA,Standard,{},8dfcc3a7-a744-4e9a-b0b2-1f24bd7b2715,e3d6b61d-16b9-4769-b69e-1e80a183c831,7c2bbc33-37f6-4d23-a2cb-6cd311f9e284,a057c1e8-e4c0-4d49-b22b-c498f83d6c4d,
,,,HA,Standard,{},036d556c-cd1c-4441-9441-059991b716c6,bde3aa8e-cf53-41af-890b-511af8b0e01a,7c2bbc33-37f6-4d23-a2cb-6cd311f9e284,466bca30-9cbf-43db-aa93-5b509f6c8c7c,
,,,HA,Standard,{},ae44e0f1-bd0a-4c29-a998-f96b5ba527e5,bde3aa8e-cf53-41af-890b-511af8b0e01a,7c2bbc33-37f6-4d23-a2cb-6cd311f9e284,72c0f538-40d1-48f1-bbbf-7abf6309d158,
,,,HA,Standard,{},8d18f4fb-e035-47e4-a014-f3dc260bfc1c,f5442353-6f4c-4e53-87f5-9dabbd621f4c,7c2bbc33-37f6-4d23-a2cb-6cd311f9e284,80d4e93d-bb19-4e83-9949-901a54dc7dd9,
,,,KC,Standard,{},208b7bc6-72b6-4da2-9489-781d5a68a629,67cedb0d-9e9f-4dff-b207-5e541c14f73b,bb5cbd2e-aa77-482e-9656-cf737c148068,0ba24773-a2bb-410b-84b9-cbe8c68f9c63,
,,,KC,Standard,{},6b42f661-049b-4c3e-8b10-00cbf0a12357,7a86be4c-580b-404f-8b84-2bb989a2830a,bb5cbd2e-aa77-482e-9656-cf737c148068,1b30ff8b-4671-4f9e-98c5-fb7656ecc5cc,
,,,KC,Standard,{},9dae038f-280e-4a24-8a9d-529d27bebf34,7a86be4c-580b-404f-8b84-2bb989a2830a,bb5cbd2e-aa77-482e-9656-cf737c148068,f040221d-aee1-492c-bb82-7456cc5b2003,
,,,KC,Standard,{},f6129dc8-04db-4e03-b7cf-6747983deed2,9dae39b9-7ed6-4854-9ef1-5eccb44315c5,bb5cbd2e-aa77-482e-9656-cf737c148068,0ba24773-a2bb-410b-84b9-cbe8c68f9c63,
,,,KC,Standard,{},26aa0a9f-05e0-434c-bccf-c89401f3c4d3,67cedb0d-9e9f-4dff-b207-5e541c14f73b,79851ec7-cf08-4660-abba-9f365ec30f89,0ba24773-a2bb-410b-84b9-cbe8c68f9c63,
,,,KC,Standard,{},783e6c06-01b0-4101-ae92-84cce53044cb,36a82362-f5e3-4d75-8709-25afc582c91b,79851ec7-cf08-4660-abba-9f365ec30f89,0ba24773-a2bb-410b-84b9-cbe8c68f9c63,
,,,KC,Standard,{},0dc89241-2939-4895-9b55-5d1625baafa9,7a86be4c-580b-404f-8b84-2bb989a2830a,79851ec7-cf08-4660-abba-9f365ec30f89,1b30ff8b-4671-4f9e-98c5-fb7656ecc5cc,
,,,KC,Standard,{},8f854dd0-d7a5-4237-947e-177c9642952f,7a86be4c-580b-404f-8b84-2bb989a2830a,79851ec7-cf08-4660-abba-9f365ec30f89,f040221d-aee1-492c-bb82-7456cc5b2003,
,,,KC,Standard,{},a3b72f3b-cac0-478a-9083-9a4fa75f6c73,bde3aa8e-cf53-41af-890b-511af8b0e01a,79851ec7-cf08-4660-abba-9f365ec30f89,1b30ff8b-4671-4f9e-98c5-fb7656ecc5cc,
,,,KC,Standard,{},aa86b6d5-109e-44c9-ac9e-d8bc38905a46,bde3aa8e-cf53-41af-890b-511af8b0e01a,79851ec7-cf08-4660-abba-9f365ec30f89,b0e4e68b-4f0c-479d-96fe-f4503ab1823f,
,,,KC,Standard,{},e9434d2b-48d6-4975-8a98-8506c107e248,d0d44ca6-1d35-4a8f-9578-c72b40a32051,79851ec7-cf08-4660-abba-9f365ec30f89,e4c9f45b-4225-47b3-a72b-59e8a1f6f5ee,
,,,KC,Standard,{},544cfbc1-e39d-4d59-9c8e-4b64f549789c,46632fb6-3aac-4701-b94e-dd23cbbaaf4a,79851ec7-cf08-4660-abba-9f365ec30f89,e4c9f45b-4225-47b3-a72b-59e8a1f6f5ee,
,,,KW,Standard,{},0bf4c10f-b7db-49e4-9647-eeb5d65cc996,30e7ccc8-f717-4bc1-b2b0-10f867941e0f,c83172bf-0f22-4f28-8890-a0a9751bd64c,9664f1bd-0ffc-47ab-bb5a-56fc377e0ef7,
,,,KW,Standard,{},f9dfa53d-94d4-43e6-b510-87a1b6fc8085,d0d44ca6-1d35-4a8f-9578-c72b40a32051,c83172bf-0f22-4f28-8890-a0a9751bd64c,9664f1bd-0ffc-47ab-bb5a-56fc377e0ef7,
,,,KW,Standard,{},7395d607-2c69-4f72-84b0-fb9f41184fe3,d0d44ca6-1d35-4a8f-9578-c72b40a32051,c83172bf-0f22-4f28-8890-a0a9751bd64c,f040221d-aee1-492c-bb82-7456cc5b2003,
,,,KW,Standard,{},b6ad32a5-4267-4b33-a197-1a8a331b79ef,bde3aa8e-cf53-41af-890b-511af8b0e01a,c83172bf-0f22-4f28-8890-a0a9751bd64c,9664f1bd-0ffc-47ab-bb5a-56fc377e0ef7,
,,,KW,Standard,{},04d98ae4-0437-4519-952b-10d886925ed2,bde3aa8e-cf53-41af-890b-511af8b0e01a,c83172bf-0f22-4f28-8890-a0a9751bd64c,03373694-08e8-48e6-af55-bcad28288acc,
,,,KW,Standard,{},b75c6981-f6e3-404c-88fd-d71cbee9abb1,bde3aa8e-cf53-41af-890b-511af8b0e01a,c83172bf-0f22-4f28-8890-a0a9751bd64c,a057c1e8-e4c0-4d49-b22b-c498f83d6c4d,
,,,KW,Standard,{},3870878f-660f-4188-9267-86089e5b6f95,1bb65b39-8a1e-4fd6-bb34-851a52a6aa21,7027eea3-b1c6-4829-b200-8f66326d7613,a057c1e8-e4c0-4d49-b22b-c498f83d6c4d,
,,,KW,Standard,{},18159a34-ad0d-4923-8027-15a3629f40eb,1bb65b39-8a1e-4fd6-bb34-851a52a6aa21,7027eea3-b1c6-4829-b200-8f66326d7613,2ebf15ab-c8b6-48ed-82b0-3a017765877a,
,,,KW,Standard,{},c19553cd-34e2-486d-911a-b57e21ae9e32,d0d44ca6-1d35-4a8f-9578-c72b40a32051,7027eea3-b1c6-4829-b200-8f66326d7613,9664f1bd-0ffc-47ab-bb5a-56fc377e0ef7,
,,,KW,Standard,{},ac5ba7a8-ec1c-4cba-91e8-988b8b219506,bde3aa8e-cf53-41af-890b-511af8b0e01a,7027eea3-b1c6-4829-b200-8f66326d7613,03373694-08e8-48e6-af55-bcad28288acc,
,,,KW,Standard,{},4f2f3a22-ae98-4182-86ba-971d5066a8e2,bde3aa8e-cf53-41af-890b-511af8b0e01a,7027eea3-b1c6-4829-b200-8f66326d7613,a057c1e8-e4c0-4d49-b22b-c498f83d6c4d,
,,,RFK,Standard,{},adafc043-144c-4888-adbc-8b40a4a46ec9,e3d6b61d-16b9-4769-b69e-1e80a183c831,0a663d7c-8948-49d3-b711-71c909dea302,a057c1e8-e4c0-4d49-b22b-c498f83d6c4d,
,,,RFK,Standard,{},600876f1-1eaf-470f-bab7-577139f3e42d,e3d6b61d-16b9-4769-b69e-1e80a183c831,0a663d7c-8948-49d3-b711-71c909dea302,a057c1e8-e4c0-4d49-b22b-c498f83d6c4d,
,,,RFK,Standard,{},45317808-c448-4882-9fad-18a485ee7c64,e3d6b61d-16b9-4769-b69e-1e80a183c831,0a663d7c-8948-49d3-b711-71c909dea302,72c0f538-40d1-48f1-bbbf-7abf6309d158,
,,,RFK,Standard,{},cb26e7a9-ea38-45f6-9648-513da3f9a691,bde3aa8e-cf53-41af-890b-511af8b0e01a,0a663d7c-8948-49d3-b711-71c909dea302,a057c1e8-e4c0-4d49-b22b-c498f83d6c4d,
,,,RFK,Standard,{},ea438508-b2ad-4043-988e-bc79a289c779,bde3aa8e-cf53-41af-890b-511af8b0e01a,0a663d7c-8948-49d3-b711-71c909dea302,a057c1e8-e4c0-4d49-b22b-c498f83d6c4d,
,,,RFK,Standard,{},190a224d-cd71-4d22-993e-d3ad4e41750b,bde3aa8e-cf53-41af-890b-511af8b0e01a,0a663d7c-8948-49d3-b711-71c909dea302,a057c1e8-e4c0-4d49-b22b-c498f83d6c4d,
,,,RFK,Standard,{},698169ca-8396-47be-b104-1422a60a5f63,bde3aa8e-cf53-41af-890b-511af8b0e01a,0a663d7c-8948-49d3-b711-71c909dea302,72c0f538-40d1-48f1-bbbf-7abf6309d158,
,,,N/A,Standard,{},e1253aae-9969-4dbe-ae51-58111630fc16,d5734267-8a14-47f8-9038-5274351a440b,2feca137-9360-4dd7-8346-56d1912b1791,03373694-08e8-48e6-af55-bcad28288acc,
,,,N/A,Standard,{},35dbd606-ab01-45bc-89d5-3dcee2344cd3,d5734267-8a14-47f8-9038-5274351a440b,2feca137-9360-4dd7-8346-56d1912b1791,d677d76e-b8f1-4da1-b5b1-c4399811a129,
,,,N/A,Standard,{},1a222241-5465-479b-87ce-fd889d433ac7,4b7db094-ea9e-4034-a3f6-cdf44b7a11c9,2feca137-9360-4dd7-8346-56d1912b1791,00845fbf-d0d8-48a2-a90f-0619b5509033,
,,,N/A,Standard,{},080e240d-aa34-4712-a150-de8ad87c4b0d,4b7db094-ea9e-4034-a3f6-cdf44b7a11c9,2feca137-9360-4dd7-8346-56d1912b1791,d6a0dd54-7c7f-49de-8834-b1d8832e22ea,
,,,N/A,Standard,{},968d42ed-7fd3-4b5b-8279-3cc9adf60909,d5734267-8a14-47f8-9038-5274351a440b,f1fc23b7-f8b7-4ca7-ba84-8c85a1e20b60,03373694-08e8-48e6-af55-bcad28288acc,
,,,N/A,Standard,{},8a33d832-8280-4930-984d-1ee6f73606d7,d5734267-8a14-47f8-9038-5274351a440b,f1fc23b7-f8b7-4ca7-ba84-8c85a1e20b60,d677d76e-b8f1-4da1-b5b1-c4399811a129,
,,,HY,Standard,{},1c920e41-2705-4bb5-80e4-7ed97d6b18d4,c55109f1-3ab5-4392-8073-934cf2fe0651,dc4e4d61-fed4-4c49-b777-15024fcf1f2d,83f474cd-cb15-4257-b3ec-87006ecd9783,
,,,HY,Standard,{},f29944e4-6141-4e26-a292-fe6834199aef,c55109f1-3ab5-4392-8073-934cf2fe0651,dc4e4d61-fed4-4c49-b777-15024fcf1f2d,80d4e93d-bb19-4e83-9949-901a54dc7dd9,
,,,HY,Standard,{},aab6eb09-d5f2-4844-bb1b-2d7261182415,3ae8dab6-bc2d-45ea-98ae-fa19960ab97b,dc4e4d61-fed4-4c49-b777-15024fcf1f2d,51b0bd91-6068-42e9-a3ba-f8955c608ea8,
,,,HY,Standard,{},17f86702-b584-4c41-bf97-b136054a91df,c55109f1-3ab5-4392-8073-934cf2fe0651,dc4e4d61-fed4-4c49-b777-15024fcf1f2d,80d4e93d-bb19-4e83-9949-901a54dc7dd9,
,,,HY,Standard,{},6a241d35-e908-4f0c-90b0-db5b8bdf738c,3ae8dab6-bc2d-45ea-98ae-fa19960ab97b,dc4e4d61-fed4-4c49-b777-15024fcf1f2d,51b0bd91-6068-42e9-a3ba-f8955c608ea8,
,,,HY,Standard,{},dd13bd98-6afe-42a0-8b54-3214e60535ae,63561f96-8cf5-46a6-8512-be65ae8055d6,db345ac7-96e3-4d6a-9e08-1875bccb8373,80ef7da1-c9cd-439d-9f57-5c5df6b87e04,
,,,HY,Standard,{},e0fd86d5-32da-4bd5-aa3c-c6326ef5d756,c55109f1-3ab5-4392-8073-934cf2fe0651,db345ac7-96e3-4d6a-9e08-1875bccb8373,80d4e93d-bb19-4e83-9949-901a54dc7dd9,
,,,HY,Standard,{},eed42740-f4b1-495e-a958-3edac41f1535,3ae8dab6-bc2d-45ea-98ae-fa19960ab97b,db345ac7-96e3-4d6a-9e08-1875bccb8373,51b0bd91-6068-42e9-a3ba-f8955c608ea8,
,,,HC,Standard,{},d817062b-747c-4ed5-862e-91e5be206715,e3d6b61d-16b9-4769-b69e-1e80a183c831,88daeb77-4cf5-4edc-8643-e196d523ad95,72c0f538-40d1-48f1-bbbf-7abf6309d158,
,,,X56,Standard,{},30df2ba6-e43b-4ba4-9392-2d1a4043a278,4e27afe2-c449-4121-8df8-de2a7c95b769,8130998c-baf3-4434-891a-267ccb6ccf9a,1b30ff8b-4671-4f9e-98c5-fb7656ecc5cc,
,,,X56,Standard,{},1bd1ceb2-7594-4bb7-9ff9-aaedd9394a4f,601a6bac-0c89-4bfe-b6ea-d88fb864497d,8130998c-baf3-4434-891a-267ccb6ccf9a,b0e4e68b-4f0c-479d-96fe-f4503ab1823f,
,,,X56,Standard,{},46d204db-94fc-4f10-8dbc-a9db792388cc,6b383cbd-d240-40ec-820b-26b36ae4a131,8130998c-baf3-4434-891a-267ccb6ccf9a,d5a3c94b-639f-4f54-84a4-187b7a72320a,
,,,X56,Standard,{},202b79d5-caf8-479a-a85e-1a9a787de6f2,66cfa18b-d9b5-4906-acc3-4d65d71afdd5,8130998c-baf3-4434-891a-267ccb6ccf9a,b0e4e68b-4f0c-479d-96fe-f4503ab1823f,
,,,X56,Standard,{},9b5561be-b9d2-44e1-be6f-854c3769ec79,d0d44ca6-1d35-4a8f-9578-c72b40a32051,6917224a-c7ad-463b-9d87-7e203c34cb46,1b30ff8b-4671-4f9e-98c5-fb7656ecc5cc,
,,,X56,Standard,{},c8f97489-945f-4784-96cc-61ce1fa06599,4e27afe2-c449-4121-8df8-de2a7c95b769,6917224a-c7ad-463b-9d87-7e203c34cb46,1b30ff8b-4671-4f9e-98c5-fb7656ecc5cc,
,,,X56,Standard,{},1748d387-375c-402f-a46b-810913692abc,776ea181-0477-40a1-8ce1-0599c0a76b1a,6917224a-c7ad-463b-9d87-7e203c34cb46,b0e4e68b-4f0c-479d-96fe-f4503ab1823f,
,,,X56,Standard,{},05cbcebb-3399-4ca0-9dce-2c4bc3b9d95e,601a6bac-0c89-4bfe-b6ea-d88fb864497d,6917224a-c7ad-463b-9d87-7e203c34cb46,fb2d2c41-adce-45b5-a209-6bf88eb9b77d,
,,,X56,Standard,{},565ba089-55fd-4553-beca-42c942f01b1e,9e2a933b-8feb-4ae8-a517-83525f460e00,6917224a-c7ad-463b-9d87-7e203c34cb46,b3425b5b-1cd2-4d83-a4c4-ab3410b9cc22,
,,,X56,Standard,{},77a7db0f-ae70-4545-9e55-d6d0c80a08cb,4b7db094-ea9e-4034-a3f6-cdf44b7a11c9,6917224a-c7ad-463b-9d87-7e203c34cb46,b0e4e68b-4f0c-479d-96fe-f4503ab1823f,
,,,X56,Standard,{},2696c1bf-0768-4cb0-a81e-5af16918b7bf,4645f218-4d33-4b30-94f1-711b5d0685f0,6917224a-c7ad-463b-9d87-7e203c34cb46,d5a3c94b-639f-4f54-84a4-187b7a72320a,
,,,X74,Standard,{},7bb38857-ce11-49ea-85a0-aa10866131ab,d0d44ca6-1d35-4a8f-9578-c72b40a32051,e57eee9d-c0ca-4102-a8c9-c533573a48c9,9664f1bd-0ffc-47ab-bb5a-56fc377e0ef7,
,,,X74,Standard,{},8bb75b33-8a64-4bdd-8fcb-32ac73dc809a,776ea181-0477-40a1-8ce1-0599c0a76b1a,e57eee9d-c0ca-4102-a8c9-c533573a48c9,03373694-08e8-48e6-af55-bcad28288acc,
,,,X74,Standard,{},7ed6b0b6-36c5-49e3-8e22-d016507056e3,776ea181-0477-40a1-8ce1-0599c0a76b1a,e57eee9d-c0ca-4102-a8c9-c533573a48c9,f040221d-aee1-492c-bb82-7456cc5b2003,
,,,X74,Standard,{},e0b54c3b-dae5-42c8-8863-0679fe7cf9d5,4b7db094-ea9e-4034-a3f6-cdf44b7a11c9,e57eee9d-c0ca-4102-a8c9-c533573a48c9,03373694-08e8-48e6-af55-bcad28288acc,
,,,X74,Standard,{},b62de3d6-a06c-402c-8dcf-ea1f623e2896,4b7db094-ea9e-4034-a3f6-cdf44b7a11c9,e57eee9d-c0ca-4102-a8c9-c533573a48c9,f040221d-aee1-492c-bb82-7456cc5b2003,
,,,X74,Standard,{},0d680293-474d-442a-892b-00a9a6ca1d70,b939f988-3a70-4b28-a2ec-e5dbfd99c03c,e57eee9d-c0ca-4102-a8c9-c533573a48c9,03373694-08e8-48e6-af55-bcad28288acc,
,,,X74,Standard,{},4a6e62a0-eb8a-49b2-a19a-5dc06eabfd53,01385a5d-a5ca-42cb-b5cd-487242af9eca,e57eee9d-c0ca-4102-a8c9-c533573a48c9,85c80bee-114f-405f-882a-248f1b8765d6,
,,,X74,Standard,{},6514f090-8065-4302-8817-5b6b445e51df,46632fb6-3aac-4701-b94e-dd23cbbaaf4a,e57eee9d-c0ca-4102-a8c9-c533573a48c9,03373694-08e8-48e6-af55-bcad28288acc,
,,,X74,Standard,{},1216822a-c6ce-4151-b0bf-927c3521b846,46632fb6-3aac-4701-b94e-dd23cbbaaf4a,e57eee9d-c0ca-4102-a8c9-c533573a48c9,85c80bee-114f-405f-882a-248f1b8765d6,
,,,X74,Standard,{},64b526b9-b7a0-4bfa-b02f-d6f833362e4d,d9c2568e-0a2f-436c-bcc6-813a25e7d738,e57eee9d-c0ca-4102-a8c9-c533573a48c9,85c80bee-114f-405f-882a-248f1b8765d6,
,,,X74,Standard,{},ef5d3e32-fbee-472d-ad22-6b8e8e9bebc6,d0d44ca6-1d35-4a8f-9578-c72b40a32051,8f9829ff-859c-45da-8a67-4c7bb503beaa,9664f1bd-0ffc-47ab-bb5a-56fc377e0ef7,
,,,X74,Standard,{},c3c155fd-cd19-4eda-8e92-4123ae2f80c5,4b7db094-ea9e-4034-a3f6-cdf44b7a11c9,8f9829ff-859c-45da-8a67-4c7bb503beaa,03373694-08e8-48e6-af55-bcad28288acc,
,,,X74,Standard,{},472ebae1-1d0e-42d1-8db3-abc011b1dca7,4b7db094-ea9e-4034-a3f6-cdf44b7a11c9,8f9829ff-859c-45da-8a67-4c7bb503beaa,f040221d-aee1-492c-bb82-7456cc5b2003,
,,,X74,Standard,{},e327b10e-c268-4068-aeb0-092fac4b3331,01385a5d-a5ca-42cb-b5cd-487242af9eca,8f9829ff-859c-45da-8a67-4c7bb503beaa,85c80bee-114f-405f-882a-248f1b8765d6,
,,,X74,Standard,{},0b8811f5-8581-4ed0-9856-b9fb50561245,46632fb6-3aac-4701-b94e-dd23cbbaaf4a,8f9829ff-859c-45da-8a67-4c7bb503beaa,85c80bee-114f-405f-882a-248f1b8765d6,
,,,X74,Standard,{},1d8900f6-3677-43cc-8ee1-cc3dcb96798e,46632fb6-3aac-4701-b94e-dd23cbbaaf4a,8f9829ff-859c-45da-8a67-4c7bb503beaa,f040221d-aee1-492c-bb82-7456cc5b2003,
,,,X74,Standard,{},0b33942e-fb12-49f1-a82e-5df1907d769e,3ae8dab6-bc2d-45ea-98ae-fa19960ab97b,8f9829ff-859c-45da-8a67-4c7bb503beaa,2084b1e5-8172-4856-bef3-f52773aa97a6,
,,,X74,Standard,{},e37a2b45-64ab-437c-be3a-500a9ef9df2f,d9c2568e-0a2f-436c-bcc6-813a25e7d738,8f9829ff-859c-45da-8a67-4c7bb503beaa,85c80bee-114f-405f-882a-248f1b8765d6,
,,,X91,Standard,{},3e89e838-88cd-4619-a356-33b39fd0494b,d0d44ca6-1d35-4a8f-9578-c72b40a32051,63a04c87-b4b7-46a7-a8b8-4ed64cd79eab,a057c1e8-e4c0-4d49-b22b-c498f83d6c4d,
,,,X91,Standard,{},ee575d70-d711-4f00-97fd-c098fe0b8e39,63561f96-8cf5-46a6-8512-be65ae8055d6,63a04c87-b4b7-46a7-a8b8-4ed64cd79eab,a057c1e8-e4c0-4d49-b22b-c498f83d6c4d,
,,,X91,Standard,{},80a1f4dc-483b-4f21-9394-30e29ccae851,63561f96-8cf5-46a6-8512-be65ae8055d6,a69b80bd-88c9-455e-8e00-6629403029d3,a057c1e8-e4c0-4d49-b22b-c498f83d6c4d,
,,,X91,Standard,{},de8e223e-28f9-4158-a1b0-17dda906b134,bde3aa8e-cf53-41af-890b-511af8b0e01a,a69b80bd-88c9-455e-8e00-6629403029d3,a057c1e8-e4c0-4d49-b22b-c498f83d6c4d,
,,,L70,Standard,{},056108e7-2402-4f4a-a0d0-967d97644e44,63561f96-8cf5-46a6-8512-be65ae8055d6,3af7af0e-e9d6-4b25-ae28-6de45b552343,80ef7da1-c9cd-439d-9f57-5c5df6b87e04,
,,,L70,Standard,{},75de7f53-7e59-49fe-9c0a-f00d8605db10,bea41dca-c21e-45c1-a18c-a31aba4f504f,3af7af0e-e9d6-4b25-ae28-6de45b552343,51b0bd91-6068-42e9-a3ba-f8955c608ea8,
,,,L70,Standard,{},706552d5-731f-43ed-a361-8d00031d293d,63561f96-8cf5-46a6-8512-be65ae8055d6,a8f07187-8a33-4163-a394-e2b43a6af1e9,80ef7da1-c9cd-439d-9f57-5c5df6b87e04,
,,,L70,Standard,{},c9904dba-5092-4a00-a12f-65f8a3a629a7,bea41dca-c21e-45c1-a18c-a31aba4f504f,a8f07187-8a33-4163-a394-e2b43a6af1e9,51b0bd91-6068-42e9-a3ba-f8955c608ea8,
,,,J92,Standard,{},acc766d5-0791-4cfd-9f23-b2603a8e8d73,30e7ccc8-f717-4bc1-b2b0-10f867941e0f,36b257f3-3830-4f62-9c86-b1d55edbc313,9664f1bd-0ffc-47ab-bb5a-56fc377e0ef7,
,,,J92,Standard,{},722b4891-f8d4-4349-879c-0cdbfd3d1bbe,bde3aa8e-cf53-41af-890b-511af8b0e01a,36b257f3-3830-4f62-9c86-b1d55edbc313,03373694-08e8-48e6-af55-bcad28288acc,
,,,J92,Standard,{},52f464c6-e32b-4d6b-b647-03c8ae15f645,bde3aa8e-cf53-41af-890b-511af8b0e01a,36b257f3-3830-4f62-9c86-b1d55edbc313,a057c1e8-e4c0-4d49-b22b-c498f83d6c4d,
,,,J92,Standard,{},96b9446d-18b6-449b-837f-28e85f39c96a,e3d6b61d-16b9-4769-b69e-1e80a183c831,ef5e5006-56ae-4290-b433-3d0643f8b46c,a057c1e8-e4c0-4d49-b22b-c498f83d6c4d,
,,,J92,Standard,{},7dac5404-f2e8-4057-ac8a-588bb6b69ecb,d5734267-8a14-47f8-9038-5274351a440b,ef5e5006-56ae-4290-b433-3d0643f8b46c,9664f1bd-0ffc-47ab-bb5a-56fc377e0ef7,
,,,J92,Standard,{},ce006b25-c17c-4d61-96e7-00be24d812a2,bde3aa8e-cf53-41af-890b-511af8b0e01a,ef5e5006-56ae-4290-b433-3d0643f8b46c,03373694-08e8-48e6-af55-bcad28288acc,
,,,J92,Standard,{},948978f2-b9d5-45a0-8fb0-8535e46a05a6,bde3aa8e-cf53-41af-890b-511af8b0e01a,ef5e5006-56ae-4290-b433-3d0643f8b46c,a057c1e8-e4c0-4d49-b22b-c498f83d6c4d,
,,,L90,Standard,{},cb745fd2-ca77-4d37-946f-13f8fbf8fcbe,7a86be4c-580b-404f-8b84-2bb989a2830a,82a384d1-10ad-4d58-ac2e-2ca3710eb872,c5defd24-a6a1-4a1c-8ebd-4f31656ade92,
,,,L90,Standard,{},8ec8fe42-c973-4889-9813-8d9c2df3e272,30e7ccc8-f717-4bc1-b2b0-10f867941e0f,82a384d1-10ad-4d58-ac2e-2ca3710eb872,9664f1bd-0ffc-47ab-bb5a-56fc377e0ef7,
,,,L90,Standard,{},d9160990-09e1-4d82-ae0f-4f62d16dfbfb,7a86be4c-580b-404f-8b84-2bb989a2830a,fd458e62-4887-4a2c-a150-16f00b07e3b6,c5defd24-a6a1-4a1c-8ebd-4f31656ade92,
,,,L90,Standard,{},a89ba2ab-8633-46ac-8a50-d15fb972494d,30e7ccc8-f717-4bc1-b2b0-10f867941e0f,fd458e62-4887-4a2c-a150-16f00b07e3b6,9664f1bd-0ffc-47ab-bb5a-56fc377e0ef7,
,,,L90,Standard,{},70d59113-6a5b-493e-ac12-6afb882671a5,d0d44ca6-1d35-4a8f-9578-c72b40a32051,fd458e62-4887-4a2c-a150-16f00b07e3b6,9664f1bd-0ffc-47ab-bb5a-56fc377e0ef7,
,,,L90,Standard,{},a6ac4025-bc87-4e44-a635-ce8549847325,d0d44ca6-1d35-4a8f-9578-c72b40a32051,fd458e62-4887-4a2c-a150-16f00b07e3b6,cc1a732c-6351-404a-910a-75e21dd5305e,
,,,L52,Standard,{},191e82c5-c8fb-4c87-beba-44ee1ac48649,30e7ccc8-f717-4bc1-b2b0-10f867941e0f,990cc9d4-c15e-4b8a-b4af-3f629975d9b5,9664f1bd-0ffc-47ab-bb5a-56fc377e0ef7,
,,,L52,Standard,{},6ff5d813-c20a-401a-8c08-d111e49ac424,30e7ccc8-f717-4bc1-b2b0-10f867941e0f,990cc9d4-c15e-4b8a-b4af-3f629975d9b5,e4000074-30fb-49a8-baaf-458b168cd2c6,
,,,L52,Standard,{},ebbf5e85-30d3-42d8-82d5-60451df231a3,d0d44ca6-1d35-4a8f-9578-c72b40a32051,990cc9d4-c15e-4b8a-b4af-3f629975d9b5,9664f1bd-0ffc-47ab-bb5a-56fc377e0ef7,
,,,L52,Standard,{},4791fac4-fd9f-4449-a979-95b0f86934fd,d0d44ca6-1d35-4a8f-9578-c72b40a32051,990cc9d4-c15e-4b8a-b4af-3f629975d9b5,cc1a732c-6351-404a-910a-75e21dd5305e,
,,,L52,Standard,{},7a74dfd8-0198-4db7-9a01-183501d57942,d5734267-8a14-47f8-9038-5274351a440b,990cc9d4-c15e-4b8a-b4af-3f629975d9b5,9664f1bd-0ffc-47ab-bb5a-56fc377e0ef7,
,,,L52,Standard,{},f2d8623c-6d3b-4c62-9778-ae36141796ce,30e7ccc8-f717-4bc1-b2b0-10f867941e0f,763148c8-cc77-4bd0-9dd8-6465ec292ecd,9664f1bd-0ffc-47ab-bb5a-56fc377e0ef7,
,,,L52,Standard,{},06c7f018-84ff-468d-afb9-0026ebf25a14,d0d44ca6-1d35-4a8f-9578-c72b40a32051,763148c8-cc77-4bd0-9dd8-6465ec292ecd,cc1a732c-6351-404a-910a-75e21dd5305e,
,,,L52,Standard,{},e44eac7a-4b8b-400d-902b-0886d63bfe69,d5734267-8a14-47f8-9038-5274351a440b,763148c8-cc77-4bd0-9dd8-6465ec292ecd,9664f1bd-0ffc-47ab-bb5a-56fc377e0ef7,
,,,L52S,Standard,{},5149e0d6-eb42-42b5-8dbc-6775b9b863d2,30e7ccc8-f717-4bc1-b2b0-10f867941e0f,88c4a834-f592-4d67-a624-da271c462be2,03373694-08e8-48e6-af55-bcad28288acc,
,,,L52S,Standard,{},7d700359-33cd-4785-bdf9-a4a5570eb872,d0d44ca6-1d35-4a8f-9578-c72b40a32051,88c4a834-f592-4d67-a624-da271c462be2,cc1a732c-6351-404a-910a-75e21dd5305e,
,,,L52S,Standard,{},0ba6f313-04ad-43bf-98fa-b79a2dc2078f,d5734267-8a14-47f8-9038-5274351a440b,88c4a834-f592-4d67-a624-da271c462be2,03373694-08e8-48e6-af55-bcad28288acc,
,,,L52S,Standard,{},94509d23-6cae-490f-8d08-c90c10e3afbd,d5734267-8a14-47f8-9038-5274351a440b,88c4a834-f592-4d67-a624-da271c462be2,d677d76e-b8f1-4da1-b5b1-c4399811a129,
,,,X64,Standard,{},aec62eec-f665-4453-aeca-adb63ac0d55b,6ec34b52-e5b7-4538-8681-8635e9d7e094,c1811568-9e6b-481b-b86f-83d4e1caaac2,0ba24773-a2bb-410b-84b9-cbe8c68f9c63,
,,,X64,Standard,{},cb19cdf6-0c3c-41ef-9d72-3500cba1738e,30e7ccc8-f717-4bc1-b2b0-10f867941e0f,c1811568-9e6b-481b-b86f-83d4e1caaac2,0ba24773-a2bb-410b-84b9-cbe8c68f9c63,
,,,X64,Standard,{},522f4002-f296-4db0-a035-b94f8cc3f905,601a6bac-0c89-4bfe-b6ea-d88fb864497d,c1811568-9e6b-481b-b86f-83d4e1caaac2,b0e4e68b-4f0c-479d-96fe-f4503ab1823f,
,,,X64,Standard,{},7007f85b-3ddf-472a-b05c-e4b7d7fe210a,86d8c727-f293-44a3-a0ba-265e47ca0105,c1811568-9e6b-481b-b86f-83d4e1caaac2,b0e4e68b-4f0c-479d-96fe-f4503ab1823f,
,,,X64,Standard,{},077ee237-e5ce-4e86-adbc-2420d83497ea,9dae39b9-7ed6-4854-9ef1-5eccb44315c5,c1811568-9e6b-481b-b86f-83d4e1caaac2,0ba24773-a2bb-410b-84b9-cbe8c68f9c63,
,,,X64,Standard,{},fa990eb3-4aa4-40e8-bb51-30c67e4f52a7,31534ca6-ffdf-4e14-b7ed-275dec1ea68d,c593c744-1733-4b69-a1f6-3b884aeb8bb6,1b30ff8b-4671-4f9e-98c5-fb7656ecc5cc,
,,,X64,Standard,{},bb326051-2790-4961-b24a-9a9bc8545bfe,d0d44ca6-1d35-4a8f-9578-c72b40a32051,c593c744-1733-4b69-a1f6-3b884aeb8bb6,1b30ff8b-4671-4f9e-98c5-fb7656ecc5cc,
,,,X64,Standard,{},65ac5c4b-5322-4a7d-8012-4b17dc48df98,601a6bac-0c89-4bfe-b6ea-d88fb864497d,c593c744-1733-4b69-a1f6-3b884aeb8bb6,b0e4e68b-4f0c-479d-96fe-f4503ab1823f,
,,,X64,Standard,{},b20d7e46-0e61-484e-a35d-8d4077b413ed,776ea181-0477-40a1-8ce1-0599c0a76b1a,c593c744-1733-4b69-a1f6-3b884aeb8bb6,1b30ff8b-4671-4f9e-98c5-fb7656ecc5cc,
,,,X64,Standard,{},242c9a8d-3f3a-443a-b0b4-631a20c73375,9dae39b9-7ed6-4854-9ef1-5eccb44315c5,c593c744-1733-4b69-a1f6-3b884aeb8bb6,0ba24773-a2bb-410b-84b9-cbe8c68f9c63,
,,,X84,Standard,{},53dc3d5c-a428-4eca-87f5-279d2ddd6108,31534ca6-ffdf-4e14-b7ed-275dec1ea68d,4629c35a-c0b6-486a-b08d-efc992d18c93,9664f1bd-0ffc-47ab-bb5a-56fc377e0ef7,
,,,X84,Standard,{},9a268ed9-ce52-49be-b915-ac86b9090773,d0d44ca6-1d35-4a8f-9578-c72b40a32051,4629c35a-c0b6-486a-b08d-efc992d18c93,9664f1bd-0ffc-47ab-bb5a-56fc377e0ef7,
,,,X84,Standard,{},e09e14d3-e0ff-4bca-a7cf-8f726de4a603,d0d44ca6-1d35-4a8f-9578-c72b40a32051,4629c35a-c0b6-486a-b08d-efc992d18c93,f040221d-aee1-492c-bb82-7456cc5b2003,
,,,X84,Standard,{},7610b860-0226-4674-9e83-a6c2aa0f4941,4b7db094-ea9e-4034-a3f6-cdf44b7a11c9,4629c35a-c0b6-486a-b08d-efc992d18c93,89408072-590b-4527-8c34-10ff67a15b88,
,,,X84,Standard,{},6445f4ac-5cd4-4701-9903-e9932fc6f01c,4b7db094-ea9e-4034-a3f6-cdf44b7a11c9,4629c35a-c0b6-486a-b08d-efc992d18c93,f040221d-aee1-492c-bb82-7456cc5b2003,
,,,X84,Standard,{},b97be256-cc92-4c2f-9ebd-945ef002de87,01385a5d-a5ca-42cb-b5cd-487242af9eca,4629c35a-c0b6-486a-b08d-efc992d18c93,89408072-590b-4527-8c34-10ff67a15b88,
,,,X84,Standard,{},ff9777eb-3ee0-4ffe-8915-f96a534538ff,bde3aa8e-cf53-41af-890b-511af8b0e01a,4629c35a-c0b6-486a-b08d-efc992d18c93,03373694-08e8-48e6-af55-bcad28288acc,
,,,X84,Standard,{},d00e4c6f-c75f-4f28-89f2-7531f987a7bc,bde3aa8e-cf53-41af-890b-511af8b0e01a,4629c35a-c0b6-486a-b08d-efc992d18c93,f040221d-aee1-492c-bb82-7456cc5b2003,
,,,X84,Standard,{},a6afd04e-bc61-4d7e-a70b-6a577dca9342,46632fb6-3aac-4701-b94e-dd23cbbaaf4a,4629c35a-c0b6-486a-b08d-efc992d18c93,89408072-590b-4527-8c34-10ff67a15b88,
,,,X84,Standard,{},acfba3c9-5055-49d0-9505-1e4b059407e3,31534ca6-ffdf-4e14-b7ed-275dec1ea68d,c2f4048d-3a7e-4335-bdfb-e8ac1d448c40,9664f1bd-0ffc-47ab-bb5a-56fc377e0ef7,
,,,X84,Standard,{},b5299e84-5e25-46fe-9068-43c31ab8e2a4,d0d44ca6-1d35-4a8f-9578-c72b40a32051,c2f4048d-3a7e-4335-bdfb-e8ac1d448c40,03373694-08e8-48e6-af55-bcad28288acc,
,,,X84,Standard,{},aafdc6c1-6a47-48b8-b80b-225846ffc9ce,d0d44ca6-1d35-4a8f-9578-c72b40a32051,c2f4048d-3a7e-4335-bdfb-e8ac1d448c40,f040221d-aee1-492c-bb82-7456cc5b2003,
,,,X84,Standard,{},a40cb75a-756b-4437-a61f-8269b4175d39,4b7db094-ea9e-4034-a3f6-cdf44b7a11c9,c2f4048d-3a7e-4335-bdfb-e8ac1d448c40,89408072-590b-4527-8c34-10ff67a15b88,
,,,X84,Standard,{},51723a11-4f69-4dd1-8eb7-3aa9df31f6c3,4b7db094-ea9e-4034-a3f6-cdf44b7a11c9,c2f4048d-3a7e-4335-bdfb-e8ac1d448c40,f040221d-aee1-492c-bb82-7456cc5b2003,
,,,X84,Standard,{},78eb813b-6faa-4cc2-8cf6-44c101c30355,bde3aa8e-cf53-41af-890b-511af8b0e01a,c2f4048d-3a7e-4335-bdfb-e8ac1d448c40,03373694-08e8-48e6-af55-bcad28288acc,
,,,X84,Standard,{},00152b89-eb0c-41f4-bbcc-3f2b49533773,bde3aa8e-cf53-41af-890b-511af8b0e01a,c2f4048d-3a7e-4335-bdfb-e8ac1d448c40,a057c1e8-e4c0-4d49-b22b-c498f83d6c4d,
,,,X84,Standard,{},a9225572-2abc-4941-b47c-322e3134332a,bde3aa8e-cf53-41af-890b-511af8b0e01a,c2f4048d-3a7e-4335-bdfb-e8ac1d448c40,a057c1e8-e4c0-4d49-b22b-c498f83d6c4d,
,,,X84,Standard,{},1f987e65-3fde-4240-9f8c-84848fe21253,bde3aa8e-cf53-41af-890b-511af8b0e01a,c2f4048d-3a7e-4335-bdfb-e8ac1d448c40,a057c1e8-e4c0-4d49-b22b-c498f83d6c4d,
,,,X84,Standard,{},502e20fd-38c9-4be5-8bb3-f2ed87d6ef68,46632fb6-3aac-4701-b94e-dd23cbbaaf4a,c2f4048d-3a7e-4335-bdfb-e8ac1d448c40,89408072-590b-4527-8c34-10ff67a15b88,
,,,X84,Standard,{},d67e6dd6-3741-43a3-a366-da642d8ee698,3ae8dab6-bc2d-45ea-98ae-fa19960ab97b,c2f4048d-3a7e-4335-bdfb-e8ac1d448c40,2084b1e5-8172-4856-bef3-f52773aa97a6,
,,,X95,Standard,{},4c4d3add-37ca-4c24-a3f6-0dca9c903913,775b7ab8-1381-4c7e-a07a-94dac938b3cc,4165bf82-00c5-43f8-b514-a2023e901307,a057c1e8-e4c0-4d49-b22b-c498f83d6c4d,
,,,X95,Standard,{},43a50d2e-2ead-46e6-8007-96f5f2834318,d0d44ca6-1d35-4a8f-9578-c72b40a32051,4165bf82-00c5-43f8-b514-a2023e901307,9664f1bd-0ffc-47ab-bb5a-56fc377e0ef7,
,,,X95,Standard,{},be65111a-7686-4f54-a6e0-d5bdd3866754,d0d44ca6-1d35-4a8f-9578-c72b40a32051,4165bf82-00c5-43f8-b514-a2023e901307,cc1a732c-6351-404a-910a-75e21dd5305e,
,,,X95,Standard,{},28d12d2e-d5c1-4585-bda6-80db70cdcc3c,bde3aa8e-cf53-41af-890b-511af8b0e01a,4165bf82-00c5-43f8-b514-a2023e901307,03373694-08e8-48e6-af55-bcad28288acc,
,,,X95,Standard,{},87d8bd07-12eb-4ee5-bda2-d48964f70f7f,bde3aa8e-cf53-41af-890b-511af8b0e01a,4165bf82-00c5-43f8-b514-a2023e901307,a057c1e8-e4c0-4d49-b22b-c498f83d6c4d,
,,,X95,Standard,{},1be5b8e6-fb22-43e9-bfd3-e9a372eaed8f,46632fb6-3aac-4701-b94e-dd23cbbaaf4a,4165bf82-00c5-43f8-b514-a2023e901307,19a6a142-cc99-4e11-bd38-10f9d6d46136,
,,,X95,Standard,{},69472fbb-df3f-4e6f-a6f4-7b4319c3e1c1,3ae8dab6-bc2d-45ea-98ae-fa19960ab97b,4165bf82-00c5-43f8-b514-a2023e901307,2084b1e5-8172-4856-bef3-f52773aa97a6,
,,,X95,Standard,{},ecb6df48-b184-4c38-b56e-4689e58d38c4,1bb65b39-8a1e-4fd6-bb34-851a52a6aa21,122047f2-eb54-45f2-8651-86eeb058eea1,a057c1e8-e4c0-4d49-b22b-c498f83d6c4d,
,,,X95,Standard,{},0a4b5b2a-96b0-474a-bd66-47d70a129bf0,1bb65b39-8a1e-4fd6-bb34-851a52a6aa21,122047f2-eb54-45f2-8651-86eeb058eea1,a057c1e8-e4c0-4d49-b22b-c498f83d6c4d,
,,,X95,Standard,{},2d3359ed-0c9f-4343-9989-dd8530fed882,d0d44ca6-1d35-4a8f-9578-c72b40a32051,122047f2-eb54-45f2-8651-86eeb058eea1,9664f1bd-0ffc-47ab-bb5a-56fc377e0ef7,
,,,X95,Standard,{},958d0742-1f14-493c-854b-995bc0b18bbd,63561f96-8cf5-46a6-8512-be65ae8055d6,122047f2-eb54-45f2-8651-86eeb058eea1,a057c1e8-e4c0-4d49-b22b-c498f83d6c4d,
,,,X95,Standard,{},4acb4874-5741-4da9-a36a-5b52ba83a382,1bb65b39-8a1e-4fd6-bb34-851a52a6aa21,122047f2-eb54-45f2-8651-86eeb058eea1,a057c1e8-e4c0-4d49-b22b-c498f83d6c4d,
,,,X95,Standard,{},35f7107c-8b37-4818-a5a9-793d0d7b9b30,1bb65b39-8a1e-4fd6-bb34-851a52a6aa21,122047f2-eb54-45f2-8651-86eeb058eea1,a057c1e8-e4c0-4d49-b22b-c498f83d6c4d,
,,,X95,Standard,{},f3502b48-5da7-4aa7-82c6-3fe7681bf6c4,d0d44ca6-1d35-4a8f-9578-c72b40a32051,122047f2-eb54-45f2-8651-86eeb058eea1,9664f1bd-0ffc-47ab-bb5a-56fc377e0ef7,
,,,J77,Standard,{},4af13d50-45f8-4061-b1ff-805c5d136dfd,36a82362-f5e3-4d75-8709-25afc582c91b,0df5a86a-5dcf-4c17-8e00-ab5e01909379,9664f1bd-0ffc-47ab-bb5a-56fc377e0ef7,
,,,J77,Standard,{},bae02982-3b54-4c2a-8513-2190a60ddb8c,31534ca6-ffdf-4e14-b7ed-275dec1ea68d,0df5a86a-5dcf-4c17-8e00-ab5e01909379,9664f1bd-0ffc-47ab-bb5a-56fc377e0ef7,
,,,J77,Standard,{},be48d8ac-85d0-43b3-89af-bb9b3c1bf167,d0d44ca6-1d35-4a8f-9578-c72b40a32051,0df5a86a-5dcf-4c17-8e00-ab5e01909379,9664f1bd-0ffc-47ab-bb5a-56fc377e0ef7,
,,,J77,Standard,{},38140ede-61f6-4a13-a72b-c3b4fd1fa8c4,d0d44ca6-1d35-4a8f-9578-c72b40a32051,0df5a86a-5dcf-4c17-8e00-ab5e01909379,f040221d-aee1-492c-bb82-7456cc5b2003,
,,,J77,Standard,{},a0d88bea-b24a-4ce4-823e-6237e8792221,bde3aa8e-cf53-41af-890b-511af8b0e01a,0df5a86a-5dcf-4c17-8e00-ab5e01909379,9664f1bd-0ffc-47ab-bb5a-56fc377e0ef7,
,,,J77,Standard,{},2153aa7b-117e-4328-b1cc-e7d1fbc175f3,bde3aa8e-cf53-41af-890b-511af8b0e01a,0df5a86a-5dcf-4c17-8e00-ab5e01909379,03373694-08e8-48e6-af55-bcad28288acc,
,,,J77,Standard,{},b79382ce-6c32-41b8-a879-be8c5544387c,bde3aa8e-cf53-41af-890b-511af8b0e01a,0df5a86a-5dcf-4c17-8e00-ab5e01909379,a057c1e8-e4c0-4d49-b22b-c498f83d6c4d,
,,,J77,Standard,{},76d6da0c-14ec-428c-8fcb-5eeda02751a7,36a82362-f5e3-4d75-8709-25afc582c91b,9cd6c6ec-93b4-4733-8e17-36b8214b65de,9664f1bd-0ffc-47ab-bb5a-56fc377e0ef7,
,,,J77,Standard,{},2a612862-ee6a-40c9-ba97-bce0e32e8337,c3933b96-1e8d-4381-8b30-510f59ccf8e7,9cd6c6ec-93b4-4733-8e17-36b8214b65de,9664f1bd-0ffc-47ab-bb5a-56fc377e0ef7,
,,,J77,Standard,{},57b3d570-25a6-42c4-9842-117de52dc289,d0d44ca6-1d35-4a8f-9578-c72b40a32051,9cd6c6ec-93b4-4733-8e17-36b8214b65de,f040221d-aee1-492c-bb82-7456cc5b2003,
,,,J77,Standard,{},eedf7b73-7182-404f-b2ba-fad2a1c564de,bde3aa8e-cf53-41af-890b-511af8b0e01a,9cd6c6ec-93b4-4733-8e17-36b8214b65de,03373694-08e8-48e6-af55-bcad28288acc,
,,,J77,Standard,{},967167ff-fa51-4f22-9069-4fb19e8db7f3,bde3aa8e-cf53-41af-890b-511af8b0e01a,9cd6c6ec-93b4-4733-8e17-36b8214b65de,a057c1e8-e4c0-4d49-b22b-c498f83d6c4d,
,,,B90,Standard,{},efcf3667-688e-47db-93f7-69376824a0ce,7a86be4c-580b-404f-8b84-2bb989a2830a,6ba343f7-65d2-4750-abe4-660948e3fb82,c5defd24-a6a1-4a1c-8ebd-4f31656ade92,
,,,B90,Standard,{},9546099a-b9c1-42b7-9683-86fa205c0cbf,30e7ccc8-f717-4bc1-b2b0-10f867941e0f,6ba343f7-65d2-4750-abe4-660948e3fb82,9664f1bd-0ffc-47ab-bb5a-56fc377e0ef7,
,,,B90,Standard,{},c8b9154a-aa8a-4700-85aa-4bab5df89a6b,d0d44ca6-1d35-4a8f-9578-c72b40a32051,6ba343f7-65d2-4750-abe4-660948e3fb82,9664f1bd-0ffc-47ab-bb5a-56fc377e0ef7,
,,,B90,Standard,{},57ff6569-e8b6-4887-b77f-df4c7d586bcd,d0d44ca6-1d35-4a8f-9578-c72b40a32051,6ba343f7-65d2-4750-abe4-660948e3fb82,cc1a732c-6351-404a-910a-75e21dd5305e,
,,,B52,Standard,{},510b554e-96b3-4897-9f0c-c5d205a0baf8,36a82362-f5e3-4d75-8709-25afc582c91b,5069f750-1595-4a98-ba1e-01b6c9126197,9664f1bd-0ffc-47ab-bb5a-56fc377e0ef7,
,,,B52,Standard,{},253e0bd9-d5b4-45dc-b65a-66f688bb8ea5,30e7ccc8-f717-4bc1-b2b0-10f867941e0f,5069f750-1595-4a98-ba1e-01b6c9126197,9664f1bd-0ffc-47ab-bb5a-56fc377e0ef7,
,,,B52,Standard,{},58c64ca9-38ed-47be-bc9f-afd0ffd42e5b,30e7ccc8-f717-4bc1-b2b0-10f867941e0f,5069f750-1595-4a98-ba1e-01b6c9126197,e4000074-30fb-49a8-baaf-458b168cd2c6,
,,,B52,Standard,{},3eaf10d7-1877-4c9a-9669-48cdac08d2ea,d0d44ca6-1d35-4a8f-9578-c72b40a32051,5069f750-1595-4a98-ba1e-01b6c9126197,9664f1bd-0ffc-47ab-bb5a-56fc377e0ef7,
,,,B52,Standard,{},d894fa1c-7f18-4884-b684-4209205d7cb3,d0d44ca6-1d35-4a8f-9578-c72b40a32051,5069f750-1595-4a98-ba1e-01b6c9126197,cc1a732c-6351-404a-910a-75e21dd5305e,
,,,B52,Standard,{},e090fe62-871e-4e11-b55a-32e910a8e097,d5734267-8a14-47f8-9038-5274351a440b,5069f750-1595-4a98-ba1e-01b6c9126197,9664f1bd-0ffc-47ab-bb5a-56fc377e0ef7,
,,,B52,Standard,{},305fc056-b4a6-43fa-b5b5-d4c8adbd6ccc,30e7ccc8-f717-4bc1-b2b0-10f867941e0f,8a1ef70f-d4fd-4948-857e-172b320761c7,9664f1bd-0ffc-47ab-bb5a-56fc377e0ef7,
,,,B52,Standard,{},3d5d7574-edfd-422d-ad98-e4891b225819,d0d44ca6-1d35-4a8f-9578-c72b40a32051,8a1ef70f-d4fd-4948-857e-172b320761c7,cc1a732c-6351-404a-910a-75e21dd5305e,
,,,B52,Standard,{},76fc9619-a333-440e-b900-b59f6b802e0d,d5734267-8a14-47f8-9038-5274351a440b,8a1ef70f-d4fd-4948-857e-172b320761c7,9664f1bd-0ffc-47ab-bb5a-56fc377e0ef7,
,,,B90S,Standard,{},efaaa5ce-4eb0-4717-9272-58d15e0d4377,30e7ccc8-f717-4bc1-b2b0-10f867941e0f,35dca770-2be0-4183-aa77-22c216cf5956,03373694-08e8-48e6-af55-bcad28288acc,
,,,B90S,Standard,{},89e51c2a-687e-4fdb-9088-183bf8835945,d0d44ca6-1d35-4a8f-9578-c72b40a32051,35dca770-2be0-4183-aa77-22c216cf5956,cc1a732c-6351-404a-910a-75e21dd5305e,
,,,B54,Standard,{},a3b43f99-cba2-4783-ab13-78b17ac558fd,83bcc9dc-8810-4a57-a6b8-0651279540f8,47e28d1b-d7bb-498f-b47e-0a406ab4555e,d5a3c94b-639f-4f54-84a4-187b7a72320a,
,,,B54,Standard,{},dc15a2c9-f143-48b5-b564-14e1aaf0d211,83bcc9dc-8810-4a57-a6b8-0651279540f8,47e28d1b-d7bb-498f-b47e-0a406ab4555e,a4877164-063e-419f-b0f9-3744b361ef22,
,,,B54,Standard,{},6243dd56-7fe1-4c97-8d6c-01699b7387ea,83bcc9dc-8810-4a57-a6b8-0651279540f8,47e28d1b-d7bb-498f-b47e-0a406ab4555e,d5a3c94b-639f-4f54-84a4-187b7a72320a,
,,,B54,Standard,{},20e89987-5e5c-41f6-a247-227fa22e4c32,83bcc9dc-8810-4a57-a6b8-0651279540f8,47e28d1b-d7bb-498f-b47e-0a406ab4555e,a4877164-063e-419f-b0f9-3744b361ef22,
,,,B54,Standard,{},799b6b66-2676-4a42-ae5a-6232757e5114,6b1724e5-4739-407e-b752-c5e102b45dab,47e28d1b-d7bb-498f-b47e-0a406ab4555e,d5a3c94b-639f-4f54-84a4-187b7a72320a,
,,,B54,Standard,{},34216fb7-879a-4c3b-9df9-3dfba36e7f70,6b1724e5-4739-407e-b752-c5e102b45dab,47e28d1b-d7bb-498f-b47e-0a406ab4555e,d5a3c94b-639f-4f54-84a4-187b7a72320a,
,,,B54,Standard,{},8bb90b24-fe0c-4a71-a883-78c4152524aa,6b1724e5-4739-407e-b752-c5e102b45dab,47e28d1b-d7bb-498f-b47e-0a406ab4555e,a4877164-063e-419f-b0f9-3744b361ef22,
,,,B54,Standard,{},fef257b4-960a-48d4-b992-3fee8e99d56e,6b383cbd-d240-40ec-820b-26b36ae4a131,47e28d1b-d7bb-498f-b47e-0a406ab4555e,d5a3c94b-639f-4f54-84a4-187b7a72320a,
,,,B54,Standard,{},92fc9cdd-8323-49db-98b8-795e9be5a218,6b383cbd-d240-40ec-820b-26b36ae4a131,47e28d1b-d7bb-498f-b47e-0a406ab4555e,a4877164-063e-419f-b0f9-3744b361ef22,
,,,B54,Standard,{},0c7aa8e0-30ec-4e8c-943e-0ae0edc28ced,a7a8cfa8-3825-4e81-b65b-e3e26a95a1ca,47e28d1b-d7bb-498f-b47e-0a406ab4555e,d5a3c94b-639f-4f54-84a4-187b7a72320a,
,,,B54,Standard,{},71657171-eb48-4c8a-9e42-5aab1d0b9609,7c64403a-e385-4f5d-889c-2a3827e6eb13,47e28d1b-d7bb-498f-b47e-0a406ab4555e,d5a3c94b-639f-4f54-84a4-187b7a72320a,
,,,B54,Standard,{},cc8175e8-ea84-4a78-a6af-53c12da1ca50,7c64403a-e385-4f5d-889c-2a3827e6eb13,47e28d1b-d7bb-498f-b47e-0a406ab4555e,a4877164-063e-419f-b0f9-3744b361ef22,
,,,B54,Standard,{},b32e7906-c06e-4181-8f86-8c010ec15832,9e2a933b-8feb-4ae8-a517-83525f460e00,c77b9486-5288-4df5-aa79-9f71b46d66b3,b3425b5b-1cd2-4d83-a4c4-ab3410b9cc22,
,,,B54,Standard,{},ff0e4085-c84c-4ef9-bba3-8f4ff27d2ac2,2c714e68-f27d-46cc-bad4-433c3c2c813d,c77b9486-5288-4df5-aa79-9f71b46d66b3,b3425b5b-1cd2-4d83-a4c4-ab3410b9cc22,
,,,B54,Standard,{},2ea2db04-be5b-4eaa-8da3-70f9720a3bf9,6b383cbd-d240-40ec-820b-26b36ae4a131,c77b9486-5288-4df5-aa79-9f71b46d66b3,a4877164-063e-419f-b0f9-3744b361ef22,
,,,B54,Standard,{},5c69efeb-d2b1-4697-b9b2-2099f6e13ae1,66cfa18b-d9b5-4906-acc3-4d65d71afdd5,c77b9486-5288-4df5-aa79-9f71b46d66b3,d5a3c94b-639f-4f54-84a4-187b7a72320a,
,,,J64,Standard,{},0b1d24ba-2e28-474b-bb3a-ebb967d41854,6ec34b52-e5b7-4538-8681-8635e9d7e094,009a3965-cced-4ddc-8595-655c8072589c,0ba24773-a2bb-410b-84b9-cbe8c68f9c63,
,,,J64,Standard,{},23369a58-1b09-4330-bc73-58df594beb1c,30e7ccc8-f717-4bc1-b2b0-10f867941e0f,009a3965-cced-4ddc-8595-655c8072589c,1b30ff8b-4671-4f9e-98c5-fb7656ecc5cc,
,,,J64,Standard,{},8bae8808-c4b7-4aa0-a34e-b747d869cf6e,30e7ccc8-f717-4bc1-b2b0-10f867941e0f,009a3965-cced-4ddc-8595-655c8072589c,1b30ff8b-4671-4f9e-98c5-fb7656ecc5cc,
,,,J64,Standard,{},d80c90d9-52fd-4866-a344-52abb5f778d3,30e7ccc8-f717-4bc1-b2b0-10f867941e0f,009a3965-cced-4ddc-8595-655c8072589c,fb2d2c41-adce-45b5-a209-6bf88eb9b77d,
,,,J64,Standard,{},36f520ed-9d77-4d8c-b9e3-c3be1476b15c,601a6bac-0c89-4bfe-b6ea-d88fb864497d,009a3965-cced-4ddc-8595-655c8072589c,b0e4e68b-4f0c-479d-96fe-f4503ab1823f,
,,,J64,Standard,{},9dc13315-b8d7-46f3-8bee-8e1c802ae886,601a6bac-0c89-4bfe-b6ea-d88fb864497d,009a3965-cced-4ddc-8595-655c8072589c,fb2d2c41-adce-45b5-a209-6bf88eb9b77d,
,,,J64,Standard,{},73ae633e-d5ba-4a9a-982c-99fbc6dbfcb8,9dae39b9-7ed6-4854-9ef1-5eccb44315c5,009a3965-cced-4ddc-8595-655c8072589c,0ba24773-a2bb-410b-84b9-cbe8c68f9c63,
,,,J64,Standard,{},a71f69e2-48fb-4655-ab16-3c4dcd11dfda,9dae39b9-7ed6-4854-9ef1-5eccb44315c5,009a3965-cced-4ddc-8595-655c8072589c,b0e4e68b-4f0c-479d-96fe-f4503ab1823f,
,,,J64,Standard,{},6c385efb-e44e-43fb-bbd2-61a8ca445525,9dae39b9-7ed6-4854-9ef1-5eccb44315c5,832944c6-0643-4730-acfb-477bc74256ea,0ba24773-a2bb-410b-84b9-cbe8c68f9c63,
,,,J64,Standard,{},16fa7e7d-5e94-4883-b5d8-3c772cac3ebd,31534ca6-ffdf-4e14-b7ed-275dec1ea68d,832944c6-0643-4730-acfb-477bc74256ea,1b30ff8b-4671-4f9e-98c5-fb7656ecc5cc,
,,,J64,Standard,{},82f122fa-0958-45da-b375-572c1d0bb5db,d0d44ca6-1d35-4a8f-9578-c72b40a32051,832944c6-0643-4730-acfb-477bc74256ea,1b30ff8b-4671-4f9e-98c5-fb7656ecc5cc,
,,,J64,Standard,{},535e4b1d-0600-4f03-ac8c-2be87301e875,d0d44ca6-1d35-4a8f-9578-c72b40a32051,832944c6-0643-4730-acfb-477bc74256ea,f040221d-aee1-492c-bb82-7456cc5b2003,
,,,J64,Standard,{},4619fd4e-1613-49c3-9cc8-ce157562908f,776ea181-0477-40a1-8ce1-0599c0a76b1a,832944c6-0643-4730-acfb-477bc74256ea,1b30ff8b-4671-4f9e-98c5-fb7656ecc5cc,
,,,J64,Standard,{},8d9134fa-84be-4a84-a606-2369961af5e5,4b7db094-ea9e-4034-a3f6-cdf44b7a11c9,832944c6-0643-4730-acfb-477bc74256ea,b0e4e68b-4f0c-479d-96fe-f4503ab1823f,
,,,J64,Standard,{},ab49aa05-73ce-41be-a827-e00c1d78fce8,4b7db094-ea9e-4034-a3f6-cdf44b7a11c9,832944c6-0643-4730-acfb-477bc74256ea,f040221d-aee1-492c-bb82-7456cc5b2003,
,,,J84,Standard,{},8303fc3c-87b2-435f-872b-85f3d572ccaf,31534ca6-ffdf-4e14-b7ed-275dec1ea68d,3114d72b-858b-4415-8e0c-8c69592de7a8,9664f1bd-0ffc-47ab-bb5a-56fc377e0ef7,
,,,J84,Standard,{},0bda6542-cd66-4304-9bab-71b5bf0ae425,d0d44ca6-1d35-4a8f-9578-c72b40a32051,3114d72b-858b-4415-8e0c-8c69592de7a8,03373694-08e8-48e6-af55-bcad28288acc,
,,,J84,Standard,{},c6eaf8fd-9f8c-42f2-826e-3ad42bf2dbdf,d0d44ca6-1d35-4a8f-9578-c72b40a32051,3114d72b-858b-4415-8e0c-8c69592de7a8,f040221d-aee1-492c-bb82-7456cc5b2003,
,,,J84,Standard,{},09ad72b5-90a2-4ace-9451-7440b8d1e15e,4b7db094-ea9e-4034-a3f6-cdf44b7a11c9,3114d72b-858b-4415-8e0c-8c69592de7a8,89408072-590b-4527-8c34-10ff67a15b88,
,,,J84,Standard,{},52586354-7605-4324-9bcd-e08b309338e9,4b7db094-ea9e-4034-a3f6-cdf44b7a11c9,3114d72b-858b-4415-8e0c-8c69592de7a8,f040221d-aee1-492c-bb82-7456cc5b2003,
,,,J84,Standard,{},8cd34a4f-3bae-486d-b403-e2206254e33c,01385a5d-a5ca-42cb-b5cd-487242af9eca,3114d72b-858b-4415-8e0c-8c69592de7a8,89408072-590b-4527-8c34-10ff67a15b88,
,,,J84,Standard,{},5a97e84a-def8-43a9-93b1-f203a5b42efa,bde3aa8e-cf53-41af-890b-511af8b0e01a,3114d72b-858b-4415-8e0c-8c69592de7a8,03373694-08e8-48e6-af55-bcad28288acc,
,,,J84,Standard,{},45b6afcc-6786-4053-aa8f-989f07b73466,bde3aa8e-cf53-41af-890b-511af8b0e01a,3114d72b-858b-4415-8e0c-8c69592de7a8,03373694-08e8-48e6-af55-bcad28288acc,
,,,J84,Standard,{},301214c3-add7-4e11-8820-de162001d59f,46632fb6-3aac-4701-b94e-dd23cbbaaf4a,3114d72b-858b-4415-8e0c-8c69592de7a8,89408072-590b-4527-8c34-10ff67a15b88,
,,,J84,Standard,{},d4bac337-3be5-4ddd-bf03-939efa3abd65,31534ca6-ffdf-4e14-b7ed-275dec1ea68d,ad9c4cfe-eaa8-4981-9567-3ad60c730a24,9664f1bd-0ffc-47ab-bb5a-56fc377e0ef7,
,,,J84,Standard,{},0e9e7a3a-a81d-478b-a1b3-f36f3174b284,d0d44ca6-1d35-4a8f-9578-c72b40a32051,ad9c4cfe-eaa8-4981-9567-3ad60c730a24,03373694-08e8-48e6-af55-bcad28288acc,
,,,J84,Standard,{},91273002-efb1-4856-9e5e-b89acfe02b24,d0d44ca6-1d35-4a8f-9578-c72b40a32051,ad9c4cfe-eaa8-4981-9567-3ad60c730a24,f040221d-aee1-492c-bb82-7456cc5b2003,
,,,J84,Standard,{},abb5d182-2666-4111-b9b1-b2251cbfe6bc,4b7db094-ea9e-4034-a3f6-cdf44b7a11c9,ad9c4cfe-eaa8-4981-9567-3ad60c730a24,89408072-590b-4527-8c34-10ff67a15b88,
,,,J84,Standard,{},75948380-4492-4331-90ad-5bff30d4cb6a,4b7db094-ea9e-4034-a3f6-cdf44b7a11c9,ad9c4cfe-eaa8-4981-9567-3ad60c730a24,f040221d-aee1-492c-bb82-7456cc5b2003,
,,,J84,Standard,{},ca8ba080-6c76-4f11-97d7-67bf2dafbb28,bde3aa8e-cf53-41af-890b-511af8b0e01a,ad9c4cfe-eaa8-4981-9567-3ad60c730a24,03373694-08e8-48e6-af55-bcad28288acc,
,,,J84,Standard,{},d46d812e-1e84-40c3-970e-ba331642f8e3,bde3aa8e-cf53-41af-890b-511af8b0e01a,ad9c4cfe-eaa8-4981-9567-3ad60c730a24,a057c1e8-e4c0-4d49-b22b-c498f83d6c4d,
,,,J84,Standard,{},dde50f4e-0b14-4ff2-9ef3-3af7e5a8de10,46632fb6-3aac-4701-b94e-dd23cbbaaf4a,ad9c4cfe-eaa8-4981-9567-3ad60c730a24,89408072-590b-4527-8c34-10ff67a15b88,
,,,J84,Standard,{},994caa97-03dd-4f71-8ca4-70a804072457,3ae8dab6-bc2d-45ea-98ae-fa19960ab97b,ad9c4cfe-eaa8-4981-9567-3ad60c730a24,2084b1e5-8172-4856-bef3-f52773aa97a6,
,,,J95,Standard,{},15eed76d-162a-460b-820f-ea7c329364fc,775b7ab8-1381-4c7e-a07a-94dac938b3cc,0cceddf1-c3b7-484a-9cc2-b5ebde496055,a057c1e8-e4c0-4d49-b22b-c498f83d6c4d,
,,,J95,Standard,{},fc85eda8-8cb7-44c5-a6ce-64b513144a86,d0d44ca6-1d35-4a8f-9578-c72b40a32051,0cceddf1-c3b7-484a-9cc2-b5ebde496055,a057c1e8-e4c0-4d49-b22b-c498f83d6c4d,
,,,J95,Standard,{},60683a64-6f0c-4bac-aa75-6e6d7033653e,1bb65b39-8a1e-4fd6-bb34-851a52a6aa21,cc6ef034-c9c2-43af-a1e2-aeba4ccb85aa,a057c1e8-e4c0-4d49-b22b-c498f83d6c4d,
,,,J95,Standard,{},955c15c9-d6ae-40ff-9c53-97426eb5bd86,775b7ab8-1381-4c7e-a07a-94dac938b3cc,cc6ef034-c9c2-43af-a1e2-aeba4ccb85aa,a057c1e8-e4c0-4d49-b22b-c498f83d6c4d,
,,,J95,Standard,{},ae8038e4-eea8-4d61-a353-614215275806,bde3aa8e-cf53-41af-890b-511af8b0e01a,cc6ef034-c9c2-43af-a1e2-aeba4ccb85aa,a057c1e8-e4c0-4d49-b22b-c498f83d6c4d,
,,,J95,Standard,{},6a61a957-6337-4a3e-b044-ca9f9e24e437,ca8544de-7369-4816-86c1-86fbdf040451,cc6ef034-c9c2-43af-a1e2-aeba4ccb85aa,19a6a142-cc99-4e11-bd38-10f9d6d46136,
,,,J95,Standard,{},57bc988f-6bd6-4504-96fa-1e8803b9b7c1,3ae8dab6-bc2d-45ea-98ae-fa19960ab97b,cc6ef034-c9c2-43af-a1e2-aeba4ccb85aa,2084b1e5-8172-4856-bef3-f52773aa97a6,
,,,J95,Standard,{},dee90081-20d9-492f-9178-62f1d3c8e6cb,1bb65b39-8a1e-4fd6-bb34-851a52a6aa21,cc6ef034-c9c2-43af-a1e2-aeba4ccb85aa,a057c1e8-e4c0-4d49-b22b-c498f83d6c4d,
,,,J95,Standard,{},0c0c1a95-0cf1-46d8-a47a-3923e2ef0f78,775b7ab8-1381-4c7e-a07a-94dac938b3cc,cc6ef034-c9c2-43af-a1e2-aeba4ccb85aa,a057c1e8-e4c0-4d49-b22b-c498f83d6c4d,
,,,J95,Standard,{},e6d7ac73-43e9-4e04-9910-e67a9049f2c6,bde3aa8e-cf53-41af-890b-511af8b0e01a,cc6ef034-c9c2-43af-a1e2-aeba4ccb85aa,a057c1e8-e4c0-4d49-b22b-c498f83d6c4d,
,,,J95,Standard,{},86e03b70-ce28-423f-a653-4634ce737cb1,bde3aa8e-cf53-41af-890b-511af8b0e01a,cc6ef034-c9c2-43af-a1e2-aeba4ccb85aa,a057c1e8-e4c0-4d49-b22b-c498f83d6c4d,
,,,J95,Standard,{},ac3410f9-24be-41d7-804b-a042c69a7b2e,bde3aa8e-cf53-41af-890b-511af8b0e01a,cc6ef034-c9c2-43af-a1e2-aeba4ccb85aa,2ebf15ab-c8b6-48ed-82b0-3a017765877a,
,,,J95,Standard,{},ef938414-7a0a-4cec-b19c-1f484bd89764,ca8544de-7369-4816-86c1-86fbdf040451,cc6ef034-c9c2-43af-a1e2-aeba4ccb85aa,19a6a142-cc99-4e11-bd38-10f9d6d46136,
,,,J95,Standard,{},38b2928d-1032-4a47-88b6-5f9278aa9e54,3ae8dab6-bc2d-45ea-98ae-fa19960ab97b,cc6ef034-c9c2-43af-a1e2-aeba4ccb85aa,2084b1e5-8172-4856-bef3-f52773aa97a6,
,,,JFA,Standard,{},efce8af0-0d10-4349-8226-a1c7e2b5d45f,1bb65b39-8a1e-4fd6-bb34-851a52a6aa21,e9b94421-c7f6-4ab4-ac5d-39accb0e530c,a057c1e8-e4c0-4d49-b22b-c498f83d6c4d,
,,,JFA,Standard,{},ac514a9e-b17d-4109-ac2d-7fcb3f1c6b8b,bde3aa8e-cf53-41af-890b-511af8b0e01a,e9b94421-c7f6-4ab4-ac5d-39accb0e530c,a057c1e8-e4c0-4d49-b22b-c498f83d6c4d,
,,,JFA,Standard,{},b67c0cf8-1b61-470e-9753-99280063d8a7,bde3aa8e-cf53-41af-890b-511af8b0e01a,e9b94421-c7f6-4ab4-ac5d-39accb0e530c,72c0f538-40d1-48f1-bbbf-7abf6309d158,
,,,JFA,Standard,{},6530d31d-350b-40e1-90d5-a875de52864d,ca8544de-7369-4816-86c1-86fbdf040451,e9b94421-c7f6-4ab4-ac5d-39accb0e530c,19a6a142-cc99-4e11-bd38-10f9d6d46136,
,,,JFA,Standard,{},632476e6-839b-4779-8b0e-2abde484a1e3,ca8544de-7369-4816-86c1-86fbdf040451,e9b94421-c7f6-4ab4-ac5d-39accb0e530c,c5fe26e7-1403-4cb9-ab12-c2ece5de9b1a,
,,,JFA,Standard,{},e362ce03-33eb-436f-a713-2a0c228e4aeb,e3d6b61d-16b9-4769-b69e-1e80a183c831,e9b94421-c7f6-4ab4-ac5d-39accb0e530c,a057c1e8-e4c0-4d49-b22b-c498f83d6c4d,
,,,JFA,Standard,{},48868862-1786-466a-9818-7f4fc92b6046,e3d6b61d-16b9-4769-b69e-1e80a183c831,e9b94421-c7f6-4ab4-ac5d-39accb0e530c,72c0f538-40d1-48f1-bbbf-7abf6309d158,
,,,JFA,Standard,{},c03d5f80-ec36-4554-9d0d-eb842a5cd42a,f5442353-6f4c-4e53-87f5-9dabbd621f4c,e9b94421-c7f6-4ab4-ac5d-39accb0e530c,2084b1e5-8172-4856-bef3-f52773aa97a6,
,,,JFA,Standard,{},b91c141e-9d1d-4cab-9059-af3191ec7d59,f5442353-6f4c-4e53-87f5-9dabbd621f4c,e9b94421-c7f6-4ab4-ac5d-39accb0e530c,c5fe26e7-1403-4cb9-ab12-c2ece5de9b1a,
,,,RX4,Standard,{},0d52af36-add4-46e1-9269-c82b6942c978,4b7db094-ea9e-4034-a3f6-cdf44b7a11c9,b50cd725-cd96-4935-a0ab-54f6718aa793,e4c9f45b-4225-47b3-a72b-59e8a1f6f5ee,
,,,RX4,Standard,{},3d27d7d2-9f44-49dd-b4ed-07eb663e65d4,46632fb6-3aac-4701-b94e-dd23cbbaaf4a,b50cd725-cd96-4935-a0ab-54f6718aa793,e4c9f45b-4225-47b3-a72b-59e8a1f6f5ee,
,,,L65,Standard,{},dc5e69da-4da3-4379-ae0d-2ca6abe220e6,7a86be4c-580b-404f-8b84-2bb989a2830a,6a142aba-0943-4d5a-ab9b-0e69288320f5,0ba24773-a2bb-410b-84b9-cbe8c68f9c63,
,,,L65,Standard,{},f27d709c-b258-4bce-a276-d4aad7ee28c9,31534ca6-ffdf-4e14-b7ed-275dec1ea68d,6a142aba-0943-4d5a-ab9b-0e69288320f5,1b30ff8b-4671-4f9e-98c5-fb7656ecc5cc,
,,,L65,Standard,{},d2ba9300-c570-4ce4-8f73-c03eb28a6b9f,7a86be4c-580b-404f-8b84-2bb989a2830a,b4bc7250-e091-4279-97b9-2bb47392a3f5,0ba24773-a2bb-410b-84b9-cbe8c68f9c63,
,,,L65,Standard,{},14c0e14a-da58-438e-bbcc-218c9d9ca307,31534ca6-ffdf-4e14-b7ed-275dec1ea68d,b4bc7250-e091-4279-97b9-2bb47392a3f5,1b30ff8b-4671-4f9e-98c5-fb7656ecc5cc,
,,,L65,Standard,{},4c154e3d-b0e9-43a4-a841-b9726f6d7ebb,31534ca6-ffdf-4e14-b7ed-275dec1ea68d,b4bc7250-e091-4279-97b9-2bb47392a3f5,f040221d-aee1-492c-bb82-7456cc5b2003,
,,,L35,Standard,{},ecda46df-af5b-48bd-adf3-557c7962ac16,31534ca6-ffdf-4e14-b7ed-275dec1ea68d,4c13a10e-955b-49f4-998c-ad54246c5ea4,1b30ff8b-4671-4f9e-98c5-fb7656ecc5cc,
,,,L35,Standard,{},6cef220b-92a2-4f6d-8205-01d0409be205,31534ca6-ffdf-4e14-b7ed-275dec1ea68d,4c13a10e-955b-49f4-998c-ad54246c5ea4,f040221d-aee1-492c-bb82-7456cc5b2003,
,,,L35,Standard,{},371d5dfc-bfd7-48a1-80f8-d7886677dac0,d0d44ca6-1d35-4a8f-9578-c72b40a32051,4c13a10e-955b-49f4-998c-ad54246c5ea4,1b30ff8b-4671-4f9e-98c5-fb7656ecc5cc,
,,,L35,Standard,{},fbfed3ef-b073-4a1c-86b8-5114a40ac0c4,d0d44ca6-1d35-4a8f-9578-c72b40a32051,4c13a10e-955b-49f4-998c-ad54246c5ea4,f040221d-aee1-492c-bb82-7456cc5b2003,
,,,L2M,Standard,{},9a528ce0-50d3-4768-b83a-0d4e53c3a1fb,3fdaa7cc-4b79-47f6-8630-1f35eb28805c,38bf4b55-880d-4951-a550-f6ad69734de2,72c0f538-40d1-48f1-bbbf-7abf6309d158,
,,,L2M,Standard,{},6b4ee5db-597e-48fc-99cf-d404325279d2,3fdaa7cc-4b79-47f6-8630-1f35eb28805c,38bf4b55-880d-4951-a550-f6ad69734de2,72c0f538-40d1-48f1-bbbf-7abf6309d158,
,,,L2M,Standard,{},ba6b0b75-500f-4b19-a6d2-1782765cad12,bde3aa8e-cf53-41af-890b-511af8b0e01a,38bf4b55-880d-4951-a550-f6ad69734de2,a057c1e8-e4c0-4d49-b22b-c498f83d6c4d,
,,,L2M,Standard,{},cfe52cf6-102b-48d1-8c90-288656b913c2,ca8544de-7369-4816-86c1-86fbdf040451,38bf4b55-880d-4951-a550-f6ad69734de2,19a6a142-cc99-4e11-bd38-10f9d6d46136,
,,,L2M,Standard,{},b762f7a6-ea05-4a60-ba77-524554a9f10f,ca8544de-7369-4816-86c1-86fbdf040451,38bf4b55-880d-4951-a550-f6ad69734de2,c5fe26e7-1403-4cb9-ab12-c2ece5de9b1a,
,,,L2M,Standard,{},97ef7b60-d6e0-44ba-9776-db7a8a9b1e9c,ca8544de-7369-4816-86c1-86fbdf040451,38bf4b55-880d-4951-a550-f6ad69734de2,c5fe26e7-1403-4cb9-ab12-c2ece5de9b1a,
,,,L2M,Standard,{},ed7f2ef9-c52f-4b52-a794-ec8e5a2a17c9,e3d6b61d-16b9-4769-b69e-1e80a183c831,20228f4d-ddf0-4369-abf8-2213e47696c7,72c0f538-40d1-48f1-bbbf-7abf6309d158,
,,,L2M,Standard,{},0aee7331-fad8-4d59-8be4-381636d45176,98d6d101-bdcb-4f3a-a437-c6d4129828ef,20228f4d-ddf0-4369-abf8-2213e47696c7,72c0f538-40d1-48f1-bbbf-7abf6309d158,
,,,L2M,Standard,{},bdecf77a-936b-49da-ae87-0b7ce6d4744a,f5442353-6f4c-4e53-87f5-9dabbd621f4c,20228f4d-ddf0-4369-abf8-2213e47696c7,2084b1e5-8172-4856-bef3-f52773aa97a6,
,,,L2M,Standard,{},28da61b7-462f-4bae-b479-1a3cb0204a25,f5442353-6f4c-4e53-87f5-9dabbd621f4c,20228f4d-ddf0-4369-abf8-2213e47696c7,2084b1e5-8172-4856-bef3-f52773aa97a6,
,,,L2M,Standard,{},6d69635f-bdbb-4cf7-abfa-efdb4e63db43,3ae8dab6-bc2d-45ea-98ae-fa19960ab97b,20228f4d-ddf0-4369-abf8-2213e47696c7,c5fe26e7-1403-4cb9-ab12-c2ece5de9b1a,
,,,L2M,Standard,{},8a78c0b3-cdf2-4ef5-b94d-0f2886b46db5,3ae8dab6-bc2d-45ea-98ae-fa19960ab97b,20228f4d-ddf0-4369-abf8-2213e47696c7,c5fe26e7-1403-4cb9-ab12-c2ece5de9b1a,
,,,X83,Standard,{},75bd282b-68b2-4da5-8fa4-f11fdecc4082,4b7db094-ea9e-4034-a3f6-cdf44b7a11c9,6287a49f-791a-463b-9416-5dfa6d46de8d,85c80bee-114f-405f-882a-248f1b8765d6,
,,,X83,Standard,{},37fe99da-ec3c-4c1c-bd95-b48f566594f1,46632fb6-3aac-4701-b94e-dd23cbbaaf4a,6287a49f-791a-463b-9416-5dfa6d46de8d,a83fa782-a1bc-4d3e-a5fb-d7d186b2913a,
,,,X83,Standard,{},e3e5e7a5-8b87-4508-b282-5d705a2bc793,46632fb6-3aac-4701-b94e-dd23cbbaaf4a,6287a49f-791a-463b-9416-5dfa6d46de8d,85c80bee-114f-405f-882a-248f1b8765d6,
,,,X83,Standard,{},aa22684c-2803-40d1-ae08-9ac0e4a7e1f5,ad7a4ca4-b04a-4759-91ca-a6ae3df04119,6287a49f-791a-463b-9416-5dfa6d46de8d,85c80bee-114f-405f-882a-248f1b8765d6,
,,,X83,Standard,{},df2fd36b-c1b3-4417-b4b5-2e692e8a5b6b,4b7db094-ea9e-4034-a3f6-cdf44b7a11c9,c657f672-af2a-4794-a7ca-856e89b77147,85c80bee-114f-405f-882a-248f1b8765d6,
,,,X83,Standard,{},82608627-c050-499d-a95f-4edec50b8fdc,3ae8dab6-bc2d-45ea-98ae-fa19960ab97b,c657f672-af2a-4794-a7ca-856e89b77147,080a2402-a260-4bdc-b627-0e78b1b1b2f6,
,,,X83,Standard,{},aaed8b3b-0c8e-457a-bfa2-d8db2e69dde6,3ae8dab6-bc2d-45ea-98ae-fa19960ab97b,c657f672-af2a-4794-a7ca-856e89b77147,080a2402-a260-4bdc-b627-0e78b1b1b2f6,
,,,X83,Standard,{},22816d6e-8772-406a-971d-3bd343d8804e,3ae8dab6-bc2d-45ea-98ae-fa19960ab97b,c657f672-af2a-4794-a7ca-856e89b77147,ce713ee7-dc6d-4331-bea5-b2e7fb3c94da,
,,,X83,Standard,{},06acc368-939e-4593-b2c4-1085dec7f4e1,ad7a4ca4-b04a-4759-91ca-a6ae3df04119,c657f672-af2a-4794-a7ca-856e89b77147,080a2402-a260-4bdc-b627-0e78b1b1b2f6,
,,,X83,Standard,{},cc6ec760-f010-47fb-b6fe-2156a7e27abf,ad7a4ca4-b04a-4759-91ca-a6ae3df04119,c657f672-af2a-4794-a7ca-856e89b77147,ce713ee7-dc6d-4331-bea5-b2e7fb3c94da,
,,,X82,Standard,{},5ae97640-9f4e-4315-9b67-9378a2f1df73,ca8544de-7369-4816-86c1-86fbdf040451,cebdc77d-987a-4391-9dbb-ae7e7be51b46,080a2402-a260-4bdc-b627-0e78b1b1b2f6,
,,,X82,Standard,{},485c10df-d6e6-4288-a532-46c1abd0b3b6,ca8544de-7369-4816-86c1-86fbdf040451,cebdc77d-987a-4391-9dbb-ae7e7be51b46,080a2402-a260-4bdc-b627-0e78b1b1b2f6,
,,,X82,Standard,{},abf408dc-239f-4758-9c9e-dc25b1c3abca,ca8544de-7369-4816-86c1-86fbdf040451,cebdc77d-987a-4391-9dbb-ae7e7be51b46,080a2402-a260-4bdc-b627-0e78b1b1b2f6,
,,,X82,Standard,{},50f02409-5e0a-4552-9c48-017cbb7d5085,ca8544de-7369-4816-86c1-86fbdf040451,cebdc77d-987a-4391-9dbb-ae7e7be51b46,080a2402-a260-4bdc-b627-0e78b1b1b2f6,
,,,X82,Standard,{},6e23a7a8-c9f9-4eca-802c-20fd850b66c0,ca8544de-7369-4816-86c1-86fbdf040451,c11bd129-e80e-4159-a12c-7814aa61c064,080a2402-a260-4bdc-b627-0e78b1b1b2f6,
,,,X82,Standard,{},8e2b32bf-c90f-44c3-a456-47e804780241,f5442353-6f4c-4e53-87f5-9dabbd621f4c,c11bd129-e80e-4159-a12c-7814aa61c064,080a2402-a260-4bdc-b627-0e78b1b1b2f6,
,,,X82,Standard,{},61ceeec1-6cf8-46f9-b15e-a66e887814ff,3ae8dab6-bc2d-45ea-98ae-fa19960ab97b,c11bd129-e80e-4159-a12c-7814aa61c064,080a2402-a260-4bdc-b627-0e78b1b1b2f6,
,,,X82,Standard,{},cbc1445e-f334-47f3-aceb-0103813bd667,f5442353-6f4c-4e53-87f5-9dabbd621f4c,c11bd129-e80e-4159-a12c-7814aa61c064,c5fe26e7-1403-4cb9-ab12-c2ece5de9b1a,
,,,X82,Standard,{},1429a1b6-95bd-40af-8a58-08858c2471ab,3ae8dab6-bc2d-45ea-98ae-fa19960ab97b,c11bd129-e80e-4159-a12c-7814aa61c064,080a2402-a260-4bdc-b627-0e78b1b1b2f6,
,,,C06,Standard,{},99f96ffc-8e7d-42cb-85b9-06bfd7dc29c9,ce96384c-aac9-4fc0-a08c-9b5627fd894d,c3f4420e-3456-4555-83dd-b88bbea35c29,0ba24773-a2bb-410b-84b9-cbe8c68f9c63,
,,,C06,Standard,{},e5287f24-f4fb-45a5-b47d-8dd60be3b42c,67cedb0d-9e9f-4dff-b207-5e541c14f73b,c3f4420e-3456-4555-83dd-b88bbea35c29,0ba24773-a2bb-410b-84b9-cbe8c68f9c63,
,,,C06,Standard,{},a894761a-2d42-463a-8a03-5547f79d4656,67cedb0d-9e9f-4dff-b207-5e541c14f73b,331f9699-24df-4233-80aa-67462de598e5,0ba24773-a2bb-410b-84b9-cbe8c68f9c63,
,,,C06,Standard,{},14655d6c-0822-4391-9269-21d7ce978d41,36a82362-f5e3-4d75-8709-25afc582c91b,331f9699-24df-4233-80aa-67462de598e5,0ba24773-a2bb-410b-84b9-cbe8c68f9c63,
,,,C06,Standard,{},5a29b571-2575-476c-a938-bed67d644a02,36a82362-f5e3-4d75-8709-25afc582c91b,331f9699-24df-4233-80aa-67462de598e5,0ba24773-a2bb-410b-84b9-cbe8c68f9c63,
,,,C44,Standard,{},0ac16915-691f-4605-9612-e02328b01c7c,67cedb0d-9e9f-4dff-b207-5e541c14f73b,1d853074-2b76-44dd-8d43-7a309e425ae8,0ba24773-a2bb-410b-84b9-cbe8c68f9c63,
,,,C44,Standard,{},9143a7a2-93e0-4031-9d14-fd0227b3903d,36a82362-f5e3-4d75-8709-25afc582c91b,1d853074-2b76-44dd-8d43-7a309e425ae8,c5defd24-a6a1-4a1c-8ebd-4f31656ade92,
,,,C44,Standard,{},db0ec601-99d9-4f31-9dc5-25e60cd36e0c,c3933b96-1e8d-4381-8b30-510f59ccf8e7,1d853074-2b76-44dd-8d43-7a309e425ae8,9664f1bd-0ffc-47ab-bb5a-56fc377e0ef7,
,,,C44,Standard,{},7ccaa5a1-8cb9-42a8-8125-e1ead20e4cc8,bde3aa8e-cf53-41af-890b-511af8b0e01a,1d853074-2b76-44dd-8d43-7a309e425ae8,9664f1bd-0ffc-47ab-bb5a-56fc377e0ef7,
,,,C44,RS (Sport),{},1044f16e-b842-41aa-a6fa-39210b699f0f,d0d44ca6-1d35-4a8f-9578-c72b40a32051,1d853074-2b76-44dd-8d43-7a309e425ae8,03373694-08e8-48e6-af55-bcad28288acc,
,,,C44,Standard,{},2aff6f2c-f4d0-4a5d-ab40-f28eca12bd4f,36a82362-f5e3-4d75-8709-25afc582c91b,b3b46c05-91e1-43f6-abd1-360738420490,c5defd24-a6a1-4a1c-8ebd-4f31656ade92,
,,,C44,Standard,{},f09e3902-5100-4745-85c4-0bd2380a6457,c3933b96-1e8d-4381-8b30-510f59ccf8e7,b3b46c05-91e1-43f6-abd1-360738420490,9664f1bd-0ffc-47ab-bb5a-56fc377e0ef7,
,,,C44,Standard,{},1d5fc737-3905-4adc-a364-a7143ac821ca,bde3aa8e-cf53-41af-890b-511af8b0e01a,b3b46c05-91e1-43f6-abd1-360738420490,03373694-08e8-48e6-af55-bcad28288acc,
,,,C07,Standard,{},e1876ecc-baf3-4fc1-911d-cb1e61f0b2fa,55bb3fe1-e388-4266-a3af-502e0e3f01dc,88be3cdf-3e2b-44ce-aa2a-a92d178c2d1b,79fb63ec-055d-4e2d-afaa-7e307566170a,
,,,C07,Standard,{},9ef1bbc5-8a22-47eb-87e4-fe734e6a22fa,55bb3fe1-e388-4266-a3af-502e0e3f01dc,88be3cdf-3e2b-44ce-aa2a-a92d178c2d1b,13256d6a-b90e-40a8-949f-fc82620e6a50,
,,,C07,Standard,{},08fac67a-804b-4c56-ba27-2d7059e8d21c,55bb3fe1-e388-4266-a3af-502e0e3f01dc,88be3cdf-3e2b-44ce-aa2a-a92d178c2d1b,79fb63ec-055d-4e2d-afaa-7e307566170a,
,,,C07,Standard,{},4234d045-b7d3-46ef-9206-ebffe2da5eea,55bb3fe1-e388-4266-a3af-502e0e3f01dc,88be3cdf-3e2b-44ce-aa2a-a92d178c2d1b,13256d6a-b90e-40a8-949f-fc82620e6a50,
,,,C07,Standard,{},a7f98cab-53e0-4bc3-9d2b-aff9a0e55ea0,a967370d-259e-41b7-a04b-b98b87b50746,88be3cdf-3e2b-44ce-aa2a-a92d178c2d1b,79fb63ec-055d-4e2d-afaa-7e307566170a,
,,,C07,Standard,{},3290938f-f4c7-4880-bb5c-7555095c0a1f,a967370d-259e-41b7-a04b-b98b87b50746,88be3cdf-3e2b-44ce-aa2a-a92d178c2d1b,13256d6a-b90e-40a8-949f-fc82620e6a50,
,,,C07,Standard,{},63ca325f-a298-49d3-822a-8aed313b8ecf,1286e642-6a68-4fec-a9f1-bc4eaead2605,af09dc31-2543-4bc7-95b7-b32f0e6cd977,79fb63ec-055d-4e2d-afaa-7e307566170a,
,,,B73,Standard,{},34473a9f-64e2-4087-89ee-7ad9abb42105,01385a5d-a5ca-42cb-b5cd-487242af9eca,e9befb45-8577-4745-9a18-36a5ccf07574,cc49f4ea-8ff5-413a-95f9-46e0e07cc8b3,
,,,B73,Standard,{},e2ee9ee4-06b5-4868-b082-96f1e11c668e,70d5cf88-5e80-4233-b6c9-ea54cd95be0f,e9befb45-8577-4745-9a18-36a5ccf07574,cc49f4ea-8ff5-413a-95f9-46e0e07cc8b3,
,,,B73,Standard,{},a6c5841a-2d98-4f5b-9f1f-b615c79b7a85,01385a5d-a5ca-42cb-b5cd-487242af9eca,115ac986-a430-47e4-900e-411a711a2fb2,cc49f4ea-8ff5-413a-95f9-46e0e07cc8b3,
,,,B73,Standard,{},21eda96c-cfda-433d-9558-172be00d12ca,70d5cf88-5e80-4233-b6c9-ea54cd95be0f,115ac986-a430-47e4-900e-411a711a2fb2,cc49f4ea-8ff5-413a-95f9-46e0e07cc8b3,
,,,B73,Standard,{},b01257c3-fb29-4770-8535-e3c725c370bf,d9c2568e-0a2f-436c-bcc6-813a25e7d738,115ac986-a430-47e4-900e-411a711a2fb2,cc49f4ea-8ff5-413a-95f9-46e0e07cc8b3,
,,,B73,Standard,{},5c8b6ec1-f369-4a02-bc90-7546843bc85b,20dc9302-639a-43e6-8537-49777b5f054d,115ac986-a430-47e4-900e-411a711a2fb2,cc49f4ea-8ff5-413a-95f9-46e0e07cc8b3,
,,,E33,Standard,{},9ee9af0c-2d05-499a-80ce-521c5662c1f4,c3933b96-1e8d-4381-8b30-510f59ccf8e7,869f9df9-9305-492e-8bde-0bc4bb77876c,9664f1bd-0ffc-47ab-bb5a-56fc377e0ef7,
,,,E33,Standard,{},045b0737-66a5-4961-95e7-0398e44c3117,d0d44ca6-1d35-4a8f-9578-c72b40a32051,869f9df9-9305-492e-8bde-0bc4bb77876c,03373694-08e8-48e6-af55-bcad28288acc,
,,,C200,Standard,{},a9d800be-4239-41ac-8755-ac1007f467c0,33e4fb8d-9693-465a-87fa-c342812d9aef,c7c5609b-dd4a-4840-ba35-a0489ef3f530,b6109ca4-7590-4fe5-9dd1-96ef8f9f4c01,
,,,C200,Standard,{},66356f18-d3a8-41ef-8329-dcb47625a9b3,33e4fb8d-9693-465a-87fa-c342812d9aef,d14ea5a7-66e2-48b2-a85b-bebd2d098eda,b6109ca4-7590-4fe5-9dd1-96ef8f9f4c01,
,,,WM,Standard,{},db1641c5-7661-4aeb-91b1-5d19fe74ee8a,c2e1da59-acd3-4553-9f7a-547628d18e9e,26b3c87a-5782-43e3-b4eb-7a38a79745de,38b0791b-ff95-4920-90ae-dc7262c7f9f6,
,,,WM,Standard,{},2d1aeecc-6290-44d2-8dd0-cbd4a02e0ddc,c2e1da59-acd3-4553-9f7a-547628d18e9e,205da787-1381-444f-a509-b3fa5ad73d74,38b0791b-ff95-4920-90ae-dc7262c7f9f6,
,,,SJ,Standard,{},789082ec-9cee-434b-8236-d3d43a7baf82,9dae0c64-8a66-4e16-991f-e7871f6b0757,c525b07c-9787-4efd-96d0-9e3f159cc6b1,ac61e451-3dfd-441b-b02c-b255cea4a4c2,
,,,SJ,Standard,{},b3209ffb-bb69-4176-8bad-633cab972816,c120b1d0-8c58-44a3-8bd2-78400835e74f,c525b07c-9787-4efd-96d0-9e3f159cc6b1,38b0791b-ff95-4920-90ae-dc7262c7f9f6,
,,,SJ,Standard,{},a7d47701-06a8-4a2c-85e5-f8fa219cf771,7edeb775-ec4b-4f0d-9bcb-4c3c27f595a1,c525b07c-9787-4efd-96d0-9e3f159cc6b1,ac61e451-3dfd-441b-b02c-b255cea4a4c2,
,,,SJ,Standard,{},98ef79e9-8eb9-4a02-bf37-ecaeea615648,9dae0c64-8a66-4e16-991f-e7871f6b0757,abe094e2-9126-4186-99a7-9b0c6a5ca034,ac61e451-3dfd-441b-b02c-b255cea4a4c2,
,,,SJ,Standard,{},923b92eb-d38c-49e0-9afa-09847f53bd8d,c120b1d0-8c58-44a3-8bd2-78400835e74f,abe094e2-9126-4186-99a7-9b0c6a5ca034,38b0791b-ff95-4920-90ae-dc7262c7f9f6,
,,,SJ,Standard,{},05103723-a14c-4bb6-8a50-731c0ec62eaa,7edeb775-ec4b-4f0d-9bcb-4c3c27f595a1,abe094e2-9126-4186-99a7-9b0c6a5ca034,ac61e451-3dfd-441b-b02c-b255cea4a4c2,
,,,SJ,Standard,{},58cc4602-bd54-4b3d-96d8-abbb8ea60f99,55e7fce1-f3ac-4209-835a-4911c32ee18e,abe094e2-9126-4186-99a7-9b0c6a5ca034,38b0791b-ff95-4920-90ae-dc7262c7f9f6,
,,,SK,Standard,{},efa5a769-ee21-4946-aeaa-1adecf962c1c,a4e288af-a141-467a-84cf-411fa32fe55d,2f032ec6-9daa-4c52-bee5-840920e5947b,ac61e451-3dfd-441b-b02c-b255cea4a4c2,
,,,SK,Standard,{},3c4b405c-b0bd-4d72-b642-363e43e9eb41,fd2691a0-d181-451c-9705-1b5227096e81,2f032ec6-9daa-4c52-bee5-840920e5947b,ac61e451-3dfd-441b-b02c-b255cea4a4c2,
,,,SK,Standard,{},5b4dc723-1d31-44b4-b9d0-f971475b7963,a4e288af-a141-467a-84cf-411fa32fe55d,a451f1b7-51bd-44d6-b426-06b094780398,ac61e451-3dfd-441b-b02c-b255cea4a4c2,
,,,SK,Standard,{},8fe98b0c-bacb-4ad7-8a96-969812b2c8f5,fd2691a0-d181-451c-9705-1b5227096e81,a451f1b7-51bd-44d6-b426-06b094780398,ac61e451-3dfd-441b-b02c-b255cea4a4c2,
,,,GE,Standard,{},d7726ffd-a5a7-4d66-a39c-e8bf1122aaa6,69c16c6c-340b-402e-9ab7-122506b5331a,68eea381-cc8c-42e5-b51b-7acebf2355b0,548928c3-918e-40ba-a1da-429a56384d95,
,,,GE,Standard,{},bde517d7-1aad-4f60-9c0b-58d02073923f,f4333c44-b829-488a-bf0f-2f65d479851d,68eea381-cc8c-42e5-b51b-7acebf2355b0,548928c3-918e-40ba-a1da-429a56384d95,
,,,GE,Standard,{},471ac711-68be-453c-84e8-da3bbc1a7630,dac7227d-0902-46f8-ac7d-1f54ad87ccdd,68eea381-cc8c-42e5-b51b-7acebf2355b0,548928c3-918e-40ba-a1da-429a56384d95,
,,,GJ,Standard,{},c6357760-a43c-4e93-b1e5-181966892804,e2fcdeae-1c29-4977-8327-7024facf2436,4a57a365-52bf-4e35-a374-9a0d366eae7f,ac61e451-3dfd-441b-b02c-b255cea4a4c2,
,,,GJ,Standard,{},e7945eed-4c4e-45c1-af60-980e00c96dc1,9dae0c64-8a66-4e16-991f-e7871f6b0757,4a57a365-52bf-4e35-a374-9a0d366eae7f,ac61e451-3dfd-441b-b02c-b255cea4a4c2,
,,,GJ,Standard,{},b7a72431-d657-43f4-ae13-b17e6c36ea1f,e2fcdeae-1c29-4977-8327-7024facf2436,0ab380d8-7b96-4def-891a-6586c37169f2,ac61e451-3dfd-441b-b02c-b255cea4a4c2,
,,,GJ,Standard,{},297eb1e9-bfd1-4336-8929-4cebe81d713f,9dae0c64-8a66-4e16-991f-e7871f6b0757,0ab380d8-7b96-4def-891a-6586c37169f2,ac61e451-3dfd-441b-b02c-b255cea4a4c2,
,,,BN,Standard,{},31dce124-2a06-43d1-816f-1d87edf672bd,7edeb775-ec4b-4f0d-9bcb-4c3c27f595a1,51db3b65-2cc8-4972-9f45-e02132dddf4f,ac61e451-3dfd-441b-b02c-b255cea4a4c2,
,,,BN,Standard,{},244d0b00-529f-43d7-a579-a783f3e2334c,565a7640-1f1a-4951-ac7c-cc8b41cbf4d7,51db3b65-2cc8-4972-9f45-e02132dddf4f,38b0791b-ff95-4920-90ae-dc7262c7f9f6,
,,,BN,Standard,{},be0518af-ff5f-4605-aae2-02501b00a59f,7edeb775-ec4b-4f0d-9bcb-4c3c27f595a1,90bfb224-d73c-4f7f-814c-7d29ab61e5b0,ac61e451-3dfd-441b-b02c-b255cea4a4c2,
,,,BN,Standard,{},ad8a7b35-eeb1-4387-975d-c896a17950ff,565a7640-1f1a-4951-ac7c-cc8b41cbf4d7,90bfb224-d73c-4f7f-814c-7d29ab61e5b0,38b0791b-ff95-4920-90ae-dc7262c7f9f6,
,,,BW,Standard,{},4fa4c65c-8eb8-47cc-8109-bfe1d33777e9,c2e1da59-acd3-4553-9f7a-547628d18e9e,112caf38-c22f-4617-9932-5bcfaeef730c,38b0791b-ff95-4920-90ae-dc7262c7f9f6,
,,,BW,Standard,{},ce1b6770-be39-4128-b81e-f6c5aafac164,fd2691a0-d181-451c-9705-1b5227096e81,112caf38-c22f-4617-9932-5bcfaeef730c,ac61e451-3dfd-441b-b02c-b255cea4a4c2,
,,,BW,Standard,{},a6cbf888-158e-49c8-9eeb-e2257b583a00,c2e1da59-acd3-4553-9f7a-547628d18e9e,84e25e82-e2d5-4cfe-8352-01a56d162c20,38b0791b-ff95-4920-90ae-dc7262c7f9f6,
,,,BW,Standard,{},b1de8e43-f882-47a1-9ed6-287d0c8b82b7,fd2691a0-d181-451c-9705-1b5227096e81,84e25e82-e2d5-4cfe-8352-01a56d162c20,ac61e451-3dfd-441b-b02c-b255cea4a4c2,
,,,VM,Standard,{},cb77e53a-d31d-43e3-b51f-e9e479c6f0f1,2ec7b0bd-60ed-44cc-aed9-27bedcc08bc5,1080a6ec-fff5-4e73-b11c-bd75a9672f31,ac61e451-3dfd-441b-b02c-b255cea4a4c2,
,,,VM,Standard,{},bba956cc-7853-4d65-b9b1-fb6ce6d9c7f6,c120b1d0-8c58-44a3-8bd2-78400835e74f,1080a6ec-fff5-4e73-b11c-bd75a9672f31,38b0791b-ff95-4920-90ae-dc7262c7f9f6,
,,,VM,Standard,{},0789fd04-4e0a-4fe6-a8b5-be4b6ed2b588,2ec7b0bd-60ed-44cc-aed9-27bedcc08bc5,82e514b0-1a04-4218-92c3-771a0f91bede,ac61e451-3dfd-441b-b02c-b255cea4a4c2,
,,,VM,Standard,{},c79a5b7a-0e4e-4514-8223-132b9df66c5a,c120b1d0-8c58-44a3-8bd2-78400835e74f,82e514b0-1a04-4218-92c3-771a0f91bede,38b0791b-ff95-4920-90ae-dc7262c7f9f6,
,,,VN,Standard,{},f37a4219-0a82-4e67-a97a-0b8302da2956,ce9e2e29-1545-41e7-ad77-a7d427b429c2,6aedbafb-fae4-451a-a3f3-fe753e73655d,38b0791b-ff95-4920-90ae-dc7262c7f9f6,
,,,VN,Standard,{},31980951-e83c-4caa-91d1-1ab0c760f15a,c2e1da59-acd3-4553-9f7a-547628d18e9e,6aedbafb-fae4-451a-a3f3-fe753e73655d,38b0791b-ff95-4920-90ae-dc7262c7f9f6,
,,,VN,Standard,{},1a204a3c-a3ab-46a8-9d32-320c85a3a2f5,ce9e2e29-1545-41e7-ad77-a7d427b429c2,a8ed4daf-f429-470c-859e-363f1aa531cd,38b0791b-ff95-4920-90ae-dc7262c7f9f6,
,,,BS,Standard,{},05ef8764-bd1f-46d4-bfec-8a111ddf462b,7edeb775-ec4b-4f0d-9bcb-4c3c27f595a1,d392a3a7-40e7-4879-95c1-01b1ddae3f5e,ac61e451-3dfd-441b-b02c-b255cea4a4c2,
,,,BS,Standard,{},c4de544d-e06d-4058-8957-5689eada7b75,565a7640-1f1a-4951-ac7c-cc8b41cbf4d7,d392a3a7-40e7-4879-95c1-01b1ddae3f5e,38b0791b-ff95-4920-90ae-dc7262c7f9f6,
,,,BS,Standard,{},5fae6a3b-c91e-43f3-bfc7-a064544203f8,55e7fce1-f3ac-4209-835a-4911c32ee18e,d392a3a7-40e7-4879-95c1-01b1ddae3f5e,38b0791b-ff95-4920-90ae-dc7262c7f9f6,
,,,BS,Standard,{},105e2aa3-1ff1-468b-bc6c-7ec27e9d6e2a,7edeb775-ec4b-4f0d-9bcb-4c3c27f595a1,41c25565-deba-414d-b940-36f5fd2fd3a7,ac61e451-3dfd-441b-b02c-b255cea4a4c2,
,,,BS,Standard,{},ed4efbcf-3884-448d-a736-036f651cd3fe,565a7640-1f1a-4951-ac7c-cc8b41cbf4d7,41c25565-deba-414d-b940-36f5fd2fd3a7,38b0791b-ff95-4920-90ae-dc7262c7f9f6,
,,,BT,Standard,{},f6583292-08d0-40d6-926e-5c729f874caa,c2e1da59-acd3-4553-9f7a-547628d18e9e,1373f8be-187f-4426-9145-7e0ba369bcf9,38b0791b-ff95-4920-90ae-dc7262c7f9f6,
,,,BT,Standard,{},a296d160-1b19-41ea-a983-e528cee5425b,fd2691a0-d181-451c-9705-1b5227096e81,1373f8be-187f-4426-9145-7e0ba369bcf9,ac61e451-3dfd-441b-b02c-b255cea4a4c2,
,,,BT,Standard,{},3537dc2b-46ef-4d6d-8642-990ec72df6ff,c2e1da59-acd3-4553-9f7a-547628d18e9e,ec760c55-9d37-4f8a-aa37-5b8b37934444,38b0791b-ff95-4920-90ae-dc7262c7f9f6,
,,,BT,Standard,{},e5496211-4cff-4533-a182-b4d1756feb74,fd2691a0-d181-451c-9705-1b5227096e81,ec760c55-9d37-4f8a-aa37-5b8b37934444,ac61e451-3dfd-441b-b02c-b255cea4a4c2,
,,,WX,Standard,{},abd42285-bba3-4cc2-becd-d040122daf53,c7c83a09-1a87-4a0e-aa22-ed0910847cb0,d9253d49-edc5-42d3-b970-af1c41406708,bb68d4bb-ab10-4e2f-ada8-78b995927cff,
,,,WX,Standard,{},e5bdcd30-48f9-4436-89fe-1677c6b8afaf,c7c83a09-1a87-4a0e-aa22-ed0910847cb0,33dab803-d644-44a4-900f-2939355ed2ac,bb68d4bb-ab10-4e2f-ada8-78b995927cff,
,,,WX,Standard,{},551db48d-32d4-4152-b27a-eb6080499afa,565a7640-1f1a-4951-ac7c-cc8b41cbf4d7,33dab803-d644-44a4-900f-2939355ed2ac,bb68d4bb-ab10-4e2f-ada8-78b995927cff,
,,,T240,Standard,{},073e829e-708e-4d6f-b462-22ca3038617e,d24e1944-3dba-4d91-98e8-683f8b4f350f,40176983-779d-4560-8b84-218b3049b56f,44b5f159-e169-4e05-8522-a94502036158,
,,,T240,Standard,{},4de3a5e4-73e0-48b1-a26d-64b8f9e2efe0,701de837-f4e9-4acb-9130-adb78e4d6c62,40176983-779d-4560-8b84-218b3049b56f,294515a3-60ac-42d7-a865-f0e4b7e2a49a,
,,,T240,Standard,{},99c7ec23-acd3-4c47-afb0-a97e21a84f0d,0a46b76a-300f-428b-a70f-cc7e8c03702e,40176983-779d-4560-8b84-218b3049b56f,9c36703d-e688-4f58-99ea-67694edd7b78,
,,,T240,Standard,{},322dba6f-7b44-414a-b2d4-05f58d67257a,701de837-f4e9-4acb-9130-adb78e4d6c62,40176983-779d-4560-8b84-218b3049b56f,f780363d-d04b-43de-b740-8c3543a1b454,
,,,T240,Standard,{},ca8cf764-39e5-43b9-8b0e-90c1cc28abef,d24e1944-3dba-4d91-98e8-683f8b4f350f,9718e498-f217-4e00-af7f-6ec1cc22f8bd,44b5f159-e169-4e05-8522-a94502036158,
,,,T240,Standard,{},512c0d95-2a15-4f22-b85c-c13c35e8294d,701de837-f4e9-4acb-9130-adb78e4d6c62,9718e498-f217-4e00-af7f-6ec1cc22f8bd,294515a3-60ac-42d7-a865-f0e4b7e2a49a,
,,,T240,Standard,{},be550e54-dce8-4747-9818-36ae724f1621,0a46b76a-300f-428b-a70f-cc7e8c03702e,9718e498-f217-4e00-af7f-6ec1cc22f8bd,9c36703d-e688-4f58-99ea-67694edd7b78,
,,,T240,Standard,{},a3ba0a3a-9684-4d72-8e92-85ea0afcbd0b,701de837-f4e9-4acb-9130-adb78e4d6c62,9718e498-f217-4e00-af7f-6ec1cc22f8bd,f780363d-d04b-43de-b740-8c3543a1b454,
,,,T260,Standard,{},aec1cafd-41dd-4b6d-afbb-77a94cc2821e,d24e1944-3dba-4d91-98e8-683f8b4f350f,cabcd9f3-b5dd-42d9-9cca-aa6500a8747f,4c79d641-9625-4be5-83ff-dfdbf969464c,
,,,T260,Standard,{},f356af6e-e37d-4e53-8503-1ef31e65ce82,feb60ed7-f877-47ae-9878-89cabf801766,cabcd9f3-b5dd-42d9-9cca-aa6500a8747f,5cf66f87-5cee-4c28-9421-c1c7a3b4d76a,
,,,T260,Standard,{},148f90d2-154c-46f5-89bd-9285f7483cf2,e146c59f-4afc-4627-b42c-207e14135d54,cabcd9f3-b5dd-42d9-9cca-aa6500a8747f,c8df17ce-ac38-40f2-829b-be9f49a38e26,
,,,T260,Standard,{},e8908447-0716-47e1-9d50-00127cda59a1,feb60ed7-f877-47ae-9878-89cabf801766,cabcd9f3-b5dd-42d9-9cca-aa6500a8747f,73231830-fc9e-444f-9790-bc1cdce66f69,
,,,T260,Standard,{},ad50ac02-c7e0-4bef-ba7b-e2ef5445bbe2,d24e1944-3dba-4d91-98e8-683f8b4f350f,0173970e-4902-4140-84c0-7ceea072f49d,4c79d641-9625-4be5-83ff-dfdbf969464c,
,,,T260,Standard,{},21665ac8-bcb8-48df-9db7-cee42543cbc6,feb60ed7-f877-47ae-9878-89cabf801766,0173970e-4902-4140-84c0-7ceea072f49d,5cf66f87-5cee-4c28-9421-c1c7a3b4d76a,
,,,T260,Standard,{},0826e50a-507f-4320-9f76-f9e351862004,e146c59f-4afc-4627-b42c-207e14135d54,0173970e-4902-4140-84c0-7ceea072f49d,c8df17ce-ac38-40f2-829b-be9f49a38e26,
,,,T260,Standard,{},ecb063f9-e481-4658-ada4-a0bee0981d34,b10ef6e6-b7bc-4828-8aa9-e925a9bd7c37,0173970e-4902-4140-84c0-7ceea072f49d,73231830-fc9e-444f-9790-bc1cdce66f69,
,,,T260,Standard,{},97566cba-9deb-42a7-b7d4-f9e0209a67c5,d24e1944-3dba-4d91-98e8-683f8b4f350f,0173970e-4902-4140-84c0-7ceea072f49d,3a200ffc-3321-46c6-a116-2cb5c7a7e65e,
,,,T260,Standard,{},29115e3c-12a7-4bd0-818d-21b56d639055,b10ef6e6-b7bc-4828-8aa9-e925a9bd7c37,0173970e-4902-4140-84c0-7ceea072f49d,5cf66f87-5cee-4c28-9421-c1c7a3b4d76a,
,,,T260,Standard,{},64d50f95-5a2d-4017-bdde-e571697ca468,e146c59f-4afc-4627-b42c-207e14135d54,0173970e-4902-4140-84c0-7ceea072f49d,c8df17ce-ac38-40f2-829b-be9f49a38e26,
,,,T260,Standard,{},37004a6e-456d-4995-8522-9fb26dc20432,b10ef6e6-b7bc-4828-8aa9-e925a9bd7c37,0173970e-4902-4140-84c0-7ceea072f49d,73231830-fc9e-444f-9790-bc1cdce66f69,
,,,E150,Standard,{},6a0ccd80-dbef-4276-9de9-dec187ad42ff,8075f0de-2f64-4888-88eb-258e2d8786b9,52e8cde3-ea1b-4dda-9eb2-44ab783ef191,03e7ccf6-e6b0-4ba9-92f5-f093ca7a7ccb,
,,,E150,Standard,{},91554962-53e9-47d6-8845-2774e63f1697,828eb635-78f1-41ef-92bf-3071cb8eb2ef,52e8cde3-ea1b-4dda-9eb2-44ab783ef191,194cb10a-ed09-4f9f-a55b-6e93a7e0d8d6,
,,,E150,Standard,{},8764a606-f2e9-476b-86b9-a21cf037b3f7,8075f0de-2f64-4888-88eb-258e2d8786b9,97a3574a-8458-4b3c-9d38-31ff1f98b913,44b5f159-e169-4e05-8522-a94502036158,
,,,E150,Standard,{},399be1d8-5b79-4876-a8e0-1278f6129647,d24e1944-3dba-4d91-98e8-683f8b4f350f,37e966a5-b192-4927-a6a0-e9d41d0783b5,4c79d641-9625-4be5-83ff-dfdbf969464c,
,,,E150,Standard,{},d01d82d9-5f87-4b37-a0ec-9d76ee51edb3,feb60ed7-f877-47ae-9878-89cabf801766,37e966a5-b192-4927-a6a0-e9d41d0783b5,5cf66f87-5cee-4c28-9421-c1c7a3b4d76a,
,,,E150,Standard,{},29d63495-5084-4279-9696-4528ed96b081,d24e1944-3dba-4d91-98e8-683f8b4f350f,37e966a5-b192-4927-a6a0-e9d41d0783b5,cc26dbea-3c05-4c08-a363-31bb1b0d02b3,
,,,E150,Standard,{},4f2331f8-7e4c-4a22-b055-986d5a3bf3af,feb60ed7-f877-47ae-9878-89cabf801766,37e966a5-b192-4927-a6a0-e9d41d0783b5,73231830-fc9e-444f-9790-bc1cdce66f69,
,,,E150,Standard,{},2d5cbc3b-c52d-4dd6-a3db-93d164f8881a,d24e1944-3dba-4d91-98e8-683f8b4f350f,d24eda77-57f7-4cff-bf13-2039136b5492,4c79d641-9625-4be5-83ff-dfdbf969464c,
,,,E150,Standard,{},b0c25029-5552-4a52-83c2-88d940004925,b10ef6e6-b7bc-4828-8aa9-e925a9bd7c37,d24eda77-57f7-4cff-bf13-2039136b5492,5cf66f87-5cee-4c28-9421-c1c7a3b4d76a,
,,,E150,Standard,{},60ab6d7f-9d96-4069-8d1b-9d9cb27edc3a,d24e1944-3dba-4d91-98e8-683f8b4f350f,d24eda77-57f7-4cff-bf13-2039136b5492,cc26dbea-3c05-4c08-a363-31bb1b0d02b3,
,,,E150,Standard,{},5578cb8b-0cd2-4556-a4e5-a2d8c64a319a,b10ef6e6-b7bc-4828-8aa9-e925a9bd7c37,d24eda77-57f7-4cff-bf13-2039136b5492,73231830-fc9e-444f-9790-bc1cdce66f69,
,,,E180,Standard,{},3abf3daa-4b65-4480-8ac4-cc06b8adf2d2,d24e1944-3dba-4d91-98e8-683f8b4f350f,4df34e1d-dd12-41f9-be54-f8734c0b1f6a,3a200ffc-3321-46c6-a116-2cb5c7a7e65e,
,,,E180,Standard,{},f7acfb64-9c78-4aeb-939e-6beab09804f3,b10ef6e6-b7bc-4828-8aa9-e925a9bd7c37,4df34e1d-dd12-41f9-be54-f8734c0b1f6a,5cf66f87-5cee-4c28-9421-c1c7a3b4d76a,
,,,E180,Standard,{},a03e71a7-3ddb-4d7e-9622-c2ed654c84a8,d24e1944-3dba-4d91-98e8-683f8b4f350f,4df34e1d-dd12-41f9-be54-f8734c0b1f6a,cc26dbea-3c05-4c08-a363-31bb1b0d02b3,
,,,E180,Standard,{},5278eaf0-c146-491c-be73-453418734831,f3d3438b-0144-408d-9690-d7cc024018ae,e5ba5bdf-bfa3-411c-a119-56426b4a3d5b,5b024428-2991-4618-a2df-b76de63907bd,
,,,E180,Standard,{},60669815-bc40-4920-a8c1-185a58f3fb4c,d24e1944-3dba-4d91-98e8-683f8b4f350f,e5ba5bdf-bfa3-411c-a119-56426b4a3d5b,3a200ffc-3321-46c6-a116-2cb5c7a7e65e,
,,,E180,Standard,{},5718ab4b-3e34-49ef-af00-b9337c1bb4cd,d24e1944-3dba-4d91-98e8-683f8b4f350f,e5ba5bdf-bfa3-411c-a119-56426b4a3d5b,cc26dbea-3c05-4c08-a363-31bb1b0d02b3,
,,,T250,Standard,{},03308c60-bbe9-4b18-ae01-f9819d55971a,5b2325cc-825c-42d9-b712-56e614958b92,79dfad84-9e09-40f9-bd7f-f2bacde75baf,2bcc575e-37f5-405e-8fa8-7bf128daf0b2,
,,,T250,Standard,{},8f17eaa6-a1c3-4714-8969-febca707a59a,701de837-f4e9-4acb-9130-adb78e4d6c62,64b86170-1b70-4be0-be8b-c0d8bcf355f7,294515a3-60ac-42d7-a865-f0e4b7e2a49a,
,,,T250,Standard,{},d2bfacb6-57c6-428a-8baf-e97875780318,0a46b76a-300f-428b-a70f-cc7e8c03702e,64b86170-1b70-4be0-be8b-c0d8bcf355f7,22fe50e2-b0ee-4211-964a-e6a91aa3d86f,
,,,T250,Standard,{},1e2b653f-c1b9-4627-bdf1-caf2bba4c9b8,5b2325cc-825c-42d9-b712-56e614958b92,64b86170-1b70-4be0-be8b-c0d8bcf355f7,2bcc575e-37f5-405e-8fa8-7bf128daf0b2,
,,,T250,Standard,{},180e3303-7834-488a-b8cb-6782364d1abc,0a46b76a-300f-428b-a70f-cc7e8c03702e,64b86170-1b70-4be0-be8b-c0d8bcf355f7,339e4e7d-f8a0-48ae-a318-52d50dece9e7,
,,,T270,Standard,{},6f6a6ae7-a8b5-496b-8998-1edbaf7d0da5,b10ef6e6-b7bc-4828-8aa9-e925a9bd7c37,0875f4fd-5803-45b3-a33e-6c25a053138c,5cf66f87-5cee-4c28-9421-c1c7a3b4d76a,
,,,T270,Standard,{},bee96523-8a5d-431c-b65f-a087b079e138,e146c59f-4afc-4627-b42c-207e14135d54,0875f4fd-5803-45b3-a33e-6c25a053138c,c8df17ce-ac38-40f2-829b-be9f49a38e26,
,,,T270,Standard,{},fd2a9b8d-addd-48dd-98d7-c2fa320ecdff,b10ef6e6-b7bc-4828-8aa9-e925a9bd7c37,7835d9e4-afa7-4d0e-94fd-c08f6358c091,5cf66f87-5cee-4c28-9421-c1c7a3b4d76a,
,,,T270,Standard,{},4536146a-3677-44e5-a7ad-17820337ecb9,e146c59f-4afc-4627-b42c-207e14135d54,7835d9e4-afa7-4d0e-94fd-c08f6358c091,c8df17ce-ac38-40f2-829b-be9f49a38e26,
,,,T270,Standard,{},4f7693ab-b5be-4035-b79f-a025a4464c79,e146c59f-4afc-4627-b42c-207e14135d54,7835d9e4-afa7-4d0e-94fd-c08f6358c091,5b024428-2991-4618-a2df-b76de63907bd,
,,,T270,Standard,{},04d2c323-f85f-426b-a6d6-a40c4c97cd6b,e146c59f-4afc-4627-b42c-207e14135d54,7835d9e4-afa7-4d0e-94fd-c08f6358c091,4ecc72ce-6d1f-4712-a2e5-60feb8384adc,
,,,E150,Standard,{},5580c25f-2bac-44a1-b8b3-10c7ee6d0105,1f5ee1b1-95fa-479a-bbad-83ae91e995d1,51a8a620-e52f-4618-b780-73b32d67a760,f5504457-eb5c-4d87-932a-fd4eed6d837f,
,,,E150,Standard,{},b63927ce-3842-4ac5-98aa-4f0b9f4662ba,9b68e2af-0ccf-4a1c-b453-b81b8df34dc2,51a8a620-e52f-4618-b780-73b32d67a760,3c11c031-ed4a-4466-8f11-2ad1038c899c,
,,,E150,Standard,{},6d90c2e5-423e-46da-b8f4-7b7cfac903c3,1f5ee1b1-95fa-479a-bbad-83ae91e995d1,eb35f03a-1a1d-4ce4-87af-73e41b1de105,f5504457-eb5c-4d87-932a-fd4eed6d837f,
,,,E150,Standard,{},8016022d-4d30-4dad-9129-20667961d569,9b68e2af-0ccf-4a1c-b453-b81b8df34dc2,eb35f03a-1a1d-4ce4-87af-73e41b1de105,3c11c031-ed4a-4466-8f11-2ad1038c899c,
,,,XV30,Standard,{},cdb41d7c-381e-4d84-b615-4aaabec3127a,9b68e2af-0ccf-4a1c-b453-b81b8df34dc2,b2da634a-e1d8-4c2c-a62a-a98190149843,22fe50e2-b0ee-4211-964a-e6a91aa3d86f,
,,,XV30,Standard,{},7bcd74f5-a7aa-408d-82a2-7e9aafde3e97,ad4bc5c1-8794-4cbd-8dea-769c9d9e41a0,b2da634a-e1d8-4c2c-a62a-a98190149843,6c41cabe-53ca-4fdd-9922-04b08ff4bdca,
,,,XV30,Standard,{},335542d9-a87c-4b7f-9a8f-60566af8aee2,9b68e2af-0ccf-4a1c-b453-b81b8df34dc2,78105b00-8cc4-4835-a644-20768f468dfe,22fe50e2-b0ee-4211-964a-e6a91aa3d86f,
,,,XV30,Standard,{},2bd4ad71-851d-4b32-ba31-1c8148b1c8a8,ad4bc5c1-8794-4cbd-8dea-769c9d9e41a0,78105b00-8cc4-4835-a644-20768f468dfe,6c41cabe-53ca-4fdd-9922-04b08ff4bdca,
,,,XV30,Standard,{},2648d3de-9bb2-4fe0-a2de-789b0069b148,9b68e2af-0ccf-4a1c-b453-b81b8df34dc2,78105b00-8cc4-4835-a644-20768f468dfe,22fe50e2-b0ee-4211-964a-e6a91aa3d86f,
,,,XV30,Standard,{},dabfc08d-5cb4-45fe-8fda-5934c2d70c5c,ad4bc5c1-8794-4cbd-8dea-769c9d9e41a0,78105b00-8cc4-4835-a644-20768f468dfe,2bcc575e-37f5-405e-8fa8-7bf128daf0b2,
,,,XV30,Standard,{},851d0d1d-a2d6-4309-934d-4d3364b0ee94,e19e723b-9bd7-435e-bc8a-71cb03e719da,78105b00-8cc4-4835-a644-20768f468dfe,2bcc575e-37f5-405e-8fa8-7bf128daf0b2,
,,,XV40,Standard,{},b16b56d1-008e-40f5-8608-a3eca046def7,9b68e2af-0ccf-4a1c-b453-b81b8df34dc2,9ec1cc54-9755-4420-b994-483536c29855,9609aeed-f136-48cf-8568-e49cbbc0d50a,
,,,XV40,Standard,{},a5adb808-019c-4993-9ce0-ec86e20b665c,9b68e2af-0ccf-4a1c-b453-b81b8df34dc2,90f22c7d-78d2-4524-85d6-e83a9480b56c,9609aeed-f136-48cf-8568-e49cbbc0d50a,
,,,XV40,Standard,{},e4ef70a6-c61a-42c4-8a07-9160ae55427b,1f5ee1b1-95fa-479a-bbad-83ae91e995d1,90f22c7d-78d2-4524-85d6-e83a9480b56c,f5504457-eb5c-4d87-932a-fd4eed6d837f,
,,,XV50,Standard,{},db8eb46d-fd84-476a-94e3-3312a7d2c84b,01f619da-ba25-44aa-ae72-6ccbc8cc33fa,096aabaa-250c-4d79-9d0b-f09227c94d1b,22fe50e2-b0ee-4211-964a-e6a91aa3d86f,
,,,XV50,Standard,{},d8cddcc1-858d-4143-8f1b-5ff6aa61e4bb,1287d34a-5b44-4616-aed5-536ebc9719d4,096aabaa-250c-4d79-9d0b-f09227c94d1b,3a926518-15ff-44f2-8fe0-9a304fed7eda,
,,,XV50,Standard,{},7fd0fa01-ff35-4edb-8945-0c26a2572d49,1f5ee1b1-95fa-479a-bbad-83ae91e995d1,096aabaa-250c-4d79-9d0b-f09227c94d1b,f5504457-eb5c-4d87-932a-fd4eed6d837f,
,,,XV50,Standard,{},3ac19c4f-35a8-438b-94c8-8a3c12a8d2e7,c4e66fec-e37e-4066-8dda-0adba32c2bae,9b335cf3-1e1c-496b-bfed-aec998cecf11,e7dacf4b-a6f5-4155-865e-ccc56e471213,
,,,XV50,Standard,{},0aef86f3-ea7e-4c53-9874-91220aaead83,1287d34a-5b44-4616-aed5-536ebc9719d4,9b335cf3-1e1c-496b-bfed-aec998cecf11,3a926518-15ff-44f2-8fe0-9a304fed7eda,
,,,XV50,Standard,{},eaf5634c-89c2-456e-8d92-c08c28b90973,1f5ee1b1-95fa-479a-bbad-83ae91e995d1,9b335cf3-1e1c-496b-bfed-aec998cecf11,f5504457-eb5c-4d87-932a-fd4eed6d837f,
,,,XV70,Standard,{},bb3c947f-4345-494a-82a3-942e57a4b71d,c4e66fec-e37e-4066-8dda-0adba32c2bae,6cd1687e-c32b-4a5f-ac70-f843556376f2,e7dacf4b-a6f5-4155-865e-ccc56e471213,
,,,XV70,Standard,{},eb955bc8-8bf0-4240-9f3b-3665d60bf46e,1287d34a-5b44-4616-aed5-536ebc9719d4,6cd1687e-c32b-4a5f-ac70-f843556376f2,3a926518-15ff-44f2-8fe0-9a304fed7eda,
,,,XV70,Standard,{},7f38d6c7-f72c-4401-86c9-05f9e8252680,a7e853e0-619d-49aa-9620-ae669957bbd6,6cd1687e-c32b-4a5f-ac70-f843556376f2,ecd61d6f-a3d2-4cfc-9a3c-50ecc4e980d9,
,,,XV70,Standard,{},ee8c9e2b-5f7b-4610-9931-e264cd17bcf5,ff00889b-e207-4c65-852a-89f8b23c93dd,6cd1687e-c32b-4a5f-ac70-f843556376f2,dde027c2-51bf-4068-b4a1-baa3dca24010,
,,,XV70,Standard,{},b8813a6a-ccb7-465f-9d52-9233f7cb5ba6,a7e853e0-619d-49aa-9620-ae669957bbd6,7eb6db6b-f41c-46c3-a289-b6dfc30f0e0c,ecd61d6f-a3d2-4cfc-9a3c-50ecc4e980d9,
,,,XV70,Standard,{},0f41ea65-45a0-40b0-ad8c-1e02ac75af29,a7e853e0-619d-49aa-9620-ae669957bbd6,7eb6db6b-f41c-46c3-a289-b6dfc30f0e0c,aca406a3-2cef-416d-a56b-69d993c6718b,
,,,XV70,Standard,{},88e77b27-34ba-49f2-9dcb-b90c7a37da24,ff00889b-e207-4c65-852a-89f8b23c93dd,7eb6db6b-f41c-46c3-a289-b6dfc30f0e0c,dde027c2-51bf-4068-b4a1-baa3dca24010,
,,,XV80,Standard,{},bea742ab-5925-4286-bd41-7455a5b0ef89,a7e853e0-619d-49aa-9620-ae669957bbd6,dca39e2e-ebc9-491c-a1c5-f495f3396646,ecd61d6f-a3d2-4cfc-9a3c-50ecc4e980d9,
,,,AX10,Standard,{},4387a317-fcd4-4bca-88d2-e514c25e4dba,f3d3438b-0144-408d-9690-d7cc024018ae,e5cc7a5e-c377-40f5-b24e-e7a8e209200c,5b024428-2991-4618-a2df-b76de63907bd,
,,,AX10,Standard,{},a4ea7524-0418-4c2b-af4e-c406110a8d78,e146c59f-4afc-4627-b42c-207e14135d54,e5cc7a5e-c377-40f5-b24e-e7a8e209200c,4ecc72ce-6d1f-4712-a2e5-60feb8384adc,
,,,AX10,Standard,{},c89d70fb-79d1-4df1-a83e-3c4bbfc413f6,f3d3438b-0144-408d-9690-d7cc024018ae,e5cc7a5e-c377-40f5-b24e-e7a8e209200c,fea7daf8-e671-47f5-83f4-794b6a7a601b,
,,,AX10,Standard,{},110a40f3-27ea-41f7-b76c-2eb0fa67a540,f3d3438b-0144-408d-9690-d7cc024018ae,31165778-5f83-4943-b946-2ba1f05ba68f,5b024428-2991-4618-a2df-b76de63907bd,
,,,AX10,Standard,{},49d603d3-f443-40f0-8aab-1600567a1895,e146c59f-4afc-4627-b42c-207e14135d54,31165778-5f83-4943-b946-2ba1f05ba68f,4ecc72ce-6d1f-4712-a2e5-60feb8384adc,
,,,AX10,Standard,{},8a91431c-8ce1-4e6b-a62e-77cc2d9677ac,f3d3438b-0144-408d-9690-d7cc024018ae,31165778-5f83-4943-b946-2ba1f05ba68f,fea7daf8-e671-47f5-83f4-794b6a7a601b,
,,,E120,Standard,{},759010bb-c16c-4373-bba1-a7354f0a1663,4cb19570-9ea3-4073-ae5e-b671502add5b,22559914-8ecc-476e-a0a4-153f5b3d20bb,a5207464-cdbd-4cbf-bdec-677d298fe812,
,,,E120,Standard,{},3651ab09-0a49-4a8a-b48b-88ce3c862a34,4cb19570-9ea3-4073-ae5e-b671502add5b,9fcf1471-1ec9-4185-858a-b515b81b85d7,a5207464-cdbd-4cbf-bdec-677d298fe812,
,,,E120,Standard,{},3d1eae5a-cad2-4d31-8bf1-12b28c98c148,828eb635-78f1-41ef-92bf-3071cb8eb2ef,9fcf1471-1ec9-4185-858a-b515b81b85d7,194cb10a-ed09-4f9f-a55b-6e93a7e0d8d6,
,,,E150,Standard,{},38d27f3b-061e-4b4d-afb7-8080a186b97e,8075f0de-2f64-4888-88eb-258e2d8786b9,773a388f-d22b-4b99-b35e-9e1bd089e391,03e7ccf6-e6b0-4ba9-92f5-f093ca7a7ccb,
,,,E150,Standard,{},4150495b-0c85-44da-bfd7-a45c1407cb6c,828eb635-78f1-41ef-92bf-3071cb8eb2ef,773a388f-d22b-4b99-b35e-9e1bd089e391,194cb10a-ed09-4f9f-a55b-6e93a7e0d8d6,
,,,E150,Standard,{},75a6fff6-fc3d-4eb6-8cb6-fb9f8401bc50,8075f0de-2f64-4888-88eb-258e2d8786b9,50941e3b-9a8b-4131-8d83-210858e15c63,44b5f159-e169-4e05-8522-a94502036158,
,,,E150,Standard,{},0b442505-cec8-4e13-a079-b4f3261f0ae4,828eb635-78f1-41ef-92bf-3071cb8eb2ef,50941e3b-9a8b-4131-8d83-210858e15c63,194cb10a-ed09-4f9f-a55b-6e93a7e0d8d6,
,,,E180,Standard,{},44686cbc-772d-428d-9ed8-17a338b8740d,8075f0de-2f64-4888-88eb-258e2d8786b9,10b53d12-5323-4fe7-b06f-40f908d56f02,5cf66f87-5cee-4c28-9421-c1c7a3b4d76a,
,,,E180,Standard,{},17ddfa7c-5ac5-4f3a-92cb-b5845ee72684,feb60ed7-f877-47ae-9878-89cabf801766,10b53d12-5323-4fe7-b06f-40f908d56f02,5cf66f87-5cee-4c28-9421-c1c7a3b4d76a,
,,,E180,Standard,{},58787907-0f11-46c6-97aa-f1bd954f63c6,8075f0de-2f64-4888-88eb-258e2d8786b9,74d7804b-09b8-4760-b1db-4e1ecf7f2fe1,5cf66f87-5cee-4c28-9421-c1c7a3b4d76a,
,,,E180,Standard,{},d84b72cb-9e55-465f-8243-72dc2c2e79b9,feb60ed7-f877-47ae-9878-89cabf801766,74d7804b-09b8-4760-b1db-4e1ecf7f2fe1,5cf66f87-5cee-4c28-9421-c1c7a3b4d76a,
,,,E210,Standard,{},2d3949aa-38cd-4446-9d59-8478b7a05cc6,8075f0de-2f64-4888-88eb-258e2d8786b9,8dac7d28-34ef-4035-bd3e-3deb571b0275,5cf66f87-5cee-4c28-9421-c1c7a3b4d76a,
,,,E210,Standard,{},81a78b20-e94b-4386-bd51-75707ccfae92,f3d3438b-0144-408d-9690-d7cc024018ae,8dac7d28-34ef-4035-bd3e-3deb571b0275,5b024428-2991-4618-a2df-b76de63907bd,
,,,E130,Standard,{},7bd66c5c-3c9c-480c-b7a7-66c21d94ed1e,701de837-f4e9-4acb-9130-adb78e4d6c62,afde6a9d-b24e-4533-b31d-4e96be9ebf3d,a5207464-cdbd-4cbf-bdec-677d298fe812,
,,,E130,Standard,{},a05bc91a-af07-4009-8d50-be8c6427f0a4,701de837-f4e9-4acb-9130-adb78e4d6c62,70a91218-c983-4882-ac46-712d95ecf68e,a5207464-cdbd-4cbf-bdec-677d298fe812,
,,,E120,Standard,{},916c0376-4a89-47bb-a1b0-4ddfc1c60080,d24e1944-3dba-4d91-98e8-683f8b4f350f,e8b9b4b8-d6a0-4f45-970f-5ba8d8254915,44b5f159-e169-4e05-8522-a94502036158,
,,,E120,Standard,{},34531389-81ce-47ff-8810-7e5f35d9cb69,85203176-9ccb-4fbb-98c2-70a90a53f8a8,e8b9b4b8-d6a0-4f45-970f-5ba8d8254915,cfbff272-493a-4541-b75c-a0e9900df12c,
,,,E120,Standard,{},7760b582-1430-44c2-be61-8658f96d157c,d24e1944-3dba-4d91-98e8-683f8b4f350f,e8b9b4b8-d6a0-4f45-970f-5ba8d8254915,f0fcd81a-430b-448e-9fb2-87691528a391,
,,,E120,Standard,{},9286ca3b-d198-444c-9c33-b7ffd51d941e,d24e1944-3dba-4d91-98e8-683f8b4f350f,5ddeb218-8c7b-48dd-8bf4-3c2e07697b42,44b5f159-e169-4e05-8522-a94502036158,
,,,E120,Standard,{},c011c295-8980-4437-b059-4e76f470ebb3,85203176-9ccb-4fbb-98c2-70a90a53f8a8,5ddeb218-8c7b-48dd-8bf4-3c2e07697b42,cfbff272-493a-4541-b75c-a0e9900df12c,
,,,E120,Standard,{},0330894c-56d6-481f-995e-e017e646b151,d24e1944-3dba-4d91-98e8-683f8b4f350f,5ddeb218-8c7b-48dd-8bf4-3c2e07697b42,f0fcd81a-430b-448e-9fb2-87691528a391,
,,,E120,Standard,{},3979174d-aba2-49c2-aa1a-07ae6432d672,701de837-f4e9-4acb-9130-adb78e4d6c62,5ddeb218-8c7b-48dd-8bf4-3c2e07697b42,294515a3-60ac-42d7-a865-f0e4b7e2a49a,
,,,E120,Standard,{},75ed6b65-5054-446a-ad59-c1aea48acdf0,d24e1944-3dba-4d91-98e8-683f8b4f350f,5ddeb218-8c7b-48dd-8bf4-3c2e07697b42,f0fcd81a-430b-448e-9fb2-87691528a391,
,,,E120,Standard,{},ebf4f5e7-7945-4d9d-a97b-38ac16cac15e,d24e1944-3dba-4d91-98e8-683f8b4f350f,5ddeb218-8c7b-48dd-8bf4-3c2e07697b42,44b5f159-e169-4e05-8522-a94502036158,
,,,E120,Standard,{},13c094dc-aa86-436f-9636-3d289f660af3,701de837-f4e9-4acb-9130-adb78e4d6c62,5ddeb218-8c7b-48dd-8bf4-3c2e07697b42,294515a3-60ac-42d7-a865-f0e4b7e2a49a,
,,,E120,Standard,{},12437055-2d8d-4bc4-9b08-395139a0a667,85203176-9ccb-4fbb-98c2-70a90a53f8a8,5ddeb218-8c7b-48dd-8bf4-3c2e07697b42,cfbff272-493a-4541-b75c-a0e9900df12c,
,,,E120,Standard,{},f7907c83-1800-4f63-a4b7-17e08e89692c,d24e1944-3dba-4d91-98e8-683f8b4f350f,5ddeb218-8c7b-48dd-8bf4-3c2e07697b42,f0fcd81a-430b-448e-9fb2-87691528a391,
,,,E120,Standard,{},a360fe92-0c97-42a0-8d94-0a5b3bb8c13d,701de837-f4e9-4acb-9130-adb78e4d6c62,5ddeb218-8c7b-48dd-8bf4-3c2e07697b42,f780363d-d04b-43de-b740-8c3543a1b454,
,,,XG10,Standard,{},ed54722e-e8aa-4211-b602-db7595702ff1,b10ef6e6-b7bc-4828-8aa9-e925a9bd7c37,2ddc2473-66cf-4f58-b90d-ce135d47cbd6,5b024428-2991-4618-a2df-b76de63907bd,
,,,XG10,Standard,{},2905d9b9-e09b-4c4c-b2f9-6afc99659d05,e9ebffd8-1782-4784-934c-1383e2f1d5f0,2ddc2473-66cf-4f58-b90d-ce135d47cbd6,2606655f-5139-40c1-b506-fbd4b1a71a5f,
,,,XG10,Standard,{},95110d52-f4ef-4844-9dab-dbe8e502fd9a,e9ebffd8-1782-4784-934c-1383e2f1d5f0,2ddc2473-66cf-4f58-b90d-ce135d47cbd6,0ab5680f-c297-422b-aaf0-254653c051ef,
,,,E140,Standard,{},ff342111-da8c-432a-9c53-61c7929499b9,b10ef6e6-b7bc-4828-8aa9-e925a9bd7c37,64843023-26d7-4b6b-a5d3-68bfcc5cb40b,73231830-fc9e-444f-9790-bc1cdce66f69,
,,,E140,Standard,{},d03f2c6b-ba9d-48f0-9aca-4990b3993e29,d24e1944-3dba-4d91-98e8-683f8b4f350f,2c589d69-0318-45e4-a1d0-798b73b1e647,cc26dbea-3c05-4c08-a363-31bb1b0d02b3,
,,,E140,Standard,{},e0c13329-2279-4b20-b193-f97acb902679,feb60ed7-f877-47ae-9878-89cabf801766,2c589d69-0318-45e4-a1d0-798b73b1e647,73231830-fc9e-444f-9790-bc1cdce66f69,
,,,E150,Standard,{},e94fdfd4-b332-41b6-8d1a-d048eac0668c,d24e1944-3dba-4d91-98e8-683f8b4f350f,37582b1c-d013-4fbc-a9ce-831d117dcadd,4c79d641-9625-4be5-83ff-dfdbf969464c,
,,,E150,Standard,{},5c636ed7-5884-4a6a-ae59-f2ee98e4f45b,feb60ed7-f877-47ae-9878-89cabf801766,37582b1c-d013-4fbc-a9ce-831d117dcadd,5cf66f87-5cee-4c28-9421-c1c7a3b4d76a,
,,,E150,Standard,{},2027d23d-737e-4557-b815-2a629078670e,feb60ed7-f877-47ae-9878-89cabf801766,37582b1c-d013-4fbc-a9ce-831d117dcadd,73231830-fc9e-444f-9790-bc1cdce66f69,
,,,E150,Standard,{},f9e2fe78-d5e1-49d4-bba9-000105c78bc4,d24e1944-3dba-4d91-98e8-683f8b4f350f,9199b8e5-db3d-46da-a48a-71b10397cf5a,4c79d641-9625-4be5-83ff-dfdbf969464c,
,,,E150,Standard,{},03262801-e61e-4707-8b13-c6afd684a710,b10ef6e6-b7bc-4828-8aa9-e925a9bd7c37,9199b8e5-db3d-46da-a48a-71b10397cf5a,5cf66f87-5cee-4c28-9421-c1c7a3b4d76a,
,,,E150,Standard,{},9bc78caf-6b49-4ecd-96a8-eeb990067ea3,b10ef6e6-b7bc-4828-8aa9-e925a9bd7c37,9199b8e5-db3d-46da-a48a-71b10397cf5a,73231830-fc9e-444f-9790-bc1cdce66f69,
,,,E150,Standard,{},36ec8069-dbf9-4938-a16a-4c1bed897313,d24e1944-3dba-4d91-98e8-683f8b4f350f,9199b8e5-db3d-46da-a48a-71b10397cf5a,3a200ffc-3321-46c6-a116-2cb5c7a7e65e,
,,,E120,Standard,{},58134fa6-95f5-4f2a-bb6e-7c2e3a7ec526,d24e1944-3dba-4d91-98e8-683f8b4f350f,e88ed277-85ec-4a7c-a86b-3c93da4e48d7,44b5f159-e169-4e05-8522-a94502036158,
,,,E120,Standard,{},b02786a7-37d4-4bdd-8455-e98b38cb6c77,85203176-9ccb-4fbb-98c2-70a90a53f8a8,e88ed277-85ec-4a7c-a86b-3c93da4e48d7,cfbff272-493a-4541-b75c-a0e9900df12c,
,,,E120,Standard,{},0cbd36a5-f0c1-4a07-a67c-fff3d65aae95,d24e1944-3dba-4d91-98e8-683f8b4f350f,e88ed277-85ec-4a7c-a86b-3c93da4e48d7,f0fcd81a-430b-448e-9fb2-87691528a391,
,,,E120,Standard,{},3bd85eb1-c263-46a7-abbd-f670584bbaaf,d24e1944-3dba-4d91-98e8-683f8b4f350f,a6477ae6-fca5-4586-823d-b6fc5db7448d,44b5f159-e169-4e05-8522-a94502036158,
,,,E120,Standard,{},821899fb-c7e6-478e-8b80-0dd9055dbf00,701de837-f4e9-4acb-9130-adb78e4d6c62,a6477ae6-fca5-4586-823d-b6fc5db7448d,294515a3-60ac-42d7-a865-f0e4b7e2a49a,
,,,E120,Standard,{},5d090287-f552-47a7-a4d9-233f0e78f94a,85203176-9ccb-4fbb-98c2-70a90a53f8a8,a6477ae6-fca5-4586-823d-b6fc5db7448d,cfbff272-493a-4541-b75c-a0e9900df12c,
,,,E120,Standard,{},18e8ed87-0e3f-4318-a655-a909ef54cf1f,d24e1944-3dba-4d91-98e8-683f8b4f350f,a6477ae6-fca5-4586-823d-b6fc5db7448d,f0fcd81a-430b-448e-9fb2-87691528a391,
,,,E120,Standard,{},3652f52f-430b-45ab-9479-025cf5dd2764,d24e1944-3dba-4d91-98e8-683f8b4f350f,a6477ae6-fca5-4586-823d-b6fc5db7448d,44b5f159-e169-4e05-8522-a94502036158,
,,,E120,Standard,{},81af6080-1c66-4f69-9846-4890b17066a3,701de837-f4e9-4acb-9130-adb78e4d6c62,a6477ae6-fca5-4586-823d-b6fc5db7448d,294515a3-60ac-42d7-a865-f0e4b7e2a49a,
,,,E120,Standard,{},e77fc807-b7b5-450c-8457-364e6f265468,85203176-9ccb-4fbb-98c2-70a90a53f8a8,a6477ae6-fca5-4586-823d-b6fc5db7448d,cfbff272-493a-4541-b75c-a0e9900df12c,
,,,E120,Standard,{},48c7004a-f58d-490e-9616-11fda207141c,d24e1944-3dba-4d91-98e8-683f8b4f350f,a6477ae6-fca5-4586-823d-b6fc5db7448d,f0fcd81a-430b-448e-9fb2-87691528a391,
,,,E110,Standard,{},80f48b86-91f0-4e89-b8ab-d69648634fe1,eb0ca0fc-668a-47b7-9830-c6b0ed0fdadf,bdb859bd-0b0d-42e9-ba35-2c7c7daa597a,a5207464-cdbd-4cbf-bdec-677d298fe812,
,,,E110,Standard,{},e523986f-34b7-43f3-92c1-25b35341316f,5b7fa2c8-f749-4261-a48c-068701704d86,bdb859bd-0b0d-42e9-ba35-2c7c7daa597a,d861f7df-7793-4f8f-b32a-8db7d14a2ab7,
,,,E110,Standard,{},e11557f9-4af8-4b62-80ea-877e570f7908,eb0ca0fc-668a-47b7-9830-c6b0ed0fdadf,cb0a703a-487d-484b-8e4a-3841d69f6bde,a5207464-cdbd-4cbf-bdec-677d298fe812,
,,,E110,Standard,{},e35f10bd-84ed-401c-96a3-04153f0a67db,5b7fa2c8-f749-4261-a48c-068701704d86,cb0a703a-487d-484b-8e4a-3841d69f6bde,d861f7df-7793-4f8f-b32a-8db7d14a2ab7,
,,,E120,Standard,{},e0156e95-5729-4443-a7d5-148b26fc1fc5,d24e1944-3dba-4d91-98e8-683f8b4f350f,44cfd42b-091a-4521-98cf-785a99133d15,44b5f159-e169-4e05-8522-a94502036158,
,,,E120,Standard,{},0d4d0b33-9704-4e06-b23c-b3aff8b46c07,701de837-f4e9-4acb-9130-adb78e4d6c62,44cfd42b-091a-4521-98cf-785a99133d15,294515a3-60ac-42d7-a865-f0e4b7e2a49a,
,,,E120,Standard,{},bdad10bc-fc44-4270-8d3e-9dc5c64e9870,701de837-f4e9-4acb-9130-adb78e4d6c62,44cfd42b-091a-4521-98cf-785a99133d15,f780363d-d04b-43de-b740-8c3543a1b454,
,,,E120,Standard,{},c3b9139f-6751-4e30-b1e2-2e1ae2698090,d24e1944-3dba-4d91-98e8-683f8b4f350f,f754aff1-a3ca-4f5c-bf64-c32e871853c6,44b5f159-e169-4e05-8522-a94502036158,
,,,E120,Standard,{},92956c87-018d-4242-ba66-082218e0791c,701de837-f4e9-4acb-9130-adb78e4d6c62,f754aff1-a3ca-4f5c-bf64-c32e871853c6,294515a3-60ac-42d7-a865-f0e4b7e2a49a,
,,,E120,Standard,{},d8c16ec7-4af2-4224-a82a-fab3a8ee39b8,701de837-f4e9-4acb-9130-adb78e4d6c62,f754aff1-a3ca-4f5c-bf64-c32e871853c6,f780363d-d04b-43de-b740-8c3543a1b454,
,,,AR20,Standard,{},f4632fc2-a293-4b8b-ad35-64e86812b9be,b10ef6e6-b7bc-4828-8aa9-e925a9bd7c37,30621910-c420-42ba-9ea4-4cab29b6935c,5cf66f87-5cee-4c28-9421-c1c7a3b4d76a,
,,,AR20,Standard,{},ec507d5f-990a-4dce-b16b-d9727e66d6ba,b2a8b8e4-e49c-4461-a60d-db74eca13d79,30621910-c420-42ba-9ea4-4cab29b6935c,f5504457-eb5c-4d87-932a-fd4eed6d837f,
,,,AR20,Standard,{},fb4c434e-bfe4-481a-96d2-78db85689505,b10ef6e6-b7bc-4828-8aa9-e925a9bd7c37,3e3bd40d-a496-4727-81ba-2dfcc8af30a0,5cf66f87-5cee-4c28-9421-c1c7a3b4d76a,
,,,AR20,Standard,{},cb115f63-57bc-43d4-970a-6590eb1e8355,b2a8b8e4-e49c-4461-a60d-db74eca13d79,3e3bd40d-a496-4727-81ba-2dfcc8af30a0,f5504457-eb5c-4d87-932a-fd4eed6d837f,
,,,R80,Standard,{},b44f43dd-c43f-4e8a-8ba8-b984baa28241,e146c59f-4afc-4627-b42c-207e14135d54,d0e63759-5ec5-4cef-9734-19db53c6b0ad,4ecc72ce-6d1f-4712-a2e5-60feb8384adc,
,,,R80,Standard,{},947dc5dc-8b81-4c1d-87ff-5054b9aeaed0,e146c59f-4afc-4627-b42c-207e14135d54,d0e63759-5ec5-4cef-9734-19db53c6b0ad,fe409c68-49fb-4bf3-b979-85e60c2f14d0,
,,,R80,Standard,{},97c24cea-1ede-48ea-87b8-a1d5ac261884,e146c59f-4afc-4627-b42c-207e14135d54,90531c93-36b2-4aa8-be27-04647c62fc36,4ecc72ce-6d1f-4712-a2e5-60feb8384adc,
,,,R80,Standard,{},9587c2e0-38e1-434c-aaab-44a96b02759b,e146c59f-4afc-4627-b42c-207e14135d54,90531c93-36b2-4aa8-be27-04647c62fc36,fe409c68-49fb-4bf3-b979-85e60c2f14d0,
,,,AN50,Standard,{},f28caa88-41b6-4ac0-b783-e5c938e9517f,592c59f0-af7f-43db-85d6-ca827057f3b9,5866f474-b4a3-4de9-8912-49a547832ddb,9e699de6-afa5-4324-935d-8a3b8578c46b,
,,,AN50,Standard,{},4b1784b0-341b-455a-b5c7-3b87b382d93a,9de5b83e-74aa-408f-88fb-f464509e4f71,5866f474-b4a3-4de9-8912-49a547832ddb,93e73dd9-7204-4dac-910b-fb372f701c84,
,,,AN50,Standard,{},1da948f4-7906-40de-863e-f78b1d02b8ad,07b24a98-781b-410a-a75a-56adb274dc21,5866f474-b4a3-4de9-8912-49a547832ddb,cfa9e6f6-f2b1-4fec-9132-0f2c156aaa95,
,,,AN50,Standard,{},e776a347-f1b3-4b59-a2c5-2d5551db6f54,ca0cd4b2-5440-423c-aa47-3055774a4f3a,5866f474-b4a3-4de9-8912-49a547832ddb,93e73dd9-7204-4dac-910b-fb372f701c84,
,,,AN50,Standard,{},53d6ae66-a918-4f74-bbc0-fc4b77293d32,592c59f0-af7f-43db-85d6-ca827057f3b9,5866f474-b4a3-4de9-8912-49a547832ddb,5c22c601-c105-490e-b55c-436d49b8815b,
,,,AN50,Standard,{},c9d14808-c95b-4ef7-a6e9-634447f84a2c,9de5b83e-74aa-408f-88fb-f464509e4f71,5866f474-b4a3-4de9-8912-49a547832ddb,d7b55f9b-7918-44df-861d-9543c9d41eed,
,,,AN50,Standard,{},76a93c38-d35d-4fc0-ac12-84f2e2d84be7,07b24a98-781b-410a-a75a-56adb274dc21,5866f474-b4a3-4de9-8912-49a547832ddb,441e6887-50fa-471f-9bff-91f703cbdedc,
,,,AN50,Standard,{},819c2936-2038-497b-9578-7f3852753b32,592c59f0-af7f-43db-85d6-ca827057f3b9,5ca7c8b5-5cb3-4749-971b-9cdbf8a1b3b4,9e699de6-afa5-4324-935d-8a3b8578c46b,
,,,AN50,Standard,{},44c484c5-c9aa-474b-aa92-f289801f7845,9de5b83e-74aa-408f-88fb-f464509e4f71,5ca7c8b5-5cb3-4749-971b-9cdbf8a1b3b4,93e73dd9-7204-4dac-910b-fb372f701c84,
,,,AN50,Standard,{},2e87def1-9cd4-4bff-a554-f44d010f00c6,07b24a98-781b-410a-a75a-56adb274dc21,5ca7c8b5-5cb3-4749-971b-9cdbf8a1b3b4,cfa9e6f6-f2b1-4fec-9132-0f2c156aaa95,
,,,AN50,Standard,{},ccc56e90-1139-4a74-ba2b-04a103d6a0c4,ca0cd4b2-5440-423c-aa47-3055774a4f3a,5ca7c8b5-5cb3-4749-971b-9cdbf8a1b3b4,93e73dd9-7204-4dac-910b-fb372f701c84,
,,,AN160,Standard,{},f8dc476d-1ec3-486c-89d5-d7e89e8b0114,592c59f0-af7f-43db-85d6-ca827057f3b9,27b4010f-e931-49f6-bcc6-3a92c2cb81c8,51527a97-8511-4857-96ca-d386d22ffef8,
,,,AN160,Standard,{},08791058-5d22-4c1b-b421-a07ec98c6311,9de5b83e-74aa-408f-88fb-f464509e4f71,27b4010f-e931-49f6-bcc6-3a92c2cb81c8,51527a97-8511-4857-96ca-d386d22ffef8,
,,,AN160,Standard,{},785b82b8-10c0-465c-a33d-4521d892f94b,bd84c27e-bba4-413c-94de-c8f784e6ed78,27b4010f-e931-49f6-bcc6-3a92c2cb81c8,51527a97-8511-4857-96ca-d386d22ffef8,
,,,AN160,Standard,{},874fd0f2-7127-494a-ac4b-b916e658e1bc,592c59f0-af7f-43db-85d6-ca827057f3b9,336b54da-e227-4f68-85e1-5f1399d5a6d2,a3eb89ea-94bd-47e0-a1c4-b111fa529673,
,,,AN160,Standard,{},d8ec93bf-9e3c-43af-ba5e-f1116b558c9c,9de5b83e-74aa-408f-88fb-f464509e4f71,336b54da-e227-4f68-85e1-5f1399d5a6d2,a3eb89ea-94bd-47e0-a1c4-b111fa529673,
,,,XP20,Standard,{},805d80f0-fbac-4e27-9614-b199f6587a7f,fa03080c-1fbc-467c-8193-88989adbbb4d,67dedefc-eb8d-48f2-9708-7433b90bd81e,ce50881f-08f6-4400-89f0-2381ac12c60e,
,,,XP20,Standard,{},952b93d0-3cfd-4b2c-847f-b175bce75dfe,d24e1944-3dba-4d91-98e8-683f8b4f350f,67dedefc-eb8d-48f2-9708-7433b90bd81e,44b5f159-e169-4e05-8522-a94502036158,
,,,XP20,Standard,{},b39c94bf-f0c9-48b2-b89c-f92d2d3aaa06,d24e1944-3dba-4d91-98e8-683f8b4f350f,67dedefc-eb8d-48f2-9708-7433b90bd81e,f0fcd81a-430b-448e-9fb2-87691528a391,
,,,XP20,Standard,{},8f06e6f4-c69e-47e0-bec9-752128d444c7,fa03080c-1fbc-467c-8193-88989adbbb4d,3e213cb0-f638-434a-9ee2-ace025665e7a,ce50881f-08f6-4400-89f0-2381ac12c60e,
,,,XP20,Standard,{},d008024f-f510-44d6-b9ed-bd782b73efd9,d24e1944-3dba-4d91-98e8-683f8b4f350f,3e213cb0-f638-434a-9ee2-ace025665e7a,44b5f159-e169-4e05-8522-a94502036158,
,,,XP20,Standard,{},b42fd590-1673-4222-9e42-41dbdecb512e,d24e1944-3dba-4d91-98e8-683f8b4f350f,3e213cb0-f638-434a-9ee2-ace025665e7a,f0fcd81a-430b-448e-9fb2-87691528a391,
,,,XU30,Standard,{},60cdff26-5192-41d7-bf6e-1374ef7f44f8,9b68e2af-0ccf-4a1c-b453-b81b8df34dc2,d5b08dac-e1ab-4bdd-96fc-cccb66b370f6,22fe50e2-b0ee-4211-964a-e6a91aa3d86f,
,,,XU30,Standard,{},91c596a1-c5d6-4d1b-8672-f10137052fe0,ad4bc5c1-8794-4cbd-8dea-769c9d9e41a0,d5b08dac-e1ab-4bdd-96fc-cccb66b370f6,2bcc575e-37f5-405e-8fa8-7bf128daf0b2,
,,,XU30,Standard,{},141a7528-d5e9-411a-ad61-047476579137,9b68e2af-0ccf-4a1c-b453-b81b8df34dc2,d5b08dac-e1ab-4bdd-96fc-cccb66b370f6,aa3a2c96-c4e5-4b6e-83c8-ae1eebc04f9e,
,,,XU30,Standard,{},1a0aa2c2-9e78-4574-a479-5c9158463c72,ad4bc5c1-8794-4cbd-8dea-769c9d9e41a0,d5b08dac-e1ab-4bdd-96fc-cccb66b370f6,bb4977c5-0301-4f2d-8953-8d52dc44f41e,
,,,XU30,Standard,{},0d873152-ccd3-40eb-9342-7e96564aabe2,1f5ee1b1-95fa-479a-bbad-83ae91e995d1,d5b08dac-e1ab-4bdd-96fc-cccb66b370f6,2bcc575e-37f5-405e-8fa8-7bf128daf0b2,
,,,XU30,Standard,{},b2752d1c-6eac-4f30-a494-a4504b05fb96,1f5ee1b1-95fa-479a-bbad-83ae91e995d1,d5b08dac-e1ab-4bdd-96fc-cccb66b370f6,bb4977c5-0301-4f2d-8953-8d52dc44f41e,
,,,XU60,Standard,{},41e19ef3-1eac-4dd4-9b23-3053af9bdc73,e146c59f-4afc-4627-b42c-207e14135d54,59972574-254c-4380-bccb-8d13ca3c1291,4ecc72ce-6d1f-4712-a2e5-60feb8384adc,
,,,XU60,Standard,{},8a66b82c-6a2d-4f30-a87c-aa893eedb98a,e146c59f-4afc-4627-b42c-207e14135d54,59972574-254c-4380-bccb-8d13ca3c1291,fe409c68-49fb-4bf3-b979-85e60c2f14d0,
,,,XU60,Standard,{},342665a9-af52-43cb-8a24-6c0b574716ef,e146c59f-4afc-4627-b42c-207e14135d54,14ecb8b5-c377-4c3e-b6c1-255f6a5c8894,4ecc72ce-6d1f-4712-a2e5-60feb8384adc,
,,,XU60,Standard,{},8064e07b-bb09-4008-a756-e75819b96d00,3edd586d-8c07-43ce-b337-c86067d9e724,14ecb8b5-c377-4c3e-b6c1-255f6a5c8894,c3885132-ca73-4057-b3b5-7103351fab27,
,,,XU60,Standard,{},070925d0-0b12-46d8-ac43-236a8b43ea4f,e146c59f-4afc-4627-b42c-207e14135d54,14ecb8b5-c377-4c3e-b6c1-255f6a5c8894,fe409c68-49fb-4bf3-b979-85e60c2f14d0,
,,,XU60,Standard,{},680071dd-56da-4dd2-903a-9a1b2f93c902,3edd586d-8c07-43ce-b337-c86067d9e724,14ecb8b5-c377-4c3e-b6c1-255f6a5c8894,e006e7c1-95da-43cb-8bc5-b136e48dfa1c,
,,,XU40,Standard,{},1069cb66-919a-42b8-a12d-a3c928be7bd8,8a73f1e9-178b-49a7-b7bf-8acd0ab71c1f,f4543b1d-bbf6-4a40-8014-7d95cd96af0d,3a926518-15ff-44f2-8fe0-9a304fed7eda,
,,,XU40,Standard,{},daffa2b3-dcfc-4984-90a5-b1ff349ef5fe,1f5ee1b1-95fa-479a-bbad-83ae91e995d1,f4543b1d-bbf6-4a40-8014-7d95cd96af0d,2bcc575e-37f5-405e-8fa8-7bf128daf0b2,
,,,XU40,Standard,{},ea790612-fa17-4082-8114-4d513fb04c95,8a73f1e9-178b-49a7-b7bf-8acd0ab71c1f,3919e577-a281-4ab7-becb-b308af2da98d,3a926518-15ff-44f2-8fe0-9a304fed7eda,
,,,XU40,Standard,{},4ca4727c-ed64-4cec-9edd-d24359419de5,1f5ee1b1-95fa-479a-bbad-83ae91e995d1,3919e577-a281-4ab7-becb-b308af2da98d,2bcc575e-37f5-405e-8fa8-7bf128daf0b2,
,,,XU40,Standard,{},eed8a6f1-d780-489c-95b6-d7a302c71917,1f5ee1b1-95fa-479a-bbad-83ae91e995d1,3919e577-a281-4ab7-becb-b308af2da98d,bb4977c5-0301-4f2d-8953-8d52dc44f41e,
,,,XU50,Standard,{},a724b601-1c47-48f6-83e6-9fa3241f1df3,8a73f1e9-178b-49a7-b7bf-8acd0ab71c1f,baa63d12-a3e9-45e1-a6bb-2cb2451b0386,3a926518-15ff-44f2-8fe0-9a304fed7eda,
,,,XU50,Standard,{},040f353c-95bf-465b-8f7d-9ce28a368cb6,1f5ee1b1-95fa-479a-bbad-83ae91e995d1,baa63d12-a3e9-45e1-a6bb-2cb2451b0386,f5504457-eb5c-4d87-932a-fd4eed6d837f,
,,,XU50,Standard,{},18312053-1feb-4d95-a19e-702137ade36c,1f5ee1b1-95fa-479a-bbad-83ae91e995d1,baa63d12-a3e9-45e1-a6bb-2cb2451b0386,ba3d0200-e59c-4e06-9d0c-58254df3e1fe,
,,,XU50,Standard,{},97e3de50-5466-4fd9-8d76-d5f1bdcfdbaa,8a73f1e9-178b-49a7-b7bf-8acd0ab71c1f,0732e15b-8e41-40bf-a6b4-05a01486ba8c,3a926518-15ff-44f2-8fe0-9a304fed7eda,
,,,XU50,Standard,{},defc82cd-8115-4de4-a9cc-cb9a8d625c3b,ff00889b-e207-4c65-852a-89f8b23c93dd,0732e15b-8e41-40bf-a6b4-05a01486ba8c,dde027c2-51bf-4068-b4a1-baa3dca24010,
,,,XU50,Standard,{},73e64378-94c0-43e0-a001-8b6b6a61f918,ff00889b-e207-4c65-852a-89f8b23c93dd,0732e15b-8e41-40bf-a6b4-05a01486ba8c,2e92c7ad-2d00-4550-9c16-a3c4fb877c72,
,,,XU70,Standard,{},4f6eed58-8177-4d1f-b66f-1b356c4fd294,ff00889b-e207-4c65-852a-89f8b23c93dd,744c2132-670b-4c80-81e1-ce90bf52d88a,dde027c2-51bf-4068-b4a1-baa3dca24010,
,,,XU70,Standard,{},3d442a1c-a3cc-46d5-b8fb-9ed1f833aafb,ff00889b-e207-4c65-852a-89f8b23c93dd,744c2132-670b-4c80-81e1-ce90bf52d88a,2e92c7ad-2d00-4550-9c16-a3c4fb877c72,
,,,XU70,Standard,{},94f9c651-63c7-40ef-b8b3-07e82f3e876f,012eb270-93fb-4cbb-ba7f-68ca69d64845,744c2132-670b-4c80-81e1-ce90bf52d88a,450401c2-05b9-431f-92a0-98188d319593,
,,,XU70,Standard,{},35cdb1c9-dde9-4ef2-9e7c-7541e429838b,9a9c8a5b-b4e3-4d43-b130-5da263b95fdf,744c2132-670b-4c80-81e1-ce90bf52d88a,450401c2-05b9-431f-92a0-98188d319593,
,,,AM10,Standard,{},83890b3e-c60d-47c0-9f8e-f075abdfcf53,701de837-f4e9-4acb-9130-adb78e4d6c62,d1b9819e-6647-4430-b35c-1f190fbf2406,294515a3-60ac-42d7-a865-f0e4b7e2a49a,
,,,AM10,Standard,{},064ec2ee-00a2-4316-ba5c-f566b960b2ad,0a46b76a-300f-428b-a70f-cc7e8c03702e,d1b9819e-6647-4430-b35c-1f190fbf2406,c8df17ce-ac38-40f2-829b-be9f49a38e26,
,,,AM10,Standard,{},246d81ff-be0c-459e-9e80-b0664d23bfa2,0a46b76a-300f-428b-a70f-cc7e8c03702e,d1b9819e-6647-4430-b35c-1f190fbf2406,674a9c96-2433-4ff9-b9df-cc45f8a216fb,
,,,AM10,Standard,{},e154c7c6-fff6-41f9-bf0f-cdad9d2955b5,701de837-f4e9-4acb-9130-adb78e4d6c62,34f9cb6c-d94f-4ad2-8b99-480fc846c720,294515a3-60ac-42d7-a865-f0e4b7e2a49a,
,,,AM10,Standard,{},cba42044-b6dd-479c-ba2a-e7c3eed09e9e,0a46b76a-300f-428b-a70f-cc7e8c03702e,34f9cb6c-d94f-4ad2-8b99-480fc846c720,c8df17ce-ac38-40f2-829b-be9f49a38e26,
,,,AM10,Standard,{},87771e07-ee75-4e03-aff1-986eb3f310ce,0a46b76a-300f-428b-a70f-cc7e8c03702e,34f9cb6c-d94f-4ad2-8b99-480fc846c720,674a9c96-2433-4ff9-b9df-cc45f8a216fb,
,,,AM10,Standard,{},46218df6-478e-4faa-a6ae-54ca0ceb7ab2,b10ef6e6-b7bc-4828-8aa9-e925a9bd7c37,34f9cb6c-d94f-4ad2-8b99-480fc846c720,5cf66f87-5cee-4c28-9421-c1c7a3b4d76a,
,,,AM10,Standard,{},011125e9-3b5e-4e85-aba3-e83ead63fa68,e146c59f-4afc-4627-b42c-207e14135d54,34f9cb6c-d94f-4ad2-8b99-480fc846c720,c8df17ce-ac38-40f2-829b-be9f49a38e26,
,,,AM10,Standard,{},62102ea7-dc92-4c1b-a489-d390b3c9f816,b10ef6e6-b7bc-4828-8aa9-e925a9bd7c37,34f9cb6c-d94f-4ad2-8b99-480fc846c720,73231830-fc9e-444f-9790-bc1cdce66f69,
,,,XP60,Standard,{},18b68a64-daf1-4ea4-bdf3-714302dee08e,fa03080c-1fbc-467c-8193-88989adbbb4d,36ef4620-097b-4bed-82b0-81cd0dfb2ee1,ce50881f-08f6-4400-89f0-2381ac12c60e,
,,,XP60,Standard,{},fc71be9a-414b-49e1-a01d-ba8a5a7ae91a,d24e1944-3dba-4d91-98e8-683f8b4f350f,36ef4620-097b-4bed-82b0-81cd0dfb2ee1,44b5f159-e169-4e05-8522-a94502036158,
,,,XP60,Standard,{},64730010-d8da-4dd5-b048-e232a7686623,d24e1944-3dba-4d91-98e8-683f8b4f350f,36ef4620-097b-4bed-82b0-81cd0dfb2ee1,f0fcd81a-430b-448e-9fb2-87691528a391,
,,,XP60,Standard,{},142cff10-dc43-4e0e-a292-7026a40b5db4,fa03080c-1fbc-467c-8193-88989adbbb4d,84bfce4f-9a1c-4c5c-8f1d-633cd71f0528,ce50881f-08f6-4400-89f0-2381ac12c60e,
,,,XP60,Standard,{},2fcfb3df-73f8-4373-a90c-17e0483f63b5,d24e1944-3dba-4d91-98e8-683f8b4f350f,84bfce4f-9a1c-4c5c-8f1d-633cd71f0528,44b5f159-e169-4e05-8522-a94502036158,
,,,XP60,Standard,{},f79609d4-7e7d-4091-b50d-c71a08515274,d24e1944-3dba-4d91-98e8-683f8b4f350f,84bfce4f-9a1c-4c5c-8f1d-633cd71f0528,f0fcd81a-430b-448e-9fb2-87691528a391,
,,,XP110,Standard,{},6cba322d-5169-4474-87bf-b8ab5a1f01bd,d24e1944-3dba-4d91-98e8-683f8b4f350f,8a2792d9-e0d1-49a4-ab2a-23ee0874f560,4c79d641-9625-4be5-83ff-dfdbf969464c,
,,,XP110,Standard,{},a00552ae-6cb9-4924-98aa-036c971a0b7a,d24e1944-3dba-4d91-98e8-683f8b4f350f,8a2792d9-e0d1-49a4-ab2a-23ee0874f560,cc26dbea-3c05-4c08-a363-31bb1b0d02b3,
,,,J200,Standard,{},f40024c7-de51-42c8-a21c-103f2c38c84a,9437d70b-e269-4474-af9a-a7ac500e8cc6,3677e534-84f8-4f3f-b4ef-2e4bc30e97cf,d7b55f9b-7918-44df-861d-9543c9d41eed,
,,,J200,Standard,{},8c0d6eb7-0467-4d74-a318-e020b3d53aac,be0ec258-d349-4a41-8f9c-43a635215c39,3677e534-84f8-4f3f-b4ef-2e4bc30e97cf,3f649fd3-8cc9-418f-9310-8be700f97d9e,
,,,J200,Standard,{},8c40cd13-2a5c-448f-b7b5-58e26240ce31,17b2788d-2013-496f-bb2a-c0f4eca1f525,3677e534-84f8-4f3f-b4ef-2e4bc30e97cf,3f649fd3-8cc9-418f-9310-8be700f97d9e,
,,,J200,Standard,{},959492e5-ec05-4d0d-bad8-4016f9706b2e,86b6fd1a-966f-4198-b457-016c59a80ae9,9387b91f-cb1f-4213-ac42-95633c8b42ca,3f649fd3-8cc9-418f-9310-8be700f97d9e,
,,,J200,Standard,{},8b7b9d35-2fb7-456f-92b0-e6a273d322f5,be0ec258-d349-4a41-8f9c-43a635215c39,9387b91f-cb1f-4213-ac42-95633c8b42ca,3f649fd3-8cc9-418f-9310-8be700f97d9e,
,,,J200,Standard,{},b3e4fc4f-9c4b-4779-b0c3-f740fe99f041,17b2788d-2013-496f-bb2a-c0f4eca1f525,9387b91f-cb1f-4213-ac42-95633c8b42ca,3f649fd3-8cc9-418f-9310-8be700f97d9e,
,,,J200,Standard,{},97d3223b-b355-49ee-9a87-c7058710f0e1,86b6fd1a-966f-4198-b457-016c59a80ae9,9387b91f-cb1f-4213-ac42-95633c8b42ca,3f649fd3-8cc9-418f-9310-8be700f97d9e,
,,,J200,Standard,{},e7ccdbaf-c2f1-405c-a2ae-d1d3c7a94037,be0ec258-d349-4a41-8f9c-43a635215c39,9387b91f-cb1f-4213-ac42-95633c8b42ca,82e241a0-2bc1-4207-b3d1-853e70cd2d2f,
,,,J200,Standard,{},97604d6b-033a-4075-b54e-d399ed12e22d,17b2788d-2013-496f-bb2a-c0f4eca1f525,9387b91f-cb1f-4213-ac42-95633c8b42ca,3f649fd3-8cc9-418f-9310-8be700f97d9e,
,,,J300,Standard,{},1dd6c185-1c0a-4899-9bf0-a961f1975342,1adaff76-f7bc-4ae4-94ef-b2c4de27fb62,b298d99b-99ee-4e49-abe7-2f36fdb38ba7,6054bfe1-22ea-40f8-b113-d442aaaeaae4,
,,,J300,Standard,{},2a550f2f-868e-421c-9288-287d0c643e9f,d0b801c8-d74d-416b-b16a-02ff14a088e3,b298d99b-99ee-4e49-abe7-2f36fdb38ba7,6054bfe1-22ea-40f8-b113-d442aaaeaae4,
,,,J300,Standard,{},eaf40476-1c7a-44e1-a7d4-7bda54ea1ea8,9de5b83e-74aa-408f-88fb-f464509e4f71,b298d99b-99ee-4e49-abe7-2f36fdb38ba7,a3eb89ea-94bd-47e0-a1c4-b111fa529673,
,,,J120,Standard,{},c2483bc5-d72b-4d6f-b626-9e76ed73f541,81588c9c-dff6-4dd7-951b-08d1bae22019,31611327-effc-4ae0-841c-4d54387a0316,5c22c601-c105-490e-b55c-436d49b8815b,
,,,J120,Standard,{},98b997a2-1895-457f-b393-b7bf113a2f93,efffecae-db9f-46f2-87d6-c0b51593a97c,31611327-effc-4ae0-841c-4d54387a0316,d7b55f9b-7918-44df-861d-9543c9d41eed,
,,,J120,Standard,{},6280b900-54d2-4f3a-a36b-3b5d55dd8ec2,9de5b83e-74aa-408f-88fb-f464509e4f71,31611327-effc-4ae0-841c-4d54387a0316,d7b55f9b-7918-44df-861d-9543c9d41eed,
,,,J120,Standard,{},3d049184-f42e-442f-a5c8-b318262dec30,0e9ce843-370f-4755-b243-16c93c3478cb,31611327-effc-4ae0-841c-4d54387a0316,5c22c601-c105-490e-b55c-436d49b8815b,
,,,J120,Standard,{},b28a47a6-059d-4bbb-b636-1aa3df032b79,ca0cd4b2-5440-423c-aa47-3055774a4f3a,31611327-effc-4ae0-841c-4d54387a0316,d7b55f9b-7918-44df-861d-9543c9d41eed,
,,,J120,Standard,{},2e929188-1c45-4c36-8a7f-771a6f50721e,592c59f0-af7f-43db-85d6-ca827057f3b9,98ee6a61-83cb-427b-a91c-ac9a00a33637,5c22c601-c105-490e-b55c-436d49b8815b,
,,,J120,Standard,{},876fd9b4-945d-4c1a-93a2-c452752c0750,9de5b83e-74aa-408f-88fb-f464509e4f71,98ee6a61-83cb-427b-a91c-ac9a00a33637,d7b55f9b-7918-44df-861d-9543c9d41eed,
,,,J120,Standard,{},c68af420-79c7-4f8d-aafd-5b9b00ba5b22,0e9ce843-370f-4755-b243-16c93c3478cb,98ee6a61-83cb-427b-a91c-ac9a00a33637,5c22c601-c105-490e-b55c-436d49b8815b,
,,,J120,Standard,{},f697f351-530b-4f6c-8411-8fc3194f5f1b,ca0cd4b2-5440-423c-aa47-3055774a4f3a,98ee6a61-83cb-427b-a91c-ac9a00a33637,d7b55f9b-7918-44df-861d-9543c9d41eed,
,,,J150,Standard,{},d87a301a-397e-408b-aaa9-347e04baa0d1,592c59f0-af7f-43db-85d6-ca827057f3b9,fb5594dd-dc9c-47c1-a7b8-b5da9d3ee68c,5c22c601-c105-490e-b55c-436d49b8815b,
,,,J150,Standard,{},d8b1ff31-5a7e-4b9b-9b63-bdab05c22173,9de5b83e-74aa-408f-88fb-f464509e4f71,fb5594dd-dc9c-47c1-a7b8-b5da9d3ee68c,d7b55f9b-7918-44df-861d-9543c9d41eed,
,,,J150,Standard,{},a1ae4fb6-c795-4512-8d20-3b0d1c514684,ca0cd4b2-5440-423c-aa47-3055774a4f3a,fb5594dd-dc9c-47c1-a7b8-b5da9d3ee68c,d7b55f9b-7918-44df-861d-9543c9d41eed,
,,,J150,Standard,{},18e1cb3d-3465-4721-b9a2-2e2d5b5ebaea,592c59f0-af7f-43db-85d6-ca827057f3b9,803bb028-9c6c-41f4-a3cb-cd5cf4e62363,5c22c601-c105-490e-b55c-436d49b8815b,
,,,J150,Standard,{},be9c1b7e-39fc-48d1-961c-c73028bb3b67,9de5b83e-74aa-408f-88fb-f464509e4f71,803bb028-9c6c-41f4-a3cb-cd5cf4e62363,d7b55f9b-7918-44df-861d-9543c9d41eed,
,,,J150,Standard,{},4444a2a7-266f-4d9a-9418-710f7016d61b,ca0cd4b2-5440-423c-aa47-3055774a4f3a,803bb028-9c6c-41f4-a3cb-cd5cf4e62363,d7b55f9b-7918-44df-861d-9543c9d41eed,
,,,J150,Standard,{},679e3c93-9670-4b88-94a0-a5841cbca4d2,592c59f0-af7f-43db-85d6-ca827057f3b9,803bb028-9c6c-41f4-a3cb-cd5cf4e62363,a3eb89ea-94bd-47e0-a1c4-b111fa529673,
,,,J150,Standard,{},65ab5060-4b50-450c-92e0-04065713a688,9de5b83e-74aa-408f-88fb-f464509e4f71,803bb028-9c6c-41f4-a3cb-cd5cf4e62363,a3eb89ea-94bd-47e0-a1c4-b111fa529673,
,,,J150,Standard,{},9d72bbc2-f8d5-42cd-84ea-16ed211c3bdf,bd84c27e-bba4-413c-94de-c8f784e6ed78,803bb028-9c6c-41f4-a3cb-cd5cf4e62363,a3eb89ea-94bd-47e0-a1c4-b111fa529673,
,,,J150,Standard,{},82a3631d-8c5b-43db-be4d-9279082aff77,592c59f0-af7f-43db-85d6-ca827057f3b9,803bb028-9c6c-41f4-a3cb-cd5cf4e62363,a3eb89ea-94bd-47e0-a1c4-b111fa529673,
,,,J150,Standard,{},c8ca99d6-2994-4c30-a214-9b30213e0e82,9de5b83e-74aa-408f-88fb-f464509e4f71,803bb028-9c6c-41f4-a3cb-cd5cf4e62363,a3eb89ea-94bd-47e0-a1c4-b111fa529673,
,,,J150,Standard,{},62120448-94e0-4f0c-9bbd-33ba68aa6572,bd84c27e-bba4-413c-94de-c8f784e6ed78,803bb028-9c6c-41f4-a3cb-cd5cf4e62363,a3eb89ea-94bd-47e0-a1c4-b111fa529673,
,,,J250,Standard,{},302c910b-f71d-485e-9155-62bffa94b902,9a9c8a5b-b4e3-4d43-b130-5da263b95fdf,5a8e75e3-ce3c-47a1-a6d4-abf89555ecb0,6edc8f9f-4d5c-493f-b3bd-d40d5d3e79f3,
,,,J250,Standard,{},9ee0f90a-37c1-49ba-a449-3232830d4c92,bd84c27e-bba4-413c-94de-c8f784e6ed78,5a8e75e3-ce3c-47a1-a6d4-abf89555ecb0,6edc8f9f-4d5c-493f-b3bd-d40d5d3e79f3,
,,,J250,Standard,{},f567cc8a-acd1-47e6-bee6-6a370459bbf8,592c59f0-af7f-43db-85d6-ca827057f3b9,5a8e75e3-ce3c-47a1-a6d4-abf89555ecb0,a3eb89ea-94bd-47e0-a1c4-b111fa529673,
,,,E140,Standard,{},51dd345b-9ee1-4586-a5da-ae658d4d173d,feb60ed7-f877-47ae-9878-89cabf801766,82232968-5b74-4073-9205-7afdb382ac17,294515a3-60ac-42d7-a865-f0e4b7e2a49a,
,,,E140,Standard,{},dbb67cf8-6abe-4acf-aa31-5957f4728da6,9b68e2af-0ccf-4a1c-b453-b81b8df34dc2,82232968-5b74-4073-9205-7afdb382ac17,9609aeed-f136-48cf-8568-e49cbbc0d50a,
,,,E140,Standard,{},f28e06bb-18f6-40cf-86ca-c9da4fa84b24,9b68e2af-0ccf-4a1c-b453-b81b8df34dc2,82232968-5b74-4073-9205-7afdb382ac17,aa3a2c96-c4e5-4b6e-83c8-ae1eebc04f9e,
,,,E140,Standard,{},d6af1ca6-a43b-4136-bfef-1f500134ac13,feb60ed7-f877-47ae-9878-89cabf801766,357b6f63-9dff-41b5-b859-820a20e84464,294515a3-60ac-42d7-a865-f0e4b7e2a49a,
,,,E140,Standard,{},81f41d91-032a-4040-bf0b-b6c6d020bdda,9b68e2af-0ccf-4a1c-b453-b81b8df34dc2,357b6f63-9dff-41b5-b859-820a20e84464,9609aeed-f136-48cf-8568-e49cbbc0d50a,
,,,E140,Standard,{},f2d28c28-f0db-47c6-9819-dd4f08779ccc,9b68e2af-0ccf-4a1c-b453-b81b8df34dc2,357b6f63-9dff-41b5-b859-820a20e84464,aa3a2c96-c4e5-4b6e-83c8-ae1eebc04f9e,
,,,R60,Standard,{},707d979b-279a-4ff2-a395-4fecc0d37a76,0a46b76a-300f-428b-a70f-cc7e8c03702e,2e59772a-0165-4883-a4c8-283422ce5b8b,52ee4151-b8a1-4300-993d-1e3f14733f04,
,,,R60,Standard,{},fc6e6d59-5544-4258-8e98-5a15bcd91c2f,0a46b76a-300f-428b-a70f-cc7e8c03702e,2e59772a-0165-4883-a4c8-283422ce5b8b,339e4e7d-f8a0-48ae-a318-52d50dece9e7,
,,,R60,Standard,{},2b27fdc0-0a75-4a8c-a3ee-1462ccf7ebfe,0a46b76a-300f-428b-a70f-cc7e8c03702e,2e59772a-0165-4883-a4c8-283422ce5b8b,c8df17ce-ac38-40f2-829b-be9f49a38e26,
,,,R60,Standard,{},9010219f-3274-4bf5-b43d-a695859fe7c1,0a46b76a-300f-428b-a70f-cc7e8c03702e,2e59772a-0165-4883-a4c8-283422ce5b8b,674a9c96-2433-4ff9-b9df-cc45f8a216fb,
,,,R70,Standard,{},64d0253b-6a31-4684-84d6-267f5f41b8e8,fc334a32-c951-4683-9cde-2de9dfd5567a,76c6279f-7b8d-4357-bf37-c08c22f2a0f7,c8df17ce-ac38-40f2-829b-be9f49a38e26,
,,,R70,Standard,{},752884e1-1490-45a4-ad77-46365faf8cbf,e146c59f-4afc-4627-b42c-207e14135d54,76c6279f-7b8d-4357-bf37-c08c22f2a0f7,c8df17ce-ac38-40f2-829b-be9f49a38e26,
,,,R70,Standard,{},bff19507-d7ee-424e-80fb-e294a2c2071c,fc334a32-c951-4683-9cde-2de9dfd5567a,76c6279f-7b8d-4357-bf37-c08c22f2a0f7,674a9c96-2433-4ff9-b9df-cc45f8a216fb,
,,,R70,Standard,{},30e18eb1-3e5d-4d51-bd2c-f630e9367f11,e146c59f-4afc-4627-b42c-207e14135d54,76c6279f-7b8d-4357-bf37-c08c22f2a0f7,674a9c96-2433-4ff9-b9df-cc45f8a216fb,
,,,R70,Standard,{},90357f2e-8c63-4ba7-97a1-527a74e81c59,e146c59f-4afc-4627-b42c-207e14135d54,348c1a85-6186-4444-8652-26c5b01045d0,c8df17ce-ac38-40f2-829b-be9f49a38e26,
,,,R70,Standard,{},1149894e-53a7-4300-a808-8bee645e680f,e146c59f-4afc-4627-b42c-207e14135d54,348c1a85-6186-4444-8652-26c5b01045d0,674a9c96-2433-4ff9-b9df-cc45f8a216fb,
,,,R80,Standard,{},7cfd4271-628e-43e5-9272-e013ee389d41,e146c59f-4afc-4627-b42c-207e14135d54,31f84df4-7884-45d9-954f-44727d996423,4ecc72ce-6d1f-4712-a2e5-60feb8384adc,
,,,R80,Standard,{},b3906727-f814-4508-ac89-9a4eee1d1c3e,e146c59f-4afc-4627-b42c-207e14135d54,31f84df4-7884-45d9-954f-44727d996423,fe409c68-49fb-4bf3-b979-85e60c2f14d0,
,,,R80,Standard,{},7bebf522-ffc9-43c3-a507-b44ff3182654,e146c59f-4afc-4627-b42c-207e14135d54,bc5bc9b6-c04c-4723-bb72-5c52097e7ea5,4ecc72ce-6d1f-4712-a2e5-60feb8384adc,
,,,R80,Standard,{},5422bd51-702d-4f7c-937e-bbec7dac888c,e146c59f-4afc-4627-b42c-207e14135d54,bc5bc9b6-c04c-4723-bb72-5c52097e7ea5,fe409c68-49fb-4bf3-b979-85e60c2f14d0,
,,,R90,Standard,{},2667dda1-a12c-4907-8db2-e71f1306168f,e9ebffd8-1782-4784-934c-1383e2f1d5f0,8eb4ceaa-553c-4c5d-b2fa-e2fdc48a1ad6,2606655f-5139-40c1-b506-fbd4b1a71a5f,
,,,R90,Standard,{},fc5ebfde-8f37-4e70-a652-c310cbf5b30e,e9ebffd8-1782-4784-934c-1383e2f1d5f0,bfaa999f-2e17-4c33-9753-d1a7be770476,0ab5680f-c297-422b-aaf0-254653c051ef,
,,,XT10,Standard,{},596d793e-316a-4b81-b9a9-7f5caf68f5f3,701de837-f4e9-4acb-9130-adb78e4d6c62,66373164-ed55-404c-8c37-14a0a7c42f9c,294515a3-60ac-42d7-a865-f0e4b7e2a49a,
,,,XT10,Standard,{},2f0037ed-6c21-46dd-b949-9b0e75611a56,0a46b76a-300f-428b-a70f-cc7e8c03702e,66373164-ed55-404c-8c37-14a0a7c42f9c,9c36703d-e688-4f58-99ea-67694edd7b78,
,,,XT10,Standard,{},9d07b2f8-a628-4e37-9aac-71724fb0f1ac,701de837-f4e9-4acb-9130-adb78e4d6c62,66373164-ed55-404c-8c37-14a0a7c42f9c,f780363d-d04b-43de-b740-8c3543a1b454,
,,,XT10,Standard,{},7fa29e07-7774-43ee-a362-342982d8903f,701de837-f4e9-4acb-9130-adb78e4d6c62,f258b06c-a313-4444-81a0-a254f14a1282,294515a3-60ac-42d7-a865-f0e4b7e2a49a,
,,,XT10,Standard,{},6a7a60a4-eb0a-4a78-88ad-a7d5205f8e6f,0a46b76a-300f-428b-a70f-cc7e8c03702e,f258b06c-a313-4444-81a0-a254f14a1282,9c36703d-e688-4f58-99ea-67694edd7b78,
,,,XT10,Standard,{},67c2cb98-d1af-493f-9d31-dc52d2862c9b,701de837-f4e9-4acb-9130-adb78e4d6c62,f258b06c-a313-4444-81a0-a254f14a1282,f780363d-d04b-43de-b740-8c3543a1b454,
,,,T240,Standard,{},652051ce-65fe-45f7-9a3b-f36f8d56d125,d24e1944-3dba-4d91-98e8-683f8b4f350f,7af952b9-acad-408a-b3d9-f0206ed730ce,44b5f159-e169-4e05-8522-a94502036158,
,,,T240,Standard,{},edb3962d-3570-40e5-8ba4-759890b364dc,701de837-f4e9-4acb-9130-adb78e4d6c62,7af952b9-acad-408a-b3d9-f0206ed730ce,294515a3-60ac-42d7-a865-f0e4b7e2a49a,
,,,T240,Standard,{},5b6774c2-8ed4-4605-91f7-579b5ccd0d1a,0a46b76a-300f-428b-a70f-cc7e8c03702e,7af952b9-acad-408a-b3d9-f0206ed730ce,9c36703d-e688-4f58-99ea-67694edd7b78,
,,,T240,Standard,{},88ad3d15-9b72-4257-8b76-ff10436f8541,701de837-f4e9-4acb-9130-adb78e4d6c62,7af952b9-acad-408a-b3d9-f0206ed730ce,f780363d-d04b-43de-b740-8c3543a1b454,
,,,T240,Standard,{},972dc6e5-a007-4ebb-b1fc-446a39b9b6c0,d24e1944-3dba-4d91-98e8-683f8b4f350f,f64a93d0-71d3-44a3-bc3f-08158b1d066c,44b5f159-e169-4e05-8522-a94502036158,
,,,T240,Standard,{},c6d3ac68-eacd-453e-8e40-47223561f2e0,701de837-f4e9-4acb-9130-adb78e4d6c62,f64a93d0-71d3-44a3-bc3f-08158b1d066c,294515a3-60ac-42d7-a865-f0e4b7e2a49a,
,,,T240,Standard,{},b9c2b773-cde4-4bf2-8d2b-3d542eb3f17d,0a46b76a-300f-428b-a70f-cc7e8c03702e,f64a93d0-71d3-44a3-bc3f-08158b1d066c,9c36703d-e688-4f58-99ea-67694edd7b78,
,,,T240,Standard,{},0ba69e43-7b34-47e5-a042-351f7aad63c4,701de837-f4e9-4acb-9130-adb78e4d6c62,f64a93d0-71d3-44a3-bc3f-08158b1d066c,f780363d-d04b-43de-b740-8c3543a1b454,
,,,Т260,Standard,{},d715265f-3daf-475e-ae49-fef984b2740f,d24e1944-3dba-4d91-98e8-683f8b4f350f,91c8db28-488e-4cc1-a617-0b6718cc15bc,4c79d641-9625-4be5-83ff-dfdbf969464c,
,,,Т260,Standard,{},23e8bdf7-82f0-4450-9065-a19e8aad9ac6,feb60ed7-f877-47ae-9878-89cabf801766,91c8db28-488e-4cc1-a617-0b6718cc15bc,5cf66f87-5cee-4c28-9421-c1c7a3b4d76a,
,,,Т260,Standard,{},b7226f4a-9fca-4cec-9c5b-7efc6d146ced,e146c59f-4afc-4627-b42c-207e14135d54,91c8db28-488e-4cc1-a617-0b6718cc15bc,c8df17ce-ac38-40f2-829b-be9f49a38e26,
,,,Т260,Standard,{},4502772e-71d5-4bfe-a46a-2698800bbf7b,feb60ed7-f877-47ae-9878-89cabf801766,91c8db28-488e-4cc1-a617-0b6718cc15bc,73231830-fc9e-444f-9790-bc1cdce66f69,
,,,Т260,Standard,{},df39f4de-bd6e-4fe8-80d1-6271ef3da3ea,d24e1944-3dba-4d91-98e8-683f8b4f350f,42b20ace-c09b-46b1-87e8-a0ec483d6a85,4c79d641-9625-4be5-83ff-dfdbf969464c,
,,,Т260,Standard,{},2591c985-05ae-4791-9505-7ae5b6c1739b,b10ef6e6-b7bc-4828-8aa9-e925a9bd7c37,42b20ace-c09b-46b1-87e8-a0ec483d6a85,5cf66f87-5cee-4c28-9421-c1c7a3b4d76a,
,,,Т260,Standard,{},9050f6fb-0e8e-4195-a940-152e296b69e3,e146c59f-4afc-4627-b42c-207e14135d54,42b20ace-c09b-46b1-87e8-a0ec483d6a85,c8df17ce-ac38-40f2-829b-be9f49a38e26,
,,,Т260,Standard,{},9e3ba810-7a07-4f35-93bb-d19ac3e571cb,b10ef6e6-b7bc-4828-8aa9-e925a9bd7c37,42b20ace-c09b-46b1-87e8-a0ec483d6a85,73231830-fc9e-444f-9790-bc1cdce66f69,
,,,Т260,Standard,{},683801cf-4ad5-466e-b263-b97a5cdd7ba2,d24e1944-3dba-4d91-98e8-683f8b4f350f,42b20ace-c09b-46b1-87e8-a0ec483d6a85,3a200ffc-3321-46c6-a116-2cb5c7a7e65e,
,,,Т260,Standard,{},9debbd43-d2b1-4403-af78-47c95a8d4896,b10ef6e6-b7bc-4828-8aa9-e925a9bd7c37,42b20ace-c09b-46b1-87e8-a0ec483d6a85,5cf66f87-5cee-4c28-9421-c1c7a3b4d76a,
,,,Т260,Standard,{},49140fbb-7479-46b7-a79a-4ea9436f4a8f,e146c59f-4afc-4627-b42c-207e14135d54,42b20ace-c09b-46b1-87e8-a0ec483d6a85,c8df17ce-ac38-40f2-829b-be9f49a38e26,
,,,Т260,Standard,{},55081b7d-eb74-4eec-90e8-6f4174f85bb4,b10ef6e6-b7bc-4828-8aa9-e925a9bd7c37,42b20ace-c09b-46b1-87e8-a0ec483d6a85,73231830-fc9e-444f-9790-bc1cdce66f69,
,,,XP50,Standard,{},b0b75929-ff8a-4c69-b5dd-20b8d6f23e14,fa03080c-1fbc-467c-8193-88989adbbb4d,1106fae6-5dd2-4e77-98e6-bb1ed97edb45,ce50881f-08f6-4400-89f0-2381ac12c60e,
,,,XP50,Standard,{},a6ad0589-3973-4523-844c-d3eef38a91c6,d24e1944-3dba-4d91-98e8-683f8b4f350f,1106fae6-5dd2-4e77-98e6-bb1ed97edb45,44b5f159-e169-4e05-8522-a94502036158,
,,,XP50,Standard,{},cf64f558-cafb-451a-8afc-f8ec4c87338e,d24e1944-3dba-4d91-98e8-683f8b4f350f,1106fae6-5dd2-4e77-98e6-bb1ed97edb45,f0fcd81a-430b-448e-9fb2-87691528a391,
,,,XP160,Standard,{},3b69beb3-644e-4657-b1f4-5480fb3f7f17,d24e1944-3dba-4d91-98e8-683f8b4f350f,ca1e9a9b-1a48-4d35-9912-2361d578a67d,cc26dbea-3c05-4c08-a363-31bb1b0d02b3,
,,,XP160,Standard,{},e317b29b-fc7c-45e3-b3e1-12b4f2467b4f,d24e1944-3dba-4d91-98e8-683f8b4f350f,73d21f03-dfa0-4d1a-a6c0-fad057c14a0e,cc26dbea-3c05-4c08-a363-31bb1b0d02b3,
,,,XP100,Standard,{},0e1f712c-abda-4015-af51-4deb042e5b40,1c17aee0-b048-4e68-8612-e0ca4180100d,5c5befd0-979c-4ef8-818b-bed250b2466d,1259657b-afe8-4af3-a9b9-2f30d4be0637,
,,,XP100,Standard,{},2fc79511-a268-448b-8335-b884eafaa44c,d24e1944-3dba-4d91-98e8-683f8b4f350f,5c5befd0-979c-4ef8-818b-bed250b2466d,c9e40124-0292-458a-9c10-008389011610,
,,,XP100,Standard,{},8625bf37-5663-4cab-bec5-9b4fd87783c6,d24e1944-3dba-4d91-98e8-683f8b4f350f,5c5befd0-979c-4ef8-818b-bed250b2466d,f0fcd81a-430b-448e-9fb2-87691528a391,
,,,XP100,Standard,{},813cfc94-0cbf-44b5-8c52-abe5e60bf3b6,1c17aee0-b048-4e68-8612-e0ca4180100d,930414eb-4da3-49ea-bde7-ac4746cb6918,1259657b-afe8-4af3-a9b9-2f30d4be0637,
,,,XP100,Standard,{},d8049fa1-8f77-4414-a815-8d95f4c2bd0e,d24e1944-3dba-4d91-98e8-683f8b4f350f,930414eb-4da3-49ea-bde7-ac4746cb6918,c9e40124-0292-458a-9c10-008389011610,
,,,XP100,Standard,{},f7593929-9106-4a56-8534-b3865c2f42b9,d24e1944-3dba-4d91-98e8-683f8b4f350f,930414eb-4da3-49ea-bde7-ac4746cb6918,f0fcd81a-430b-448e-9fb2-87691528a391,
,,,XP120,Standard,{},fe27ef0b-a188-41ac-b5ef-d531e3278080,3804174e-1d6b-46a0-8771-06751bab6dcf,54f9b38e-8bf8-4ee9-86a9-b82042c885c5,1d40076e-28f7-484e-a450-0309e2e53e7d,
,,,XP120,Standard,{},127f316e-9b2c-4ea7-a166-ecefce795902,d24e1944-3dba-4d91-98e8-683f8b4f350f,54f9b38e-8bf8-4ee9-86a9-b82042c885c5,4c79d641-9625-4be5-83ff-dfdbf969464c,
,,,XP120,Standard,{},9b49961c-f412-4ff3-a375-7eaa99833e08,d24e1944-3dba-4d91-98e8-683f8b4f350f,54f9b38e-8bf8-4ee9-86a9-b82042c885c5,cc26dbea-3c05-4c08-a363-31bb1b0d02b3,
,,,XP120,Standard,{},42e35dd2-07ab-4b3b-a746-7d49c5dfecdd,ec7b16c5-ff86-44e2-a116-b7044edfcd76,2c2c8457-25b3-40cb-97ce-516dd341227b,1d40076e-28f7-484e-a450-0309e2e53e7d,
,,,XP120,Standard,{},fed66063-2dc0-43f2-a325-1b1b6c53e016,d24e1944-3dba-4d91-98e8-683f8b4f350f,2c2c8457-25b3-40cb-97ce-516dd341227b,3a200ffc-3321-46c6-a116-2cb5c7a7e65e,
,,,XP120,Standard,{},5384c4a8-5230-4cfc-9780-9bd3854a48ef,d24e1944-3dba-4d91-98e8-683f8b4f350f,2c2c8457-25b3-40cb-97ce-516dd341227b,cc26dbea-3c05-4c08-a363-31bb1b0d02b3,
,,,XA20,Standard,{},d93c8c87-f7b4-476f-8ce0-013dace84c75,01f619da-ba25-44aa-ae72-6ccbc8cc33fa,10040c76-e119-4f8e-a252-c9a0845423e1,22fe50e2-b0ee-4211-964a-e6a91aa3d86f,
,,,XA20,Standard,{},8279732a-80a5-44cc-8d0e-745437a08dbc,01f619da-ba25-44aa-ae72-6ccbc8cc33fa,10040c76-e119-4f8e-a252-c9a0845423e1,aa3a2c96-c4e5-4b6e-83c8-ae1eebc04f9e,
,,,XA20,Standard,{},5bf8c091-c778-4af6-9151-cdf7c13ebd2e,9b68e2af-0ccf-4a1c-b453-b81b8df34dc2,2a8834b2-b92e-4545-989e-7b5bdf56fbff,22fe50e2-b0ee-4211-964a-e6a91aa3d86f,
,,,XA20,Standard,{},4d06c86e-de9b-49b1-be1f-4eed373e6b70,01f619da-ba25-44aa-ae72-6ccbc8cc33fa,2a8834b2-b92e-4545-989e-7b5bdf56fbff,aa3a2c96-c4e5-4b6e-83c8-ae1eebc04f9e,
,,,XA20,Standard,{},bdcc38f9-807c-4187-ab90-5ed49f73d66a,9b68e2af-0ccf-4a1c-b453-b81b8df34dc2,2a8834b2-b92e-4545-989e-7b5bdf56fbff,aa3a2c96-c4e5-4b6e-83c8-ae1eebc04f9e,
,,,XA30,Standard,{},2c57d365-0c53-42cb-b3ce-aa23e863d10d,9b68e2af-0ccf-4a1c-b453-b81b8df34dc2,79b985f2-0db2-4fd8-8085-99c9c671da34,22fe50e2-b0ee-4211-964a-e6a91aa3d86f,
,,,XA30,Standard,{},7c9177c5-cfab-4533-be0f-96a3ea992c0b,1f5ee1b1-95fa-479a-bbad-83ae91e995d1,79b985f2-0db2-4fd8-8085-99c9c671da34,2bcc575e-37f5-405e-8fa8-7bf128daf0b2,
,,,XA30,Standard,{},2af02720-d7b0-4c0f-a87e-028ec9a946cd,01f619da-ba25-44aa-ae72-6ccbc8cc33fa,79b985f2-0db2-4fd8-8085-99c9c671da34,aa3a2c96-c4e5-4b6e-83c8-ae1eebc04f9e,
,,,XA30,Standard,{},d15f215c-ed8f-4962-96b9-006ee41513fe,9b68e2af-0ccf-4a1c-b453-b81b8df34dc2,79b985f2-0db2-4fd8-8085-99c9c671da34,aa3a2c96-c4e5-4b6e-83c8-ae1eebc04f9e,
,,,XA30,Standard,{},cbf61e08-e68d-460d-be95-6b5b7140bdab,9b68e2af-0ccf-4a1c-b453-b81b8df34dc2,065243a5-8992-4e2d-9513-67f9b5a1ff4e,c346f8a0-ea10-4257-bf22-7d19e61dc8c0,
,,,XA30,Standard,{},ae5f3654-d27b-4771-aa7e-f5b7eeea2885,9b68e2af-0ccf-4a1c-b453-b81b8df34dc2,065243a5-8992-4e2d-9513-67f9b5a1ff4e,3c11c031-ed4a-4466-8f11-2ad1038c899c,
,,,XA30,Standard,{},f91e6e01-86c4-4c50-9235-08366576414e,e146c59f-4afc-4627-b42c-207e14135d54,065243a5-8992-4e2d-9513-67f9b5a1ff4e,674a9c96-2433-4ff9-b9df-cc45f8a216fb,
,,,XA30,Standard,{},6bfed4e8-2424-41e8-8f61-277547e5f8d9,9b68e2af-0ccf-4a1c-b453-b81b8df34dc2,065243a5-8992-4e2d-9513-67f9b5a1ff4e,674a9c96-2433-4ff9-b9df-cc45f8a216fb,
,,,XA30,Standard,{},7ca391da-4318-4937-b824-ab69d78f5703,1287d34a-5b44-4616-aed5-536ebc9719d4,065243a5-8992-4e2d-9513-67f9b5a1ff4e,aa3a2c96-c4e5-4b6e-83c8-ae1eebc04f9e,
,,,XA30,Standard,{},0670f1cd-f108-43d3-b77c-4aa7b7686e43,1f5ee1b1-95fa-479a-bbad-83ae91e995d1,065243a5-8992-4e2d-9513-67f9b5a1ff4e,bb4977c5-0301-4f2d-8953-8d52dc44f41e,
,,,XA40,Standard,{},b075e4ae-9c15-4f10-973b-ad9ef650507c,fc334a32-c951-4683-9cde-2de9dfd5567a,0c454073-efea-48d2-8387-bb90c05f1e0f,c8df17ce-ac38-40f2-829b-be9f49a38e26,
,,,XA40,Standard,{},c027b4c4-5012-42a9-a736-a9d50664b47d,1287d34a-5b44-4616-aed5-536ebc9719d4,0c454073-efea-48d2-8387-bb90c05f1e0f,3a926518-15ff-44f2-8fe0-9a304fed7eda,
,,,XA40,Standard,{},2e326436-9914-4de8-bca2-a6702747db1e,fc334a32-c951-4683-9cde-2de9dfd5567a,0c454073-efea-48d2-8387-bb90c05f1e0f,674a9c96-2433-4ff9-b9df-cc45f8a216fb,
,,,XA40,Standard,{},e8a65688-c728-4e12-aed8-7a8c68b4a3a2,e146c59f-4afc-4627-b42c-207e14135d54,0c454073-efea-48d2-8387-bb90c05f1e0f,fe409c68-49fb-4bf3-b979-85e60c2f14d0,
,,,XA40,Standard,{},f0cd2a22-4d57-4126-aacc-5c2c14172674,1287d34a-5b44-4616-aed5-536ebc9719d4,0c454073-efea-48d2-8387-bb90c05f1e0f,1d9b01cd-d582-46c1-9301-69c0ade0eab2,
,,,XA40,Standard,{},5ee43217-3fd6-4df3-ae8a-ac84596facce,fc334a32-c951-4683-9cde-2de9dfd5567a,86659432-e3e5-4da2-bbe8-3787e250469d,c8df17ce-ac38-40f2-829b-be9f49a38e26,
,,,XA50,Standard,{},29f98969-c6f1-4df7-848f-5de90f4576cd,e9ebffd8-1782-4784-934c-1383e2f1d5f0,2afb3343-534c-4f28-80aa-1bcf68ac0521,0ab5680f-c297-422b-aaf0-254653c051ef,
,,,XA50,Standard,{},3583010f-ce79-4d97-9921-f717753d018c,a7e853e0-619d-49aa-9620-ae669957bbd6,2afb3343-534c-4f28-80aa-1bcf68ac0521,aca406a3-2cef-416d-a56b-69d993c6718b,
,,,XA50,Standard,{},d9e90b09-e983-4044-a88c-6e4a76a91470,e9ebffd8-1782-4784-934c-1383e2f1d5f0,2afb3343-534c-4f28-80aa-1bcf68ac0521,0ab5680f-c297-422b-aaf0-254653c051ef,
,,,XA50,Standard,{},7efb104b-22b8-458b-aa93-f4724b4f6616,a7e853e0-619d-49aa-9620-ae669957bbd6,2afb3343-534c-4f28-80aa-1bcf68ac0521,aca406a3-2cef-416d-a56b-69d993c6718b,
,,,F800,Standard,{},1f6d7630-ac23-4337-b877-2f05517b7347,e6eaee29-8aa8-4ce3-87ae-58a35b98c033,e5e3b16e-2dcb-4475-96cd-542c5f824dbc,e0c8e33b-070a-41cf-972f-02542f5f9e7a,
,,,XP80,Standard,{},96b82aa7-389f-435e-85d8-afb3d501352c,d24e1944-3dba-4d91-98e8-683f8b4f350f,4c674934-0cae-427e-b217-6e8647b0baa7,c9e40124-0292-458a-9c10-008389011610,
,,,XP80,Standard,{},eeec670d-ffb1-41a8-9443-b42b416ab29c,d24e1944-3dba-4d91-98e8-683f8b4f350f,4c674934-0cae-427e-b217-6e8647b0baa7,f0fcd81a-430b-448e-9fb2-87691528a391,
,,,XP80,Standard,{},cc73a2e6-e7bb-4094-8725-62f38e41f86b,d24e1944-3dba-4d91-98e8-683f8b4f350f,c6b4b562-2410-43ed-8533-894aad74aaeb,c9e40124-0292-458a-9c10-008389011610,
,,,XP80,Standard,{},f4d48d8a-e3b6-459d-b4ba-059d682e0512,d24e1944-3dba-4d91-98e8-683f8b4f350f,c6b4b562-2410-43ed-8533-894aad74aaeb,f0fcd81a-430b-448e-9fb2-87691528a391,
,,,XP80,Standard,{},db279849-bb4e-4ac8-94a5-5564ff38e130,d24e1944-3dba-4d91-98e8-683f8b4f350f,c6b4b562-2410-43ed-8533-894aad74aaeb,c9e40124-0292-458a-9c10-008389011610,
,,,XP80,Standard,{},c5ce0899-bd41-461e-97a9-66d23c163658,d24e1944-3dba-4d91-98e8-683f8b4f350f,c6b4b562-2410-43ed-8533-894aad74aaeb,f0fcd81a-430b-448e-9fb2-87691528a391,
,,,XP170,Standard,{},7849c693-63f9-467a-9ddc-30e20493fde4,01b4c607-caa1-424e-b7fc-4917aa82eb71,6eeb7955-b746-48b6-a935-5db21eeaa6a3,3a200ffc-3321-46c6-a116-2cb5c7a7e65e,
,,,XP170,Standard,{},d54aaf89-878e-48dd-a84d-aa898da0dfa2,d24e1944-3dba-4d91-98e8-683f8b4f350f,6eeb7955-b746-48b6-a935-5db21eeaa6a3,cc26dbea-3c05-4c08-a363-31bb1b0d02b3,
,,,XP170,Standard,{},de42e739-25af-4e97-938c-ad310ce093f1,01b4c607-caa1-424e-b7fc-4917aa82eb71,ccd63716-c607-4929-b9d7-3727b99a8c8f,3a200ffc-3321-46c6-a116-2cb5c7a7e65e,
,,,XP170,Standard,{},eb82c423-a416-4319-aaa2-6e5ef5fbaf59,d24e1944-3dba-4d91-98e8-683f8b4f350f,ccd63716-c607-4929-b9d7-3727b99a8c8f,cc26dbea-3c05-4c08-a363-31bb1b0d02b3,
,,,XP50,Standard,{},ff956f5a-93c8-4d09-b06b-26c20e4e27e9,d24e1944-3dba-4d91-98e8-683f8b4f350f,39502071-801e-4f55-8ccc-411621a8109d,44b5f159-e169-4e05-8522-a94502036158,
,,,XP50,Standard,{},01ab1140-8b62-4d26-9987-3c884329d45d,d24e1944-3dba-4d91-98e8-683f8b4f350f,39502071-801e-4f55-8ccc-411621a8109d,f0fcd81a-430b-448e-9fb2-87691528a391,
,,,XP160,Standard,{},c9e4c203-7fa7-4934-94c8-6c9b629423c9,d24e1944-3dba-4d91-98e8-683f8b4f350f,21607576-326d-472c-ae4b-989b554cf33b,3a200ffc-3321-46c6-a116-2cb5c7a7e65e,
,,,XP160,Standard,{},97f5172e-b463-4744-bf4c-7b206c676e1d,d24e1944-3dba-4d91-98e8-683f8b4f350f,21607576-326d-472c-ae4b-989b554cf33b,cc26dbea-3c05-4c08-a363-31bb1b0d02b3,
,,,,Standard,{},5f26d037-3e46-4a30-9f02-a15617d813d8,9de5b83e-74aa-408f-88fb-f464509e4f71,22026502-dabc-4111-b00d-52bcb6ee9fac,93e73dd9-7204-4dac-910b-fb372f701c84,
,,,,Standard,{},204a94b5-d05e-4df0-9037-303d211db8e4,9437d70b-e269-4474-af9a-a7ac500e8cc6,22026502-dabc-4111-b00d-52bcb6ee9fac,93e73dd9-7204-4dac-910b-fb372f701c84,
,,,,Standard,{},fb1d3d40-4d53-411d-ab6b-c715945b608a,be0ec258-d349-4a41-8f9c-43a635215c39,22026502-dabc-4111-b00d-52bcb6ee9fac,aadbd797-e4b5-4328-a3aa-d93d92baee5f,
,,,,Standard,{},b4b7f853-94b5-4a9e-9bf6-422f6b6146a5,9437d70b-e269-4474-af9a-a7ac500e8cc6,22026502-dabc-4111-b00d-52bcb6ee9fac,d7b55f9b-7918-44df-861d-9543c9d41eed,
,,,,Standard,{},27b9f9fe-1f3e-492b-8ad9-7e30e02fec2e,be0ec258-d349-4a41-8f9c-43a635215c39,22026502-dabc-4111-b00d-52bcb6ee9fac,3f649fd3-8cc9-418f-9310-8be700f97d9e,
,,,,Standard,{},1c2bebc0-8974-4110-af9c-c766615a10ec,9de5b83e-74aa-408f-88fb-f464509e4f71,727e5edf-7311-4b82-a555-62aaf62dcfec,93e73dd9-7204-4dac-910b-fb372f701c84,
,,,,Standard,{},a334bf7b-0cd2-44a1-a730-9c10c191dc2b,86b6fd1a-966f-4198-b457-016c59a80ae9,727e5edf-7311-4b82-a555-62aaf62dcfec,93e73dd9-7204-4dac-910b-fb372f701c84,
,,,,Standard,{},d46cbdc4-8542-44c3-b12a-c6e5a4cccfa1,be0ec258-d349-4a41-8f9c-43a635215c39,727e5edf-7311-4b82-a555-62aaf62dcfec,aadbd797-e4b5-4328-a3aa-d93d92baee5f,
,,,,Standard,{},702359e3-7820-4765-bd02-67df2b6f44ac,86b6fd1a-966f-4198-b457-016c59a80ae9,727e5edf-7311-4b82-a555-62aaf62dcfec,a0d74938-f14e-481d-93e7-175b31d0df22,
,,,,Standard,{},6e7982e8-d5ea-43e2-9fec-04a5d4bd13ea,be0ec258-d349-4a41-8f9c-43a635215c39,727e5edf-7311-4b82-a555-62aaf62dcfec,3f649fd3-8cc9-418f-9310-8be700f97d9e,
,,,,Standard,{},f033f869-235f-4b2f-9c98-6e6cc38ce6e4,9de5b83e-74aa-408f-88fb-f464509e4f71,727e5edf-7311-4b82-a555-62aaf62dcfec,93e73dd9-7204-4dac-910b-fb372f701c84,
,,,,Standard,{},af8f4718-6c4e-4b4f-9ee8-0a892fb29738,86b6fd1a-966f-4198-b457-016c59a80ae9,727e5edf-7311-4b82-a555-62aaf62dcfec,1bf546e6-198b-466b-b6e0-c5dded675bc8,
,,,,Standard,{},e4c5777b-1133-4bb7-a1aa-d662ab6caff5,be0ec258-d349-4a41-8f9c-43a635215c39,727e5edf-7311-4b82-a555-62aaf62dcfec,aadbd797-e4b5-4328-a3aa-d93d92baee5f,
,,,,Standard,{},97957e86-330e-4dbc-9403-4cca7103d9a3,86b6fd1a-966f-4198-b457-016c59a80ae9,727e5edf-7311-4b82-a555-62aaf62dcfec,a0d74938-f14e-481d-93e7-175b31d0df22,
,,,,Standard,{},a39aa62f-b1b2-4c6f-b037-1b6e6bfe5fae,be0ec258-d349-4a41-8f9c-43a635215c39,727e5edf-7311-4b82-a555-62aaf62dcfec,3f649fd3-8cc9-418f-9310-8be700f97d9e,
,,,GV10,Standard,{},613caa00-ba78-4c91-b7c7-1344cbd545c3,8a73f1e9-178b-49a7-b7bf-8acd0ab71c1f,a3976912-9a11-40db-9519-a6d09b9976cf,3a926518-15ff-44f2-8fe0-9a304fed7eda,
,,,GV10,Standard,{},c9397f94-57f9-4bc7-90ae-85f1a913b904,8a73f1e9-178b-49a7-b7bf-8acd0ab71c1f,a3976912-9a11-40db-9519-a6d09b9976cf,1d9b01cd-d582-46c1-9301-69c0ade0eab2,
,,,GV10,Standard,{},83976ffa-3c03-4f17-ba4c-d794f3f17e9e,8a73f1e9-178b-49a7-b7bf-8acd0ab71c1f,e6a680a6-5e52-4ea8-91e5-cc69bd9fc8e7,3a926518-15ff-44f2-8fe0-9a304fed7eda,
,,,GV10,Standard,{},7ff327e7-7bdc-490c-b17d-a05fdeb3e4b9,8a73f1e9-178b-49a7-b7bf-8acd0ab71c1f,e6a680a6-5e52-4ea8-91e5-cc69bd9fc8e7,1d9b01cd-d582-46c1-9301-69c0ade0eab2,
,,,XP10,Standard,{},b8a4ad0b-3cd1-445b-9971-7f22af1f6946,e7595879-f6ad-453d-8218-2a4c14c44daf,66317d69-5fee-41ae-be41-a534f299a1e7,798dc56a-5408-42df-bd27-17c0ee961387,
,,,XP10,Standard,{},c11ef349-a57f-4481-ba0e-f061a96fe4c6,fa03080c-1fbc-467c-8193-88989adbbb4d,66317d69-5fee-41ae-be41-a534f299a1e7,ce50881f-08f6-4400-89f0-2381ac12c60e,
,,,XP10,Standard,{},ba2fb715-a76a-42bd-abca-c754aa85cdae,d24e1944-3dba-4d91-98e8-683f8b4f350f,66317d69-5fee-41ae-be41-a534f299a1e7,44b5f159-e169-4e05-8522-a94502036158,
,,,XP10,Standard,{},95a21922-2b91-4544-bae0-abf0b5ea6b6b,e7595879-f6ad-453d-8218-2a4c14c44daf,de8d2789-fcaa-4475-b670-48f907aa3a35,798dc56a-5408-42df-bd27-17c0ee961387,
,,,XP10,Standard,{},a923a158-bf7a-4401-ad92-80a419d28590,fa03080c-1fbc-467c-8193-88989adbbb4d,de8d2789-fcaa-4475-b670-48f907aa3a35,ce50881f-08f6-4400-89f0-2381ac12c60e,
,,,XP10,Standard,{},e59d9595-6f5f-40f7-af69-0bdfecb93165,d24e1944-3dba-4d91-98e8-683f8b4f350f,de8d2789-fcaa-4475-b670-48f907aa3a35,44b5f159-e169-4e05-8522-a94502036158,
,,,XP90,Standard,{},0ae3d3f1-b580-4cc0-befc-3926ecf85a85,fa03080c-1fbc-467c-8193-88989adbbb4d,5859d4af-725a-49be-9b05-55e1c6b61551,94ab2838-34aa-45b1-816a-6ba7f83e282a,
,,,XP90,Standard,{},bfe1fea9-e745-4e5d-b34b-e11f4d529ee7,fa03080c-1fbc-467c-8193-88989adbbb4d,86501093-9dd5-466f-921f-8d7d030e020c,94ab2838-34aa-45b1-816a-6ba7f83e282a,
,,,XP130,Standard,{},5ff0d169-b01e-4b6a-9d01-1785ba68c647,6a4ddb9d-0b7f-478a-957a-bde6c617fa44,786e54f1-5ece-424e-81e5-03dbe3bd6cc4,1259657b-afe8-4af3-a9b9-2f30d4be0637,
,,,XP130,Standard,{},dd0a96ce-e4aa-49f8-998e-b24a7e4f828f,3804174e-1d6b-46a0-8771-06751bab6dcf,786e54f1-5ece-424e-81e5-03dbe3bd6cc4,1d40076e-28f7-484e-a450-0309e2e53e7d,
,,,XP130,Standard,{},334e1249-a261-42ce-a3b0-388b091cf7dd,d24e1944-3dba-4d91-98e8-683f8b4f350f,786e54f1-5ece-424e-81e5-03dbe3bd6cc4,4c79d641-9625-4be5-83ff-dfdbf969464c,
,,,XP130,Standard,{},371a9de9-5a12-4e71-90a3-9d1204282518,3804174e-1d6b-46a0-8771-06751bab6dcf,786e54f1-5ece-424e-81e5-03dbe3bd6cc4,cc26dbea-3c05-4c08-a363-31bb1b0d02b3,
,,,XP130,Standard,{},20120edd-d183-42d6-a89e-7de4fc90db76,6a4ddb9d-0b7f-478a-957a-bde6c617fa44,1fc8eb63-46df-4c46-a7e2-dee3facf6b72,1259657b-afe8-4af3-a9b9-2f30d4be0637,
,,,XP130,Standard,{},c0dcdd90-5f46-4a9b-8e2c-cc28808ad190,3804174e-1d6b-46a0-8771-06751bab6dcf,1fc8eb63-46df-4c46-a7e2-dee3facf6b72,1d40076e-28f7-484e-a450-0309e2e53e7d,
,,,XP130,Standard,{},f902b4af-9cc1-4d04-a73d-a6c97c409d4e,d24e1944-3dba-4d91-98e8-683f8b4f350f,1fc8eb63-46df-4c46-a7e2-dee3facf6b72,3a200ffc-3321-46c6-a116-2cb5c7a7e65e,
,,,XP130,Standard,{},44758e23-4875-4284-a024-ed804f8f3031,3804174e-1d6b-46a0-8771-06751bab6dcf,1fc8eb63-46df-4c46-a7e2-dee3facf6b72,cc26dbea-3c05-4c08-a363-31bb1b0d02b3,
,,,XP130,Standard,{},1adb1a48-2a82-41c7-9e9e-0144c3d4ce37,6a4ddb9d-0b7f-478a-957a-bde6c617fa44,1fc8eb63-46df-4c46-a7e2-dee3facf6b72,1259657b-afe8-4af3-a9b9-2f30d4be0637,
,,,XP130,Standard,{},8630435b-69c0-487e-843e-c6c016aab2ab,ec7b16c5-ff86-44e2-a116-b7044edfcd76,1fc8eb63-46df-4c46-a7e2-dee3facf6b72,1d40076e-28f7-484e-a450-0309e2e53e7d,
,,,XP130,Standard,{},1b33a7bb-9cf5-4871-8f37-8eaeac9c57af,d24e1944-3dba-4d91-98e8-683f8b4f350f,1fc8eb63-46df-4c46-a7e2-dee3facf6b72,3a200ffc-3321-46c6-a116-2cb5c7a7e65e,
,,,XP130,Standard,{},d1d5bfc5-dcef-4d99-948d-70bf4332e784,3804174e-1d6b-46a0-8771-06751bab6dcf,1fc8eb63-46df-4c46-a7e2-dee3facf6b72,cc26dbea-3c05-4c08-a363-31bb1b0d02b3,
,,,XP10,Standard,{},b189e959-9c5f-42c6-934e-4ed9e94ae3f3,1c17aee0-b048-4e68-8612-e0ca4180100d,9784c6c3-7788-4f03-9340-19488c4c9d46,ce50881f-08f6-4400-89f0-2381ac12c60e,
,,,XP90,Standard,{},20f46582-fe9a-43fa-a96f-16b221ca6fce,d24e1944-3dba-4d91-98e8-683f8b4f350f,eeb8b310-b086-4921-83e7-87ff7d5cdcd8,44b5f159-e169-4e05-8522-a94502036158,
,,,XP90,Standard,{},99cfc11e-8442-4b06-9d7c-a53fe4cf1821,828eb635-78f1-41ef-92bf-3071cb8eb2ef,eeb8b310-b086-4921-83e7-87ff7d5cdcd8,194cb10a-ed09-4f9f-a55b-6e93a7e0d8d6,
,,,XP90,Standard,{},5608ca7c-0556-4ad1-95ba-93be7141b257,d24e1944-3dba-4d91-98e8-683f8b4f350f,462895a0-98c1-4647-a596-ed90ad2b8be4,44b5f159-e169-4e05-8522-a94502036158,
,,,XP130,Standard,{},36e5dc0e-407d-4bf7-8dd7-85a3de763888,3804174e-1d6b-46a0-8771-06751bab6dcf,f1712591-1c47-48be-bb7d-ca6bd0a08b43,1d40076e-28f7-484e-a450-0309e2e53e7d,
,,,XP130,Standard,{},32556fb0-6a86-4991-90c7-562404479003,01b4c607-caa1-424e-b7fc-4917aa82eb71,93abcb14-1ff6-4b0d-8933-badc34719ec1,3a200ffc-3321-46c6-a116-2cb5c7a7e65e,
,,,XP210,1.0 л (Япония),{},e204496a-dd67-49bc-b347-61a457f1c139,6a4ddb9d-0b7f-478a-957a-bde6c617fa44,f5d7b9f2-068d-4247-99b8-ab4a1f9e243f,0a11c105-4a3c-4847-adc8-ba89b6c567a6,
,,,XP210,Полноприводный 1.5 л (Все рынки),{},3ae633e9-f1e1-459a-a0d1-c1119210d1b5,5b2fd344-4bb3-4b33-bc4f-7c7da066ffa0,f5d7b9f2-068d-4247-99b8-ab4a1f9e243f,2ad10967-d0f3-4ee8-b89f-e194f526a6b7,
,,,XP210,Standard,{},a41954a6-3365-4e06-9d50-3ab151657963,5b2fd344-4bb3-4b33-bc4f-7c7da066ffa0,3c775b19-821d-492a-b1ad-222447085451,2ad10967-d0f3-4ee8-b89f-e194f526a6b7,
,,,XP20,Standard,{},93534b46-46ef-40f9-be77-ec3f7a8e558a,fa03080c-1fbc-467c-8193-88989adbbb4d,95eebb2c-8f81-4f2f-b75d-debe205c2fea,ce50881f-08f6-4400-89f0-2381ac12c60e,
,,,XP20,Standard,{},cc953b4c-8e11-4e69-9a39-dfc537ef47c6,fa03080c-1fbc-467c-8193-88989adbbb4d,58ead47b-51ab-4846-9936-29634673843a,ce50881f-08f6-4400-89f0-2381ac12c60e,
,,,AE10,Standard,{},5a7df2f1-3096-4034-9f1b-700f019d7935,701de837-f4e9-4acb-9130-adb78e4d6c62,34cc7e25-425e-4144-b835-e9a59bac0068,294515a3-60ac-42d7-a865-f0e4b7e2a49a,
,,,AE10,Standard,{},8b8d1836-e7c9-4568-bfc6-907e88138e05,0a46b76a-300f-428b-a70f-cc7e8c03702e,34cc7e25-425e-4144-b835-e9a59bac0068,9c36703d-e688-4f58-99ea-67694edd7b78,
,,,AE10,Standard,{},69e5293d-843b-4a1b-bd3d-c8c11b5ab4c9,701de837-f4e9-4acb-9130-adb78e4d6c62,34cc7e25-425e-4144-b835-e9a59bac0068,f780363d-d04b-43de-b740-8c3543a1b454,
,,,AE10,Standard,{},3f311b01-4965-45de-88a9-15cad7785871,701de837-f4e9-4acb-9130-adb78e4d6c62,10ea8a9b-eaaf-46a0-be57-e006ddca8781,294515a3-60ac-42d7-a865-f0e4b7e2a49a,
,,,AE10,Standard,{},0bb6ae83-422a-4c25-9550-b88695ab9c2b,0a46b76a-300f-428b-a70f-cc7e8c03702e,10ea8a9b-eaaf-46a0-be57-e006ddca8781,c8df17ce-ac38-40f2-829b-be9f49a38e26,
,,,AE10,Standard,{},4648d1d6-1f95-4890-8313-3941cd4ed37f,701de837-f4e9-4acb-9130-adb78e4d6c62,10ea8a9b-eaaf-46a0-be57-e006ddca8781,f780363d-d04b-43de-b740-8c3543a1b454,
,,,AE20,Standard,{},fa1fdc5f-e7ed-4fb6-a63d-867c36cffa35,b10ef6e6-b7bc-4828-8aa9-e925a9bd7c37,7d427931-241c-47a1-98b3-ea6381394a6f,5cf66f87-5cee-4c28-9421-c1c7a3b4d76a,
,,,AE20,Standard,{},776e4284-4e10-4c19-8501-92549c3cef0a,e146c59f-4afc-4627-b42c-207e14135d54,7d427931-241c-47a1-98b3-ea6381394a6f,c8df17ce-ac38-40f2-829b-be9f49a38e26,
,,,AE20,Standard,{},de2f5ce3-ea10-4975-9f9b-2792e9f4fd09,b10ef6e6-b7bc-4828-8aa9-e925a9bd7c37,7d427931-241c-47a1-98b3-ea6381394a6f,73231830-fc9e-444f-9790-bc1cdce66f69,
,,,AE20,Standard,{},38fce91d-69d5-498f-9e48-5c64adcb24fa,b10ef6e6-b7bc-4828-8aa9-e925a9bd7c37,415de5f5-7328-4972-9570-cef490e4dc96,5cf66f87-5cee-4c28-9421-c1c7a3b4d76a,
,,,AE20,Standard,{},19815981-bfe6-4f2a-9eef-fbbb7cf4e654,e146c59f-4afc-4627-b42c-207e14135d54,415de5f5-7328-4972-9570-cef490e4dc96,c8df17ce-ac38-40f2-829b-be9f49a38e26,
,,,AE20,Standard,{},026031dd-eeb6-4db7-bc93-d53b116a78ab,b10ef6e6-b7bc-4828-8aa9-e925a9bd7c37,415de5f5-7328-4972-9570-cef490e4dc96,73231830-fc9e-444f-9790-bc1cdce66f69,
