id,name,volume,power,type,eco_class,cylinders,valves,torque,grm_drive_type,brand_id,concern_id,phase_regulator_system_id
a6cb8186-8ea8-40f7-bcf5-acb36d6b853f,B16A,1595,150,17,,4,16,145,1,e0a15176-ea8f-4ce3-97a2-afd0430ef93f,,7537b477-0a3d-41b1-9161-f77b3e475b19
162b1134-b995-4246-9471-25ea4d3e7bf0,B16A,1595,160,17,,4,16,150,1,e0a15176-ea8f-4ce3-97a2-afd0430ef93f,,7537b477-0a3d-41b1-9161-f77b3e475b19
85b77246-50de-462c-b58c-09a755f7026c,B16B,1595,185,17,,4,16,160,1,e0a15176-ea8f-4ce3-97a2-afd0430ef93f,,7537b477-0a3d-41b1-9161-f77b3e475b19
cc53ed4b-d4d3-40b6-bdcf-79278cfd6f7e,B18B,1834,130,17,,4,16,165,1,e0a15176-ea8f-4ce3-97a2-afd0430ef93f,,
372bdb37-0ecc-4dd1-bec5-82267dcaea19,B18C,1797,170,17,,4,16,170,1,e0a15176-ea8f-4ce3-97a2-afd0430ef93f,,7537b477-0a3d-41b1-9161-f77b3e475b19
92a3e38d-3139-415e-b154-3c191e29a3be,B18C,1797,190,17,,4,16,175,1,e0a15176-ea8f-4ce3-97a2-afd0430ef93f,,7537b477-0a3d-41b1-9161-f77b3e475b19
752ca3e9-aa4b-4334-85e8-1e31ca9a07e5,B20B,1972,125,17,,4,16,180,1,e0a15176-ea8f-4ce3-97a2-afd0430ef93f,,
ecb00b56-0b81-4a8d-ba5c-00d093b188b9,B20B,1972,145,17,,4,16,190,1,e0a15176-ea8f-4ce3-97a2-afd0430ef93f,,
c9b50c3b-2966-4802-91aa-23d6d1062f47,B20Z,1973,147,17,,4,16,180,1,e0a15176-ea8f-4ce3-97a2-afd0430ef93f,,
349de89a-4999-455c-868c-32b02a704729,C27A,2675,165,17,,6,24,220,1,e0a15176-ea8f-4ce3-97a2-afd0430ef93f,,
1f74845a-51b2-4d7b-aa7b-1abf1c95ec46,C27A,2675,175,17,,6,24,225,1,e0a15176-ea8f-4ce3-97a2-afd0430ef93f,,
f72d061c-b4b9-4fdc-82a0-ec1d03c9d03b,C27A,2675,172,17,,6,24,225,1,e0a15176-ea8f-4ce3-97a2-afd0430ef93f,,
7aa8673b-ab79-4ba5-812d-2a5655d217ed,C30A,2977,256,17,,6,24,284,1,e0a15176-ea8f-4ce3-97a2-afd0430ef93f,,7537b477-0a3d-41b1-9161-f77b3e475b19
e1860a61-1e34-41e6-b791-81d916cc88d4,C32A,3206,200,17,,6,24,285,1,e0a15176-ea8f-4ce3-97a2-afd0430ef93f,,
a8af36fb-aa9e-4c3f-ac62-acefec785de2,C32A,3206,230,17,,6,24,280,1,e0a15176-ea8f-4ce3-97a2-afd0430ef93f,,
c2056955-f4b7-41e0-8ac3-d6a88e0a221b,C32B,3179,294,17,,6,24,304,1,e0a15176-ea8f-4ce3-97a2-afd0430ef93f,,7537b477-0a3d-41b1-9161-f77b3e475b19
c0c3f900-f970-43ef-bd80-a78f12f08577,C35A,3473,208,17,,6,24,295,1,e0a15176-ea8f-4ce3-97a2-afd0430ef93f,,
f1cc96b2-066b-4743-89bf-6260158fcbe9,D13B,1343,75,17,,4,16,102,1,e0a15176-ea8f-4ce3-97a2-afd0430ef93f,,
34a04998-7e50-4cfa-bd6a-f989a55f5cc0,D13B,1343,90,17,,4,16,115,1,e0a15176-ea8f-4ce3-97a2-afd0430ef93f,,
dc279e6a-4b28-41b8-ad8e-7bdfc4daf8c0,D13B,1343,65,17,,4,8,110,1,e0a15176-ea8f-4ce3-97a2-afd0430ef93f,,
16631fd0-db39-4452-81a4-59e157c6e225,D14A,1396,90,17,,4,16,110,1,e0a15176-ea8f-4ce3-97a2-afd0430ef93f,,
06f3605d-a8da-4eb5-9856-6b9385669af4,D14A,1396,75,17,,4,16,110,1,e0a15176-ea8f-4ce3-97a2-afd0430ef93f,,
8f9162d2-528c-479a-b597-9974ff5bbdea,D15B,1493,100,17,,4,16,120,1,e0a15176-ea8f-4ce3-97a2-afd0430ef93f,,
72447e22-a500-4538-bed5-6abea4a90756,D15B,1493,60,17,,4,8,110,1,e0a15176-ea8f-4ce3-97a2-afd0430ef93f,,
cfce5267-97c5-42a3-b038-5112cd1897c0,D15B,1493,70,17,,4,16,110,1,e0a15176-ea8f-4ce3-97a2-afd0430ef93f,,
03c91f83-90b6-49cf-8295-b2bb3faea27f,D15B,1493,130,17,,4,16,140,1,e0a15176-ea8f-4ce3-97a2-afd0430ef93f,,7537b477-0a3d-41b1-9161-f77b3e475b19
8fb8a6e5-b79c-445f-b137-59c1862e4769,D16A,1590,110,17,,4,16,135,1,e0a15176-ea8f-4ce3-97a2-afd0430ef93f,,
e4152ed6-166a-4057-a30b-c29722072269,D16A,1590,115,17,,4,16,135,1,e0a15176-ea8f-4ce3-97a2-afd0430ef93f,,
56a34992-2411-448f-9a5e-b7f0a9fc83b1,D17A,1668,115,17,,4,16,145,1,e0a15176-ea8f-4ce3-97a2-afd0430ef93f,,
3f3c0f84-4377-4677-86a3-5d70575acd4e,D17A,1668,120,17,,4,16,145,1,e0a15176-ea8f-4ce3-97a2-afd0430ef93f,,7537b477-0a3d-41b1-9161-f77b3e475b19
69b9a0c3-5d95-4e3d-a757-ac247234f5e2,F18B,1849,135,17,,4,16,165,1,e0a15176-ea8f-4ce3-97a2-afd0430ef93f,,7cd6f33c-3ebf-4900-9adc-fd4ffc70d043
9c2f08cf-73be-4fd7-b5b7-b739478d6a0c,F20A,1997,90,17,,4,16,150,1,e0a15176-ea8f-4ce3-97a2-afd0430ef93f,,
4d4a952e-003c-40a6-8028-d7c5a6c3503d,F20A,1997,130,17,,4,16,175,1,e0a15176-ea8f-4ce3-97a2-afd0430ef93f,,
bb6404e7-0e27-4279-818a-2a2dcf189dcd,F20A,1997,152,17,,4,16,185,1,e0a15176-ea8f-4ce3-97a2-afd0430ef93f,,
3ee266ac-1d22-4e82-ae86-cb5a003e4497,F20B,1997,135,17,,4,16,180,1,e0a15176-ea8f-4ce3-97a2-afd0430ef93f,,7537b477-0a3d-41b1-9161-f77b3e475b19
c41fe1d7-ee7f-415f-ab57-5f435a8353aa,F20B,1997,180,17,,4,16,195,1,e0a15176-ea8f-4ce3-97a2-afd0430ef93f,,7537b477-0a3d-41b1-9161-f77b3e475b19
e06839db-d000-435f-8859-e20f09528546,F20C,1998,240,17,,4,16,210,2,e0a15176-ea8f-4ce3-97a2-afd0430ef93f,,7537b477-0a3d-41b1-9161-f77b3e475b19
ee47d8de-fdf5-4dbb-8a4e-b098ec398939,F22B,2156,130,17,,4,16,190,1,e0a15176-ea8f-4ce3-97a2-afd0430ef93f,,
d910503e-351d-4ecb-be68-ef1957711520,F22B,2156,150,17,,4,16,200,1,e0a15176-ea8f-4ce3-97a2-afd0430ef93f,,
372f22b3-238f-4219-8274-d4741cf15452,F22B,2156,145,17,,4,16,200,1,e0a15176-ea8f-4ce3-97a2-afd0430ef93f,,7537b477-0a3d-41b1-9161-f77b3e475b19
08dde8f8-21b0-4494-abc0-6ba2c42902bf,F22B,2156,160,17,,4,16,215,1,e0a15176-ea8f-4ce3-97a2-afd0430ef93f,,
e78db977-abcc-4050-a702-1b6fd2f80a9f,F23A,2254,135,17,,4,16,205,1,e0a15176-ea8f-4ce3-97a2-afd0430ef93f,,
cfab1753-6f9e-44fb-af6c-314b8afff77c,F23A,2254,150,17,,4,16,205,1,e0a15176-ea8f-4ce3-97a2-afd0430ef93f,,7537b477-0a3d-41b1-9161-f77b3e475b19
04425eb3-2faf-41ad-946b-880d1cc8299d,G20A,1996,155,17,,5,20,185,1,e0a15176-ea8f-4ce3-97a2-afd0430ef93f,,
cae49ee1-2d6c-4150-be83-b3b5dac72385,G25A,2451,180,17,,5,20,225,1,e0a15176-ea8f-4ce3-97a2-afd0430ef93f,,
9d0de72e-e6f3-4e29-8745-47d2a09fb9e7,H22A,2157,185,17,,4,16,205,1,e0a15176-ea8f-4ce3-97a2-afd0430ef93f,,7537b477-0a3d-41b1-9161-f77b3e475b19
2b4cad11-4ee3-46cb-9f6f-304b50cba539,H22A,2157,200,17,,4,16,210,1,e0a15176-ea8f-4ce3-97a2-afd0430ef93f,,7537b477-0a3d-41b1-9161-f77b3e475b19
2b3b8bb3-5029-4b6b-a2f8-44555ecbc006,H23A,2258,160,17,,4,16,210,1,e0a15176-ea8f-4ce3-97a2-afd0430ef93f,,
1c3bbe4c-e1db-4549-aa8d-8e4e6314dbc7,H23A,2258,190,17,,4,16,220,1,e0a15176-ea8f-4ce3-97a2-afd0430ef93f,,7537b477-0a3d-41b1-9161-f77b3e475b19
88010e9f-311a-4a3d-9a8e-74fe69e71f28,J25A,2495,200,17,,6,24,240,1,e0a15176-ea8f-4ce3-97a2-afd0430ef93f,,7537b477-0a3d-41b1-9161-f77b3e475b19
112e5273-f487-4ba9-9948-54c91ff700e0,J30A,2997,200,17,,6,24,265,1,e0a15176-ea8f-4ce3-97a2-afd0430ef93f,,7537b477-0a3d-41b1-9161-f77b3e475b19
c74bf905-7c5f-46e9-93bb-d2fb6938a5a8,J30A,2997,240,17,,6,24,280,1,e0a15176-ea8f-4ce3-97a2-afd0430ef93f,,43a5a8e8-3e90-4859-9e25-156d66b6dc41
a65af065-92eb-4dbc-bd82-dc0da401b9bd,J30AC,2997,355,17,,6,24,480,1,e0a15176-ea8f-4ce3-97a2-afd0430ef93f,,1641fbcc-d516-4975-8a1a-24ff0e5cbc0b
d930bfb6-02a2-43a2-853f-1ed296fe21b0,J30Y,2997,257,17,,6,24,296,1,e0a15176-ea8f-4ce3-97a2-afd0430ef93f,,43a5a8e8-3e90-4859-9e25-156d66b6dc41
dc3a0dd1-9e4d-4056-b8a4-91571c6bb9ca,JNA1,2997,255,17,,6,24,315,1,e0a15176-ea8f-4ce3-97a2-afd0430ef93f,,43a5a8e8-3e90-4859-9e25-156d66b6dc41
978bb6d1-2978-4c34-a32c-6e742025a54b,J32A,3206,225,17,,6,24,295,1,e0a15176-ea8f-4ce3-97a2-afd0430ef93f,,7537b477-0a3d-41b1-9161-f77b3e475b19
31b09501-9b9f-4e1d-b3ef-ed3705f4a92b,J32A,3206,260,17,,6,24,315,1,e0a15176-ea8f-4ce3-97a2-afd0430ef93f,,7537b477-0a3d-41b1-9161-f77b3e475b19
eb636bca-987d-4e15-934c-9e2f4d9982a4,J35A,3471,210,17,,6,24,310,1,e0a15176-ea8f-4ce3-97a2-afd0430ef93f,,7537b477-0a3d-41b1-9161-f77b3e475b19
1197a6b9-0f4c-4680-aaf6-6c2323fc360c,J35A,3471,240,17,,6,24,330,1,e0a15176-ea8f-4ce3-97a2-afd0430ef93f,,7537b477-0a3d-41b1-9161-f77b3e475b19
a41309e9-8e8b-4911-bcb6-ef06ea689aef,J35A,3471,255,17,,6,24,339,1,e0a15176-ea8f-4ce3-97a2-afd0430ef93f,,43a5a8e8-3e90-4859-9e25-156d66b6dc41
14451c00-b126-4c98-8f89-c1951e96c7ac,J35A,3471,286,17,,6,24,347,1,e0a15176-ea8f-4ce3-97a2-afd0430ef93f,,7537b477-0a3d-41b1-9161-f77b3e475b19
4ffa0ac9-3581-4707-a435-d228d40caaef,J35Y,3471,270,17,,6,24,340,1,e0a15176-ea8f-4ce3-97a2-afd0430ef93f,,43a5a8e8-3e90-4859-9e25-156d66b6dc41
fc1ca203-dda1-4639-99eb-c44173f08fd3,J35Y,3471,290,17,,6,24,362,1,e0a15176-ea8f-4ce3-97a2-afd0430ef93f,,43a5a8e8-3e90-4859-9e25-156d66b6dc41
61a2b153-9fa2-4542-965e-ed21b4f68d6c,J35Y,3471,285,17,,6,24,355,1,e0a15176-ea8f-4ce3-97a2-afd0430ef93f,,e2ba7391-0a2d-434f-b584-dbd93ce99332
400792bc-cf2a-4dfc-82cb-cb8bdd3be256,J35Z,3471,250,17,,6,24,335,1,e0a15176-ea8f-4ce3-97a2-afd0430ef93f,,43a5a8e8-3e90-4859-9e25-156d66b6dc41
88f6ca64-dd70-4482-8d3d-a97173695ed6,J35Z,3471,244,17,,6,24,325,1,e0a15176-ea8f-4ce3-97a2-afd0430ef93f,,43a5a8e8-3e90-4859-9e25-156d66b6dc41
278a1588-5db6-4238-9cb2-2dcfa32e9c90,J35Z,3471,280,17,,6,24,344,1,e0a15176-ea8f-4ce3-97a2-afd0430ef93f,,43a5a8e8-3e90-4859-9e25-156d66b6dc41
76023dfa-283e-4795-abab-842381803c2a,JNC1,3493,507,17,,6,24,550,2,e0a15176-ea8f-4ce3-97a2-afd0430ef93f,,1641fbcc-d516-4975-8a1a-24ff0e5cbc0b
401f19ba-049c-462f-8706-b61685b53144,J37A,3664,295,17,,6,24,365,1,e0a15176-ea8f-4ce3-97a2-afd0430ef93f,,7537b477-0a3d-41b1-9161-f77b3e475b19
265e7f66-31e8-4c50-83d4-d7278c23b139,K20A,1998,150,17,,4,16,177,0,e0a15176-ea8f-4ce3-97a2-afd0430ef93f,,
a209b091-a17f-465a-9a96-e04a4e3fcdb5,K20A,1998,200,17,,4,16,188,0,e0a15176-ea8f-4ce3-97a2-afd0430ef93f,,
4a3532c8-2a7e-4b11-856d-2744f2780fd7,K20B,1998,156,17,,4,16,188,2,e0a15176-ea8f-4ce3-97a2-afd0430ef93f,,1290a518-4d6e-4a7c-86e9-043e6a09f724
bc072622-1120-4fb7-82a3-4789eba8c865,K20C,1996,306,17,,4,16,400,2,e0a15176-ea8f-4ce3-97a2-afd0430ef93f,,ca1355d3-05a7-4b1b-9ac8-4c453e9a43a9
b7494393-0f2d-4c2c-bb3d-2d172efd92d7,K20C,1996,158,17,,4,16,187,2,e0a15176-ea8f-4ce3-97a2-afd0430ef93f,,ca1355d3-05a7-4b1b-9ac8-4c453e9a43a9
1cc9c17f-c28b-4f31-8fd4-418bc875a0fb,K20C,1996,252,17,,4,16,370,2,e0a15176-ea8f-4ce3-97a2-afd0430ef93f,,ca1355d3-05a7-4b1b-9ac8-4c453e9a43a9
64a0dd3c-e5c6-474a-bd77-a408d8b8d34c,K20Z,1998,153,17,,4,16,188,2,e0a15176-ea8f-4ce3-97a2-afd0430ef93f,,1290a518-4d6e-4a7c-86e9-043e6a09f724
525d7c65-ee39-46bf-b932-165bd9f5173d,K20Z,1998,192,17,,4,16,184,2,e0a15176-ea8f-4ce3-97a2-afd0430ef93f,,1290a518-4d6e-4a7c-86e9-043e6a09f724
904591c1-aedc-4bd3-85a2-f84f703bc3b1,K23A,2300,240,17,,4,16,350,2,e0a15176-ea8f-4ce3-97a2-afd0430ef93f,,43a5a8e8-3e90-4859-9e25-156d66b6dc41
4196e1d3-fd2b-4f18-a415-3dd37b3490a7,K24A,2354,160,17,,4,16,218,0,e0a15176-ea8f-4ce3-97a2-afd0430ef93f,,
45593292-9b63-4474-9776-8ed9f53af1d4,K24A,2354,187,17,,4,16,222,0,e0a15176-ea8f-4ce3-97a2-afd0430ef93f,,
ebd2fde2-c1f7-4b61-b276-0467ced2c8bb,K24V,2356,170,17,,4,16,224,2,e0a15176-ea8f-4ce3-97a2-afd0430ef93f,,1290a518-4d6e-4a7c-86e9-043e6a09f724
364d6b98-b403-4d1d-8f63-9a5d989dad35,K24V,2356,201,17,,4,16,244,2,e0a15176-ea8f-4ce3-97a2-afd0430ef93f,,1290a518-4d6e-4a7c-86e9-043e6a09f724
1d7198ee-9bee-4fb5-a492-0780995991a6,K24W,2356,174,17,,4,16,225,2,e0a15176-ea8f-4ce3-97a2-afd0430ef93f,,1290a518-4d6e-4a7c-86e9-043e6a09f724
9120cd59-eb36-4ecc-9f02-6ce4818a7b2f,K24W,2356,185,17,,4,16,235,2,e0a15176-ea8f-4ce3-97a2-afd0430ef93f,,1290a518-4d6e-4a7c-86e9-043e6a09f724
e6ad5e33-f9aa-40d9-9f0a-2e253d9358b7,K24Y,2354,170,17,,4,16,220,2,e0a15176-ea8f-4ce3-97a2-afd0430ef93f,,1290a518-4d6e-4a7c-86e9-043e6a09f724
0df40a28-0c0e-4e73-9a79-2dda5ac0ba23,K24Y,2354,194,17,,4,16,220,2,e0a15176-ea8f-4ce3-97a2-afd0430ef93f,,1290a518-4d6e-4a7c-86e9-043e6a09f724
54fd0ad0-c745-4cad-bf87-0b707f988d07,K24Z,2354,166,17,,4,16,218,2,e0a15176-ea8f-4ce3-97a2-afd0430ef93f,,1290a518-4d6e-4a7c-86e9-043e6a09f724
cfa58e4f-528d-4fd5-825e-2ed40c5d9831,K24Z,2354,177,17,,4,16,218,2,e0a15176-ea8f-4ce3-97a2-afd0430ef93f,,1290a518-4d6e-4a7c-86e9-043e6a09f724
1132bc2c-0801-42b7-9481-be13241e45db,K24Z,2354,190,17,,4,16,220,2,e0a15176-ea8f-4ce3-97a2-afd0430ef93f,,1290a518-4d6e-4a7c-86e9-043e6a09f724
34ef9448-68de-46c5-b03a-1a50f5f6e6ae,L12A,1246,78,17,,4,8,110,2,e0a15176-ea8f-4ce3-97a2-afd0430ef93f,,
5523f03d-7635-4f30-98ed-eedfacaeb1ed,L12B,1198,90,17,,4,16,110,2,e0a15176-ea8f-4ce3-97a2-afd0430ef93f,,43a5a8e8-3e90-4859-9e25-156d66b6dc41
6887037b-3054-4f67-ba62-c6a332c884df,L13A,1339,83,17,,4,8,119,2,e0a15176-ea8f-4ce3-97a2-afd0430ef93f,,
b5116d30-afb3-4f85-adf2-5c223b7a8070,L13A,1339,100,17,,4,16,127,2,e0a15176-ea8f-4ce3-97a2-afd0430ef93f,,43a5a8e8-3e90-4859-9e25-156d66b6dc41
29c6cfb9-f386-4e26-82aa-ddce5ac44955,L13B,1317,98,17,,4,16,118,2,e0a15176-ea8f-4ce3-97a2-afd0430ef93f,,1290a518-4d6e-4a7c-86e9-043e6a09f724
1e764c6a-3bb7-4d3f-84f6-9341c44e34df,L13Z,1339,100,17,,4,16,127,2,e0a15176-ea8f-4ce3-97a2-afd0430ef93f,,43a5a8e8-3e90-4859-9e25-156d66b6dc41
a3f1ebf1-18fb-4ad3-950d-84c6932a3ed3,LDA,1339,85,17,,4,8,115,2,e0a15176-ea8f-4ce3-97a2-afd0430ef93f,,7537b477-0a3d-41b1-9161-f77b3e475b19
ffeaaf38-96fb-4242-8bc3-f6611916fa45,LDA,1339,93,17,,4,8,121,2,e0a15176-ea8f-4ce3-97a2-afd0430ef93f,,63e67d3c-f6bf-45b2-87f1-d6069a37f38c
e48b14cf-6720-4183-904d-a939e88befd7,LDA,1339,88,17,,4,8,121,2,e0a15176-ea8f-4ce3-97a2-afd0430ef93f,,43a5a8e8-3e90-4859-9e25-156d66b6dc41
c3f0ab11-bfe0-46d9-b6c6-f69de3244b6a,L15A,1497,110,17,,4,16,143,2,e0a15176-ea8f-4ce3-97a2-afd0430ef93f,,7537b477-0a3d-41b1-9161-f77b3e475b19
601c7c11-b946-4436-92ce-16b9be24eee6,L15A,1497,88,17,,4,8,131,2,e0a15176-ea8f-4ce3-97a2-afd0430ef93f,,
e3ba1b0b-70aa-443d-9647-005d1193db78,L15A,1497,120,17,,4,16,145,2,e0a15176-ea8f-4ce3-97a2-afd0430ef93f,,43a5a8e8-3e90-4859-9e25-156d66b6dc41
7b886516-00fb-4df3-a5d1-ce486807c5bd,L15B,1497,128,17,,4,16,153,2,e0a15176-ea8f-4ce3-97a2-afd0430ef93f,,1290a518-4d6e-4a7c-86e9-043e6a09f724
587c7fac-2a57-48c5-bb88-fcbb3e8d785a,L15B,1497,150,17,,4,16,205,2,e0a15176-ea8f-4ce3-97a2-afd0430ef93f,,ca1355d3-05a7-4b1b-9ac8-4c453e9a43a9
547ef525-6e98-4509-8f0d-e9d43f3e5f15,L15C,1497,182,17,,4,16,220,2,e0a15176-ea8f-4ce3-97a2-afd0430ef93f,,1641fbcc-d516-4975-8a1a-24ff0e5cbc0b
4899b99b-06f3-421d-b00c-b7dd360476e7,L15C,1497,150,17,,4,16,200,2,e0a15176-ea8f-4ce3-97a2-afd0430ef93f,,ca1355d3-05a7-4b1b-9ac8-4c453e9a43a9
9d56bb3b-0e1f-4b37-bf13-cdca9b42a906,L15Z,1497,115,17,,4,16,145,2,e0a15176-ea8f-4ce3-97a2-afd0430ef93f,,43a5a8e8-3e90-4859-9e25-156d66b6dc41
59c6c0ba-3de7-472b-85eb-0b4e16c5e99f,L15Z,1497,118,17,,4,16,142,2,e0a15176-ea8f-4ce3-97a2-afd0430ef93f,,1290a518-4d6e-4a7c-86e9-043e6a09f724
a6ba5c4e-2842-4add-addc-3e6e2234b2d9,LEA,1497,99,17,,4,16,159,2,e0a15176-ea8f-4ce3-97a2-afd0430ef93f,,43a5a8e8-3e90-4859-9e25-156d66b6dc41
c6d932c4-b4d2-4259-8c95-8e414afa9851,LEA,1497,110,17,,4,16,172,2,e0a15176-ea8f-4ce3-97a2-afd0430ef93f,,43a5a8e8-3e90-4859-9e25-156d66b6dc41
fd7d4610-35f5-405d-ab78-89a322d30801,LEB,1497,132,17,,4,16,156,2,e0a15176-ea8f-4ce3-97a2-afd0430ef93f,,1290a518-4d6e-4a7c-86e9-043e6a09f724
fcc8bfb0-5d1b-445e-81d9-c691c5d86bc9,LEB,1497,110,17,,4,16,134,2,e0a15176-ea8f-4ce3-97a2-afd0430ef93f,,1290a518-4d6e-4a7c-86e9-043e6a09f724
7fcddacc-054b-4995-a23a-21f3f6c546c6,LEB,1497,98,17,,4,16,127,2,e0a15176-ea8f-4ce3-97a2-afd0430ef93f,,1290a518-4d6e-4a7c-86e9-043e6a09f724
ae0026d3-c5a2-4f61-8e15-8a98e88a5cbc,LEC,1497,106,17,,4,16,127,2,e0a15176-ea8f-4ce3-97a2-afd0430ef93f,,1290a518-4d6e-4a7c-86e9-043e6a09f724
2c883110-e0b1-40d1-8fe3-b035a2f95cbb,P07A,658,52,17,,3,6,60,1,e0a15176-ea8f-4ce3-97a2-afd0430ef93f,,
26f58c1e-c6bf-42f0-b091-bf3c5156d10d,P07A,658,64,17,,3,6,93,1,e0a15176-ea8f-4ce3-97a2-afd0430ef93f,,
c3683c1a-15b4-4138-b261-a808a04f5703,P10A,988,122,17,,3,12,173,1,e0a15176-ea8f-4ce3-97a2-afd0430ef93f,,1641fbcc-d516-4975-8a1a-24ff0e5cbc0b
a9b532ea-ccfa-48f1-b7a0-9c334e5b81e1,R16A,1595,125,17,,4,16,151,2,e0a15176-ea8f-4ce3-97a2-afd0430ef93f,,43a5a8e8-3e90-4859-9e25-156d66b6dc41
651a1865-e0ad-4d55-a449-1c14c9d766ba,R16B,1597,125,17,,4,16,152,2,e0a15176-ea8f-4ce3-97a2-afd0430ef93f,,43a5a8e8-3e90-4859-9e25-156d66b6dc41
2e519956-e462-4e62-938e-356d6b7f722e,R18A,1799,140,17,,4,16,175,2,e0a15176-ea8f-4ce3-97a2-afd0430ef93f,,43a5a8e8-3e90-4859-9e25-156d66b6dc41
148d6826-ddcc-49bd-8258-89591cc78af3,R18Z,1799,139,17,,4,16,172,2,e0a15176-ea8f-4ce3-97a2-afd0430ef93f,,43a5a8e8-3e90-4859-9e25-156d66b6dc41
14fa5701-0d6c-494d-8d50-3950350637a9,R20A,1997,150,17,,4,16,185,2,e0a15176-ea8f-4ce3-97a2-afd0430ef93f,,43a5a8e8-3e90-4859-9e25-156d66b6dc41
e79afdbf-03cf-47d4-b35c-bcb56dc03045,R20Z,1997,155,17,,4,16,190,2,e0a15176-ea8f-4ce3-97a2-afd0430ef93f,,43a5a8e8-3e90-4859-9e25-156d66b6dc41
c130ffe4-8c38-4729-a9bf-14cb008b7ec7,LFA,1993,145,17,,4,16,175,2,e0a15176-ea8f-4ce3-97a2-afd0430ef93f,,882456f2-8044-49ef-9186-23acd2a9669d
dc1babfd-60d7-43a0-baad-62b7e31b1e2a,LFB,1993,145,17,,4,16,175,2,e0a15176-ea8f-4ce3-97a2-afd0430ef93f,,882456f2-8044-49ef-9186-23acd2a9669d
f88d2640-1474-4116-b7d7-1d13b7237d2c,LFC,1993,141,17,,4,16,182,2,e0a15176-ea8f-4ce3-97a2-afd0430ef93f,,882456f2-8044-49ef-9186-23acd2a9669d
9aa4ae04-47de-4904-97a7-97d7fe880433,S07A,658,58,17,,3,12,65,2,e0a15176-ea8f-4ce3-97a2-afd0430ef93f,,25720e2e-1a04-427d-abea-c0aed85c29a9
7e284a59-398d-417a-a814-8eddfa8de80b,S07A,658,64,17,,3,12,104,2,e0a15176-ea8f-4ce3-97a2-afd0430ef93f,,25720e2e-1a04-427d-abea-c0aed85c29a9
feecad79-2321-4901-b578-bef8a733de1e,S07B,658,53,17,,3,12,64,2,e0a15176-ea8f-4ce3-97a2-afd0430ef93f,,25720e2e-1a04-427d-abea-c0aed85c29a9
eab3f8e2-64f1-44e7-9704-90ecf2316718,S07B,658,64,17,,3,12,104,2,e0a15176-ea8f-4ce3-97a2-afd0430ef93f,,25720e2e-1a04-427d-abea-c0aed85c29a9
c60dbabb-c968-4377-ae8a-67bfb7a144bc,N16A,1597,120,18,,4,16,300,2,e0a15176-ea8f-4ce3-97a2-afd0430ef93f,,
10bcfe83-2bf4-44cb-8dfb-c9e540212b43,N16A,1597,160,18,,4,16,350,2,e0a15176-ea8f-4ce3-97a2-afd0430ef93f,,
83464be8-16b9-47f2-a0af-cd0231b93c3d,N22A,2204,140,18,,4,16,340,2,e0a15176-ea8f-4ce3-97a2-afd0430ef93f,,
89dc6231-edbf-4d35-8bdd-b8d76ca2cbc3,N22B,2199,150,18,,4,16,350,2,e0a15176-ea8f-4ce3-97a2-afd0430ef93f,,
5ae6a128-77f3-43ab-9b55-4317939cfb2b,N22B,2199,180,18,,4,16,380,2,e0a15176-ea8f-4ce3-97a2-afd0430ef93f,,
a5db3561-2af2-4497-87cc-9c9ba5b1315f,20T2R,1994,86,18,,4,8,170,1,e0a15176-ea8f-4ce3-97a2-afd0430ef93f,,
19e0f960-ae4a-4ca0-8513-ffff0e3bd821,20T2N,1994,98,18,,4,8,210,1,e0a15176-ea8f-4ce3-97a2-afd0430ef93f,,
cd0a2bd5-e863-4071-b2ae-304ae6b9643d,AR34102,1996,205,17,,6,12,285,1,b3b481bb-ccef-48aa-8a82-4c369f8d89c7,,
9f71bc8c-1bb7-4c37-af64-3924336c47ac,AR32405,2492,192,17,,6,24,218,1,b3b481bb-ccef-48aa-8a82-4c369f8d89c7,,
3df33ab3-c5dc-4a2c-be19-1290e8811d7d,AR67301,2492,165,17,,6,12,216,1,b3b481bb-ccef-48aa-8a82-4c369f8d89c7,,
a38871bd-616e-47d8-9de9-01938515d210,AR16105,2959,218,17,,6,24,270,1,b3b481bb-ccef-48aa-8a82-4c369f8d89c7,,
fb498981-3c2a-4d8e-b0c4-c79301442bc6,199A6000,1368,95,17,,4,16,125,1,b3b481bb-ccef-48aa-8a82-4c369f8d89c7,,
04722647-76a8-4b46-85de-8164ecf1601b,350A1000,1368,77,17,,4,8,115,1,b3b481bb-ccef-48aa-8a82-4c369f8d89c7,,
a277c01e-32ca-4ac8-9db5-05c837e33a94,198A1000,1368,150,17,,4,16,230,1,b3b481bb-ccef-48aa-8a82-4c369f8d89c7,,
7f584e71-accc-4193-aa64-2e13315667c0,198A4000,1368,120,17,,4,16,206,1,b3b481bb-ccef-48aa-8a82-4c369f8d89c7,,
10fae7d2-a4d0-45d5-8863-09d34308ae92,955A6000,1368,105,17,,4,16,130,1,b3b481bb-ccef-48aa-8a82-4c369f8d89c7,,
9f7cda99-4b99-46d4-a4b2-49ed24c08f1c,955A2000,1368,135,17,,4,16,206,1,b3b481bb-ccef-48aa-8a82-4c369f8d89c7,,
d3d6b4ec-9fd3-459b-99c8-de4fb205364f,937A1000,1970,165,17,,4,16,206,1,b3b481bb-ccef-48aa-8a82-4c369f8d89c7,,0daafa3b-c99b-47db-b52e-f5a222a570ad
08abc88c-8afc-4ae2-ad1a-95c489a6212c,939A5000,2198,185,17,,4,16,230,2,b3b481bb-ccef-48aa-8a82-4c369f8d89c7,,
207d8fd5-0af9-4283-8cc0-2729f231bba5,939A000,3195,260,17,,6,24,322,2,b3b481bb-ccef-48aa-8a82-4c369f8d89c7,,8e9f2ceb-32f5-48a8-90c0-69953027581f
127797cf-2e29-4597-8182-c7feafa3478c,GME-T4,1995,200,17,,4,16,330,2,b3b481bb-ccef-48aa-8a82-4c369f8d89c7,,
2dd114c3-43cd-45dc-9f8c-83d7be47ca7a,GME-T4,1995,300,17,,4,16,450,2,b3b481bb-ccef-48aa-8a82-4c369f8d89c7,,
f9e55e25-480b-4567-be05-ade4b5a5b463,690T,2891,510,17,,6,32,600,2,b3b481bb-ccef-48aa-8a82-4c369f8d89c7,,
dcbd2858-0c8c-4f84-8f14-f37e4aacd08f,199B6000,875,105,17,,2,8,145,2,b3b481bb-ccef-48aa-8a82-4c369f8d89c7,,
af77227c-8b83-4c47-93b5-ee3f7e758e3c,312A2000,875,85,17,,2,8,145,2,b3b481bb-ccef-48aa-8a82-4c369f8d89c7,,
14a1cfd7-1f62-4181-bb1d-28715e134b7a,939B1000,1742,200,17,,4,16,320,1,b3b481bb-ccef-48aa-8a82-4c369f8d89c7,,
b58ab91f-d9fa-4295-a3c1-3530e13b22af,960A1000,1742,241,17,,4,16,340,1,b3b481bb-ccef-48aa-8a82-4c369f8d89c7,,
d79a7b1e-f3a2-4eff-8e62-bae0f939b02c,AR32104,1598,120,17,,4,16,146,1,b3b481bb-ccef-48aa-8a82-4c369f8d89c7,,0daafa3b-c99b-47db-b52e-f5a222a570ad
5476e621-3eba-4414-b1e2-89d43b6a4440,AR32201,1747,144,17,,4,16,169,1,b3b481bb-ccef-48aa-8a82-4c369f8d89c7,,0daafa3b-c99b-47db-b52e-f5a222a570ad
c6626831-c4a6-4ca7-87de-1529084a946b,AR32301,1970,155,17,,4,16,187,1,b3b481bb-ccef-48aa-8a82-4c369f8d89c7,,0daafa3b-c99b-47db-b52e-f5a222a570ad
4e14a05b-f873-4de4-8bd7-c709711cc9cd,AR32310,1970,150,17,,4,16,181,1,b3b481bb-ccef-48aa-8a82-4c369f8d89c7,,0daafa3b-c99b-47db-b52e-f5a222a570ad
22fda3c6-6df5-4b55-8943-d0461b956f5d,F160,2979,330,17,,6,32,500,2,b3b481bb-ccef-48aa-8a82-4c369f8d89c7,,
c685d424-cd4f-4260-b76f-b5f509a45ae5,199A3000,1248,90,18,,4,16,200,2,b3b481bb-ccef-48aa-8a82-4c369f8d89c7,,
b96949d1-18e1-4252-ba4a-b5bec121857c,937A5000,1910,150,18,,4,16,305,1,b3b481bb-ccef-48aa-8a82-4c369f8d89c7,,
904a39b4-59bc-4b21-a58d-699276503f41,839A6000,2387,140,18,,5,10,305,1,b3b481bb-ccef-48aa-8a82-4c369f8d89c7,,
884a927e-e06f-4cc5-bcbd-d60b684671cf,939A3000,2387,200,18,,5,20,400,1,b3b481bb-ccef-48aa-8a82-4c369f8d89c7,,
8b00400c-cfae-4e52-9a9f-f33320bfe572,199B1000,1248,95,18,,4,16,200,2,b3b481bb-ccef-48aa-8a82-4c369f8d89c7,,
73b320af-db33-47f7-9a7d-7622ae533ac8,198A2000,1598,120,18,,4,16,300,1,b3b481bb-ccef-48aa-8a82-4c369f8d89c7,,
bbf2b175-95bd-433c-a43d-4b0eadba8282,JTDM,2143,136,18,,4,16,380,1,b3b481bb-ccef-48aa-8a82-4c369f8d89c7,,
3fc5d30a-ff87-4da2-ba20-02dea79c5dc1,CBZA,1197,86,17,,4,8,160,2,70d4d774-1b1d-4335-9c60-403f161b1f66,,
e98bf4df-745b-4369-803d-f0c1f9d425a5,CBZB,1197,105,17,,4,8,175,2,70d4d774-1b1d-4335-9c60-403f161b1f66,,
47f9232b-cf7f-424c-82ba-19828f06061b,CAXA,1390,122,17,,4,16,200,2,70d4d774-1b1d-4335-9c60-403f161b1f66,,
5d45e751-ef07-4a37-b5f5-9a4d15e1b9bf,BBY,1390,75,17,,4,8,126,128,70d4d774-1b1d-4335-9c60-403f161b1f66,,
acc79fc6-8849-49c2-96b5-58689c2797f9,BAD,1598,110,17,,4,16,155,1,70d4d774-1b1d-4335-9c60-403f161b1f66,,
09bd26d9-1501-4dca-b147-f3bb67268061,BAG,1598,115,17,,4,16,155,2,70d4d774-1b1d-4335-9c60-403f161b1f66,,
312c2f63-fbe6-4206-ac7c-1d8473b248d4,BLF,1598,116,17,,4,16,155,2,70d4d774-1b1d-4335-9c60-403f161b1f66,,
adc1f879-74a6-4530-be27-e6dbc3df55b9,AEH,1595,100,17,,4,8,145,1,70d4d774-1b1d-4335-9c60-403f161b1f66,,
657c5c99-8825-4ba9-a04d-b0a2d10a1101,AHL,1595,100,17,,4,8,140,0,70d4d774-1b1d-4335-9c60-403f161b1f66,,
517a38ae-96ec-41a5-af49-bbadf145b9c0,AKL,1595,101,17,,4,8,145,1,70d4d774-1b1d-4335-9c60-403f161b1f66,,
cdd53930-721f-4f7b-83a1-c827cd9e622e,ALZ,1595,102,17,,4,8,148,1,70d4d774-1b1d-4335-9c60-403f161b1f66,,
d3b5c2a8-329d-4904-a8cf-1859c23a9128,ANA,1595,101,17,,4,8,140,1,70d4d774-1b1d-4335-9c60-403f161b1f66,,
8451891f-c327-4a52-9ca8-1d1a9128d4ac,APF,1595,100,17,,4,8,145,1,70d4d774-1b1d-4335-9c60-403f161b1f66,,
d3d5f6ef-df8f-4443-90d7-9b4b8389dc91,ARM,1595,101,17,,4,8,145,1,70d4d774-1b1d-4335-9c60-403f161b1f66,,
d0207233-7f63-438b-af2a-2d6a5578bb30,AVU,1595,102,17,,4,8,148,1,70d4d774-1b1d-4335-9c60-403f161b1f66,,
7d846473-7b13-469a-810c-03c4197b381a,BFQ,1595,102,17,,4,8,148,1,70d4d774-1b1d-4335-9c60-403f161b1f66,,
51f1e7eb-27bd-414c-a8bf-ffadd447102d,BGU,1595,102,17,,4,8,148,1,70d4d774-1b1d-4335-9c60-403f161b1f66,,
5aae2f0a-10aa-4c79-9b40-6a726cb4f934,BSE,1595,102,17,,4,8,148,0,70d4d774-1b1d-4335-9c60-403f161b1f66,,
9289f660-5020-4002-b363-40113d37fd53,BSF,1595,102,17,,4,8,148,1,70d4d774-1b1d-4335-9c60-403f161b1f66,,
fd4054c0-9fec-454d-b3e7-c25c733897cd,AGN,1781,125,17,,4,20,170,3,70d4d774-1b1d-4335-9c60-403f161b1f66,,
b0abc18c-55db-413d-9cf7-fcc4cd9906aa,APG,1781,125,17,,4,20,170,3,70d4d774-1b1d-4335-9c60-403f161b1f66,,
16a4baf3-5e08-4391-b5c8-b0b455c4ebb2,AGU,1781,150,17,,4,20,210,3,70d4d774-1b1d-4335-9c60-403f161b1f66,,
667bb807-0eb5-4c43-8c15-7acdea111352,AMB,1781,170,17,,4,20,225,3,70d4d774-1b1d-4335-9c60-403f161b1f66,,
6910efc8-e36e-4ab4-8f25-61e49655c026,AUQ,1781,180,17,,4,20,235,3,70d4d774-1b1d-4335-9c60-403f161b1f66,,
ea32cb16-0e07-4a1b-a078-103401e90c83,AWT,1781,150,17,,4,20,210,0,70d4d774-1b1d-4335-9c60-403f161b1f66,,
3d6e5079-84e2-401b-8902-5322bda08d2b,AWM,1781,170,17,,4,20,225,3,70d4d774-1b1d-4335-9c60-403f161b1f66,,
918a64ad-cf02-4be0-9ed5-e794e5396c36,ALT,1984,130,17,,4,20,195,3,70d4d774-1b1d-4335-9c60-403f161b1f66,,
ac925ac1-cbbe-42d3-9acf-f56ad4524eae,AXW,1984,150,17,,4,16,200,3,70d4d774-1b1d-4335-9c60-403f161b1f66,,
f5164bb7-6057-40a8-b147-76c26e37a7de,BVY,1984,150,17,,4,16,200,3,70d4d774-1b1d-4335-9c60-403f161b1f66,,
3130e582-c189-49e1-b1d8-243e507feb65,BVZ,1984,150,17,,4,16,200,3,70d4d774-1b1d-4335-9c60-403f161b1f66,,
8cbb52ae-4bf0-4711-99c1-7002ef1f460e,AXX,1984,200,17,,4,16,280,3,70d4d774-1b1d-4335-9c60-403f161b1f66,,
b5e2c208-7652-4e2e-b865-049f55f81dff,BPY,1984,200,17,,4,16,280,3,70d4d774-1b1d-4335-9c60-403f161b1f66,,
34b756d9-e673-48bb-bac7-f5ae16268696,BWA,1984,200,17,,4,16,280,3,70d4d774-1b1d-4335-9c60-403f161b1f66,,
58c30651-f023-49b6-befe-9bf5ee8fb54d,CHZB,999,95,17,,3,12,160,1,70d4d774-1b1d-4335-9c60-403f161b1f66,,
f869523a-81f9-4494-a963-01040badb06a,CHZD,999,115,17,,3,12,200,1,70d4d774-1b1d-4335-9c60-403f161b1f66,,
89f1c269-8337-4b0a-9234-aa2eef3a7ca5,CHZE,999,82,17,,3,12,160,1,70d4d774-1b1d-4335-9c60-403f161b1f66,,
8af47c7a-0305-40fd-87ef-78dd448117d9,CHZJ,999,116,17,,3,12,200,1,70d4d774-1b1d-4335-9c60-403f161b1f66,,
59fc437a-98c4-4aa1-b5ef-3cac37bf123d,DKLD,999,95,17,,3,12,160,1,70d4d774-1b1d-4335-9c60-403f161b1f66,,
10d97fda-07db-46ad-a1c1-bddf56dba69a,CJZA,1197,105,17,,4,16,175,0,70d4d774-1b1d-4335-9c60-403f161b1f66,,
099f5388-ef08-4731-bb3e-8629c649edbb,CYVB,1197,110,17,,4,16,175,0,70d4d774-1b1d-4335-9c60-403f161b1f66,,
628721fe-536f-46e9-9934-e48c53c6d9f0,CMBA,1395,122,17,,4,16,200,1,70d4d774-1b1d-4335-9c60-403f161b1f66,,
8532b7bd-0553-4d4e-ae61-3a4d793919a9,CXSA,1395,122,17,,4,16,200,1,70d4d774-1b1d-4335-9c60-403f161b1f66,,
c357546f-e024-4201-aaa1-009c50c71034,CZCA,1395,125,17,,4,16,200,0,70d4d774-1b1d-4335-9c60-403f161b1f66,,
0abb993f-5ddd-4d21-8e25-bb300913c465,CZDA,1395,150,17,,4,16,250,0,70d4d774-1b1d-4335-9c60-403f161b1f66,,
9c006f7f-c139-4d70-a47f-a2e51bee5889,CZEA,1395,150,17,,4,16,250,0,70d4d774-1b1d-4335-9c60-403f161b1f66,,
26519602-30b0-48bd-b117-4cbe37ee64b8,DADA,1498,150,17,,4,16,250,1,70d4d774-1b1d-4335-9c60-403f161b1f66,,
1a8f4446-acb7-4673-92ff-344ce230d35c,BHT,5998,450,17,,12,48,580,2,70d4d774-1b1d-4335-9c60-403f161b1f66,,
4f3d92f5-8d8c-4790-af29-d16670aa4022,CEJA,6299,500,17,,12,48,625,2,70d4d774-1b1d-4335-9c60-403f161b1f66,,
e81bf37e-9cc9-4dee-9c09-f611061aa6b8,AEW,3697,230,17,,8,32,315,9,70d4d774-1b1d-4335-9c60-403f161b1f66,,
1051b565-7dd1-41a3-a7bb-676730b6a0aa,BFL,3697,280,17,,8,40,350,9,70d4d774-1b1d-4335-9c60-403f161b1f66,,
5874a566-cd54-462e-95fd-552403bb030f,CEUA,3993,420,17,,8,32,600,2,70d4d774-1b1d-4335-9c60-403f161b1f66,,
88fd430a-db2c-4ee7-bb69-9c4dd0bfdc2a,CEUC,3993,420,17,,8,32,550,2,70d4d774-1b1d-4335-9c60-403f161b1f66,,
6c9c0a78-a216-439f-8415-8449b9f28ea1,CGTA,3993,520,17,,8,32,650,2,70d4d774-1b1d-4335-9c60-403f161b1f66,,
cf1806c2-f848-49ac-b061-767950f1616d,CTFA,3993,520,17,,8,32,650,2,70d4d774-1b1d-4335-9c60-403f161b1f66,,
8aae408a-8950-4b7d-99b0-910be4742366,CTGA,3993,435,17,,8,32,600,2,70d4d774-1b1d-4335-9c60-403f161b1f66,,
c1440a35-676d-4cfb-ac56-2acc2e3f4ed8,CTGE,3993,450,17,,8,32,550,2,70d4d774-1b1d-4335-9c60-403f161b1f66,,
28e41f67-68a8-49b4-88c9-7855c97b1610,CRDB,3993,560,17,,8,32,700,2,70d4d774-1b1d-4335-9c60-403f161b1f66,,
b5af627d-eaca-4063-a941-b6ba8666965c,CWUB,3993,560,17,,8,32,700,2,70d4d774-1b1d-4335-9c60-403f161b1f66,,
8b0a0ea4-a761-424b-af1b-32fa7e606174,CWUC,3993,605,17,,8,32,750,2,70d4d774-1b1d-4335-9c60-403f161b1f66,,
a4bc9432-1701-42a6-9c12-b2ce0d27b98d,DDTA,3993,605,17,,8,32,750,2,70d4d774-1b1d-4335-9c60-403f161b1f66,,
537967b5-289d-4574-a6a4-d2f18a360e5c,ABZ,4172,300,17,,8,32,400,9,70d4d774-1b1d-4335-9c60-403f161b1f66,,
b7c97ccd-3bec-43ed-8713-4184e52af3f1,BAR,4163,350,17,,8,32,440,2,70d4d774-1b1d-4335-9c60-403f161b1f66,,
91f5d272-4b09-438a-9c19-5877fde6c8f6,BFM,4172,335,17,,8,40,430,9,70d4d774-1b1d-4335-9c60-403f161b1f66,,
6b4c7d0f-8863-40d6-9c85-4bbe4131b0e0,BVJ,4163,350,17,,8,32,440,2,70d4d774-1b1d-4335-9c60-403f161b1f66,,
c6d93fbb-e492-45c8-b1de-ae390ee869b3,CDRA,4163,372,17,,8,32,445,2,70d4d774-1b1d-4335-9c60-403f161b1f66,,
c25e2d46-aeb5-45ef-972e-c8f34e416fcb,CWWB,3996,571,17,,8,32,800,2,70d4d774-1b1d-4335-9c60-403f161b1f66,,
2f1a51f5-f830-40e0-bf61-686c56911865,CXYA,3996,460,17,,8,32,660,2,70d4d774-1b1d-4335-9c60-403f161b1f66,,
4268ae07-38d7-4fcf-8058-4ff5a4c97652,DCUE,3996,507,17,,8,32,770,2,70d4d774-1b1d-4335-9c60-403f161b1f66,,
1a4f6b66-986a-4aad-b9ff-07fac10030de,DHUB,3996,600,17,,8,32,800,2,70d4d774-1b1d-4335-9c60-403f161b1f66,,
0c26c483-3b64-4a33-b015-dfe8681a8115,DJPB,3996,600,17,,8,32,800,2,70d4d774-1b1d-4335-9c60-403f161b1f66,,
7b85537c-5f4d-4afd-8403-1336395ad807,DWNA,3996,640,17,,8,32,850,2,70d4d774-1b1d-4335-9c60-403f161b1f66,,
cf73103a-0663-41f6-8690-cc25ea9ad49f,DWNB,3996,600,17,,8,32,800,2,70d4d774-1b1d-4335-9c60-403f161b1f66,,
212d708e-2a4c-42fc-9f72-579a5235f98d,DWKA,3996,571,17,,8,32,800,2,70d4d774-1b1d-4335-9c60-403f161b1f66,,
3e8db626-c130-40d0-b09d-eccd06fc0a49,DWLA,3996,600,17,,8,32,800,2,70d4d774-1b1d-4335-9c60-403f161b1f66,,
ddbb51d0-2c7c-41ef-b4d1-ca79ca63c2c3,DWPA,3996,460,17,,8,32,660,2,70d4d774-1b1d-4335-9c60-403f161b1f66,,
aa068652-614e-4e59-ad28-3cfaa286b36e,DWRB,3996,507,17,,8,32,770,2,70d4d774-1b1d-4335-9c60-403f161b1f66,,
289cbf14-c3c3-464b-8816-7c31d752d912,DYGA,3996,630,17,,8,32,850,2,70d4d774-1b1d-4335-9c60-403f161b1f66,,
ff3e1c2d-eb54-42b1-b0ca-6d3672d05bc8,DYGB,3996,600,17,,8,32,800,2,70d4d774-1b1d-4335-9c60-403f161b1f66,,
820d7961-f6d9-42ba-934a-602804a7e857,ADP,1595,101,17,,4,8,140,1,70d4d774-1b1d-4335-9c60-403f161b1f66,,
50b6fab5-b12e-4517-a115-810f3016ec31,ADR,1781,125,17,,4,20,168,3,70d4d774-1b1d-4335-9c60-403f161b1f66,,
bda09d6e-c7c3-4a13-8121-b0523bf117da,ARG,1781,125,17,,4,20,168,3,70d4d774-1b1d-4335-9c60-403f161b1f66,,
e20efb9c-9e3d-4392-8614-330a6abceae3,JN,1781,90,17,,4,8,137,1,70d4d774-1b1d-4335-9c60-403f161b1f66,,
52403585-b120-43cb-829e-3d7d5d09c0e7,AEB,1781,150,17,,4,20,210,3,70d4d774-1b1d-4335-9c60-403f161b1f66,,
47916bd4-36fb-4d14-9241-beb0a05cdee0,ANB,1781,150,17,,4,20,210,3,70d4d774-1b1d-4335-9c60-403f161b1f66,,
7c220c20-53dd-4e41-8e40-87b7496cd6e7,AAE,1984,101,17,,4,8,157,1,70d4d774-1b1d-4335-9c60-403f161b1f66,,
c902a035-5b2e-40b7-8430-178cdb8eca75,AAD,1984,115,17,,4,8,168,1,70d4d774-1b1d-4335-9c60-403f161b1f66,,
11960475-2c67-4669-8aea-c465c4a99b6d,ABK,1984,115,17,,4,8,168,1,70d4d774-1b1d-4335-9c60-403f161b1f66,,
a13050ea-1b63-42b3-beaa-8af7e2b13ff4,ABT,1984,90,17,,4,8,148,1,70d4d774-1b1d-4335-9c60-403f161b1f66,,
22a389aa-c34a-432f-9a82-920e181025f3,ACE,1984,140,17,,4,16,185,3,70d4d774-1b1d-4335-9c60-403f161b1f66,,
d6310970-e4d8-49a5-9e71-73172f5ceef6,RT,1994,115,17,,5,10,172,1,70d4d774-1b1d-4335-9c60-403f161b1f66,,
0940f1d5-b037-4e7e-a82c-fe1bde6c11f9,AAN,2226,230,17,,5,20,350,3,70d4d774-1b1d-4335-9c60-403f161b1f66,,
e9ebb007-a32a-455d-b3a5-c530c918881f,KU,2226,138,17,,5,10,188,1,70d4d774-1b1d-4335-9c60-403f161b1f66,,
91f4b6c7-0f46-489a-82cc-63deeeed9fac,AAR,2309,133,17,,5,10,186,1,70d4d774-1b1d-4335-9c60-403f161b1f66,,
e77777f3-172c-4546-b638-6b84f1db1139,NG,2309,133,17,,5,10,186,1,70d4d774-1b1d-4335-9c60-403f161b1f66,,
145e915f-a5a5-4f3a-b9de-98221a21bba5,NF,2309,136,17,,5,10,190,1,70d4d774-1b1d-4335-9c60-403f161b1f66,,
db7409d0-a567-4f39-9317-4e07131d17f5,ALF,2393,165,17,,6,30,230,9,70d4d774-1b1d-4335-9c60-403f161b1f66,,
0793e779-91cc-48ce-af72-f36397fa17e3,BDV,2393,170,17,,6,30,230,9,70d4d774-1b1d-4335-9c60-403f161b1f66,,
22d1baf6-5575-4d7b-871b-5e5da7d78703,ABC,2598,150,17,,6,12,225,0,70d4d774-1b1d-4335-9c60-403f161b1f66,,
752e6c7a-cb19-4df8-ae48-be5614fa6be2,ARE,2671,250,17,,6,30,350,9,70d4d774-1b1d-4335-9c60-403f161b1f66,,
82d6030e-8175-479c-a90c-d6acfcc7aec3,AAH,2771,174,17,,6,12,245,1,70d4d774-1b1d-4335-9c60-403f161b1f66,,
de089050-5f94-4e51-a365-74d5e4ab6989,ACK,2771,193,17,,6,30,280,9,70d4d774-1b1d-4335-9c60-403f161b1f66,,
335fb854-6b54-4e6a-8620-80edfdcbf603,ALG,2771,193,17,,6,30,280,9,70d4d774-1b1d-4335-9c60-403f161b1f66,,
2617a7da-8be0-43ba-811e-b4e15dc70a1b,ASN,2976,220,17,,6,30,300,1,70d4d774-1b1d-4335-9c60-403f161b1f66,,
4447f0e5-bad7-4963-bf02-09bfc0fbd48d,BBJ,2976,218,17,,6,30,290,1,70d4d774-1b1d-4335-9c60-403f161b1f66,,
7e03d52b-de4b-4b62-bd8b-9c8cd69219d0,BDW,2393,177,17,,6,24,230,2,70d4d774-1b1d-4335-9c60-403f161b1f66,,
2b851b6f-6e05-4526-b907-4fb6aa2c3168,BDX,2773,210,17,,6,24,280,2,70d4d774-1b1d-4335-9c60-403f161b1f66,,
923f080d-0277-4b2c-ab2d-1d3a7aaf2103,CAJA,2995,290,17,,6,24,420,2,70d4d774-1b1d-4335-9c60-403f161b1f66,,
40e85caf-251d-4973-9a48-1fbf9004823c,CGWA,2995,290,17,,6,24,420,32,70d4d774-1b1d-4335-9c60-403f161b1f66,,
bb1a6f24-02f6-46d8-a59f-0772fa2b8cb9,CGWB,2995,300,17,,6,24,440,32,70d4d774-1b1d-4335-9c60-403f161b1f66,,
88dec77b-9674-4cc2-a489-438d93253f63,CREC,2995,333,17,,6,24,440,2,70d4d774-1b1d-4335-9c60-403f161b1f66,,
4f855327-2479-49fd-bb7e-d4f13cc62dac,AUK,3123,256,17,,6,24,330,2,70d4d774-1b1d-4335-9c60-403f161b1f66,,
b38ba2ac-fc91-4675-8648-11a7ed0a61b6,DECA,2894,450,17,,6,24,600,2,70d4d774-1b1d-4335-9c60-403f161b1f66,,
d085eb8f-4ab0-4041-9701-3ce519926809,DECC,2894,470,17,,6,24,600,2,70d4d774-1b1d-4335-9c60-403f161b1f66,,
33d8e577-9ab0-4d03-aaf2-0a72bb3a5183,DKMB,2894,450,17,,6,24,600,2,70d4d774-1b1d-4335-9c60-403f161b1f66,,
920b1df0-b94d-42b1-ac87-e5018f36d251,CWGD,2995,354,17,,6,24,500,2,70d4d774-1b1d-4335-9c60-403f161b1f66,,
2fd2cfd1-d301-4a7b-9d92-2508913572d5,CZSE,2995,340,17,,6,24,500,2,70d4d774-1b1d-4335-9c60-403f161b1f66,,
04c8604d-d8c6-453a-809c-da36aecf8f79,DCBD,2995,340,17,,6,24,500,2,70d4d774-1b1d-4335-9c60-403f161b1f66,,
abb3334f-6192-41f9-b595-592cd733a03e,DLZA,2995,340,17,,6,24,500,2,70d4d774-1b1d-4335-9c60-403f161b1f66,,
0e62a34d-935d-414b-8d5f-fcfe5f740110,CEPA,2480,340,17,,5,20,450,2,70d4d774-1b1d-4335-9c60-403f161b1f66,,
3293628a-70dd-4338-9ac8-23cbb95a401e,CTSA,2480,310,17,,5,20,420,2,70d4d774-1b1d-4335-9c60-403f161b1f66,,
48737f3e-7c22-4f9e-83ed-984e70ab2310,DAZA,2480,400,17,,5,20,480,2,70d4d774-1b1d-4335-9c60-403f161b1f66,,
b59b7f46-0fa1-4767-a7d7-e17b02d22a66,DNWA,2480,400,17,,5,20,480,2,70d4d774-1b1d-4335-9c60-403f161b1f66,,
f6a2d478-e4bb-4188-9f3f-f30cce64f881,BYT,1798,160,17,,4,16,250,2,70d4d774-1b1d-4335-9c60-403f161b1f66,,
f56b80c0-9af4-4e62-95b5-4f23987f2874,BZB,1798,160,17,,4,16,250,0,70d4d774-1b1d-4335-9c60-403f161b1f66,,
4d187447-f28b-4067-b926-ad03cedfa6b7,CABA,1798,120,17,,4,16,230,2,70d4d774-1b1d-4335-9c60-403f161b1f66,,
cbad4aae-5f58-4edc-bdc1-6e89dd0a6f49,CABB,1798,160,17,,4,16,250,2,70d4d774-1b1d-4335-9c60-403f161b1f66,,
2db3dd8a-0f0a-4837-9bc7-738d32ccc035,CABD,1798,170,17,,4,16,250,2,70d4d774-1b1d-4335-9c60-403f161b1f66,,
f9fec2e8-9871-4887-9814-cbf53141cb2a,CAWB,1984,200,17,,4,16,280,2,70d4d774-1b1d-4335-9c60-403f161b1f66,,
3e9560cc-a2a6-4ea0-a89a-2aea4ecf53d6,CCTA,1984,200,17,,4,16,280,2,70d4d774-1b1d-4335-9c60-403f161b1f66,,
d56483fd-02d7-46ad-a2d0-6b903c2897c6,CDAA,1798,160,17,,4,16,250,2,70d4d774-1b1d-4335-9c60-403f161b1f66,,
3bacd766-2bf7-4bb5-b1ca-fdfd049748cf,CDHA,1798,120,17,,4,16,230,2,70d4d774-1b1d-4335-9c60-403f161b1f66,,
b1574e1f-05da-4e69-ac1e-a5f525ebeea7,CDHB,1798,160,17,,4,16,250,2,70d4d774-1b1d-4335-9c60-403f161b1f66,,
483eaedd-844e-481b-93b5-d8346d621275,CAEA,1984,180,17,,4,16,320,2,70d4d774-1b1d-4335-9c60-403f161b1f66,,
4df16a29-5c1c-4fd0-880e-a19a0a6fc6de,CAEB,1984,211,17,,4,16,350,2,70d4d774-1b1d-4335-9c60-403f161b1f66,,
d9a4b270-5e7f-46bd-a1d6-327d611901e1,CCZA,1984,200,17,,4,16,280,2,70d4d774-1b1d-4335-9c60-403f161b1f66,,
eb956375-62e6-4325-8f8f-94e6618cd8e9,CCZC,1984,170,17,,4,16,280,2,70d4d774-1b1d-4335-9c60-403f161b1f66,,
fa89914d-601a-4d81-b26a-bbf7e9dbb9e8,CDNB,1984,180,17,,4,16,320,2,70d4d774-1b1d-4335-9c60-403f161b1f66,,
8d997f12-668d-4ec9-bb75-d1a7ca03b6bf,CDNC,1984,211,17,,4,16,350,0,70d4d774-1b1d-4335-9c60-403f161b1f66,,
8435c92c-cb1b-439e-84ef-024022d8ecc2,CJEB,1798,170,17,,4,16,320,2,70d4d774-1b1d-4335-9c60-403f161b1f66,,
02dffdc6-188a-49ed-a9da-11cb15a59cc7,CJSA,1798,180,17,,4,16,250,2,70d4d774-1b1d-4335-9c60-403f161b1f66,,
54491baf-ae7e-42aa-baa4-1e38d3f533be,CJSB,1798,180,17,,4,16,280,2,70d4d774-1b1d-4335-9c60-403f161b1f66,,
25e6e2c9-a6d8-459b-9957-31be0cd1577e,CNCD,1984,225,17,,4,16,350,2,70d4d774-1b1d-4335-9c60-403f161b1f66,,
23e3ab0e-6c49-457e-ba9c-accb93b350be,CJXC,1984,300,17,,4,16,380,2,70d4d774-1b1d-4335-9c60-403f161b1f66,,
8c8f3673-1297-4f8a-84ee-9a62683e4433,CVKB,1984,190,17,,4,16,320,2,70d4d774-1b1d-4335-9c60-403f161b1f66,,
6465ded8-1b02-44bc-8690-4801f3f30c2b,CZPB,1984,190,17,,4,16,320,2,70d4d774-1b1d-4335-9c60-403f161b1f66,,
13929eef-194f-466f-9907-469758e1b354,CYRB,1984,250,17,,4,16,370,2,70d4d774-1b1d-4335-9c60-403f161b1f66,,
5a8a1321-702c-4ad8-9f51-c09aac8928dc,JK,1588,54,18,,4,8,100,1,70d4d774-1b1d-4335-9c60-403f161b1f66,,
8a1d0605-714d-4bb6-83d7-20c6a66633b4,SB,1588,80,34,,4,8,152,1,70d4d774-1b1d-4335-9c60-403f161b1f66,,
5d611513-065b-402c-a0b1-d56560124a73,1Y,1896,64,18,,4,8,124,1,70d4d774-1b1d-4335-9c60-403f161b1f66,,
cd9b4d5d-b9a6-437c-89a2-b90bb76a4111,AAZ,1896,75,34,,4,8,140,1,70d4d774-1b1d-4335-9c60-403f161b1f66,,
fb67adf7-cda0-4559-9c3f-446841c85913,1Z,1896,90,34,,4,8,202,1,70d4d774-1b1d-4335-9c60-403f161b1f66,,
2ad13499-9127-4efd-a929-6eefa5e50737,AFN,1896,110,18,,4,8,235,1,70d4d774-1b1d-4335-9c60-403f161b1f66,,
e03ffabf-60b2-4a5d-8f28-97b7091b1688,AHF,1896,110,18,,4,8,235,1,70d4d774-1b1d-4335-9c60-403f161b1f66,,
00a29bb1-5971-421a-8f4c-cca44a33f06e,AHU,1896,90,34,,4,8,202,1,70d4d774-1b1d-4335-9c60-403f161b1f66,,
7cdd1956-ed2e-4299-a940-990361618759,ALH,1896,90,34,,4,8,210,1,70d4d774-1b1d-4335-9c60-403f161b1f66,,
0179dad8-f906-44fc-b9d9-1df8a35f6009,AVG,1896,110,18,,4,8,235,1,70d4d774-1b1d-4335-9c60-403f161b1f66,,
00084697-5d48-4237-b622-f8216f1b1c64,AJM,1896,115,18,,4,8,285,1,70d4d774-1b1d-4335-9c60-403f161b1f66,,
d5762e9e-1a32-4ae9-8ac8-fc0d3b2fea59,AVB,1896,101,34,,4,8,250,1,70d4d774-1b1d-4335-9c60-403f161b1f66,,
96a82218-df0d-428c-bb95-d8c9e5aa1183,AVF,1896,130,18,,4,8,310,1,70d4d774-1b1d-4335-9c60-403f161b1f66,,
b3feea0d-801c-49af-9324-d8f426d9dc16,AWX,1896,130,18,,4,8,285,1,70d4d774-1b1d-4335-9c60-403f161b1f66,,
1e14faca-047a-4dbf-9ba9-b38348158725,BKC,1896,105,18,,4,8,250,1,70d4d774-1b1d-4335-9c60-403f161b1f66,,
8bc5df26-9a4e-4735-af97-921126ac6943,BLS,1896,105,34,,4,8,250,1,70d4d774-1b1d-4335-9c60-403f161b1f66,,
92d6863e-f051-4a52-8aa6-6c783a877afe,BXE,1896,105,34,,4,8,250,1,70d4d774-1b1d-4335-9c60-403f161b1f66,,
0972a6e7-131f-46e2-ba78-0f8c783d418b,BKD,1968,140,18,,4,16,320,1,70d4d774-1b1d-4335-9c60-403f161b1f66,,
377ef6fa-b190-470d-967a-588a34719fad,BMM,1968,140,18,,4,8,320,1,70d4d774-1b1d-4335-9c60-403f161b1f66,,
1bd3ca13-01bb-464e-94e6-7916a3f289bb,BPW,1968,140,18,,4,8,320,1,70d4d774-1b1d-4335-9c60-403f161b1f66,,
7edcce05-c5a2-49fa-b253-e539bd5a8e3a,BRE,1968,140,18,,4,16,320,1,70d4d774-1b1d-4335-9c60-403f161b1f66,,
c15712b1-2b75-47f9-ac74-8efd2ff4ad72,CAYC,1598,105,18,,4,16,250,1,70d4d774-1b1d-4335-9c60-403f161b1f66,,
a401d88c-c92b-42a4-b146-9fd4b9d393ce,CAGA,1968,143,18,,4,16,320,1,70d4d774-1b1d-4335-9c60-403f161b1f66,,
9ea29799-7c08-414a-987a-5a7e7624a66e,CAHA,1968,170,18,,4,16,350,1,70d4d774-1b1d-4335-9c60-403f161b1f66,,
e0d98dfe-9803-4d76-be4d-42f5aa9a52b0,CBAB,1968,140,18,,4,16,320,0,70d4d774-1b1d-4335-9c60-403f161b1f66,,
866c6d19-37bc-43cd-b4c0-994ead20423b,CFGB,1968,170,18,,4,16,350,1,70d4d774-1b1d-4335-9c60-403f161b1f66,,
5e54d735-2391-4b50-a61a-36855ce05f90,CRLB,1968,150,18,,4,16,340,1,70d4d774-1b1d-4335-9c60-403f161b1f66,,
ac8e3191-e47f-44d3-94e7-b0ec6de5bf33,DETA,1968,190,18,,4,16,400,1,70d4d774-1b1d-4335-9c60-403f161b1f66,,
42db7d28-06e1-48be-b95c-77ded0ae3429,DFBA,1968,204,18,,4,16,400,1,70d4d774-1b1d-4335-9c60-403f161b1f66,,
b05021e3-4af6-447f-b868-513e8ae59a06,AFB,2496,150,18,,6,24,310,1,70d4d774-1b1d-4335-9c60-403f161b1f66,,
3cc0e09d-10fc-44ab-a374-dcbf94d2ad49,AKE,2496,180,18,,6,24,370,1,70d4d774-1b1d-4335-9c60-403f161b1f66,,
2b8eb180-6324-4571-9093-0944eeb6ecb7,AKN,2496,150,18,,6,24,310,1,70d4d774-1b1d-4335-9c60-403f161b1f66,,
f4d59d16-80bc-47e2-aa87-571da19ead01,AYM,2496,155,18,,6,24,310,1,70d4d774-1b1d-4335-9c60-403f161b1f66,,
3909b475-bf2f-496e-85ce-25ffc7c8ff05,BAU,2496,180,18,,6,24,370,1,70d4d774-1b1d-4335-9c60-403f161b1f66,,
d7a300f1-87fb-40a0-9d68-a90b6c018c40,BDG,2496,163,18,,6,24,350,1,70d4d774-1b1d-4335-9c60-403f161b1f66,,
f251cbca-8358-4916-8b73-20f802518de4,BDH,2496,180,18,,6,24,370,1,70d4d774-1b1d-4335-9c60-403f161b1f66,,
df65f47a-6e93-45e1-9bdb-94ff139e326b,CN,1986,69,18,,5,10,123,1,70d4d774-1b1d-4335-9c60-403f161b1f66,,
833458c2-90a4-4d66-9d3c-3821f498afdd,AAS,2370,82,18,,5,10,164,1,70d4d774-1b1d-4335-9c60-403f161b1f66,,
07ff6775-d8cc-43f3-902c-44a75f331342,1T,2460,120,34,,5,10,265,1,70d4d774-1b1d-4335-9c60-403f161b1f66,,
a45b1520-441f-4dc2-9ebf-340de4bb07a6,AAT,2460,115,34,,5,10,265,1,70d4d774-1b1d-4335-9c60-403f161b1f66,,
f0faeed7-85a9-4aca-9f95-c97825bdb6f2,AEL,2460,140,34,,5,10,290,1,70d4d774-1b1d-4335-9c60-403f161b1f66,,
e79024e6-09fd-4a2c-b996-e2565017f8bf,BPP,2698,180,18,,6,24,380,2,70d4d774-1b1d-4335-9c60-403f161b1f66,,
2bf440ae-5362-4300-8b4e-030a0dce5c53,ASB,2967,233,18,,6,24,450,32,70d4d774-1b1d-4335-9c60-403f161b1f66,,
a5a1138c-f75b-4815-8434-38dd70318643,BMK,2967,224,18,,6,24,450,2,70d4d774-1b1d-4335-9c60-403f161b1f66,,
c306078f-d32a-4846-8204-047597ef2506,BUG,2967,233,18,,6,24,500,32,70d4d774-1b1d-4335-9c60-403f161b1f66,,
ce7097dd-6476-41ac-ab02-24cf8a30eba5,CASA,2967,240,18,,6,24,500,32,70d4d774-1b1d-4335-9c60-403f161b1f66,,
22fe0781-3fbf-4ef2-af2b-8f63a43175b6,CCWA,2967,240,18,,6,24,500,2,70d4d774-1b1d-4335-9c60-403f161b1f66,,
99b876e5-5248-4e04-9d82-37588f841163,CDUC,2967,245,18,,6,24,500,8,70d4d774-1b1d-4335-9c60-403f161b1f66,,
91f0072f-ed0e-4c81-8b0c-c5723d83c17e,CDUD,2967,245,18,,6,24,580,2,70d4d774-1b1d-4335-9c60-403f161b1f66,,
14400fef-2129-40ba-a11f-ac89bbc85c69,CJMA,2967,204,18,,6,24,450,2,70d4d774-1b1d-4335-9c60-403f161b1f66,,
3a51356b-5342-43f9-9a6e-a8cf45fe8d37,CRCA,2967,245,18,,6,24,550,2,70d4d774-1b1d-4335-9c60-403f161b1f66,,
e7870739-ca70-409c-9954-ef3d233ab2bc,CRTC,2967,272,18,,6,24,600,16,70d4d774-1b1d-4335-9c60-403f161b1f66,,
9b30c77d-9673-4843-8296-8d7677469565,CVMD,2967,249,18,,6,24,600,2,70d4d774-1b1d-4335-9c60-403f161b1f66,,
ea1fd986-b3e3-4f1d-9a89-aaa368879158,DCPC,2967,286,18,,6,24,620,2,70d4d774-1b1d-4335-9c60-403f161b1f66,,
79832cb1-6994-4e97-83bd-d7c352a3e025,DHXA,2967,286,18,,6,24,600,2,70d4d774-1b1d-4335-9c60-403f161b1f66,,
e0e315e6-c710-4961-b2ee-4ac66a97c696,DMKC,2967,341,18,,6,24,700,2,70d4d774-1b1d-4335-9c60-403f161b1f66,,
022a26d2-c7f0-412e-a1a8-139d3ad81b83,AKF,3328,224,18,,8,32,480,1,70d4d774-1b1d-4335-9c60-403f161b1f66,,
7c3b92cc-dd3f-46ca-b860-a1b04a8b336a,ASE,3936,275,18,,8,32,650,2,70d4d774-1b1d-4335-9c60-403f161b1f66,,
eb514896-2a58-4710-9e1e-d55e2761915d,CZAC,3956,435,18,,8,32,900,2,70d4d774-1b1d-4335-9c60-403f161b1f66,,
fe310721-82b8-4a65-a35a-de55e09f5402,DHVA,3956,435,18,,8,32,900,2,70d4d774-1b1d-4335-9c60-403f161b1f66,,
9312ae4e-9b5e-49b6-94f9-3db30f4f85bd,BTR,4134,326,18,,8,32,760,2,70d4d774-1b1d-4335-9c60-403f161b1f66,,
73b775a2-88a4-449d-a6ee-01232fef1e1b,CCGA,5934,500,18,,12,48,1000,0,70d4d774-1b1d-4335-9c60-403f161b1f66,,
561967f7-f8aa-4b19-9392-896d374b6983,A151A1,1499,105,17,,4,16,134,2,29e654d1-190c-4772-9c62-23517cb8f6a4,,
72e075e4-6901-49dd-af49-662ec9647e90,A151R1,1499,136,33,,4,16,210,2,29e654d1-190c-4772-9c62-23517cb8f6a4,,
7e58089b-1a15-41b2-9d8a-bd0603e716a4,A156T1H,1499,180,17,,4,16,270,2,29e654d1-190c-4772-9c62-23517cb8f6a4,,2f5a464b-ef20-4e79-99d5-74e11477e35e
3229672b-0a42-4c5c-a37b-37444f47bf64,A156T2H,1498,177,17,,4,16,300,1,29e654d1-190c-4772-9c62-23517cb8f6a4,,
bdb46e5a-35c7-4071-9af7-6c816b06b8eb,B38,1499,102,17,,3,12,180,0,65942e22-ae63-4fe7-9c65-d63a91a67110,,
9612c0ec-f2d7-4fdd-b13d-99ef13920c53,B38,1499,231,17,,3,12,320,0,65942e22-ae63-4fe7-9c65-d63a91a67110,,
8f7a81d5-70b5-4bc0-bd98-646660e36676,M10,1499,75,17,,4,8,118,2,65942e22-ae63-4fe7-9c65-d63a91a67110,,
022865fc-6e52-48cc-a71a-b1771b5440b7,M10,1573,75,17,,4,8,130,2,65942e22-ae63-4fe7-9c65-d63a91a67110,,
189f2163-04bb-4b11-8395-207092d710c4,M10,1773,90,17,,4,8,144,2,65942e22-ae63-4fe7-9c65-d63a91a67110,,
c9f7711f-1472-429e-b572-c00020a9d0c5,M10,1766,90,17,,4,8,144,2,65942e22-ae63-4fe7-9c65-d63a91a67110,,
60c37f54-5b12-4143-b0d8-b840ccba3bd0,M10,1990,100,17,,4,8,152,2,65942e22-ae63-4fe7-9c65-d63a91a67110,,
839cb009-1f02-4dd5-9f59-b9935e7906fe,M10,1990,170,33,,4,8,245,2,65942e22-ae63-4fe7-9c65-d63a91a67110,,
6b527977-49e5-42fa-8694-9a9f32fc925f,M40,1596,100,17,,4,8,141,1,65942e22-ae63-4fe7-9c65-d63a91a67110,,
5b88a647-ad62-4073-833b-285e77f3d108,M40,1795,113,17,,4,8,162,1,65942e22-ae63-4fe7-9c65-d63a91a67110,,
a077072f-7f2b-4043-8357-0e9eface7e30,M43,1596,102,17,,4,8,150,2,65942e22-ae63-4fe7-9c65-d63a91a67110,,
310ee9cc-0238-4080-bb6e-f71067acd84d,M43,1796,115,17,,4,8,168,2,65942e22-ae63-4fe7-9c65-d63a91a67110,,
650bf8b3-d52b-4e1d-ae1e-62ac49074764,M43,1895,105,17,,4,8,165,2,65942e22-ae63-4fe7-9c65-d63a91a67110,,
eb9653d7-ccf2-436b-a864-e1802cf486d5,M43,1895,118,17,,4,8,180,2,65942e22-ae63-4fe7-9c65-d63a91a67110,,
7dab58d2-1ef5-4c20-9a65-9ec9ef517774,N42,1796,116,17,,4,16,175,2,65942e22-ae63-4fe7-9c65-d63a91a67110,,4c3894aa-9884-489b-aee1-ab1b9063e8f6
cc29fc5e-2451-4c47-9762-4e27f657dc6f,N42,1995,143,17,,4,16,200,2,65942e22-ae63-4fe7-9c65-d63a91a67110,,4c3894aa-9884-489b-aee1-ab1b9063e8f6
470b3d69-777f-4ef0-aab0-a8b94d5fcc44,N43,1599,122,17,,4,16,160,2,65942e22-ae63-4fe7-9c65-d63a91a67110,,4c3894aa-9884-489b-aee1-ab1b9063e8f6
f48ccd09-0893-4947-bb11-cd69f4588d5a,N43,1995,122,17,,4,16,185,2,65942e22-ae63-4fe7-9c65-d63a91a67110,,4c3894aa-9884-489b-aee1-ab1b9063e8f6
ba678a38-a15c-47fc-b63b-42b578a6e377,N45,1596,116,17,,4,16,150,2,65942e22-ae63-4fe7-9c65-d63a91a67110,,4c3894aa-9884-489b-aee1-ab1b9063e8f6
916c5a35-88e4-4a3f-bf45-db07cf52296d,N45,1997,177,17,,4,16,210,2,65942e22-ae63-4fe7-9c65-d63a91a67110,,4c3894aa-9884-489b-aee1-ab1b9063e8f6
6dba5d1b-d8e4-4ce3-be0a-45189526266e,N46,1796,116,17,,4,16,175,0,65942e22-ae63-4fe7-9c65-d63a91a67110,,
dd2d15bc-d3d8-433e-9cf5-572e44c01a71,N46,1995,129,17,,4,16,180,0,65942e22-ae63-4fe7-9c65-d63a91a67110,,
b49b3b71-79e4-40d6-bdea-29e26937aa86,N46,1995,136,17,,4,16,180,0,65942e22-ae63-4fe7-9c65-d63a91a67110,,
f42ca6b1-4790-49b3-b4f6-4de5e4beab80,N13,1598,102,17,,4,16,180,2,65942e22-ae63-4fe7-9c65-d63a91a67110,,4c3894aa-9884-489b-aee1-ab1b9063e8f6
ab4e9635-9952-4af4-ba02-d9947f6070ff,N13,1598,136,17,,4,16,220,2,65942e22-ae63-4fe7-9c65-d63a91a67110,,4c3894aa-9884-489b-aee1-ab1b9063e8f6
e5eec58e-2ffc-442f-a549-631472557fc8,N13,1598,170,17,,4,16,250,2,65942e22-ae63-4fe7-9c65-d63a91a67110,,4c3894aa-9884-489b-aee1-ab1b9063e8f6
df423578-661a-4e0d-8bd4-68f66ceb7a7a,N20,1598,143,17,,4,16,220,2,65942e22-ae63-4fe7-9c65-d63a91a67110,,4c3894aa-9884-489b-aee1-ab1b9063e8f6
16df80f2-2ad6-432f-90ab-773f5c0fe8ce,N20,1997,156,17,,4,16,240,2,65942e22-ae63-4fe7-9c65-d63a91a67110,,4c3894aa-9884-489b-aee1-ab1b9063e8f6
9b983a16-28b8-4e81-b721-36645fdd7544,B48,1998,156,17,,4,16,250,0,65942e22-ae63-4fe7-9c65-d63a91a67110,,
c5bdd8fd-e6ca-488c-be28-b64f9337ee56,M20,1991,122,17,,6,12,163,1,65942e22-ae63-4fe7-9c65-d63a91a67110,,
3441cd88-9c2c-4205-a6db-d084db549811,M20,1991,120,17,,6,12,165,1,65942e22-ae63-4fe7-9c65-d63a91a67110,,
521c23b4-7798-4610-bed3-7e9ddc08d286,M20,2316,140,17,,6,12,175,1,65942e22-ae63-4fe7-9c65-d63a91a67110,,
f7b76efc-836b-4aa6-b991-8388b1b489bd,M20,2494,170,17,,6,12,220,1,65942e22-ae63-4fe7-9c65-d63a91a67110,,
7e26feda-fb8e-41a9-a997-cc46cfb64a43,M20,2693,120,17,,6,12,230,1,65942e22-ae63-4fe7-9c65-d63a91a67110,,
6376f4a2-c350-4130-be35-2a8ea4381012,M30,2494,145,17,,6,12,210,2,65942e22-ae63-4fe7-9c65-d63a91a67110,,
49c3cf82-7a25-48d3-b460-35158b43c1de,M30,2788,165,17,,6,12,235,2,65942e22-ae63-4fe7-9c65-d63a91a67110,,
60440d25-b639-4bb0-b7df-36972fb58f2f,M30,2986,180,17,,6,12,255,2,65942e22-ae63-4fe7-9c65-d63a91a67110,,
9c4d0878-c239-4a36-81c3-a9f44c17ee25,M30,3210,197,17,,6,12,280,2,65942e22-ae63-4fe7-9c65-d63a91a67110,,
6c6b3db9-2e93-47a9-bcd7-67083b9d26f9,M30,3295,190,17,,6,12,290,2,65942e22-ae63-4fe7-9c65-d63a91a67110,,
3e0efcee-4750-46bd-be87-ae1c858a9411,M30,3430,185,17,,6,12,290,2,65942e22-ae63-4fe7-9c65-d63a91a67110,,
1ecd12f5-de2f-4abf-b539-5a77c03644bf,M30,3453,218,17,,6,12,310,2,65942e22-ae63-4fe7-9c65-d63a91a67110,,
895faf99-d6b4-4849-a0c3-0f2eb891cd17,M50,1991,150,17,,6,24,190,2,65942e22-ae63-4fe7-9c65-d63a91a67110,,
14211bb3-fb03-4008-b940-b15f8e143dca,M50,2494,192,17,,6,24,245,2,65942e22-ae63-4fe7-9c65-d63a91a67110,,
dd6206f8-e1d4-49bf-8f10-293385758ab2,M52,1991,150,17,,6,24,190,2,65942e22-ae63-4fe7-9c65-d63a91a67110,,cb2e749e-85dd-493e-9c7e-c9ce57fbfcaa
9213be03-ca51-4d1a-aa63-7d4eae281900,M52,2494,170,17,,6,24,245,2,65942e22-ae63-4fe7-9c65-d63a91a67110,,cb2e749e-85dd-493e-9c7e-c9ce57fbfcaa
a131b948-ef2c-4d4c-839a-c3b65724c7cc,M52,2793,193,17,,6,24,280,2,65942e22-ae63-4fe7-9c65-d63a91a67110,,cb2e749e-85dd-493e-9c7e-c9ce57fbfcaa
0b24b88a-c357-47a0-9a07-e8cc118d503f,M54,2171,170,17,,6,24,210,2,65942e22-ae63-4fe7-9c65-d63a91a67110,,4c3894aa-9884-489b-aee1-ab1b9063e8f6
029b4714-511d-4dad-b07d-22d08bd28c50,M54,2494,192,17,,6,24,245,2,65942e22-ae63-4fe7-9c65-d63a91a67110,,4c3894aa-9884-489b-aee1-ab1b9063e8f6
5472603d-4644-4a35-b5d0-c1650bf20c84,M54,2979,231,17,,6,24,300,2,65942e22-ae63-4fe7-9c65-d63a91a67110,,4c3894aa-9884-489b-aee1-ab1b9063e8f6
c466e2cf-7b96-4f81-a7c3-9f6cb2ac03cf,N52,2497,177,17,,6,24,230,2,65942e22-ae63-4fe7-9c65-d63a91a67110,,4c3894aa-9884-489b-aee1-ab1b9063e8f6
ed6f4ada-6118-454f-a940-fb7d9de6e1ec,N52,2996,218,17,,6,24,270,2,65942e22-ae63-4fe7-9c65-d63a91a67110,,4c3894aa-9884-489b-aee1-ab1b9063e8f6
a70a6650-4925-4463-9ae6-fbc916f6c412,N53,2497,190,17,,6,24,235,2,65942e22-ae63-4fe7-9c65-d63a91a67110,,4c3894aa-9884-489b-aee1-ab1b9063e8f6
c3b5d543-8cd2-495e-8363-69e0d12e9418,N53,2996,204,17,,6,24,270,2,65942e22-ae63-4fe7-9c65-d63a91a67110,,4c3894aa-9884-489b-aee1-ab1b9063e8f6
1f5495ac-6f8a-45c8-b57a-6417702e984a,N53,2996,258,17,,6,24,310,2,65942e22-ae63-4fe7-9c65-d63a91a67110,,4c3894aa-9884-489b-aee1-ab1b9063e8f6
d4bab602-8234-4446-bc82-e0d50cf7ab42,N54,2979,306,17,,6,24,400,2,65942e22-ae63-4fe7-9c65-d63a91a67110,,4c3894aa-9884-489b-aee1-ab1b9063e8f6
f9cdf279-9f14-4c4e-a3ac-72111176b294,N54,2979,326,17,,6,24,450,2,65942e22-ae63-4fe7-9c65-d63a91a67110,,4c3894aa-9884-489b-aee1-ab1b9063e8f6
e5a966af-c5f0-46b9-acfe-033ee53d0de9,N55,2979,306,17,,6,24,400,2,65942e22-ae63-4fe7-9c65-d63a91a67110,,4c3894aa-9884-489b-aee1-ab1b9063e8f6
751fc251-9791-4d6e-9caf-0a5f277107d2,N55,2979,320,17,,6,24,450,2,65942e22-ae63-4fe7-9c65-d63a91a67110,,4c3894aa-9884-489b-aee1-ab1b9063e8f6
a8297bca-bb28-41fd-bbf7-58f12acef9fd,N55,2979,360,17,,6,24,465,2,65942e22-ae63-4fe7-9c65-d63a91a67110,,4c3894aa-9884-489b-aee1-ab1b9063e8f6
caf560b1-ee9b-49f5-99db-4adba7b11086,B58,2998,326,17,,6,24,450,0,65942e22-ae63-4fe7-9c65-d63a91a67110,,
37f74775-3c2d-4b17-978a-205c6a78a429,M60,2997,218,17,,8,32,290,2,65942e22-ae63-4fe7-9c65-d63a91a67110,,
876b3d45-9e97-41f5-9397-17966bd018e1,M60,3982,286,17,,8,32,400,2,65942e22-ae63-4fe7-9c65-d63a91a67110,,
b6aa9773-b578-44f5-9bca-7d84ccef651f,M62,3498,235,17,,8,32,320,2,65942e22-ae63-4fe7-9c65-d63a91a67110,,
6369dd8b-69ff-422e-9982-b98c2a2b31b8,M62,3498,238,17,,8,32,345,2,65942e22-ae63-4fe7-9c65-d63a91a67110,,cb2e749e-85dd-493e-9c7e-c9ce57fbfcaa
d7984601-7cc1-448c-9d84-5e668f57806b,M62,4398,286,17,,8,32,420,2,65942e22-ae63-4fe7-9c65-d63a91a67110,,
1d4a6fb6-2ba0-426a-92f1-bd57151a4d72,M62,4619,347,17,,8,32,480,2,65942e22-ae63-4fe7-9c65-d63a91a67110,,4c3894aa-9884-489b-aee1-ab1b9063e8f6
f6642f9a-a4d2-46d4-a8a7-cfca13b3bfd1,N62,3600,272,17,,8,32,360,2,65942e22-ae63-4fe7-9c65-d63a91a67110,,4c3894aa-9884-489b-aee1-ab1b9063e8f6
4dfdc365-481d-41e1-84c3-5b2f749bcae6,N62,4000,306,17,,8,32,390,2,65942e22-ae63-4fe7-9c65-d63a91a67110,,4c3894aa-9884-489b-aee1-ab1b9063e8f6
cae95e5d-84ec-44ae-ac3a-9353574814de,N62,4398,320,17,,8,32,440,2,65942e22-ae63-4fe7-9c65-d63a91a67110,,4c3894aa-9884-489b-aee1-ab1b9063e8f6
f51c9e1d-abe9-4f7b-bedf-61329e6df348,N62,4799,360,17,,8,32,500,2,65942e22-ae63-4fe7-9c65-d63a91a67110,,4c3894aa-9884-489b-aee1-ab1b9063e8f6
f524e008-409c-4e63-b4b0-dcfec1469bf0,N62,4799,355,17,,8,32,475,2,65942e22-ae63-4fe7-9c65-d63a91a67110,,4c3894aa-9884-489b-aee1-ab1b9063e8f6
e7505686-caf5-4b1a-b949-f3e82cae906c,N63,3982,408,33,,8,32,600,2,65942e22-ae63-4fe7-9c65-d63a91a67110,,4c3894aa-9884-489b-aee1-ab1b9063e8f6
552862f0-84e9-409e-b886-a171b0b25528,N63,4395,408,33,,8,32,600,2,65942e22-ae63-4fe7-9c65-d63a91a67110,,4c3894aa-9884-489b-aee1-ab1b9063e8f6
3563547b-356e-4592-8b2d-29bdd9853602,N63,4395,450,33,,8,32,650,2,65942e22-ae63-4fe7-9c65-d63a91a67110,,4c3894aa-9884-489b-aee1-ab1b9063e8f6
1a0b5c84-5f0e-4e43-b698-a0ef186aaa3a,N63,4395,462,17,,8,32,650,2,65942e22-ae63-4fe7-9c65-d63a91a67110,,4c3894aa-9884-489b-aee1-ab1b9063e8f6
4e4c5734-83a5-4b94-bfaf-50a7c8a3d727,N63,4395,530,17,,8,32,750,2,65942e22-ae63-4fe7-9c65-d63a91a67110,,4c3894aa-9884-489b-aee1-ab1b9063e8f6
ecb0408d-4491-4783-a3bd-dc31f9c5f36a,M70,4998,300,17,,12,24,450,2,65942e22-ae63-4fe7-9c65-d63a91a67110,,
979d4714-4938-467a-83b1-5922b5eb9c77,M70,4998,350,17,,12,24,470,2,65942e22-ae63-4fe7-9c65-d63a91a67110,,
f2aea630-2ea4-4c25-8dce-1b6fd305e782,M73,5379,326,17,,12,24,490,2,65942e22-ae63-4fe7-9c65-d63a91a67110,,
2f6ee58c-ad69-47ad-acc3-7b1cea5b66b0,N73,5972,445,17,,12,48,600,2,65942e22-ae63-4fe7-9c65-d63a91a67110,,4c3894aa-9884-489b-aee1-ab1b9063e8f6
44596b92-5776-4997-a490-dc5cdb3c4b42,N73,6749,460,17,,12,48,720,2,65942e22-ae63-4fe7-9c65-d63a91a67110,,4c3894aa-9884-489b-aee1-ab1b9063e8f6
6463c8ce-dc2b-4fc3-9ca5-12fa4b8f6236,N74,5972,544,17,,12,48,750,2,65942e22-ae63-4fe7-9c65-d63a91a67110,,4c3894aa-9884-489b-aee1-ab1b9063e8f6
0896ee0a-b4cc-4754-aaa9-a6a03a4778bf,N74,6592,570,17,,12,48,780,2,65942e22-ae63-4fe7-9c65-d63a91a67110,,4c3894aa-9884-489b-aee1-ab1b9063e8f6
8cfef623-a87e-4425-b23c-3f87b19c990c,N74,6592,585,17,,12,48,800,2,65942e22-ae63-4fe7-9c65-d63a91a67110,,4c3894aa-9884-489b-aee1-ab1b9063e8f6
f47a6874-b171-4b1a-866e-5fc42a7676c3,N74,6749,563,17,,12,48,850,2,65942e22-ae63-4fe7-9c65-d63a91a67110,,4c3894aa-9884-489b-aee1-ab1b9063e8f6
cb742777-4e50-46f2-b256-5a5e2c3828b2,B37,1496,95,18,,3,12,220,0,65942e22-ae63-4fe7-9c65-d63a91a67110,,
cc416295-9b36-4a7c-8830-bff9639c9d36,M41,1665,90,34,,4,8,190,2,65942e22-ae63-4fe7-9c65-d63a91a67110,,
31f3f12e-12d3-46db-b49f-cc96dab30dea,M47,1951,116,34,,4,16,265,2,65942e22-ae63-4fe7-9c65-d63a91a67110,,
df3a25ed-dd48-46a3-aa13-58f2339281d6,M47,1995,116,34,,4,16,280,2,65942e22-ae63-4fe7-9c65-d63a91a67110,,
61439d31-45f8-4b8e-ab4d-6a8972d5b202,M47,1995,122,34,,4,16,280,2,65942e22-ae63-4fe7-9c65-d63a91a67110,,
3e7e8bea-cb72-4eca-bc0d-c9acd0deb5ce,N47,1598,95,34,,4,16,235,2,65942e22-ae63-4fe7-9c65-d63a91a67110,,
ed44650d-8dad-4b7b-b9e7-0d5d2d805866,N47,1995,116,34,,4,16,260,2,65942e22-ae63-4fe7-9c65-d63a91a67110,,
86909770-4539-450f-ae87-6560f33c6e02,N47,1995,204,18,,4,16,400,2,65942e22-ae63-4fe7-9c65-d63a91a67110,,
9b122526-bdb6-43c9-a0a0-f5d0a635b5c1,N47,1995,218,18,,4,16,450,2,65942e22-ae63-4fe7-9c65-d63a91a67110,,
dfe3174c-d663-4720-8641-fc60399016da,B47,1995,116,18,,4,16,270,0,65942e22-ae63-4fe7-9c65-d63a91a67110,,
a7d7338b-9433-4dd5-87ec-d4bce951e4ea,M21,2443,86,18,,6,12,152,1,65942e22-ae63-4fe7-9c65-d63a91a67110,,
3dc5f4d1-7f3d-4553-a01d-915400746856,M21,2443,115,18,,6,12,210,1,65942e22-ae63-4fe7-9c65-d63a91a67110,,
43f5eb6f-3df3-4deb-88f3-3ed15a4e6687,M51,2497,115,18,,6,12,222,2,65942e22-ae63-4fe7-9c65-d63a91a67110,,
f86cf662-2f4c-4455-848a-e84c5e5a126c,M51,2497,143,18,,6,12,260,2,65942e22-ae63-4fe7-9c65-d63a91a67110,,
0efb086a-6161-4d23-a923-2fb79b337c4e,M57,2497,163,18,,6,24,350,0,65942e22-ae63-4fe7-9c65-d63a91a67110,,
a84b8078-c755-4ed4-8a3b-7cb0e8b214c0,M57,2926,184,18,,6,24,390,0,65942e22-ae63-4fe7-9c65-d63a91a67110,,
6db527c5-381b-4d0f-a69c-6f6086facdfd,M57,2497,177,18,,6,24,400,0,65942e22-ae63-4fe7-9c65-d63a91a67110,,
fcbc3b1c-b78c-414c-a594-d3d97f2a8123,M57,2993,204,18,,6,24,410,0,65942e22-ae63-4fe7-9c65-d63a91a67110,,
36f3ae68-bfc2-497c-a546-69e56b92d1b8,M57,2993,272,18,,6,24,560,0,65942e22-ae63-4fe7-9c65-d63a91a67110,,
92c3e596-2ff2-4106-aa55-4b846a890c68,M57,2993,197,18,,6,24,400,0,65942e22-ae63-4fe7-9c65-d63a91a67110,,
fbdf3118-4075-4aa6-b024-fcf53a4f244d,M57,2993,231,18,,6,24,500,0,65942e22-ae63-4fe7-9c65-d63a91a67110,,
69ebb73f-a872-4965-b978-fbdda6ef7e2d,M57,2993,286,18,,6,24,580,0,65942e22-ae63-4fe7-9c65-d63a91a67110,,
b3386281-6ad9-4de5-802d-3caa8296ab15,N57,2993,204,18,,6,24,430,0,65942e22-ae63-4fe7-9c65-d63a91a67110,,
a9c3b35c-5918-4841-acbb-c40ab499303c,B57,2993,265,18,,6,24,620,0,65942e22-ae63-4fe7-9c65-d63a91a67110,,
85ee6383-0829-48a3-a84c-6ea3ef9c535c,M67,3901,238,18,,8,32,560,2,65942e22-ae63-4fe7-9c65-d63a91a67110,,
89713045-ff96-47a4-8ba6-d3407e9045d5,M67,3901,258,18,,8,32,600,2,65942e22-ae63-4fe7-9c65-d63a91a67110,,
74748306-a4a7-480b-9f71-e81c6cfb9f81,M67,4423,299,18,,8,32,700,2,65942e22-ae63-4fe7-9c65-d63a91a67110,,
4925f86e-b8f2-4976-a07a-4a3d2cfce83e,M67,4423,329,18,,8,32,750,2,65942e22-ae63-4fe7-9c65-d63a91a67110,,
da71d53a-c95e-48e5-86ee-5c88e81934ed,JL473ZQ9,1392,150,33,,4,16,255,2,ae10b686-eac5-4b47-a4ec-ce62131e1472,,390a8ab4-f624-42f2-935b-d1e8cf19f393
ee58fe70-7a7e-4dcd-b0b8-e5e7c670ca99,JL473ZQ5,1494,167,33,,4,16,280,2,ae10b686-eac5-4b47-a4ec-ce62131e1472,,390a8ab4-f624-42f2-935b-d1e8cf19f393
8708bbd0-66cd-4824-be2b-4e4653ad9e51,JL473ZQ6,1494,166,33,,4,16,255,2,ae10b686-eac5-4b47-a4ec-ce62131e1472,,390a8ab4-f624-42f2-935b-d1e8cf19f393
7e77ac96-3f7d-40da-a132-6743e7a41eed,JL473ZQ7,1494,176,33,,4,16,265,2,ae10b686-eac5-4b47-a4ec-ce62131e1472,,390a8ab4-f624-42f2-935b-d1e8cf19f393
e4d0fa79-9dc9-4ccd-8802-a8c3d5133e4b,JL473ZQA,1494,168,33,,4,16,260,2,ae10b686-eac5-4b47-a4ec-ce62131e1472,,390a8ab4-f624-42f2-935b-d1e8cf19f393
202b6cbf-d551-4c79-b825-6429f6ba2c62,JL476ZQCD,1499,143,17,,4,16,210,2,ae10b686-eac5-4b47-a4ec-ce62131e1472,,390a8ab4-f624-42f2-935b-d1e8cf19f393
d3829120-0294-4e01-8d6c-486749451126,JL476ZQCF,1499,167,17,,4,16,265,2,ae10b686-eac5-4b47-a4ec-ce62131e1472,,390a8ab4-f624-42f2-935b-d1e8cf19f393
4a638088-8ab1-4d75-a3cb-a1c3aa84bcf3,JL478QEA,1598,113,17,,4,16,152,2,ae10b686-eac5-4b47-a4ec-ce62131e1472,,390a8ab4-f624-42f2-935b-d1e8cf19f393
448c0d52-3e81-4811-b7e2-d0c8467af257,JL478QEE,1598,113,17,,4,16,152,2,ae10b686-eac5-4b47-a4ec-ce62131e1472,,390a8ab4-f624-42f2-935b-d1e8cf19f393
4776ce7a-3485-42ac-8a9d-9c042e47ab90,JL478QEP,1598,117,17,,4,16,160,2,ae10b686-eac5-4b47-a4ec-ce62131e1472,,390a8ab4-f624-42f2-935b-d1e8cf19f393
d431a59d-60aa-474a-a108-b0fbafa3e8fa,JL486ZQ2,1798,150,17,,4,16,220,1,ae10b686-eac5-4b47-a4ec-ce62131e1472,,
37869a99-5549-4ddb-bd63-ce17fce0835a,JL486ZQ3,1998,224,33,,4,16,360,1,ae10b686-eac5-4b47-a4ec-ce62131e1472,,390a8ab4-f624-42f2-935b-d1e8cf19f393
18381d97-6957-4d63-b8c8-acc76cd22b80,JL486ZQ4,1998,220,33,,4,16,360,2,ae10b686-eac5-4b47-a4ec-ce62131e1472,,390a8ab4-f624-42f2-935b-d1e8cf19f393
7e04a2a5-1998-49e1-a459-45a782be05d8,JL486ZQ5,1998,226,33,,4,16,360,2,ae10b686-eac5-4b47-a4ec-ce62131e1472,,390a8ab4-f624-42f2-935b-d1e8cf19f393
24b6b496-a788-4f62-aa1f-4be4d79ea74d,B10S1,995,64,17,,4,8,91,1,31366774-e420-4a3d-8f18-27fc2af924f2,,
8560c4fd-7867-4b5f-983d-a75294d63eea,B10D1,996,68,17,,4,16,93,2,31366774-e420-4a3d-8f18-27fc2af924f2,,
55bd19bf-12f7-4b9b-9658-ee35fee3c835,B12S1,1150,72,17,,4,8,104,0,31366774-e420-4a3d-8f18-27fc2af924f2,,
aed0021a-c07a-4b81-835a-e1aef3b710c7,B12D1,1206,84,17,,4,16,114,0,31366774-e420-4a3d-8f18-27fc2af924f2,,
74796016-c947-4f03-a374-99cf248b66ca,B12D2,1249,85,17,,4,16,112,2,31366774-e420-4a3d-8f18-27fc2af924f2,,8ff0d8c0-c22d-4483-881e-c1c169acdfcb
f124d253-9734-4d89-84a6-692aaedf95df,B15D2,1485,106,17,,4,16,141,2,31366774-e420-4a3d-8f18-27fc2af924f2,,
2fa501aa-eb9f-4259-98e5-b0751495c1a4,F14D3,1399,94,17,,4,16,130,0,31366774-e420-4a3d-8f18-27fc2af924f2,,
39cd579d-505c-489f-81d0-78cb89327590,F14D4,1399,101,17,,4,16,131,0,31366774-e420-4a3d-8f18-27fc2af924f2,,
53db5554-4367-42dc-81c5-6915b18f583e,F15S3,1498,86,17,,4,8,130,1,31366774-e420-4a3d-8f18-27fc2af924f2,,
82f3952f-9ee0-4a28-ac08-32db3d6ac449,F16D3,1598,109,17,,4,16,150,0,31366774-e420-4a3d-8f18-27fc2af924f2,,
88592bdc-33ca-45bb-89c8-8f63d679a90f,F16D4,1598,113,17,,4,16,152,0,31366774-e420-4a3d-8f18-27fc2af924f2,,
6ff1f2b6-dc16-47b0-8f48-3918c3cece1b,F18D3,1796,121,17,,4,16,169,1,31366774-e420-4a3d-8f18-27fc2af924f2,,
3a900f56-ebbf-407a-999c-07272ca4a1e4,F18D4,1796,141,17,,4,16,176,1,31366774-e420-4a3d-8f18-27fc2af924f2,,
5bbc7e27-38b7-4be9-8187-ce826b678513,X20D1,1993,141,17,,6,24,195,8,31366774-e420-4a3d-8f18-27fc2af924f2,,
56a172a4-19b0-4aa9-b6db-73adf8a9e452,X25D1,2492,155,17,,6,24,237,2,31366774-e420-4a3d-8f18-27fc2af924f2,,
ea64556d-03a9-4c7a-b181-6c12d38e6cf7,LR4,4806,255,17,,8,16,385,2,31366774-e420-4a3d-8f18-27fc2af924f2,,
151050a0-3f9a-4713-83cf-6ced8fc2da39,LM7,5327,270,17,,8,16,425,2,31366774-e420-4a3d-8f18-27fc2af924f2,,
b50ddc42-8f79-4ebc-aa70-8f6746b184a3,LY2,4806,260,17,,8,16,400,2,31366774-e420-4a3d-8f18-27fc2af924f2,,
dce4a7d1-2a23-40c0-8a10-7c429a174f6a,LY5,5327,315,17,,8,16,455,2,31366774-e420-4a3d-8f18-27fc2af924f2,,
0409a035-33c1-4eca-bef9-ac1073e450b9,LFA,5972,332,17,,8,16,498,2,31366774-e420-4a3d-8f18-27fc2af924f2,,
ecaacba8-bfab-4d94-ac87-e3fa4bd867e3,L92,6162,390,17,,8,16,565,2,31366774-e420-4a3d-8f18-27fc2af924f2,,
8c9980b7-587d-402d-ba13-70c8de8e7540,L86,6162,409,17,,8,16,610,2,31366774-e420-4a3d-8f18-27fc2af924f2,,
2ee7dc15-f383-4324-8c57-5d7deacea70c,Z20S,1991,150,18,,4,16,320,1,31366774-e420-4a3d-8f18-27fc2af924f2,,
8e235f97-6e61-4724-80ff-aea0c4c7dd8f,Z20S1,1991,121,18,,4,16,280,1,31366774-e420-4a3d-8f18-27fc2af924f2,,
03c357b5-6d68-44cf-8eed-b8b2f89e7101,Z20D1,1998,163,18,,4,16,350,2,31366774-e420-4a3d-8f18-27fc2af924f2,,
ee27ba3c-05e3-45e5-8724-544b28b80171,Z22D1,2231,163,18,,4,16,350,2,31366774-e420-4a3d-8f18-27fc2af924f2,,
f706c5b9-015d-4003-942e-b29757d773f5,SQR372,812,52,17,,3,12,70,1,d49afeb0-fd76-4f8b-88c8-9a6e85948f2c,,
bb7fe27c-bc8a-412b-a9ae-ae382afc6943,SQR472,1083,68,17,,4,16,90,1,d49afeb0-fd76-4f8b-88c8-9a6e85948f2c,,
404c93e0-2549-42f6-8482-0ff6ebb9d0e4,SQR473F,1297,83,17,,4,16,114,1,d49afeb0-fd76-4f8b-88c8-9a6e85948f2c,,
b2925602-84d2-4d33-ac92-0cbb066f04a0,SQR477F,1497,109,17,,4,16,140,1,d49afeb0-fd76-4f8b-88c8-9a6e85948f2c,,
31f8436e-a721-43d4-9415-b3cfef0be00d,SQR481F,1597,109,17,,4,16,144,1,d49afeb0-fd76-4f8b-88c8-9a6e85948f2c,,
0b6f8827-b8f4-4115-aa75-3e08ee7226ee,SQR481F,1597,117,17,,4,16,147,1,d49afeb0-fd76-4f8b-88c8-9a6e85948f2c,,45d13f24-42fa-44a7-af04-79adc61ea23b
fc50bb2c-3f62-4019-8e42-7aca176df5c8,SQR481FC,1845,132,17,,4,16,170,1,d49afeb0-fd76-4f8b-88c8-9a6e85948f2c,,
270389c9-89d5-4874-b1c4-51f5cff4373a,SQR484F,1971,128,17,,4,16,180,1,d49afeb0-fd76-4f8b-88c8-9a6e85948f2c,,
33af2b3c-7077-407a-ad00-d5e3ffc60db2,SQR484F,1971,136,17,,4,16,180,1,d49afeb0-fd76-4f8b-88c8-9a6e85948f2c,,45d13f24-42fa-44a7-af04-79adc61ea23b
ad043565-5897-4d22-bd56-2790235d5e34,SQR484B,1971,158,17,,4,16,210,1,d49afeb0-fd76-4f8b-88c8-9a6e85948f2c,,
17a570b1-6a38-4032-b70d-2d42de6d237c,SQRD4G15,1497,109,17,,4,16,140,1,d49afeb0-fd76-4f8b-88c8-9a6e85948f2c,,
180c9424-07a8-4a67-bf5e-60ecbd1d8695,SQRD4G15B,1497,106,17,,4,16,135,1,d49afeb0-fd76-4f8b-88c8-9a6e85948f2c,,
f78f25be-5107-4e0c-9edb-f8f244d98c65,SQRD4G20,1971,122,17,,4,16,180,1,d49afeb0-fd76-4f8b-88c8-9a6e85948f2c,,fc31b87e-d740-4953-bc6e-522d88c80ea0
9856c2ce-d969-4e47-bdb1-e56e0f50acab,SQRD4T20,1971,170,33,,4,16,250,1,d49afeb0-fd76-4f8b-88c8-9a6e85948f2c,,fc31b87e-d740-4953-bc6e-522d88c80ea0
c13747ad-f36a-43ad-9cc6-8318c9626797,SQRE3T10,998,102,33,,3,12,150,2,d49afeb0-fd76-4f8b-88c8-9a6e85948f2c,,e1690083-be25-4db8-b7a1-0b92102fe261
6de1bd25-3d82-4677-810e-b1eafff7757b,SQRE4G15,1498,115,17,,4,16,141,2,d49afeb0-fd76-4f8b-88c8-9a6e85948f2c,,fc31b87e-d740-4953-bc6e-522d88c80ea0
7ef68fb8-862f-4dc2-bf52-45676d450a96,SQRE4G15B,1498,113,17,,4,16,138,2,d49afeb0-fd76-4f8b-88c8-9a6e85948f2c,,fc31b87e-d740-4953-bc6e-522d88c80ea0
17c6a72c-77b4-4801-b199-e06ac6dd5a1c,SQRE4G15C,1498,113,17,,4,16,138,2,d49afeb0-fd76-4f8b-88c8-9a6e85948f2c,,fc31b87e-d740-4953-bc6e-522d88c80ea0
2900b90d-b9b3-4d80-882e-2455b8fa92fc,SQRE4T15,1498,152,33,,4,16,205,2,d49afeb0-fd76-4f8b-88c8-9a6e85948f2c,,fc31b87e-d740-4953-bc6e-522d88c80ea0
5bb4a103-1cf3-4f31-b07a-d941b2f4f291,SQRE4T15B,1498,147,33,,4,16,210,2,d49afeb0-fd76-4f8b-88c8-9a6e85948f2c,,fc31b87e-d740-4953-bc6e-522d88c80ea0
43478c9a-6651-43cb-9c76-78bfec44c73f,SQRE4T15C,1498,147,33,,4,16,210,2,d49afeb0-fd76-4f8b-88c8-9a6e85948f2c,,fc31b87e-d740-4953-bc6e-522d88c80ea0
589bdbe8-f20b-4a84-9564-cb9463b6bfa9,SQRE4G16,1598,126,17,,4,16,160,2,d49afeb0-fd76-4f8b-88c8-9a6e85948f2c,,fc31b87e-d740-4953-bc6e-522d88c80ea0
80442f68-b822-44a3-ae2b-b6ad1d5418e2,SQRE4G16C,1598,90,24,,4,16,130,2,d49afeb0-fd76-4f8b-88c8-9a6e85948f2c,,fc31b87e-d740-4953-bc6e-522d88c80ea0
6a60924e-668f-411a-b233-c01046542e77,SQRE4T16,1598,156,33,,4,16,210,2,d49afeb0-fd76-4f8b-88c8-9a6e85948f2c,,fc31b87e-d740-4953-bc6e-522d88c80ea0
fad924dd-6eb3-4e5d-8806-2dfae75e2fa8,SQRF4J16,1598,149,33,,4,16,275,2,d49afeb0-fd76-4f8b-88c8-9a6e85948f2c,,fc31b87e-d740-4953-bc6e-522d88c80ea0
27aa9580-58f1-42b3-bed1-1cc1d1efb682,SQRF4J16C,1598,186,33,,4,16,275,2,d49afeb0-fd76-4f8b-88c8-9a6e85948f2c,,fc31b87e-d740-4953-bc6e-522d88c80ea0
5755d9b9-4063-455b-a08b-ddabe6a40f30,SQRF4J20,1998,197,33,,4,16,375,2,d49afeb0-fd76-4f8b-88c8-9a6e85948f2c,,fc31b87e-d740-4953-bc6e-522d88c80ea0
572a9fb7-f99c-4bdd-b682-fdb0f938240f,SQRF4J20C,1998,197,33,,4,16,375,2,d49afeb0-fd76-4f8b-88c8-9a6e85948f2c,,fc31b87e-d740-4953-bc6e-522d88c80ea0
9f3678b8-90c5-48d3-bdfb-e7ea2dcf443e,SQRG4G15,1498,120,17,,4,16,148,2,d49afeb0-fd76-4f8b-88c8-9a6e85948f2c,,
23f86d33-630b-484a-8c55-23b7cc9ac53a,SQRG4J15,1498,184,33,,4,16,290,2,d49afeb0-fd76-4f8b-88c8-9a6e85948f2c,,fc31b87e-d740-4953-bc6e-522d88c80ea0
05846b2c-f795-4c19-b274-ff2d8f7ace8d,SQR480,1597,86,17,,4,8,132,1,d49afeb0-fd76-4f8b-88c8-9a6e85948f2c,,
92199223-d830-4fb9-80b3-d642f022e1d5,4G63S4M,1997,116,17,,4,16,175,1,d49afeb0-fd76-4f8b-88c8-9a6e85948f2c,,
600b642e-9722-4664-ae5e-b3ede51446bc,4G64S4M,2351,128,17,,4,16,190,1,d49afeb0-fd76-4f8b-88c8-9a6e85948f2c,,
d850e0fd-feab-4424-b582-913d3a523446,EB0,999,68,17,,3,12,95,1,8e87916f-3123-462b-bf36-ebdddd1ae8c0,,0e02047f-18a0-4b54-8748-a408652206d8
5118f3cd-bd8d-4306-a2ea-3f16ce508bb0,EB2,1199,82,17,,3,12,118,1,8e87916f-3123-462b-bf36-ebdddd1ae8c0,,0e02047f-18a0-4b54-8748-a408652206d8
fba2b472-48b2-4767-8157-077ff3f304ec,EB2M,1199,72,17,,3,12,110,1,8e87916f-3123-462b-bf36-ebdddd1ae8c0,,
ba0a2464-bb3a-4320-b994-9dc60113984d,EB2DT,1199,110,17,,3,12,205,1,8e87916f-3123-462b-bf36-ebdddd1ae8c0,,0e02047f-18a0-4b54-8748-a408652206d8
2b167bdb-c75c-4259-9147-760768221030,EB2DTS,1199,130,17,,3,12,230,1,8e87916f-3123-462b-bf36-ebdddd1ae8c0,,0e02047f-18a0-4b54-8748-a408652206d8
47d191a9-9c55-47ac-ad46-5df6eba7cf13,EB2ADTX,1199,155,33,,3,12,240,1,8e87916f-3123-462b-bf36-ebdddd1ae8c0,,0e02047f-18a0-4b54-8748-a408652206d8
76f42ba0-19ef-4544-a17b-36444ec4947c,EP3,1397,95,17,,4,16,136,0,8e87916f-3123-462b-bf36-ebdddd1ae8c0,,
db86493a-ed7b-4428-b7b2-2f311e83b73b,EP6,1598,120,17,,4,16,160,0,8e87916f-3123-462b-bf36-ebdddd1ae8c0,,
1e8cec4b-a9fb-4978-b5c4-6396fdd86b2d,EP6,1598,114,17,,4,16,160,0,8e87916f-3123-462b-bf36-ebdddd1ae8c0,,
77a6952d-8cb6-4b57-8cd9-a01efdc3df8f,EP6DT,1598,140,17,,4,16,240,0,8e87916f-3123-462b-bf36-ebdddd1ae8c0,,
fd846732-a7c5-4b04-8134-8fe9c3240d70,EP6DT,1598,150,17,,4,16,240,0,8e87916f-3123-462b-bf36-ebdddd1ae8c0,,
eb60bb71-76e0-4ae4-b863-602861af72dc,EP6DT,1598,156,17,,4,16,240,0,8e87916f-3123-462b-bf36-ebdddd1ae8c0,,
d1041b24-a72a-43b3-9efb-4c4c9548759d,EP6DTS,1598,175,17,,4,16,240,2,8e87916f-3123-462b-bf36-ebdddd1ae8c0,,
69bd5f1e-8264-4132-be20-15c6a81b6763,EP6DTS,1598,202,17,,4,16,275,2,8e87916f-3123-462b-bf36-ebdddd1ae8c0,,
a06b24df-38a4-4f18-8723-ae3260ecac58,EP6DTS,1598,208,17,,4,16,300,2,8e87916f-3123-462b-bf36-ebdddd1ae8c0,,
a98059d8-3a4d-4abb-9f04-0b9895cae358,EP3C,1397,95,17,,4,16,136,0,8e87916f-3123-462b-bf36-ebdddd1ae8c0,,
8006296c-f3d4-4b1f-9621-ec1a0d2b1b4b,EP3C,1397,98,17,,4,16,136,0,8e87916f-3123-462b-bf36-ebdddd1ae8c0,,
446cc984-c659-414e-b2af-775aa71654aa,EP6C,1598,120,17,,4,16,160,0,8e87916f-3123-462b-bf36-ebdddd1ae8c0,,
2631c285-48e9-4eb4-940e-64811fdad1b5,EP6C,1598,114,17,,4,16,160,0,8e87916f-3123-462b-bf36-ebdddd1ae8c0,,
6571a108-c3d4-4e1f-b96f-a2f65e6b1b9c,EP6CDT,1598,125,17,,4,16,200,0,8e87916f-3123-462b-bf36-ebdddd1ae8c0,,
d4d22bac-8d73-44ee-817a-ee7bdaebf650,EP6CDT,1598,150,17,,4,16,240,0,8e87916f-3123-462b-bf36-ebdddd1ae8c0,,
a0619da6-d7b7-4f57-a81f-3b8321939a99,EP6CDT,1598,156,17,,4,16,240,0,8e87916f-3123-462b-bf36-ebdddd1ae8c0,,
e2e99e58-251b-47ba-a776-fa9dfb640ca7,EP6CDTM,1598,163,17,,4,16,240,2,8e87916f-3123-462b-bf36-ebdddd1ae8c0,,
6fa055d8-9066-4a83-b678-b90e57ddbe00,EP6CDTM,1598,150,17,,4,16,240,2,8e87916f-3123-462b-bf36-ebdddd1ae8c0,,
fa353d6e-b03b-4cc4-813b-467ceb2375d8,EP6CDTX,1598,200,17,,4,16,275,2,8e87916f-3123-462b-bf36-ebdddd1ae8c0,,
500af654-6c0a-4688-803a-e0103723c732,EP6CDTR,1598,270,17,,4,16,330,2,8e87916f-3123-462b-bf36-ebdddd1ae8c0,,
676609be-7678-4d3c-b7fb-010df29ca59a,EP6CB,1598,98,17,,4,16,152,2,8e87916f-3123-462b-bf36-ebdddd1ae8c0,,
ecd60ba8-4fd4-4189-ad31-28f38f6fb1f9,EP6FDT,1598,165,17,,4,16,240,2,8e87916f-3123-462b-bf36-ebdddd1ae8c0,,
969eacc5-ef53-4fa2-b7d7-4fb5b3061611,EP6FDT,1598,135,17,,4,16,220,2,8e87916f-3123-462b-bf36-ebdddd1ae8c0,,
9bdc3e65-77fc-46ad-871b-af2598d36c98,EP6FDTM,1598,165,17,,4,16,240,2,8e87916f-3123-462b-bf36-ebdddd1ae8c0,,
2703f6ea-f75a-4f3b-995d-1b7511f3535e,EP6FDTM,1598,150,17,,4,16,240,2,8e87916f-3123-462b-bf36-ebdddd1ae8c0,,
142dc251-be66-4893-8fc9-805c1186e8ac,EP6FDTR,1598,270,17,,4,16,330,2,8e87916f-3123-462b-bf36-ebdddd1ae8c0,,
a04113ed-c0e6-4781-8337-d9cd5420092f,EP6FADTX,1598,225,17,,4,16,300,2,8e87916f-3123-462b-bf36-ebdddd1ae8c0,,
366993b0-8227-4d0e-9243-f7321e83ba81,EP6FADTXD,1598,181,17,,4,16,350,2,8e87916f-3123-462b-bf36-ebdddd1ae8c0,,
942d5944-13cc-4baf-947c-5c6eff375cc1,EP6FADTR,1598,263,17,,4,16,340,2,8e87916f-3123-462b-bf36-ebdddd1ae8c0,,
8f795116-bd60-4f7f-9db7-e8c7427e635b,ES9J4,2946,194,17,,6,24,267,1,8e87916f-3123-462b-bf36-ebdddd1ae8c0,,
2a97040e-944e-42c2-886a-0b544b1cd37b,ES9J4S,2946,207,17,,6,24,285,1,8e87916f-3123-462b-bf36-ebdddd1ae8c0,,1341613a-fd2d-4d33-a94f-d30a1fd36aae
0f575575-76ef-428c-9606-2024b138b73f,ES9A,2946,211,17,,6,24,290,1,8e87916f-3123-462b-bf36-ebdddd1ae8c0,,1341613a-fd2d-4d33-a94f-d30a1fd36aae
6d1f5688-2b08-4642-8dde-44479933b288,ET3J4,1360,88,17,,4,16,133,1,8e87916f-3123-462b-bf36-ebdddd1ae8c0,,
127f6012-c4f3-4e6e-bda5-82e13a24f0c8,EC5,1587,115,17,,4,16,150,0,8e87916f-3123-462b-bf36-ebdddd1ae8c0,,
2dd98425-d4d5-458c-a1ae-9850300908a2,EC8,1813,135,17,,4,16,170,1,8e87916f-3123-462b-bf36-ebdddd1ae8c0,,6ab11b5b-df67-4fd6-a4d2-a24dc4a679f0
7856a69c-8a2e-41cd-ae42-daabafc83b51,EW7J4,1749,117,17,,4,16,160,1,8e87916f-3123-462b-bf36-ebdddd1ae8c0,,
641e184d-2bc1-44d7-925c-94c11e6c66ca,EW7A,1749,125,17,,4,16,170,1,8e87916f-3123-462b-bf36-ebdddd1ae8c0,,
58256af8-2f66-4b1c-88b6-a171e6726459,EW10J4,1997,136,17,,4,16,190,1,8e87916f-3123-462b-bf36-ebdddd1ae8c0,,
8364e637-1717-4a6e-8399-e91fbb0a0f8e,EW10D,1997,140,17,,4,16,192,1,8e87916f-3123-462b-bf36-ebdddd1ae8c0,,
e2ef81de-49da-4cbf-b161-1ac62618d2bd,EW10A,1997,140,17,,4,16,180,1,8e87916f-3123-462b-bf36-ebdddd1ae8c0,,
8be7f0ce-db53-4cf2-9cbc-ec45158d2c2f,EW12J4,2231,158,17,,4,16,215,1,8e87916f-3123-462b-bf36-ebdddd1ae8c0,,
cd824eb1-a615-4220-8f9e-79d570d49154,TU1JP,1124,60,17,,4,8,94,1,8e87916f-3123-462b-bf36-ebdddd1ae8c0,,
8fb37856-6aa7-4000-a6d9-eea84c917151,TU3K,1360,65,17,,4,8,110,1,8e87916f-3123-462b-bf36-ebdddd1ae8c0,,
3f4bcf14-25dd-488f-b429-60e9062b1d10,TU3JP,1360,75,17,,4,8,118,1,8e87916f-3123-462b-bf36-ebdddd1ae8c0,,
865e8643-9012-4be6-a671-c0ab78f4dafc,TU3A,1360,73,17,,4,8,118,1,8e87916f-3123-462b-bf36-ebdddd1ae8c0,,
543d5ea5-e60f-49fb-a5d0-172a24164b18,TU5JP,1587,88,17,,4,8,135,1,8e87916f-3123-462b-bf36-ebdddd1ae8c0,,
31ff50ce-4a8d-44fe-a226-f4e87a0e076f,TU5JP4,1587,90,17,,4,16,130,0,8e87916f-3123-462b-bf36-ebdddd1ae8c0,,
8f21a576-401a-4917-84cc-4c164bf18951,XU5JP,1580,88,17,,4,8,128,1,8e87916f-3123-462b-bf36-ebdddd1ae8c0,,
a16fe27c-788f-44fe-ab10-eebd728b28dc,XU7JB,1761,90,17,,4,8,147,0,8e87916f-3123-462b-bf36-ebdddd1ae8c0,,
b423f709-3cf8-4cc8-87e4-fce5addd72a3,XU7JP,1761,101,17,,4,8,153,0,8e87916f-3123-462b-bf36-ebdddd1ae8c0,,
a8896329-9aad-431b-aa66-cc8deed39ffc,XU7JP4,1761,110,17,,4,16,155,0,8e87916f-3123-462b-bf36-ebdddd1ae8c0,,
dc160c67-0ca6-4a26-b3d0-575b2e8bc8a7,XU10J2,1998,121,17,,4,8,170,1,8e87916f-3123-462b-bf36-ebdddd1ae8c0,,
d3ed6e01-3b75-4337-9f52-e1cb90f5d73f,XU10J4R,1998,132,17,,4,16,180,1,8e87916f-3123-462b-bf36-ebdddd1ae8c0,,
317d334e-d3b5-4444-b3c8-1c71ccaaa1e6,DK5ATE,2446,129,34,,4,12,285,1,8e87916f-3123-462b-bf36-ebdddd1ae8c0,,
09391c01-6a06-41cd-941c-fd9b3ed19654,DT17TED4,2720,204,18,,6,24,440,9,8e87916f-3123-462b-bf36-ebdddd1ae8c0,,
4970dce0-9c54-4b86-b497-d61d25d03cfd,DT20C,2993,241,18,,6,24,450,9,8e87916f-3123-462b-bf36-ebdddd1ae8c0,,
0e4a9f66-1207-43da-a4af-6e6310d1b8c1,DV4C,1399,68,18,,4,8,160,1,8e87916f-3123-462b-bf36-ebdddd1ae8c0,,
eb098831-0267-497d-aea9-566b992bb442,DV4TD,1399,54,18,,4,8,130,1,8e87916f-3123-462b-bf36-ebdddd1ae8c0,,
010dc7ec-d662-47a8-8634-3bf2621ae54b,DV4TD,1399,68,18,,4,8,150,1,8e87916f-3123-462b-bf36-ebdddd1ae8c0,,
134114e3-17b7-44eb-b404-ef4067723a78,DV4TED,1399,68,18,,4,8,160,1,8e87916f-3123-462b-bf36-ebdddd1ae8c0,,
78ab9914-ba4e-45ef-a19b-331d2d8f7f73,DV4TED4,1399,90,18,,4,16,200,3,8e87916f-3123-462b-bf36-ebdddd1ae8c0,,
b52407cd-1293-43cc-8d8c-3c4746424af3,DV5TED4,1499,120,18,,4,16,300,3,8e87916f-3123-462b-bf36-ebdddd1ae8c0,,
3e117449-4a92-4e47-9491-4574409ebc70,DV5RC,1499,130,18,,4,16,300,3,8e87916f-3123-462b-bf36-ebdddd1ae8c0,,
01f32062-d711-4757-90ba-66e570523f51,DV5RCE,1499,110,18,,4,16,250,3,8e87916f-3123-462b-bf36-ebdddd1ae8c0,,
1f16bec2-e9af-41c4-8fc8-39a3b94a6985,DV5RD,1499,100,18,,4,16,250,3,8e87916f-3123-462b-bf36-ebdddd1ae8c0,,
749f0fdc-a5ba-4892-9808-c7843d851f64,DV5RE,1499,75,18,,4,16,230,3,8e87916f-3123-462b-bf36-ebdddd1ae8c0,,
e3a26ab0-8161-4956-a6c3-6a4f919a72ad,DV5RUC,1499,120,18,,4,16,300,3,8e87916f-3123-462b-bf36-ebdddd1ae8c0,,
a3bca270-0885-42d8-90c0-2291d6b553b3,DV5RUCD,1499,102,18,,4,16,270,3,8e87916f-3123-462b-bf36-ebdddd1ae8c0,,
1ddcedd5-841f-4cdd-9ad8-1ece0071c052,DV6TED4,1560,109,18,,4,16,240,0,8e87916f-3123-462b-bf36-ebdddd1ae8c0,,
757f222a-08d0-4423-8ff1-78179c71f749,DV6ATED4,1560,90,18,,4,16,215,0,8e87916f-3123-462b-bf36-ebdddd1ae8c0,,
55083da3-8bee-4d2d-8012-0bece0c02ba9,DV6BTED4,1560,75,18,,4,16,175,0,8e87916f-3123-462b-bf36-ebdddd1ae8c0,,
bfeb6444-982e-4711-ad23-cee415f856e1,DV6CTED,1560,112,18,,4,8,240,0,8e87916f-3123-462b-bf36-ebdddd1ae8c0,,
2ce4f0bd-bdc1-4ee0-bf52-9e09eabaa32d,DV6DTED,1560,92,18,,4,8,230,0,8e87916f-3123-462b-bf36-ebdddd1ae8c0,,
b45cb709-f2d1-4f91-8701-99a6c3bd894d,DV6ETED,1560,75,18,,4,8,185,1,8e87916f-3123-462b-bf36-ebdddd1ae8c0,,
b06821f9-3c60-4139-8326-49ce5f30b6bb,DV6FCTED,1560,120,18,,4,8,300,1,8e87916f-3123-462b-bf36-ebdddd1ae8c0,,
e59798e5-533f-4765-8f0a-4cefce52bad9,DV6FDTED,1560,100,18,,4,8,254,1,8e87916f-3123-462b-bf36-ebdddd1ae8c0,,
9fa4814a-3165-4329-8c04-85682810b675,DV6FETED,1560,75,18,,4,8,230,1,8e87916f-3123-462b-bf36-ebdddd1ae8c0,,
28347c59-5f89-4ba0-85a5-3dde5dd1bcea,DW8,1868,69,18,,4,8,125,1,8e87916f-3123-462b-bf36-ebdddd1ae8c0,,
3def1d93-5f63-4cdf-a7b9-916082c202c1,DW10TD,1997,85,18,,4,8,160,0,8e87916f-3123-462b-bf36-ebdddd1ae8c0,,
15a288db-5f3b-4d35-9d30-432e23d84955,DW10ATED,1997,105,34,,4,8,245,1,8e87916f-3123-462b-bf36-ebdddd1ae8c0,,
316cc4ec-b66b-4261-8d8d-3003702499ab,DW10ATED4,1997,107,34,,4,16,270,3,8e87916f-3123-462b-bf36-ebdddd1ae8c0,,
7bac431b-2424-49e9-b3b9-525757eb754d,DW10BTED4,1997,135,18,,4,16,320,3,8e87916f-3123-462b-bf36-ebdddd1ae8c0,,
6d14c1dc-4309-41de-93f9-633e5bd7318f,DW10CTED4,1997,163,18,,4,16,340,3,8e87916f-3123-462b-bf36-ebdddd1ae8c0,,
b631241b-d7ff-4b7b-a375-3660abff58c6,DW10DTED4,1997,150,18,,4,16,320,3,8e87916f-3123-462b-bf36-ebdddd1ae8c0,,
ea96c902-1b35-4a52-9282-c410f5c66730,DW10FCTED4,1997,175,18,,4,16,400,3,8e87916f-3123-462b-bf36-ebdddd1ae8c0,,
5393dab7-feb2-493d-9966-b7ae1ba691af,DW10FDTED4,1997,150,18,,4,16,370,3,8e87916f-3123-462b-bf36-ebdddd1ae8c0,,
53f853c1-8d2d-4cca-b802-b78b8e7a0b80,DW10FUC,1997,163,18,,4,16,350,3,8e87916f-3123-462b-bf36-ebdddd1ae8c0,,
253a2d75-389d-42de-82cc-a0c43ba8e775,DW10FUD,1997,130,18,,4,16,340,3,8e87916f-3123-462b-bf36-ebdddd1ae8c0,,
6fe204fc-1042-440f-aacd-c5ca2d8f047d,DW10FUE,1997,110,18,,4,16,300,3,8e87916f-3123-462b-bf36-ebdddd1ae8c0,,
9452628a-4423-44a3-9750-0fbe1cb9c0e7,DW12TED4,2179,128,18,,4,16,315,0,8e87916f-3123-462b-bf36-ebdddd1ae8c0,,
a2e48c54-7845-4159-a5f2-2fb444bcd91d,DW12UTED,2179,100,18,,4,8,250,1,8e87916f-3123-462b-bf36-ebdddd1ae8c0,,
66c53293-1d9e-4170-8b13-70c50ae67feb,DW12BTED4,2179,163,18,,4,16,370,3,8e87916f-3123-462b-bf36-ebdddd1ae8c0,,
ae67d48a-cf27-41e6-9a35-6039d76c4c30,DW12CTED4,2179,204,18,,4,16,450,3,8e87916f-3123-462b-bf36-ebdddd1ae8c0,,
8d7e4193-b9ff-4bb4-b9df-720b458b26d2,DW12MTED4,2179,156,18,,4,16,380,3,8e87916f-3123-462b-bf36-ebdddd1ae8c0,,
9ef12ed5-128f-4cc1-84de-e4456b493d0e,DW12RUC,2179,165,18,,4,16,370,3,8e87916f-3123-462b-bf36-ebdddd1ae8c0,,
ada12702-321f-4022-9b44-4608834ed385,DW12RUD,2179,140,18,,4,16,340,3,8e87916f-3123-462b-bf36-ebdddd1ae8c0,,
ca8fb38a-1783-489a-bf45-f9843a7a34a5,DW12RUE,2179,120,18,,4,16,310,3,8e87916f-3123-462b-bf36-ebdddd1ae8c0,,
a786f31b-5ca6-479c-a7e2-d5a44ce5a072,TUD3,1360,50,18,,4,8,82,1,8e87916f-3123-462b-bf36-ebdddd1ae8c0,,
f4532987-b310-44ac-bf8f-65d064219512,TUD5,1527,58,18,,4,8,95,1,8e87916f-3123-462b-bf36-ebdddd1ae8c0,,
5c264014-75e6-46be-a36b-0915228abbcf,XUD7,1769,60,18,,4,8,110,1,8e87916f-3123-462b-bf36-ebdddd1ae8c0,,
e7ab9e66-9d94-4632-8190-27d50a2bad62,XUD7TE,1769,90,18,,4,8,180,1,8e87916f-3123-462b-bf36-ebdddd1ae8c0,,
893c3389-fb35-4304-a677-fe3f753e518d,XUD9,1905,59,18,,4,8,114,1,8e87916f-3123-462b-bf36-ebdddd1ae8c0,,
0f014b26-b9a9-47c8-adba-d99ccde8ff0d,XUD9SD,1905,63,34,,4,8,130,1,8e87916f-3123-462b-bf36-ebdddd1ae8c0,,
20e2de51-ce5d-42c1-84f0-83c16ce765f8,XUD9TE,1905,90,18,,4,8,190,1,8e87916f-3123-462b-bf36-ebdddd1ae8c0,,
c9f3ab10-c0f6-4f6d-bfb8-c10e3750a851,XUD11A,2138,82,18,,4,12,145,1,8e87916f-3123-462b-bf36-ebdddd1ae8c0,,
a70948d1-33a9-48e1-998c-14aa9e8fb8ee,XUD11ATE,2088,110,34,,4,12,250,1,8e87916f-3123-462b-bf36-ebdddd1ae8c0,,
08673507-dd6f-4dd1-af85-9e4ca9ef678e,P22DTE,2198,101,18,,4,16,250,2,8e87916f-3123-462b-bf36-ebdddd1ae8c0,,
662e798e-46c6-4c97-b164-8ba954fb5b14,P22DTE,2198,110,18,,4,16,250,2,8e87916f-3123-462b-bf36-ebdddd1ae8c0,,
c4bf69c2-74b1-4225-aaec-f05bc7aecb6c,EZB,5654,325,17,,8,16,500,2,5b779cef-19b7-4f96-b944-4fa2c0accc4c,,
500c1d2b-6878-497e-a649-848fb256cf44,EZH,5654,355,17,,8,16,525,2,5b779cef-19b7-4f96-b944-4fa2c0accc4c,,91b9524a-8626-45c7-853f-6c92be6a38f0
d990e6a9-c44f-4bd9-8f0b-27b19dcdd046,ESF,6059,425,17,,8,16,570,2,5b779cef-19b7-4f96-b944-4fa2c0accc4c,,91b9524a-8626-45c7-853f-6c92be6a38f0
382cdbdc-6d56-4afd-868b-5d4009cca9c7,ESG,6407,470,17,,8,16,635,2,5b779cef-19b7-4f96-b944-4fa2c0accc4c,,91b9524a-8626-45c7-853f-6c92be6a38f0
dfdf794b-0896-4f1c-a69e-447e7258ec5c,EER,2736,190,17,,6,24,255,2,5b779cef-19b7-4f96-b944-4fa2c0accc4c,,
b977d1d5-d63f-417a-b963-c75a8e2abb44,EGW,3231,225,17,,6,24,305,1,5b779cef-19b7-4f96-b944-4fa2c0accc4c,,
ab549ec3-3b17-49a2-b013-142974820b02,EGE,3518,215,17,,6,24,300,1,5b779cef-19b7-4f96-b944-4fa2c0accc4c,,
5be8a180-8b45-4d59-9bc4-68cd5bbb62bb,EGF,3518,235,17,,6,24,325,1,5b779cef-19b7-4f96-b944-4fa2c0accc4c,,
d00e47e4-689c-4480-af61-dc1b801b08e5,EGG,3518,250,17,,6,24,340,1,5b779cef-19b7-4f96-b944-4fa2c0accc4c,,
a8144c6c-bea8-4c3e-825f-1228ed74b50f,EGN,3518,253,17,,6,24,340,1,5b779cef-19b7-4f96-b944-4fa2c0accc4c,,
2acb4f30-d443-4d0b-a177-4ba6bb040f75,EGQ,3952,250,17,,6,24,350,1,5b779cef-19b7-4f96-b944-4fa2c0accc4c,,
148b7f0c-c598-4fce-a282-c2024832164c,EBD,1796,115,17,,4,16,152,1,5b779cef-19b7-4f96-b944-4fa2c0accc4c,,
991fc994-d4ed-4768-8449-55b21da293f2,ECB,1996,132,17,,4,16,176,1,5b779cef-19b7-4f96-b944-4fa2c0accc4c,,
a18cfb25-bfed-4f53-b76d-49b7c1f12cd4,ECC,1996,140,17,,4,16,175,1,5b779cef-19b7-4f96-b944-4fa2c0accc4c,,
809211f3-eca8-4407-8a71-dc0c74dda497,EDZ,2429,137,17,,4,16,210,0,5b779cef-19b7-4f96-b944-4fa2c0accc4c,,
ef691b32-d49e-4db5-82fc-29e7737b310b,EDT,2429,182,33,,4,16,285,1,5b779cef-19b7-4f96-b944-4fa2c0accc4c,,
1679b271-5c04-4f0c-8e1a-90ca3a34ab82,ERB,3604,280,17,,6,24,345,2,5b779cef-19b7-4f96-b944-4fa2c0accc4c,,70ffae0b-c1e2-4bcb-91d5-7c62bf26806b
549dc7ce-98d9-482e-a441-38db356acf2a,ERC,3604,285,17,,6,24,350,2,5b779cef-19b7-4f96-b944-4fa2c0accc4c,,70ffae0b-c1e2-4bcb-91d5-7c62bf26806b
36183308-1632-45db-9fe7-61fb4cb013bb,EGA,3301,150,17,,6,12,245,2,5b779cef-19b7-4f96-b944-4fa2c0accc4c,,
444b7ccf-5a65-4400-b8bd-71c8982adbae,EGA,3301,180,17,,6,12,285,2,5b779cef-19b7-4f96-b944-4fa2c0accc4c,,
ad35ae77-c700-4e50-b8b7-e1634678db99,EGH,3778,150,17,,6,12,290,2,5b779cef-19b7-4f96-b944-4fa2c0accc4c,,
2e04196c-2bee-4abb-986f-cb839aaec966,EGH,3778,200,17,,6,12,310,2,5b779cef-19b7-4f96-b944-4fa2c0accc4c,,
5a9fe360-81da-4abc-8086-425098e0ceea,EJD,1598,116,17,,4,16,157,2,5b779cef-19b7-4f96-b944-4fa2c0accc4c,,
fcd52549-fd30-49c4-b393-43d34017041c,ED6,2360,175,17,,4,16,230,2,5b779cef-19b7-4f96-b944-4fa2c0accc4c,,
3baad65a-d999-4d42-8e18-714d6e784a14,ECN,1998,158,17,,4,16,191,2,5b779cef-19b7-4f96-b944-4fa2c0accc4c,,70ffae0b-c1e2-4bcb-91d5-7c62bf26806b
fb418785-bb96-4fad-b6b9-ed4c4d099e86,ED3,2360,170,17,,4,16,220,2,5b779cef-19b7-4f96-b944-4fa2c0accc4c,,70ffae0b-c1e2-4bcb-91d5-7c62bf26806b
28555727-7c95-4d38-9ab3-8089c02affa9,ENC,2499,112,18,,4,8,260,6,5b779cef-19b7-4f96-b944-4fa2c0accc4c,,
6546f7b7-3be6-439b-9c17-43b40e892d0f,ENJ,2499,141,18,,4,16,340,1,5b779cef-19b7-4f96-b944-4fa2c0accc4c,,
48253aa4-c4f0-4023-91a7-87c28794dd78,ENS,2766,160,18,,4,16,360,1,5b779cef-19b7-4f96-b944-4fa2c0accc4c,,
cb7a29b5-8162-436e-8d65-060b2f233697,ENR,2766,150,18,,4,16,360,1,5b779cef-19b7-4f96-b944-4fa2c0accc4c,,
ded17746-0fa0-4e64-8a19-879c6ad2f87e,EXF,2987,190,18,,6,24,430,2,5b779cef-19b7-4f96-b944-4fa2c0accc4c,,
5a7c523c-6a18-400e-8a4a-691f9f2b3ed8,ECD,1968,140,18,,4,16,310,1,5b779cef-19b7-4f96-b944-4fa2c0accc4c,,
9f2b6396-5545-4af2-a1c5-727afffe1205,EDJ,2148,121,18,,4,16,300,2,5b779cef-19b7-4f96-b944-4fa2c0accc4c,,
a18da26d-7a39-40c0-85d8-cdb62d3deed2,EXL,2987,218,18,,6,24,510,2,5b779cef-19b7-4f96-b944-4fa2c0accc4c,,
58b33220-8993-4bdc-abd5-b6b2c8b8eb85,ISB 6.7,6690,190,18,,6,24,750,0,aaa0434f-ee43-4e13-9664-0c52fb1b3eb8,,
b862b1d0-896c-4d33-bf2d-88467d322e6a,ISB 6.7,6690,245,18,,6,24,850,0,aaa0434f-ee43-4e13-9664-0c52fb1b3eb8,,
c6e1a33b-cb9d-4d82-a03e-3be32390371e,ISF 2.8,2781,120,18,,4,16,270,0,aaa0434f-ee43-4e13-9664-0c52fb1b3eb8,,
765f177a-7ee9-4db2-8e2e-ae9ebc16741e,ISF 3.8,3760,152,18,,4,16,491,0,aaa0434f-ee43-4e13-9664-0c52fb1b3eb8,,
d5f21db8-32e4-49a1-8b33-a808c9d85f2f,F8CB,796,38,17,,3,6,64,1,d88cfcfe-9bfa-42fe-aa75-a23b9b8d3337,,
b1ea7cd1-a438-451d-8ba6-65c6e84b30cb,F8CV,796,41,17,,3,6,59,1,d88cfcfe-9bfa-42fe-aa75-a23b9b8d3337,,
a423960e-7fbb-4b79-aaee-c5305d0c052b,F10CV,995,63,17,,4,8,88,1,d88cfcfe-9bfa-42fe-aa75-a23b9b8d3337,,
9f839b71-5a50-4a8d-9953-0983d5a7c5a4,G15MF,1498,75,17,,4,8,120,1,d88cfcfe-9bfa-42fe-aa75-a23b9b8d3337,,
93c93939-1dde-4b1c-a698-c8f781db2cd0,A15MF,1498,85,17,,4,16,130,1,d88cfcfe-9bfa-42fe-aa75-a23b9b8d3337,,
06025df1-66b7-4021-88f2-7c915a1a7c26,A15SMS,1498,80,17,,4,8,123,0,d88cfcfe-9bfa-42fe-aa75-a23b9b8d3337,,
a0dab8d5-8684-46d0-8bd2-396e9ba41959,A16DMS,1598,105,17,,4,16,145,1,d88cfcfe-9bfa-42fe-aa75-a23b9b8d3337,,
d498f47b-21b1-4fa6-82ee-6063c40495e7,T18SED,1799,121,17,,4,16,165,1,d88cfcfe-9bfa-42fe-aa75-a23b9b8d3337,,
435c5bbe-ba1e-41fc-b2df-a0aaf04ef586,X20SED,1998,121,17,,4,16,175,1,d88cfcfe-9bfa-42fe-aa75-a23b9b8d3337,,
06dbfa25-2e45-483d-8d29-7e8c41d3663f,T22SED,2198,136,17,,4,16,202,1,d88cfcfe-9bfa-42fe-aa75-a23b9b8d3337,,
eac5f156-ed6d-4312-a474-490269123765,EF-VE,659,48,17,,3,12,57,1,5a4a5dd5-e6f0-4878-9780-ebc4f19d4bfc,,
cb8c0b07-b477-4417-8c9b-7b48b69ebd7b,EF-SE,659,33,17,,3,6,51,1,5a4a5dd5-e6f0-4878-9780-ebc4f19d4bfc,,
a4d79f71-fb45-4949-bbd3-fa8773c56751,EF-DET,659,64,17,,3,12,103,1,5a4a5dd5-e6f0-4878-9780-ebc4f19d4bfc,,
9dad7751-1d0b-4d62-afc6-994e8f1bf1b5,EJ-DE,989,56,17,,3,12,88,1,5a4a5dd5-e6f0-4878-9780-ebc4f19d4bfc,,
dcf14414-6eaf-47e5-a76a-2b0c41281679,EJ-VE,989,58,17,,3,12,91,1,5a4a5dd5-e6f0-4878-9780-ebc4f19d4bfc,,
8bd8d111-08e5-4255-b46e-f0a0a4eddfe2,HE-EG,1498,97,17,,4,16,126,1,5a4a5dd5-e6f0-4878-9780-ebc4f19d4bfc,,
d351f533-6e11-4c0a-8a81-0967d48286af,HD-EP,1589,115,17,,4,16,140,1,5a4a5dd5-e6f0-4878-9780-ebc4f19d4bfc,,
9a580600-900d-488d-a028-4e2c8e6f9850,JB-DET,659,64,17,,4,16,100,2,5a4a5dd5-e6f0-4878-9780-ebc4f19d4bfc,,
6b7aa7d2-e88e-47ea-bd46-e0475ab5c0f3,KF-VE,658,40,17,,3,12,52,2,5a4a5dd5-e6f0-4878-9780-ebc4f19d4bfc,,
8bbcf09b-f29d-4f8c-957d-19b9e5d43730,KF-DET,658,64,17,,3,12,92,2,5a4a5dd5-e6f0-4878-9780-ebc4f19d4bfc,,
a357ca28-4343-4e08-94c7-0fa63c0f0613,K3-DE,1298,84,17,,4,16,114,2,5a4a5dd5-e6f0-4878-9780-ebc4f19d4bfc,,
694cf927-b68c-45bc-a297-cf4f5730ebed,K3-VE,1298,86,17,,4,16,120,2,5a4a5dd5-e6f0-4878-9780-ebc4f19d4bfc,,
b89c32b5-99b9-46c9-ba52-9b5cf74d2fb5,K3-VET,1298,140,17,,4,16,177,2,5a4a5dd5-e6f0-4878-9780-ebc4f19d4bfc,,
d0e0af29-0868-499b-bf4a-f4e574513d94,11182,1596,90,17,,4,8,143,0,8710e638-ddee-4255-94f0-d86109b057d0,,
dd6806a3-7bb5-4e8e-aaa6-f0283e082770,11183,1596,80,17,,4,8,120,0,8710e638-ddee-4255-94f0-d86109b057d0,,
6262d69b-d0f8-4d36-a4c6-17b93712550b,11183,1596,82,17,,4,8,132,0,8710e638-ddee-4255-94f0-d86109b057d0,,
cad2576c-a243-4485-a263-e7432f77cc51,11184,1774,90,17,,4,8,153,1,8710e638-ddee-4255-94f0-d86109b057d0,,
434cef5a-8c86-4392-a9f2-65087e3ef11e,11186,1596,87,17,,4,8,140,0,8710e638-ddee-4255-94f0-d86109b057d0,,
c02e7233-d8ae-4575-8be7-bf42ab4d825f,11189,1596,87,17,,4,8,140,0,8710e638-ddee-4255-94f0-d86109b057d0,,
516893d7-49e6-4f84-9d13-5030dbc71929,21114,1596,80,17,,4,8,120,0,8710e638-ddee-4255-94f0-d86109b057d0,,
6dea640a-8498-46b3-ac33-6b3b0c515ee0,21114,1596,82,17,,4,8,132,0,8710e638-ddee-4255-94f0-d86109b057d0,,
9313e989-923a-4d1b-a51e-1387de573b0d,21116,1596,87,17,,4,8,140,0,8710e638-ddee-4255-94f0-d86109b057d0,,
b3f2e7a3-4ecd-4906-82be-0c4067d8e2b8,11194,1390,89,17,,4,16,127,0,8710e638-ddee-4255-94f0-d86109b057d0,,
cb91b2cf-08d5-47ca-9155-b83782aa9483,21124,1599,89,17,,4,16,131,0,8710e638-ddee-4255-94f0-d86109b057d0,,
e14e92b5-5a6a-420c-a3f2-07a0c694f05f,21126,1597,98,17,,4,16,145,0,8710e638-ddee-4255-94f0-d86109b057d0,,
dc512b09-8529-4156-b472-a69a66ab1a96,21126,1597,114,17,,4,16,150,0,8710e638-ddee-4255-94f0-d86109b057d0,,
a37425ee-f78d-4fb4-8bb6-68a9408808e8,21126,1597,136,17,,4,16,154,0,8710e638-ddee-4255-94f0-d86109b057d0,,
f592e9b5-0c27-44e8-9282-7be87fede037,21127,1596,106,17,,4,16,148,0,8710e638-ddee-4255-94f0-d86109b057d0,,
c57b64ce-2990-4b3d-8a4d-7c4f9808ca7a,21129,1596,106,17,,4,16,148,0,8710e638-ddee-4255-94f0-d86109b057d0,,
b0a03729-2b57-4d2c-8ab6-8e2414cbedab,21128,1796,106,17,,4,16,148,0,8710e638-ddee-4255-94f0-d86109b057d0,,
ec1ce1c2-d516-43a8-9af0-940375a8e993,21128,1774,123,17,,4,16,165,0,8710e638-ddee-4255-94f0-d86109b057d0,,
f3e8cce2-555a-4954-a866-aa5bab2f3438,21179,1774,122,17,,4,16,170,0,8710e638-ddee-4255-94f0-d86109b057d0,,
260edf8a-ac2f-4ed4-8f3d-166322ba215a,21179,1774,145,17,,4,16,184,0,8710e638-ddee-4255-94f0-d86109b057d0,,
cac4b187-c1e4-41ef-a76b-dc1fece64415,2110,1499,73,17,,4,8,106,0,8710e638-ddee-4255-94f0-d86109b057d0,,
214fd408-ce72-4c1e-ac2e-ac97f1d92618,2111,1499,78,17,,4,8,106,0,8710e638-ddee-4255-94f0-d86109b057d0,,
6808337a-6c2c-441a-96a8-2be97c02aa8f,2112,1499,91,17,,4,16,126,0,8710e638-ddee-4255-94f0-d86109b057d0,,
9e75dfcc-330c-47dd-a924-8c1acd5614bd,21081,1100,54,17,,4,8,79,0,8710e638-ddee-4255-94f0-d86109b057d0,,
a7b36881-4020-477a-884b-0ceaa143746b,2108,1289,64,17,,4,8,95,0,8710e638-ddee-4255-94f0-d86109b057d0,,
02d0dc30-e355-4d1b-bcfc-13d70e8f3b28,21083,1499,73,17,,4,8,106,0,8710e638-ddee-4255-94f0-d86109b057d0,,
3ff48a00-99fa-457a-81fa-5084dc2e2d49,2121,1569,75,17,,4,8,116,0,8710e638-ddee-4255-94f0-d86109b057d0,,
ec264de0-39b8-4afe-8c23-79b34b0a349b,21213,1690,79,17,,4,8,127,0,8710e638-ddee-4255-94f0-d86109b057d0,,
a774a9d9-5b4c-46c1-b9c5-6dc18e708333,21214,1690,80,17,,4,8,127,0,8710e638-ddee-4255-94f0-d86109b057d0,,
b2d9a2a1-fbb0-486e-b0e5-a9e4aba854d8,2123,1690,80,17,,4,8,127,0,8710e638-ddee-4255-94f0-d86109b057d0,,
02b1af73-7630-4463-a112-a740d38ec891,2130,1774,82,17,,4,8,139,0,8710e638-ddee-4255-94f0-d86109b057d0,,
c9cd7aaa-325b-4aa9-a72f-13e43269b645,2130,1774,85,17,,4,8,139,0,8710e638-ddee-4255-94f0-d86109b057d0,,
d9be44a2-efab-405f-8628-73e0e0b6a7d6,2101,1198,59,17,,4,8,89,0,8710e638-ddee-4255-94f0-d86109b057d0,,
036f0546-035e-41d9-a8f8-ccd84058580f,2105,1294,64,17,,4,8,94,0,8710e638-ddee-4255-94f0-d86109b057d0,,
f7f205f4-8637-448c-aaaa-b67210c548d9,21011,1294,69,17,,4,8,94,0,8710e638-ddee-4255-94f0-d86109b057d0,,
2780af1e-0906-4abc-82fe-3a4fcaab1339,2103,1452,71,17,,4,8,104,0,8710e638-ddee-4255-94f0-d86109b057d0,,
a1bc8b29-b5a1-4305-95bd-ff1c19b52578,2104,1452,68,17,,4,8,104,2,8710e638-ddee-4255-94f0-d86109b057d0,,
480ed0f3-3343-43c3-abee-d46d741c8ef7,2106,1569,75,17,,4,8,116,0,8710e638-ddee-4255-94f0-d86109b057d0,,
877c8516-2488-4262-b4d7-f60a89feb6ad,21067,1569,72,17,,4,8,116,2,8710e638-ddee-4255-94f0-d86109b057d0,,
07d737e3-0ced-43d4-8b20-c3990e3c2d89,1111,649,30,17,,2,4,44,1,8710e638-ddee-4255-94f0-d86109b057d0,,
7ba08c7b-05d0-4152-b04b-793ae87f7ee6,11113,749,33,17,,2,4,50,1,8710e638-ddee-4255-94f0-d86109b057d0,,
9a9cd997-22de-4683-b6cf-a487c384656f,341,1524,53,18,,4,8,96,1,8710e638-ddee-4255-94f0-d86109b057d0,,
ab567531-7d51-45e6-81bf-ed2a77015ece,GME-T4,1995,200,17,,4,16,330,2,a6e1b3fe-86c6-46d6-8169-7098c11c5aad,,
caacb732-ed92-4347-ab4a-c86221b97e6a,GME-T4,1995,300,17,,4,16,450,2,a6e1b3fe-86c6-46d6-8169-7098c11c5aad,,
73bdb242-069c-459d-8216-b2f4b353f567,GME-T6,2993,420,17,,6,24,635,2,a6e1b3fe-86c6-46d6-8169-7098c11c5aad,,
fef090be-8b5f-4135-ae75-e6ccbf8bdbfa,GME-T6,2993,510,17,,6,24,678,2,a6e1b3fe-86c6-46d6-8169-7098c11c5aad,,
8e32848c-0788-45e5-adfa-7471ca4b0ffc,EZA,5654,335,17,,8,16,500,2,a6e1b3fe-86c6-46d6-8169-7098c11c5aad,,
e4847c01-6272-448e-b4f2-550a78dc8170,EZB,5654,325,17,,8,16,500,2,a6e1b3fe-86c6-46d6-8169-7098c11c5aad,,
a7f65e55-4612-4260-aa29-9a3dfb1ae843,EZH,5654,355,17,,8,16,525,2,a6e1b3fe-86c6-46d6-8169-7098c11c5aad,,91b9524a-8626-45c7-853f-6c92be6a38f0
f7c48d7d-99f8-408f-97c9-8a2c15bfcc34,ESF,6059,425,17,,8,16,570,2,a6e1b3fe-86c6-46d6-8169-7098c11c5aad,,91b9524a-8626-45c7-853f-6c92be6a38f0
81f698a2-beee-4733-9683-5ef7f2985820,ESG,6407,470,17,,8,16,635,2,a6e1b3fe-86c6-46d6-8169-7098c11c5aad,,91b9524a-8626-45c7-853f-6c92be6a38f0
3eb7153c-b62d-42a4-a018-898c7dd822d0,EER,2736,190,17,,6,24,255,2,a6e1b3fe-86c6-46d6-8169-7098c11c5aad,,
98c7c386-6799-4ad5-817c-3f9c6578c278,EGW,3231,225,17,,6,24,305,1,a6e1b3fe-86c6-46d6-8169-7098c11c5aad,,
c61436b5-ab8f-4b8a-8fe7-a5d305316c78,EGE,3518,215,17,,6,24,300,1,a6e1b3fe-86c6-46d6-8169-7098c11c5aad,,
567fec49-e231-466d-bbf0-f2f08ff43bc3,EGF,3518,235,17,,6,24,325,1,a6e1b3fe-86c6-46d6-8169-7098c11c5aad,,
e3019ff1-177a-412c-aa4d-fc639ddd9e6d,EGG,3518,250,17,,6,24,340,1,a6e1b3fe-86c6-46d6-8169-7098c11c5aad,,
0f616f88-b211-4482-883f-8c20cdcce28f,EGQ,3952,250,17,,6,24,350,1,a6e1b3fe-86c6-46d6-8169-7098c11c5aad,,
3be1362b-66c3-40ca-afa6-863309bafb9b,EGS,3952,260,17,,6,24,360,1,a6e1b3fe-86c6-46d6-8169-7098c11c5aad,,
fae25ba3-925c-4698-93d8-b8a6f33abe81,ECB,1996,132,17,,4,16,176,1,a6e1b3fe-86c6-46d6-8169-7098c11c5aad,,
c3e9a190-9534-4674-8bba-23d80dc675fe,ECC,1996,140,17,,4,16,175,1,a6e1b3fe-86c6-46d6-8169-7098c11c5aad,,
8a5c1dfb-f2cc-4fb8-8220-5781039890f2,ECH,1996,150,17,,4,16,183,1,a6e1b3fe-86c6-46d6-8169-7098c11c5aad,,
56927cc2-1b69-4a33-97b2-1e477aa6ce5c,EDZ,2429,137,17,,4,16,210,0,a6e1b3fe-86c6-46d6-8169-7098c11c5aad,,
91b1bdb4-3723-4f7a-a68d-cc607c776a2b,EDV,2429,215,17,,4,16,330,1,a6e1b3fe-86c6-46d6-8169-7098c11c5aad,,
236593e8-c0fb-404e-9944-29c6282dcdc8,ERB,3604,280,17,,6,24,345,2,a6e1b3fe-86c6-46d6-8169-7098c11c5aad,,70ffae0b-c1e2-4bcb-91d5-7c62bf26806b
455c3b0b-e77d-46e0-b6fb-5dd8e8d78b42,EGA,3301,150,17,,6,12,245,2,a6e1b3fe-86c6-46d6-8169-7098c11c5aad,,
3944c41b-a228-4bfc-a507-9297946d3d69,EGA,3301,180,17,,6,12,285,2,a6e1b3fe-86c6-46d6-8169-7098c11c5aad,,
0849e8ab-730c-4f81-9110-2987029115e9,EGH,3778,150,17,,6,12,290,2,a6e1b3fe-86c6-46d6-8169-7098c11c5aad,,
bfb999bf-fbe4-41a4-83b6-6e29424eeba6,EGH,3778,200,17,,6,12,310,2,a6e1b3fe-86c6-46d6-8169-7098c11c5aad,,
ee8ef966-4319-4bcd-9073-b24ec5871595,EKG,3701,200,17,,6,12,305,2,a6e1b3fe-86c6-46d6-8169-7098c11c5aad,,
640c9748-081a-4506-9769-f6dd3308e8ee,EVA,4701,230,17,,8,16,390,2,a6e1b3fe-86c6-46d6-8169-7098c11c5aad,,
88ca39dc-7c4c-426d-a655-5175fa5ffd2d,ELF,5210,210,17,,8,16,380,2,a6e1b3fe-86c6-46d6-8169-7098c11c5aad,,
e2940a2b-fd34-49fb-8409-553a44df580a,EML,5899,230,17,,8,16,440,2,a6e1b3fe-86c6-46d6-8169-7098c11c5aad,,
f041d2a0-ea2d-4885-b8b4-c75fe08696dc,ED6,2360,175,17,,4,16,230,2,a6e1b3fe-86c6-46d6-8169-7098c11c5aad,,
004d0a08-610c-4783-9602-d39f3a275c0a,EBA,1798,148,17,,4,16,169,2,a6e1b3fe-86c6-46d6-8169-7098c11c5aad,,70ffae0b-c1e2-4bcb-91d5-7c62bf26806b
34fb1a9f-4faf-4e40-b40f-b5e67d7c824d,ECN,1998,158,17,,4,16,191,2,a6e1b3fe-86c6-46d6-8169-7098c11c5aad,,70ffae0b-c1e2-4bcb-91d5-7c62bf26806b
4b55dc5d-93c7-4982-bda9-e111752d4748,ED3,2360,170,17,,4,16,220,2,a6e1b3fe-86c6-46d6-8169-7098c11c5aad,,70ffae0b-c1e2-4bcb-91d5-7c62bf26806b
cf8a2264-bccc-4878-b98d-380419a728ed,ED4,2360,285,17,,4,16,359,2,a6e1b3fe-86c6-46d6-8169-7098c11c5aad,,70ffae0b-c1e2-4bcb-91d5-7c62bf26806b
8faad104-df47-45f2-ad8f-4f0d1ebe713a,ECD,1968,140,18,,4,16,310,1,a6e1b3fe-86c6-46d6-8169-7098c11c5aad,,
77605544-ecd4-4fd8-9658-66483b805e85,ECE,1968,140,18,,4,16,310,1,a6e1b3fe-86c6-46d6-8169-7098c11c5aad,,
f232803f-32f5-4d83-bfe4-1db19080b36a,ENE,2143,136,34,,4,16,320,6,a6e1b3fe-86c6-46d6-8169-7098c11c5aad,,
3aae945a-61c0-48f7-b544-02c19ad03d2c,ENC,2499,112,18,,4,8,260,6,a6e1b3fe-86c6-46d6-8169-7098c11c5aad,,
1705607a-ecb7-40f5-8afa-b4177f49cc7b,ENS,2766,160,18,,4,16,360,1,a6e1b3fe-86c6-46d6-8169-7098c11c5aad,,
65354b7a-a546-4d12-859e-d79e7562b6da,C10TDS,999,123,33,,3,12,196,2,3b738291-f051-40ea-bfb6-cc7e733bf4e6,,
57fdb1a6-0ef5-40d0-862f-4b8676379e5d,C15DR,1496,117,17,,4,16,158,2,3b738291-f051-40ea-bfb6-cc7e733bf4e6,,
18add1a4-34fb-4983-aede-a805608741c5,C15TE1,1476,163,33,,4,16,230,2,3b738291-f051-40ea-bfb6-cc7e733bf4e6,,
77ab6af8-a6de-47f6-8f52-7d64c5ddb3cf,C15TE2,1476,136,33,,4,16,200,2,3b738291-f051-40ea-bfb6-cc7e733bf4e6,,
41d6af97-85c6-48d4-b3de-ea91ab422992,C15TP1,1476,190,17,,4,16,300,2,3b738291-f051-40ea-bfb6-cc7e733bf4e6,,
bea77c86-904a-48a7-a041-854e10baddfd,DFMA14T,1396,140,17,,4,16,196,2,3b738291-f051-40ea-bfb6-cc7e733bf4e6,,
5a0dc5b0-3074-41ac-89b8-b424dc77c519,DFMA15,1497,116,17,,4,16,145,2,3b738291-f051-40ea-bfb6-cc7e733bf4e6,,
7f89ca79-5671-49ad-afc3-7fd7d79d6241,DFMA15T,1460,150,33,,4,16,230,2,3b738291-f051-40ea-bfb6-cc7e733bf4e6,,
6ff43503-b0b5-424a-9874-33bdaa5146f4,DFMA16,1556,117,17,,4,16,153,2,3b738291-f051-40ea-bfb6-cc7e733bf4e6,,
03bf2702-bb39-402b-9dd9-0b395f9eded6,SFG15A,1498,116,17,,4,16,148,2,3b738291-f051-40ea-bfb6-cc7e733bf4e6,,
1937ea14-201c-49ba-9ec1-ff439b20f4c5,SFG15T,1498,145,17,,4,16,220,2,3b738291-f051-40ea-bfb6-cc7e733bf4e6,,
e3214b84-74c1-4146-8842-70ca3efd690d,SFG15TA,1498,137,17,,4,16,220,2,3b738291-f051-40ea-bfb6-cc7e733bf4e6,,
858e0774-2b18-4936-baa7-48e898599f56,SFG15TR,1498,108,33,,4,16,192,2,3b738291-f051-40ea-bfb6-cc7e733bf4e6,,
c816f0ba-3a29-40cc-8d37-ddb8be1c577b,SFG18,1798,132,17,,4,16,176,2,3b738291-f051-40ea-bfb6-cc7e733bf4e6,,
a061c2d4-28ef-4db3-98d0-76d9de592254,SFG18A,1798,139,17,,4,16,187,2,3b738291-f051-40ea-bfb6-cc7e733bf4e6,,
b1e22178-eeff-469a-9f93-3a036adc9103,SFG20A,1998,143,17,,4,16,200,2,3b738291-f051-40ea-bfb6-cc7e733bf4e6,,
887d1d0a-bec2-438e-a027-453219e8083a,HD15A,1498,180,33,,4,16,270,2,3b738291-f051-40ea-bfb6-cc7e733bf4e6,,
445bbf20-e55a-4675-90d5-56d9052a9f47,HD15M1A,1499,184,33,,4,16,300,2,3b738291-f051-40ea-bfb6-cc7e733bf4e6,,
46637339-4652-4722-a719-c04ce0414b1c,HD20,1967,220,33,,4,16,355,2,3b738291-f051-40ea-bfb6-cc7e733bf4e6,,
3fe3cf8e-347d-4f54-942d-772014a2700b,M15NTDE,1499,150,33,,4,16,220,2,3b738291-f051-40ea-bfb6-cc7e733bf4e6,,
933d282d-ab76-4c42-8846-53a0e8f75d5a,CA4GB16,1598,108,17,,4,16,150,2,f17c6606-1cf9-4b58-9516-d11844bac26b,,
b94b535a-5410-4442-95a9-84be92bffd6c,CA4GC18T,1796,188,33,,4,16,260,2,f17c6606-1cf9-4b58-9516-d11844bac26b,,
25b271c8-4cdc-4ecf-a14e-e15b6836a4c2,CA4GD5,1798,136,17,,4,16,172,2,f17c6606-1cf9-4b58-9516-d11844bac26b,,
4bc39132-595d-45cd-8db4-1469831beb5a,CA4GC20T,1995,204,33,,4,16,260,2,f17c6606-1cf9-4b58-9516-d11844bac26b,,
cd1c9bed-2df9-4a6f-ad3e-58c94f7d5b3c,CA4GD1,1998,140,17,,4,16,180,2,f17c6606-1cf9-4b58-9516-d11844bac26b,,
96cc3993-2d7c-4e2d-997e-04c2deead37a,CA4GD3,2259,155,17,,4,16,200,2,f17c6606-1cf9-4b58-9516-d11844bac26b,,
5c5de5ea-cd70-4db2-a839-d5e411226197,CA4GA12TD,1199,143,33,,4,16,204,2,f17c6606-1cf9-4b58-9516-d11844bac26b,,
551ba784-1462-49b0-bb3a-97a5eea1033d,CA4GB15TD,1498,160,33,,4,16,258,2,f17c6606-1cf9-4b58-9516-d11844bac26b,,
363c83f1-498c-4334-b172-827201bc1c2f,CA4GC18TD,1796,178,33,,4,16,250,2,f17c6606-1cf9-4b58-9516-d11844bac26b,,
57aa958d-5cf8-4818-a7b1-8864415cc70a,CA4GC18TD,1798,197,33,,4,16,320,2,f17c6606-1cf9-4b58-9516-d11844bac26b,,
efdf0d96-5d19-4ec8-b83d-73d810e77ab1,CA4GC20TD,1995,204,33,,4,16,260,2,f17c6606-1cf9-4b58-9516-d11844bac26b,,
4819f5e1-0622-413a-bf27-7f79f7c26a0f,CA4GC20TD,1989,215,33,,4,16,340,2,f17c6606-1cf9-4b58-9516-d11844bac26b,,
bdd15815-ddf1-440f-a9af-e6196547e5b2,CA6GV1,2993,231,17,,6,24,300,2,f17c6606-1cf9-4b58-9516-d11844bac26b,,
849e3dcd-cb6b-4f23-b438-68affb9c55b9,CA6GV25TD,2495,276,17,,6,24,390,2,f17c6606-1cf9-4b58-9516-d11844bac26b,,
634dd29e-49b0-42c2-9241-c7c9f7e3c6ff,CA6GV30TD,2951,279,17,,6,24,400,2,f17c6606-1cf9-4b58-9516-d11844bac26b,,
1fa48070-17d6-4cf8-8d92-f02c49d26fae,310A5011,1598,110,17,,4,16,150,2,209b6a94-5199-42f0-bc70-dad55aec2707,,
2b7191d5-c7ee-434d-a5a7-04e4a134f453,370A0011,1747,130,17,,4,16,180,2,209b6a94-5199-42f0-bc70-dad55aec2707,,
032a2604-88ef-43f3-9081-d00abc82f969,187A1000,1108,54,17,,4,8,88,1,209b6a94-5199-42f0-bc70-dad55aec2707,,
29e6455e-2b74-49a5-a926-133bc327497c,169A4000,1242,69,17,,4,8,102,1,209b6a94-5199-42f0-bc70-dad55aec2707,,
fba990fb-54f1-4d78-a6de-fe1b8f0582de,176A8000,1242,73,17,,4,8,106,1,209b6a94-5199-42f0-bc70-dad55aec2707,,
00b0f660-3c90-4e64-b8f7-34d2053de4a0,188A4000,1242,60,17,,4,8,102,1,209b6a94-5199-42f0-bc70-dad55aec2707,,
6bb08c55-386d-4a5f-92a7-f92f06b956c6,188A5000,1242,80,17,,4,16,114,1,209b6a94-5199-42f0-bc70-dad55aec2707,,
9375ff85-c7c3-445b-aed3-fbd9ef5a7ded,199A6000,1368,95,17,,4,16,125,1,209b6a94-5199-42f0-bc70-dad55aec2707,,
199cb007-194c-4547-8528-54bb84b6c07d,350A1000,1368,77,17,,4,8,115,1,209b6a94-5199-42f0-bc70-dad55aec2707,,
fc49d7d7-3762-46be-948e-5f238da201ce,198A1000,1368,150,17,,4,16,230,1,209b6a94-5199-42f0-bc70-dad55aec2707,,
2d773878-82ca-4056-95c8-f8e7474dbf03,198A4000,1368,120,17,,4,16,206,1,209b6a94-5199-42f0-bc70-dad55aec2707,,
506019e7-2877-46d5-8ef9-bc1aa4203867,955A6000,1368,105,17,,4,16,130,1,209b6a94-5199-42f0-bc70-dad55aec2707,,
270b94ce-8571-498c-9853-88f89127f3e4,955A2000,1368,135,17,,4,16,206,1,209b6a94-5199-42f0-bc70-dad55aec2707,,
f5ece48d-c810-4f48-a409-5d7f46c721a3,GSE-N3,999,70,17,,3,6,92,2,209b6a94-5199-42f0-bc70-dad55aec2707,,
b5222ece-c270-472b-94e8-ac9344865e43,GSE-T3,999,100,17,,3,12,190,2,209b6a94-5199-42f0-bc70-dad55aec2707,,
81bcefc2-67ee-4e71-8383-8e7abb4e3650,GSE-T4,1332,130,17,,4,16,270,2,209b6a94-5199-42f0-bc70-dad55aec2707,,
38ab1624-74ae-48cc-b17e-f183bf360cd9,194A1000,2198,147,17,,4,16,203,2,209b6a94-5199-42f0-bc70-dad55aec2707,,
49bd21c5-b66b-4115-bc42-694be459e638,182A3000,1370,80,17,,4,12,112,1,209b6a94-5199-42f0-bc70-dad55aec2707,,
424934ce-0c4c-45ae-8143-f6c7e946a2f4,182A2000,1747,113,17,,4,16,154,1,209b6a94-5199-42f0-bc70-dad55aec2707,,
1d87cb49-923a-4006-bea6-2106056ef71a,182A1000,1998,147,17,,5,20,186,1,209b6a94-5199-42f0-bc70-dad55aec2707,,
f5fc9008-ef0c-45bd-8c06-344c69f4cedd,192A2000,2446,170,17,,5,20,221,1,209b6a94-5199-42f0-bc70-dad55aec2707,,
c621cd69-673b-4da8-b920-2e54e9c26108,182A4000,1581,103,17,,4,16,144,1,209b6a94-5199-42f0-bc70-dad55aec2707,,
56c9840c-0d02-4dfb-9501-8d0c9ca1fdb8,182B6000,1596,103,17,,4,16,145,1,209b6a94-5199-42f0-bc70-dad55aec2707,,
4cc4e6cc-1881-47c6-b741-6f126711c748,199B6000,875,105,17,,2,8,145,2,209b6a94-5199-42f0-bc70-dad55aec2707,,
eebeceb5-8eea-4e6b-a1f2-3d2c31cda51e,312A2000,875,85,17,,2,8,145,2,209b6a94-5199-42f0-bc70-dad55aec2707,,
6eb56efd-c0f0-44c6-a6e6-30eb4a0a856b,199A2000,1248,75,18,,4,16,190,2,209b6a94-5199-42f0-bc70-dad55aec2707,,
b2d9bb76-4f08-4939-bd97-83204ce51c9f,199A3000,1248,90,18,,4,16,200,2,209b6a94-5199-42f0-bc70-dad55aec2707,,
ca941ee9-5633-4d02-9321-2207348a6f23,186A9000,1910,120,18,,4,8,210,1,209b6a94-5199-42f0-bc70-dad55aec2707,,
0ed239a7-2553-4332-8279-0ce988bcd3a1,192A8000,1910,120,18,,4,8,255,1,209b6a94-5199-42f0-bc70-dad55aec2707,,
204378c6-6930-40f9-85ea-69478824b4f4,937A5000,1910,150,18,,4,16,305,1,209b6a94-5199-42f0-bc70-dad55aec2707,,
ac49da1e-1d4f-4373-9aaf-bfee6baa3fcb,939A3000,2387,200,18,,5,20,400,1,209b6a94-5199-42f0-bc70-dad55aec2707,,
9e0736c5-4c9e-46fc-88fb-04ee3c0dfc81,199B1000,1248,95,18,,4,16,200,2,209b6a94-5199-42f0-bc70-dad55aec2707,,
c8f91501-b05f-46f7-b5b9-e937d6889371,312B1000,1248,95,18,,4,16,200,2,209b6a94-5199-42f0-bc70-dad55aec2707,,
255c593b-5191-41c5-a404-f4de64285ac0,330A1000,1248,95,18,,4,16,200,2,209b6a94-5199-42f0-bc70-dad55aec2707,,
88047211-f6d1-4c2b-8526-6f62c6cde57c,198A2000,1598,120,18,,4,16,300,1,209b6a94-5199-42f0-bc70-dad55aec2707,,
b01e5c7d-a1bd-4e5d-b0c6-a0d713110f16,198A3000,1598,105,18,,4,16,290,1,209b6a94-5199-42f0-bc70-dad55aec2707,,
054fb210-d095-406b-9ca1-c8a497f7db8d,198A5000,1956,165,18,,4,16,360,1,209b6a94-5199-42f0-bc70-dad55aec2707,,
a435e00c-b424-47eb-8f72-c39c4ec49d07,250A1000,1956,115,18,,4,16,280,1,209b6a94-5199-42f0-bc70-dad55aec2707,,
7a3863c0-54a3-409b-8bf6-292e09da6123,263A1000,1956,135,18,,4,16,320,1,209b6a94-5199-42f0-bc70-dad55aec2707,,
706a2531-5140-4183-bebf-d045a66ee03c,4F20TC,1968,150,18,,4,16,330,1,62634b3a-9acb-4241-98c7-19f9b3a0ea8c,,
6cba7525-157e-402a-8448-142cd58fdd22,4F25TC,2499,140,18,,4,16,330,1,62634b3a-9acb-4241-98c7-19f9b3a0ea8c,,
71695584-be21-453f-aad2-67bc9eb3f0a5,BRF,2935,145,17,,6,12,222,2,1f8e2f68-9fa0-4094-9656-369bd379e684,,
7b80ff32-7655-4f10-9eba-2d2c22002b02,99E,3996,210,17,,6,12,344,2,1f8e2f68-9fa0-4094-9656-369bd379e684,,
08e5ddfc-a51e-49e2-82ee-9c5e6c70b6dd,99X,3958,155,17,,6,12,298,2,1f8e2f68-9fa0-4094-9656-369bd379e684,,
c3e8da6e-4cc3-4c5b-9585-c408fe108e7e,APKE,1194,70,17,,3,12,114,1,1f8e2f68-9fa0-4094-9656-369bd379e684,,238dab85-8856-452d-beec-e20ebae836d6
7d3cc9ea-26a1-46a3-b2a9-4308050c09fe,XZJF,1497,123,17,,3,12,151,1,1f8e2f68-9fa0-4094-9656-369bd379e684,,238dab85-8856-452d-beec-e20ebae836d6
08d4a869-dfe7-4882-8b81-36e5855f20e3,Y2DA,1497,123,17,,3,12,150,1,1f8e2f68-9fa0-4094-9656-369bd379e684,,238dab85-8856-452d-beec-e20ebae836d6
27f196fb-b56a-4296-a3b6-0231803f7829,Y1DA,1497,182,17,,3,12,240,2,1f8e2f68-9fa0-4094-9656-369bd379e684,,238dab85-8856-452d-beec-e20ebae836d6
a62307f6-81bd-4b4a-8515-c7c37463f25f,YZDA,1497,150,17,,3,12,240,2,1f8e2f68-9fa0-4094-9656-369bd379e684,,238dab85-8856-452d-beec-e20ebae836d6
b7503b34-765f-45ee-810b-be82f2de7337,YZJA,1497,200,17,,3,12,290,2,1f8e2f68-9fa0-4094-9656-369bd379e684,,238dab85-8856-452d-beec-e20ebae836d6
8f782121-dd62-472c-84cf-5a04f3912def,ASDA,1388,80,17,,4,16,124,1,1f8e2f68-9fa0-4094-9656-369bd379e684,,
11bffc69-b15f-436a-b0ea-ae08b23a6f7c,SHDA,1596,100,17,,4,16,150,1,1f8e2f68-9fa0-4094-9656-369bd379e684,,
789e92f6-e5b2-46a1-9829-51d64c7233d1,HWDA,1596,100,17,,4,16,150,1,1f8e2f68-9fa0-4094-9656-369bd379e684,,
07b4062f-6ea1-407a-bedb-a30f79973f87,FYJA,1596,100,17,,4,16,146,1,1f8e2f68-9fa0-4094-9656-369bd379e684,,
7f19dd58-41e0-4db9-b434-56020320a9b9,CFBA,1798,130,17,,4,16,175,2,1f8e2f68-9fa0-4094-9656-369bd379e684,,
4e82f690-029b-4ac2-9add-3c9486fd1ebd,CHBA,1798,125,17,,4,16,170,2,1f8e2f68-9fa0-4094-9656-369bd379e684,,
a54ee293-989e-426a-be8b-b8cb4c7d77df,QQDB,1798,125,17,,4,16,165,2,1f8e2f68-9fa0-4094-9656-369bd379e684,,
e54643c1-6dd6-4ca9-961e-ff178ebac869,AODA,1999,145,17,,4,16,185,2,1f8e2f68-9fa0-4094-9656-369bd379e684,,
b245ccf6-82fc-4802-ace6-1bbb2f03dc1b,AOWA,1999,145,17,,4,16,185,2,1f8e2f68-9fa0-4094-9656-369bd379e684,,
6d0e66d7-8449-4129-b9c9-743453e5c61b,CJBA,1999,145,17,,4,16,190,2,1f8e2f68-9fa0-4094-9656-369bd379e684,,
3d36f2b5-e95e-40ac-a696-5b470e4c94fe,XQDA,1999,150,17,,4,16,202,2,1f8e2f68-9fa0-4094-9656-369bd379e684,,238dab85-8856-452d-beec-e20ebae836d6
5d78969a-9046-4bb1-9e89-f3e589a397f0,SEWA,2261,161,17,,4,16,208,2,1f8e2f68-9fa0-4094-9656-369bd379e684,,854ef878-d319-47c9-a816-8aad71c3e884
624516bb-b5cb-49bb-8e9b-e215ecec1304,SEBA,2261,161,17,,4,16,208,2,1f8e2f68-9fa0-4094-9656-369bd379e684,,854ef878-d319-47c9-a816-8aad71c3e884
7ddf519b-2ec9-4851-b4a3-59300f397d9b,YTMA,2488,150,17,,4,16,230,2,1f8e2f68-9fa0-4094-9656-369bd379e684,,854ef878-d319-47c9-a816-8aad71c3e884
24f9d4d4-e350-4b01-83e1-f5bd07ab9ab7,S7CB,2488,150,17,,4,16,225,2,1f8e2f68-9fa0-4094-9656-369bd379e684,,854ef878-d319-47c9-a816-8aad71c3e884
b451a78f-59fe-4d3b-942d-1d00b15c8888,ALDA,1988,173,17,,4,16,196,1,1f8e2f68-9fa0-4094-9656-369bd379e684,,7aa19156-b1c5-48f5-873f-0cc1e3ee8d1f
5f6dcf43-d3e0-4108-8250-8ca3ad60197e,HMDA,1988,215,33,,4,16,310,1,1f8e2f68-9fa0-4094-9656-369bd379e684,,7aa19156-b1c5-48f5-873f-0cc1e3ee8d1f
a1475d65-c178-40bc-be52-2c503984b144,HUBA,2522,220,17,,5,20,320,1,1f8e2f68-9fa0-4094-9656-369bd379e684,,53c41813-7755-4975-9dc8-5131224b2c5a
90ee16c0-b18e-45d5-a0a8-d7ff66a1bf37,HYDA,2522,225,33,,5,20,320,1,1f8e2f68-9fa0-4094-9656-369bd379e684,,3fcff776-4e7c-46f8-bae6-0be029b0f497
e8229acd-f187-42db-ab5e-86684c43ef05,HYDB,2522,200,33,,5,20,320,1,1f8e2f68-9fa0-4094-9656-369bd379e684,,3fcff776-4e7c-46f8-bae6-0be029b0f497
29d5276f-f59c-4abe-a3d6-a08a636b4b41,HUWA,2522,220,17,,5,20,320,1,1f8e2f68-9fa0-4094-9656-369bd379e684,,53c41813-7755-4975-9dc8-5131224b2c5a
b402a12a-9c78-40a4-95c5-3f449f7aa50c,JZDA,2522,305,33,,5,20,440,1,1f8e2f68-9fa0-4094-9656-369bd379e684,,3fcff776-4e7c-46f8-bae6-0be029b0f497
224c8cb3-096e-4af2-9b70-948f8466b6bf,UEJB,1499,112,17,,4,16,140,1,1f8e2f68-9fa0-4094-9656-369bd379e684,,238dab85-8856-452d-beec-e20ebae836d6
a1f073e8-7a77-436e-bf9c-87963224bc4f,IQDB,1596,105,17,,4,16,150,1,1f8e2f68-9fa0-4094-9656-369bd379e684,,238dab85-8856-452d-beec-e20ebae836d6
fb7ee318-e938-4cdc-9362-c557b4bf401a,HXDA,1596,115,17,,4,16,155,1,1f8e2f68-9fa0-4094-9656-369bd379e684,,238dab85-8856-452d-beec-e20ebae836d6
a8ba8399-26c2-4985-ab65-797c1bc49b07,PNBA,1596,125,17,,4,16,160,1,1f8e2f68-9fa0-4094-9656-369bd379e684,,
39167d17-816d-4b2d-9ed5-82ee5a460aa3,PNDA,1596,125,17,,4,16,159,0,1f8e2f68-9fa0-4094-9656-369bd379e684,,
bddf10f0-0767-4955-8e9f-8c3d05f219f7,SIDA,1596,115,17,,4,16,155,1,1f8e2f68-9fa0-4094-9656-369bd379e684,,
d32889fb-0466-487e-9688-f2a69977b0c2,XTDA,1596,85,17,,4,16,141,1,1f8e2f68-9fa0-4094-9656-369bd379e684,,
13ee6a8d-447f-4209-bde5-c3ddfff69992,SEA,2544,170,17,,6,24,220,2,1f8e2f68-9fa0-4094-9656-369bd379e684,,
e5a23548-9cb2-4e59-8f16-98ae8e8adca4,SGA,2495,205,17,,6,24,235,8,1f8e2f68-9fa0-4094-9656-369bd379e684,,
d0942089-c161-4ad3-8c8a-a6cd1eb9b3cb,LCBD,2495,170,17,,6,24,220,2,1f8e2f68-9fa0-4094-9656-369bd379e684,,
6f691bf4-366a-4726-8998-f353005f3802,REBA,2967,204,17,,6,24,263,8,1f8e2f68-9fa0-4094-9656-369bd379e684,,
8b9ec15f-c69b-4255-aa3d-8f679f996e5d,MEBA,2967,226,17,,6,24,280,2,1f8e2f68-9fa0-4094-9656-369bd379e684,,
9e314e34-7449-425d-82d1-ad4a480469eb,M1DA,998,125,33,,3,12,170,1,1f8e2f68-9fa0-4094-9656-369bd379e684,,238dab85-8856-452d-beec-e20ebae836d6
9c7c1c94-42f2-47fd-988f-4b3a35cf8e54,M2DA,998,100,33,,3,12,170,1,1f8e2f68-9fa0-4094-9656-369bd379e684,,238dab85-8856-452d-beec-e20ebae836d6
35e43c89-5fbf-4a32-b2ff-a1baf90569ed,M1JE,998,125,17,,3,12,170,1,1f8e2f68-9fa0-4094-9656-369bd379e684,,
3ec6fdcb-b502-4f0c-8ddd-d613d396e4bf,B3DA,999,100,17,,3,12,170,2,1f8e2f68-9fa0-4094-9656-369bd379e684,,238dab85-8856-452d-beec-e20ebae836d6
25be32cd-00d2-460a-bcd6-499e1c51fe5f,B7DA,999,125,17,,3,12,170,2,1f8e2f68-9fa0-4094-9656-369bd379e684,,238dab85-8856-452d-beec-e20ebae836d6
30520d65-5b3c-46ea-a6b8-cda65e8e8e47,B7JA,999,125,17,,3,12,170,2,1f8e2f68-9fa0-4094-9656-369bd379e684,,238dab85-8856-452d-beec-e20ebae836d6
758a592a-bcdc-4bf6-90f8-4783540dce9d,BZJA,999,155,17,,3,12,190,2,1f8e2f68-9fa0-4094-9656-369bd379e684,,238dab85-8856-452d-beec-e20ebae836d6
c2c549ca-9e5b-45aa-a39a-46b2eba58aa8,M0DC,999,155,17,,3,12,190,2,1f8e2f68-9fa0-4094-9656-369bd379e684,,238dab85-8856-452d-beec-e20ebae836d6
cd2cf8c3-71fe-47a0-8da2-31efae765ff7,R0DB,999,125,17,,3,12,170,2,1f8e2f68-9fa0-4094-9656-369bd379e684,,238dab85-8856-452d-beec-e20ebae836d6
369b090f-d784-416e-8ed5-86594aac5e7c,JQDA,1596,150,17,,4,16,240,1,1f8e2f68-9fa0-4094-9656-369bd379e684,,238dab85-8856-452d-beec-e20ebae836d6
7f6685b1-0568-4cb2-b449-301d59ab3c3b,JQMA,1596,150,17,,4,16,240,1,1f8e2f68-9fa0-4094-9656-369bd379e684,,
1b9429a0-5b0b-46ca-9794-aac62e0ab974,JTBA,1596,160,17,,4,16,240,1,1f8e2f68-9fa0-4094-9656-369bd379e684,,238dab85-8856-452d-beec-e20ebae836d6
eb9c4190-204e-4fef-9cff-1ccb76b72a11,JTMA,1596,182,17,,4,16,240,1,1f8e2f68-9fa0-4094-9656-369bd379e684,,238dab85-8856-452d-beec-e20ebae836d6
375df748-52b3-4a58-a655-96b61c4f1ee8,M8DA,1498,150,33,,4,16,240,1,1f8e2f68-9fa0-4094-9656-369bd379e684,,238dab85-8856-452d-beec-e20ebae836d6
f0477f1e-c249-40ad-9f8a-c568911b6ad6,M8MA,1498,150,17,,4,16,240,1,1f8e2f68-9fa0-4094-9656-369bd379e684,,
fd94d505-ba75-4ddd-baf0-161a9d87dbfe,M9DA,1498,182,17,,4,16,240,1,1f8e2f68-9fa0-4094-9656-369bd379e684,,
7568eb0e-ff97-4248-9559-7544e1e6522f,M9MA,1498,182,33,,4,16,240,1,1f8e2f68-9fa0-4094-9656-369bd379e684,,238dab85-8856-452d-beec-e20ebae836d6
c4279b33-4e42-4146-9cc2-627bb6f33eb7,TNBB,1999,200,17,,4,16,300,2,1f8e2f68-9fa0-4094-9656-369bd379e684,,238dab85-8856-452d-beec-e20ebae836d6
fa14d5f5-a6ad-4e87-b409-4e2cc99788cf,TNWA,1999,203,17,,4,16,300,2,1f8e2f68-9fa0-4094-9656-369bd379e684,,238dab85-8856-452d-beec-e20ebae836d6
e7256171-0a27-4e15-ab33-c40da35bbe09,TPBA,1999,240,17,,4,16,340,2,1f8e2f68-9fa0-4094-9656-369bd379e684,,238dab85-8856-452d-beec-e20ebae836d6
5ae61830-684d-4eb1-b93b-d3ada085a9c9,TPWA,1999,240,17,,4,16,340,2,1f8e2f68-9fa0-4094-9656-369bd379e684,,238dab85-8856-452d-beec-e20ebae836d6
f6e4f5c6-8b42-4e96-9820-50ed614c0d5a,TNCC,1999,199,17,,4,16,345,2,1f8e2f68-9fa0-4094-9656-369bd379e684,,238dab85-8856-452d-beec-e20ebae836d6
12743afe-3566-473d-b28c-c63cd3c7b777,R9CB,1999,240,17,,4,16,345,2,1f8e2f68-9fa0-4094-9656-369bd379e684,,238dab85-8856-452d-beec-e20ebae836d6
ab57262b-0fa0-4536-a1b5-5e4c9d2baffb,R9CD,1999,240,17,,4,16,345,2,1f8e2f68-9fa0-4094-9656-369bd379e684,,238dab85-8856-452d-beec-e20ebae836d6
ec672bb3-ddb8-4d2e-9fef-0f54dfadc6ac,R9DA,1999,249,17,,4,16,360,2,1f8e2f68-9fa0-4094-9656-369bd379e684,,238dab85-8856-452d-beec-e20ebae836d6
19285229-1857-4d40-bab8-1a3ea7aaa2ef,R9MA,1999,242,17,,4,16,394,2,1f8e2f68-9fa0-4094-9656-369bd379e684,,238dab85-8856-452d-beec-e20ebae836d6
ce7f79c3-4988-4c3f-925d-8a3ac4460a4f,N38H,2264,310,17,,4,16,430,2,1f8e2f68-9fa0-4094-9656-369bd379e684,,238dab85-8856-452d-beec-e20ebae836d6
503d1858-33a1-4f24-afab-62795ea3955e,YVDA,2264,350,17,,4,16,440,2,1f8e2f68-9fa0-4094-9656-369bd379e684,,238dab85-8856-452d-beec-e20ebae836d6
89b81496-73ea-4b57-bfa5-952297e1c961,R9MC,1999,230,17,,4,16,366,2,1f8e2f68-9fa0-4094-9656-369bd379e684,,238dab85-8856-452d-beec-e20ebae836d6
980073e3-0853-4021-a0ee-29286ed99bfc,N3DA,2264,280,17,,4,16,420,2,1f8e2f68-9fa0-4094-9656-369bd379e684,,238dab85-8856-452d-beec-e20ebae836d6
b9a889ad-174d-4bcf-9f47-b0617c616790,JJA,1299,50,17,,4,8,84,2,1f8e2f68-9fa0-4094-9656-369bd379e684,,
e77b93f8-b04f-47b1-ba62-2b1d26c4812a,J4D,1299,60,17,,4,8,105,2,1f8e2f68-9fa0-4094-9656-369bd379e684,,
80859fcc-ba21-4402-ba59-3996d59b5115,ZVSA,1998,115,17,,4,8,170,2,1f8e2f68-9fa0-4094-9656-369bd379e684,,
14b50a81-b89f-43e9-94a9-e7213884b1c1,E5SA,2295,145,17,,4,16,203,2,1f8e2f68-9fa0-4094-9656-369bd379e684,,
6a4fc113-b467-4a70-8269-d539ef354180,F8CE,1988,111,17,,4,8,169,1,1f8e2f68-9fa0-4094-9656-369bd379e684,,
e74794d5-4df7-40a2-bebf-a5259be6f54d,YS4E,1988,111,17,,4,8,169,1,1f8e2f68-9fa0-4094-9656-369bd379e684,,
e324e297-e8e4-4b6a-80a0-82655635985b,L1E,1597,90,17,,4,16,134,1,1f8e2f68-9fa0-4094-9656-369bd379e684,,
25cf1b34-80de-44ba-98dc-919b18be54e5,L1N,1597,95,17,,4,16,142,1,1f8e2f68-9fa0-4094-9656-369bd379e684,,
457fef9f-a204-4f03-8a13-39b7e87e2a49,RKB,1796,112,17,,4,16,158,1,1f8e2f68-9fa0-4094-9656-369bd379e684,,
c3d883f7-3738-41e9-a493-c47439602824,EYDB,1796,115,17,,4,16,160,1,1f8e2f68-9fa0-4094-9656-369bd379e684,,
83d7cde8-0db1-4146-9c71-c41d8806006e,EYDC,1796,115,17,,4,16,160,1,1f8e2f68-9fa0-4094-9656-369bd379e684,,
38dfe599-1f6c-44b5-b471-8bf826c79f31,NGA,1988,131,17,,4,16,176,1,1f8e2f68-9fa0-4094-9656-369bd379e684,,
a7fc6413-ce63-48e6-b8cf-cd4dc215df7f,EDDB,1988,131,17,,4,16,178,1,1f8e2f68-9fa0-4094-9656-369bd379e684,,
c8e87426-3a4f-4815-9c97-8980c35e9a4e,EDDC,1988,131,17,,4,16,178,1,1f8e2f68-9fa0-4094-9656-369bd379e684,,
d7f9cb40-bf65-4b50-abe0-5511a53336ab,FUJA,1242,70,17,,4,16,110,1,1f8e2f68-9fa0-4094-9656-369bd379e684,,
abc2e286-40f5-48fb-a76a-ea9fdcd97205,FXJA,1388,80,17,,4,16,124,1,1f8e2f68-9fa0-4094-9656-369bd379e684,,
24f06106-da6f-4c76-a580-dcad7b980cc9,FYDA,1596,100,17,,4,16,145,1,1f8e2f68-9fa0-4094-9656-369bd379e684,,
d3b6ba9d-0968-46e6-bc3d-5507207e7a0d,LY2,4806,260,17,,8,16,400,2,,44fa372b-95e2-4601-866e-b86f3e126203,
c3449f03-976e-4fc0-8a66-c4f40effd345,MHA,1679,125,17,,4,16,157,1,1f8e2f68-9fa0-4094-9656-369bd379e684,,7aa19156-b1c5-48f5-873f-0cc1e3ee8d1f
2ef02be7-9846-4d84-b449-5df189fa71d3,A9JA,1299,70,17,,4,8,106,2,1f8e2f68-9fa0-4094-9656-369bd379e684,,
88ebe9a5-4dd2-43e9-88fc-9b92f604733f,CDDA,1597,98,17,,4,8,140,2,1f8e2f68-9fa0-4094-9656-369bd379e684,,
68f786ad-4ad2-4a6a-8d3e-f14ed282c965,F6JA,1399,68,18,,4,8,160,1,1f8e2f68-9fa0-4094-9656-369bd379e684,,
ff121ca4-fdd7-46ef-882c-b25f5a7d91dd,UGJC,1499,75,34,,4,8,185,1,1f8e2f68-9fa0-4094-9656-369bd379e684,,
12d0cc68-81c1-418e-99b9-b0beb0cf64a5,GPDA,1560,90,34,,4,16,215,3,1f8e2f68-9fa0-4094-9656-369bd379e684,,
85facac6-aab0-476e-a979-38e2abb6911e,G8DA,1560,109,18,,4,16,240,3,1f8e2f68-9fa0-4094-9656-369bd379e684,,
04e12b40-6280-452e-9630-7fefc7f942a9,HCPA,1753,90,34,,4,8,227,3,1f8e2f68-9fa0-4094-9656-369bd379e684,,
9b7f9c1b-6dab-4d77-be49-9a24334f312a,FFDA,1753,100,34,,4,8,240,3,1f8e2f68-9fa0-4094-9656-369bd379e684,,
375314ee-afb4-491c-81b2-e6c4bb297c8d,KKDA,1753,115,18,,4,8,280,3,1f8e2f68-9fa0-4094-9656-369bd379e684,,
3602e4bc-0098-45cc-b00b-485a7289fa56,QYWA,1753,125,18,,4,8,320,3,1f8e2f68-9fa0-4094-9656-369bd379e684,,
d8edf96f-82cf-4966-8999-43d4ab06edf7,D3FA,1998,75,34,,4,16,185,8,1f8e2f68-9fa0-4094-9656-369bd379e684,,
2ff4ff2d-abf4-4584-95b1-36bc121cfed1,D5BA,1998,90,34,,4,16,245,8,1f8e2f68-9fa0-4094-9656-369bd379e684,,
1cc8cb11-c6f8-4fb1-b9a5-b9bff60a0c40,D6BA,1998,115,34,,4,16,280,2,1f8e2f68-9fa0-4094-9656-369bd379e684,,
955e6a6d-c93f-4b58-8aa6-bd0ea1447b4e,FXFA,2402,115,34,,4,16,185,8,1f8e2f68-9fa0-4094-9656-369bd379e684,,
c6ab74ee-0ca0-4a37-8480-8121b2fcf4d6,QXWA,1997,140,18,,4,16,320,3,1f8e2f68-9fa0-4094-9656-369bd379e684,,
ee4f7f5e-091b-4ced-8aee-f0c71140e391,TXDA,1997,163,18,,4,16,340,3,1f8e2f68-9fa0-4094-9656-369bd379e684,,
5a44fbd0-b640-49a3-ace4-2f8aaa59c2c2,Q4BA,2179,175,18,,4,16,400,3,1f8e2f68-9fa0-4094-9656-369bd379e684,,
7adb82a5-a3df-4f29-b57f-45f155a2e53e,KNWA,2179,200,34,,4,16,420,3,1f8e2f68-9fa0-4094-9656-369bd379e684,,
03527204-d10d-4a81-b26a-285b050dce49,FMBA,1998,130,34,,4,16,330,2,1f8e2f68-9fa0-4094-9656-369bd379e684,,
7d5fcfa1-b5a7-4e15-8e89-69eac6351b96,QJBB,2198,155,34,,4,16,360,2,1f8e2f68-9fa0-4094-9656-369bd379e684,,
7b9ba46c-c8e7-4016-8bf7-1a5c931de63c,JXFA,2402,115,34,,4,16,310,2,1f8e2f68-9fa0-4094-9656-369bd379e684,,
6dcb62bf-855d-4d9a-ae6e-0ed2286b93b9,Z2DA,1499,95,18,,4,16,250,3,1f8e2f68-9fa0-4094-9656-369bd379e684,,
9c4e9e16-8a89-4109-94f3-0867e409f9b7,Z2GA,1499,100,18,,4,16,240,3,1f8e2f68-9fa0-4094-9656-369bd379e684,,
e93558ab-303d-4119-9fc6-9b489842cb8e,Z2JA,1499,100,18,,4,16,215,3,1f8e2f68-9fa0-4094-9656-369bd379e684,,
7268e60c-9e7f-43d8-9cc4-7c12348120d0,Y9DA,1499,115,18,,4,16,250,3,1f8e2f68-9fa0-4094-9656-369bd379e684,,
80165271-69c1-432f-be64-ac6acfaf9533,ZTDA,1499,120,18,,4,16,300,3,1f8e2f68-9fa0-4094-9656-369bd379e684,,
a54fdb19-4381-4f43-84cb-df14cd55ee1f,ZTGA,1499,120,18,,4,16,270,3,1f8e2f68-9fa0-4094-9656-369bd379e684,,
84fc3321-4c8a-419b-a893-51c22698adf5,ZTJA,1499,125,18,,4,16,300,3,1f8e2f68-9fa0-4094-9656-369bd379e684,,
699478aa-24dc-4072-9d4f-b04f4ae38176,BCCD,1996,120,18,,4,16,340,1,1f8e2f68-9fa0-4094-9656-369bd379e684,,
ac22bc01-435e-4098-8651-12f395c646c4,YNCA,1996,120,18,,4,16,340,1,1f8e2f68-9fa0-4094-9656-369bd379e684,,
06f08348-5416-4dad-93dd-cae10d2ef5b0,YLCC,1996,150,18,,4,16,370,1,1f8e2f68-9fa0-4094-9656-369bd379e684,,
41900a20-69ec-4f3d-ae8f-862aa452fe0c,YLDA,1996,150,18,,4,16,370,1,1f8e2f68-9fa0-4094-9656-369bd379e684,,
c2ab2e8d-a9b2-46f1-a58b-099f4e74dfc3,YLDC,1996,150,18,,4,16,370,1,1f8e2f68-9fa0-4094-9656-369bd379e684,,
4e22130a-c8bf-4bdb-b04f-37c7c7e4d717,YMCA,1996,150,18,,4,16,370,1,1f8e2f68-9fa0-4094-9656-369bd379e684,,
489bc12d-ca74-4c96-b075-7807f6729622,YMCB,1996,150,18,,4,16,370,1,1f8e2f68-9fa0-4094-9656-369bd379e684,,
39e67f5f-5642-4595-b9ed-5e04f091610b,BCCA,1996,190,18,,4,16,400,1,1f8e2f68-9fa0-4094-9656-369bd379e684,,
12c8195b-f420-43e2-bf0b-56d7ef22acc8,BCCC,1996,190,18,,4,16,400,1,1f8e2f68-9fa0-4094-9656-369bd379e684,,
97e9f52b-c396-44c4-9e54-9772a94dc71f,BCDA,1996,190,18,,4,16,400,1,1f8e2f68-9fa0-4094-9656-369bd379e684,,
80ddc9bd-0f15-4155-9c53-c030ec60ea07,YMCC,1996,190,18,,4,16,400,1,1f8e2f68-9fa0-4094-9656-369bd379e684,,
f8a592ac-0b8b-4154-8818-8e8f4066e93c,YMDA,1996,190,18,,4,16,400,1,1f8e2f68-9fa0-4094-9656-369bd379e684,,
5a3380c4-4838-4d54-9736-4f28ee8c859b,YLCA,1996,238,18,,4,16,500,1,1f8e2f68-9fa0-4094-9656-369bd379e684,,
2e68c7e7-1c14-42c0-9697-55a5f17db336,YLCB,1996,240,18,,4,16,500,1,1f8e2f68-9fa0-4094-9656-369bd379e684,,
b0bf9b82-2a5d-4691-947c-ce3bfee71539,RTK,1753,60,18,,4,8,105,1,1f8e2f68-9fa0-4094-9656-369bd379e684,,
ebb746e5-e285-4701-8bcb-7fd39628cdff,RVA,1753,70,34,,4,8,135,1,1f8e2f68-9fa0-4094-9656-369bd379e684,,
9de3b99b-1a6d-4930-a8bb-91774f7af7e7,RFA,1753,75,18,,4,8,152,1,1f8e2f68-9fa0-4094-9656-369bd379e684,,
fa2cadbc-615e-4803-8c43-cfcc327c570c,RFN,1753,90,34,,4,8,178,1,1f8e2f68-9fa0-4094-9656-369bd379e684,,
2aec0e66-e203-45fd-892b-504ee7306289,RTP,1753,75,34,,4,8,140,3,1f8e2f68-9fa0-4094-9656-369bd379e684,,
4f42dbce-e3ac-4575-ba52-2483129afc80,BHDA,1753,75,34,,4,8,175,3,1f8e2f68-9fa0-4094-9656-369bd379e684,,
b9f939e7-7cac-49b7-a928-898b40c2895b,C9DA,1753,90,34,,4,8,200,3,1f8e2f68-9fa0-4094-9656-369bd379e684,,
47a7f497-1227-4b01-b47b-073d51939985,Cyclone,3496,260,17,,6,24,335,0,1f8e2f68-9fa0-4094-9656-369bd379e684,,
df846a55-e312-4c94-932a-78d64871520a,Cyclone,3726,265,17,,6,24,360,0,1f8e2f68-9fa0-4094-9656-369bd379e684,,
785a7a7c-6857-44d0-829e-dfd1083690a8,Cyclone,3496,280,17,,6,24,340,0,1f8e2f68-9fa0-4094-9656-369bd379e684,,
fa2e16cc-cfc5-46da-939a-ebf86ab74627,Cyclone,3726,300,17,,6,24,370,0,1f8e2f68-9fa0-4094-9656-369bd379e684,,
8148cda0-25e4-4775-94f7-ae4a064e1b1b,Cyclone,3339,285,17,,6,24,350,0,1f8e2f68-9fa0-4094-9656-369bd379e684,,
e92e68d5-4fb6-40f8-b98c-be4fbb91c8b8,Cyclone,3496,355,17,,6,24,475,0,1f8e2f68-9fa0-4094-9656-369bd379e684,,
2c1355ce-65ea-4dcc-90e3-3984bfb4c7de,Cyclone,3496,375,17,,6,24,635,0,1f8e2f68-9fa0-4094-9656-369bd379e684,,
e6fd9068-76c5-4ba3-b9fb-f5e42a9ab787,Modular,4601,190,17,,8,16,353,0,1f8e2f68-9fa0-4094-9656-369bd379e684,,
9d4260cc-8bd7-4c30-ab1a-742dbbbd7971,Modular,4601,290,17,,8,24,427,0,1f8e2f68-9fa0-4094-9656-369bd379e684,,
662f384c-919a-4aa5-9db0-b297d734874e,Modular,4601,280,17,,8,32,359,0,1f8e2f68-9fa0-4094-9656-369bd379e684,,
536bac87-3b98-4847-8831-e1c01f6797fd,Modular,5409,230,17,,8,16,440,0,1f8e2f68-9fa0-4094-9656-369bd379e684,,
324c5a3d-38ea-4416-852c-5c7b7112512b,Modular,5409,300,17,,8,32,481,0,1f8e2f68-9fa0-4094-9656-369bd379e684,,
0d680eca-4e76-4452-ac0d-1a475b9d1ffc,Modular,4951,360,17,,8,32,515,0,1f8e2f68-9fa0-4094-9656-369bd379e684,,
aab75d5c-ad37-4fb1-be9f-815f03662630,Modular,5035,395,17,,8,32,542,0,1f8e2f68-9fa0-4094-9656-369bd379e684,,
7369c1bd-f462-4f19-ae41-ed6d34ef9a03,Nano,2694,315,17,,6,24,475,0,1f8e2f68-9fa0-4094-9656-369bd379e684,,
4ea730d3-61f3-461e-bedf-3dc91fc82e6f,Nano,2956,350,17,,6,24,515,0,1f8e2f68-9fa0-4094-9656-369bd379e684,,
0bc0497e-1799-42b2-8a87-1c5d01c3982c,3B15J1,1493,163,33,,3,12,235,2,d6c62057-8f7c-4f41-8b3c-33e12f53cb09,,
153f8d2d-5c4e-4e85-a970-c714b2ad04a8,4A15J1,1495,169,17,,4,16,265,2,d6c62057-8f7c-4f41-8b3c-33e12f53cb09,,
a92ef5dd-cd8d-4e37-a85a-0c1c60cab2ce,4A15J2,1497,170,33,,4,16,250,2,d6c62057-8f7c-4f41-8b3c-33e12f53cb09,,
fa5825d9-9a04-4759-839c-18ceee0431b5,4B20J1,1991,231,17,,4,16,380,2,d6c62057-8f7c-4f41-8b3c-33e12f53cb09,,
a95e26ac-8e62-43a4-bf9d-fe72c186da6a,4A15K1,1495,114,17,,4,16,150,2,d6c62057-8f7c-4f41-8b3c-33e12f53cb09,,
541c17c9-c4d9-4d4f-b33b-a6bb4c1fe08b,4B16K1,1598,122,17,,4,16,153,1,d6c62057-8f7c-4f41-8b3c-33e12f53cb09,,
afeb167f-29a7-4ada-add7-1a390b2b66b1,4B20K2,1969,147,17,,4,16,183,1,d6c62057-8f7c-4f41-8b3c-33e12f53cb09,,
0aae2659-a313-41a9-9aeb-cece23e415a9,4A13M1,1325,137,17,,4,16,202,2,d6c62057-8f7c-4f41-8b3c-33e12f53cb09,,
427bf62b-c4d5-43fb-b1c7-887c049c71b6,4A15M1,1495,137,17,,4,16,215,2,d6c62057-8f7c-4f41-8b3c-33e12f53cb09,,
7ccbff7e-4194-4a7f-80f7-991200d7abc6,4B18M1,1751,177,17,,4,16,237,1,d6c62057-8f7c-4f41-8b3c-33e12f53cb09,,
d15f0735-977d-4c99-9161-56647fa22114,4B18M2,1796,188,17,,4,16,280,2,d6c62057-8f7c-4f41-8b3c-33e12f53cb09,,
e8990069-c87e-44b7-972d-94105db7079c,4B20M1,1991,190,17,,4,16,300,2,d6c62057-8f7c-4f41-8b3c-33e12f53cb09,,
bbe18b81-794e-4330-9c43-a5db65a8679a,G21A,2499,150,18,,4,16,330,1,201fa3c4-519d-4a7f-833a-60534cb730f7,,
24c7f616-42b2-4cfc-a1bc-4cd488297545,G21B,2499,150,18,,4,16,420,1,201fa3c4-519d-4a7f-833a-60534cb730f7,,
2e275a37-f127-49d4-8d4c-e3160c692138,G31A,2449,150,18,,4,16,330,1,201fa3c4-519d-4a7f-833a-60534cb730f7,,
0c19e7a7-5101-42a0-9546-fe2e358f4c0f,G31C,2499,150,18,,4,16,420,1,201fa3c4-519d-4a7f-833a-60534cb730f7,,
95ea19ad-741b-403b-a024-27678fd30d63,G51C,2499,150,18,,4,16,420,1,201fa3c4-519d-4a7f-833a-60534cb730f7,,
b154ba7b-2614-417f-b868-19512ba6e2cc,BHE15-AFD,1499,122,17,,4,16,152,2,4a358b56-ee14-4a12-a2b7-dddd7d9ecf63,,a33c74e0-e6fc-4b0c-b189-5e342a9bcb1a
a07eacc5-ee6c-4654-9203-e997553cba86,BHE15-AFZ,1499,147,33,,4,16,270,2,4a358b56-ee14-4a12-a2b7-dddd7d9ecf63,,a33c74e0-e6fc-4b0c-b189-5e342a9bcb1a
e3cd1d95-6612-4d23-a00a-9c8e03669459,BHE15-EFZ,1499,147,33,,4,16,270,2,4a358b56-ee14-4a12-a2b7-dddd7d9ecf63,,a33c74e0-e6fc-4b0c-b189-5e342a9bcb1a
ebe21c96-92ca-4174-94db-0d3aa78557c0,BHE15-BFD,1499,118,17,,4,16,148,2,4a358b56-ee14-4a12-a2b7-dddd7d9ecf63,,a33c74e0-e6fc-4b0c-b189-5e342a9bcb1a
46384200-ada9-4d0d-b477-63eee18302df,BHE15-BFN,1499,99,17,,4,16,125,2,4a358b56-ee14-4a12-a2b7-dddd7d9ecf63,,a33c74e0-e6fc-4b0c-b189-5e342a9bcb1a
d9ede117-f16c-4e57-bbdb-bfbf5d0fbc7a,BHE15-BFZ,1499,161,33,,4,16,255,2,4a358b56-ee14-4a12-a2b7-dddd7d9ecf63,,a33c74e0-e6fc-4b0c-b189-5e342a9bcb1a
62856b52-6b02-4c79-b533-ac8f1b5c1656,BHE15-CFZ,1499,163,33,,4,16,255,2,4a358b56-ee14-4a12-a2b7-dddd7d9ecf63,,a33c74e0-e6fc-4b0c-b189-5e342a9bcb1a
828ecfaa-2187-416f-a752-f78cbf912587,HR12,1199,130,33,,3,12,230,2,4a358b56-ee14-4a12-a2b7-dddd7d9ecf63,,
9b1ce2e2-fc18-4dec-ad75-fc55fb143c19,HR16,1598,91,17,,4,16,144,2,4a358b56-ee14-4a12-a2b7-dddd7d9ecf63,,
44556943-b384-484e-a642-6eef52d8efca,HR18,1793,109,17,,4,16,172,2,4a358b56-ee14-4a12-a2b7-dddd7d9ecf63,,
cfdfd13c-d6b5-4c81-880c-b40cb1e502cb,DHE15-ESZ,1480,143,33,,4,12,215,1,4a358b56-ee14-4a12-a2b7-dddd7d9ecf63,,a33c74e0-e6fc-4b0c-b189-5e342a9bcb1a
5b622a81-ea10-4ed2-8a2d-4c51ddbb8527,DHE20-ESZ,1969,254,33,,4,16,350,1,4a358b56-ee14-4a12-a2b7-dddd7d9ecf63,,a33c74e0-e6fc-4b0c-b189-5e342a9bcb1a
32edbcdc-e8d0-4160-8e95-93e7209a169f,JLC-4G15,1498,103,17,,4,16,138,2,4a358b56-ee14-4a12-a2b7-dddd7d9ecf63,,a33c74e0-e6fc-4b0c-b189-5e342a9bcb1a
c9ebd28e-c0c9-466c-8879-cf30a1ea09ac,JLY-4G15,1498,98,17,,4,16,126,2,4a358b56-ee14-4a12-a2b7-dddd7d9ecf63,,64915905-547e-42d9-a105-e84112ae5860
0d905a0d-9594-4169-b219-d28b7624f888,JLC-4G18,1799,131,17,,4,16,170,2,4a358b56-ee14-4a12-a2b7-dddd7d9ecf63,,a33c74e0-e6fc-4b0c-b189-5e342a9bcb1a
56ce681b-d970-4e37-bfc0-592ff4490efe,JLY-4G18,1792,125,17,,4,16,162,2,4a358b56-ee14-4a12-a2b7-dddd7d9ecf63,,64915905-547e-42d9-a105-e84112ae5860
e1b4e56a-da91-4639-bade-55765a686ea1,JLD-4G20,1997,136,17,,4,16,178,2,4a358b56-ee14-4a12-a2b7-dddd7d9ecf63,,64915905-547e-42d9-a105-e84112ae5860
a0a55424-3493-4a90-8303-a39d33479d97,4G63S4T,1997,150,17,,4,16,250,1,4378bd7f-cb59-4336-a316-f3086b6c965a,,
016d6ead-ce8f-44ca-8bc5-6787e5edf19f,JLD-4G24,2378,148,17,,4,16,210,2,4a358b56-ee14-4a12-a2b7-dddd7d9ecf63,,64915905-547e-42d9-a105-e84112ae5860
8af869e5-814a-4c4d-8fff-bdaf36e966b5,JLE-4G18TD,1799,163,33,,4,16,250,2,4a358b56-ee14-4a12-a2b7-dddd7d9ecf63,,6802fa83-4ef2-4a6f-b364-f92ad68f0f2d
d8e38a73-3b45-4883-8241-0641b0c4e136,JLE-4G18TDB,1799,184,33,,4,16,285,2,4a358b56-ee14-4a12-a2b7-dddd7d9ecf63,,6802fa83-4ef2-4a6f-b364-f92ad68f0f2d
78a0ebde-d39d-4eae-9d93-732ae46e023d,JLE-4G18TDC,1799,181,33,,4,16,300,2,4a358b56-ee14-4a12-a2b7-dddd7d9ecf63,,6802fa83-4ef2-4a6f-b364-f92ad68f0f2d
d0c6c94c-576b-438d-8d9f-2d252c276e9a,JLH-3G15TD,1477,150,17,,3,12,255,1,4a358b56-ee14-4a12-a2b7-dddd7d9ecf63,,a33c74e0-e6fc-4b0c-b189-5e342a9bcb1a
792bf823-1878-4e13-b348-b00d2ad164ed,JLH-4G20TD,1969,190,17,,4,16,300,1,4a358b56-ee14-4a12-a2b7-dddd7d9ecf63,,
e60af087-f5d0-451a-bbdb-762daa85bca4,JLH-4G20TDB,1969,238,17,,4,16,350,1,4a358b56-ee14-4a12-a2b7-dddd7d9ecf63,,
66db0f81-dffb-4535-a701-48718357a5e6,JLH-4G20TDC,1969,254,17,,4,16,350,1,4a358b56-ee14-4a12-a2b7-dddd7d9ecf63,,a33c74e0-e6fc-4b0c-b189-5e342a9bcb1a
c0eca60c-e347-4dbe-b5d2-bfdece18ba4d,JLH-4G20TDG,1969,200,17,,4,16,325,1,4a358b56-ee14-4a12-a2b7-dddd7d9ecf63,,a33c74e0-e6fc-4b0c-b189-5e342a9bcb1a
17999527-ed3b-4759-90dd-bbd38a3d5031,JLH-4G20TDJ,1969,218,17,,4,16,325,1,4a358b56-ee14-4a12-a2b7-dddd7d9ecf63,,
87bb15c4-5efd-443a-875e-797258c733e1,MR479Q,1342,84,17,,4,16,110,1,4a358b56-ee14-4a12-a2b7-dddd7d9ecf63,,
debee955-f584-4de3-894a-0bc4f76b64ab,MR479QA,1498,94,17,,4,16,128,1,4a358b56-ee14-4a12-a2b7-dddd7d9ecf63,,
df10b7be-0afd-4084-b080-a17d0e373783,LLV,2921,185,17,,4,16,258,2,,44fa372b-95e2-4601-866e-b86f3e126203,
5d9ffc2a-fc6d-49ef-9267-18fc8126b2dd,LLR,3653,242,17,,5,20,328,2,,44fa372b-95e2-4601-866e-b86f3e126203,
33be3d4e-6c6c-468b-bb8f-56b3ef2c0bff,LL8,4157,270,17,,6,24,373,2,,44fa372b-95e2-4601-866e-b86f3e126203,
f2152e3f-674b-4c69-8bdc-7cb21765991c,L32,3791,260,17,,6,12,380,2,,44fa372b-95e2-4601-866e-b86f3e126203,
0bc10ca4-341d-4e05-8b22-3bc444ff4bf0,L36,3791,195,17,,6,12,312,2,,44fa372b-95e2-4601-866e-b86f3e126203,
addd13ef-161c-424d-a780-a504d84735c9,L67,3791,205,17,,6,12,353,2,,44fa372b-95e2-4601-866e-b86f3e126203,
675e986d-f97f-46d2-9a2f-722179c87047,L67,3791,240,17,,6,12,380,2,,44fa372b-95e2-4601-866e-b86f3e126203,
4bc7141d-1e33-411d-8aca-562bcb5798a5,LG8,3135,170,17,,6,12,258,2,,44fa372b-95e2-4601-866e-b86f3e126203,
03e36bec-67ad-471d-9915-3933bb117f43,LA1,3350,170,17,,6,12,270,2,,44fa372b-95e2-4601-866e-b86f3e126203,
ab62cb65-1376-4397-8f17-c2175d94bad3,LNJ,3350,185,17,,6,12,285,2,,44fa372b-95e2-4601-866e-b86f3e126203,
d6808d0a-d941-4b74-ba9f-1829415ce785,LSJ,1998,205,17,,4,16,271,2,,44fa372b-95e2-4601-866e-b86f3e126203,
228f4624-130d-4287-aaca-c271e278bc31,L61,2198,135,17,,4,16,190,2,,44fa372b-95e2-4601-866e-b86f3e126203,
1f17f4f0-68f8-4eda-8244-95cb23e8590c,LDK,1998,217,17,,4,16,350,2,,44fa372b-95e2-4601-866e-b86f3e126203,8ff0d8c0-c22d-4483-881e-c1c169acdfcb
a9165923-127f-4aa5-8e31-132eef08a096,LHU,1998,220,17,,4,16,350,2,,44fa372b-95e2-4601-866e-b86f3e126203,8ff0d8c0-c22d-4483-881e-c1c169acdfcb
6e5b01f4-4bb8-4d7b-936b-f1080fc2f38e,LNF,1998,260,17,,4,16,353,2,,44fa372b-95e2-4601-866e-b86f3e126203,8ff0d8c0-c22d-4483-881e-c1c169acdfcb
8656ef76-7664-4c9b-8c15-7f7588174926,LAF,2384,174,17,,4,16,233,2,,44fa372b-95e2-4601-866e-b86f3e126203,b0b62a78-42bb-4f11-8373-9b96602d398e
7dfbacff-4886-4693-980b-8cb325e04673,LEA,2384,174,17,,4,16,233,2,,44fa372b-95e2-4601-866e-b86f3e126203,b0b62a78-42bb-4f11-8373-9b96602d398e
92aee6ee-7ba9-4368-9d34-8e8820c48a64,LE5,2384,165,17,,4,16,215,2,,44fa372b-95e2-4601-866e-b86f3e126203,b0b62a78-42bb-4f11-8373-9b96602d398e
47459fcc-31ad-4bdf-8689-eef612cf68c5,LE9,2384,165,17,,4,16,225,2,,44fa372b-95e2-4601-866e-b86f3e126203,b0b62a78-42bb-4f11-8373-9b96602d398e
5f6695e5-8382-4f7e-a7bd-1db416ff2f8d,LSY,1998,230,17,,4,16,350,2,,44fa372b-95e2-4601-866e-b86f3e126203,8ff0d8c0-c22d-4483-881e-c1c169acdfcb
9af7b02d-6d42-4ba2-b9fb-867c57941f14,LTG,1998,230,17,,4,16,350,2,,44fa372b-95e2-4601-866e-b86f3e126203,8ff0d8c0-c22d-4483-881e-c1c169acdfcb
ac04672a-1fc2-4f04-b9c9-85df304a3ca1,LCV,2457,195,17,,4,16,250,2,,44fa372b-95e2-4601-866e-b86f3e126203,b0b62a78-42bb-4f11-8373-9b96602d398e
a21a538c-ae17-4e64-8a20-1e1de8ecec59,LKW,2457,196,17,,4,16,252,2,,44fa372b-95e2-4601-866e-b86f3e126203,b0b62a78-42bb-4f11-8373-9b96602d398e
2e83c32b-8290-48ff-a1bf-e82def40a548,LIH,1193,137,33,,3,12,219,1,,44fa372b-95e2-4601-866e-b86f3e126203,8ff0d8c0-c22d-4483-881e-c1c169acdfcb
ddc37961-4b14-459d-9289-f220a5c34593,L4H,1199,132,33,,3,12,190,1,,44fa372b-95e2-4601-866e-b86f3e126203,8ff0d8c0-c22d-4483-881e-c1c169acdfcb
b81ce94d-d55f-49c7-99a3-8e258513de5d,L3T,1338,156,33,,3,12,230,2,,44fa372b-95e2-4601-866e-b86f3e126203,8ff0d8c0-c22d-4483-881e-c1c169acdfcb
4e9a625f-95db-4d4f-b05d-b1b6a3d93fb3,Z10XE,973,58,17,,3,12,85,2,,44fa372b-95e2-4601-866e-b86f3e126203,
7ee3a11f-b6bc-4f15-8771-4dd4728b455b,Z12XE,1199,75,17,,4,16,110,2,,44fa372b-95e2-4601-866e-b86f3e126203,
be611dfc-68ec-47b3-a839-f0c548c7394e,Z10XEP,998,60,17,,3,12,88,2,,44fa372b-95e2-4601-866e-b86f3e126203,
0a0b6e46-09cc-4b8b-acd3-e4188c09c9e0,Z12XEP,1229,80,17,,4,16,110,2,,44fa372b-95e2-4601-866e-b86f3e126203,
3d32eb8f-0b9c-4d9b-9f94-56c8d4506131,Z14XEP,1364,90,17,,4,16,125,2,,44fa372b-95e2-4601-866e-b86f3e126203,
c47282ad-470a-474f-a288-d2ed1b67bcdc,A12XER,1229,85,17,,4,16,115,2,,44fa372b-95e2-4601-866e-b86f3e126203,
27a6c0c2-fd23-4cea-ae58-90f5a03b7f00,A14XER,1398,100,17,,4,16,130,2,,44fa372b-95e2-4601-866e-b86f3e126203,8ff0d8c0-c22d-4483-881e-c1c169acdfcb
bdd641ad-2a7b-4685-999a-1d3d17301054,A14NET,1364,140,17,,4,16,200,0,,44fa372b-95e2-4601-866e-b86f3e126203,
c28d694a-af58-4b9b-ba41-624a851e91f3,LUV,1364,138,17,,4,16,200,2,,44fa372b-95e2-4601-866e-b86f3e126203,8ff0d8c0-c22d-4483-881e-c1c169acdfcb
d7ef925d-ecd7-4acb-84f8-d278c57f5c5e,L3B,2727,310,17,,6,24,472,2,,44fa372b-95e2-4601-866e-b86f3e126203,b0b62a78-42bb-4f11-8373-9b96602d398e
b7535a9b-29e2-4ccc-b03e-6b208e786db4,A28NET,2792,260,17,,6,24,350,2,,44fa372b-95e2-4601-866e-b86f3e126203,
96b96679-7e0f-4ab6-a1ed-46891d72308b,LF1,2994,250,17,,6,24,285,2,,44fa372b-95e2-4601-866e-b86f3e126203,b0b62a78-42bb-4f11-8373-9b96602d398e
e3d1f0f3-9bc6-4034-8505-97852ab42f88,LFX,3564,300,17,,6,24,355,2,,44fa372b-95e2-4601-866e-b86f3e126203,b0b62a78-42bb-4f11-8373-9b96602d398e
39d25277-ff08-4266-8172-fd6587643cea,LFY,3564,318,17,,6,24,360,2,,44fa372b-95e2-4601-866e-b86f3e126203,b0b62a78-42bb-4f11-8373-9b96602d398e
8c69226b-efe9-4ed9-8817-16f5c2321710,LGX,3564,310,17,,6,24,365,2,,44fa372b-95e2-4601-866e-b86f3e126203,b0b62a78-42bb-4f11-8373-9b96602d398e
278a6359-e5b6-404d-9212-9de06778da93,LLT,3564,280,17,,6,24,350,2,,44fa372b-95e2-4601-866e-b86f3e126203,b0b62a78-42bb-4f11-8373-9b96602d398e
d70478bd-a51a-4eb9-9680-f8b0dde94d45,LY7,3564,240,17,,6,24,305,2,,44fa372b-95e2-4601-866e-b86f3e126203,b0b62a78-42bb-4f11-8373-9b96602d398e
b1e81361-ec9d-4f20-8229-092c6ffab11b,A16XHT,1598,170,33,,4,16,260,2,,44fa372b-95e2-4601-866e-b86f3e126203,8ff0d8c0-c22d-4483-881e-c1c169acdfcb
9277ef06-f7c7-4347-9f10-9f8b4c760e49,L2B,1485,102,17,,4,16,141,2,,44fa372b-95e2-4601-866e-b86f3e126203,b0b62a78-42bb-4f11-8373-9b96602d398e
99d45b40-e4ba-4fef-ba2f-2135e5c2b53d,LV7,1399,98,17,,4,16,128,2,,44fa372b-95e2-4601-866e-b86f3e126203,b0b62a78-42bb-4f11-8373-9b96602d398e
9fb170ce-d24c-4398-b23c-8ea9cf10dbeb,LE2,1399,150,17,,4,16,240,2,,44fa372b-95e2-4601-866e-b86f3e126203,21bed844-1411-4050-a6b5-2b1d69ba7c11
81bae2fc-61fc-4752-95f5-3902163d3563,L3A,1490,101,17,,4,16,138,2,,44fa372b-95e2-4601-866e-b86f3e126203,b0b62a78-42bb-4f11-8373-9b96602d398e
32f7396b-95af-4c5a-9c29-ab3a12c6198d,LFV,1490,163,17,,4,16,250,2,,44fa372b-95e2-4601-866e-b86f3e126203,21bed844-1411-4050-a6b5-2b1d69ba7c11
89e89910-2102-4759-8acd-c3c34c9d1c0c,LSD,1490,175,33,,4,16,275,2,,44fa372b-95e2-4601-866e-b86f3e126203,b0b62a78-42bb-4f11-8373-9b96602d398e
8bd19912-6d96-4133-b6bf-a62420712b9a,LYX,1490,170,17,,4,16,275,2,,44fa372b-95e2-4601-866e-b86f3e126203,21bed844-1411-4050-a6b5-2b1d69ba7c11
48ecfc3b-2aab-444a-8cae-f89c7381eac7,LR4,4806,255,17,,8,16,385,2,,44fa372b-95e2-4601-866e-b86f3e126203,
fe329506-0b5a-44a2-b4bf-e0f23dcaa7a1,LM7,5327,270,17,,8,16,425,2,,44fa372b-95e2-4601-866e-b86f3e126203,
4b7ee70b-1288-4a94-94d7-5e2dc0701bfa,LY5,5327,315,17,,8,16,455,2,,44fa372b-95e2-4601-866e-b86f3e126203,
e3e13a2b-a516-4c85-9c72-0b6b9cf2401c,LFA,5972,332,17,,8,16,498,2,,44fa372b-95e2-4601-866e-b86f3e126203,
f10c7002-5c0b-4f5a-96a4-5de9c261933a,L92,6162,390,17,,8,16,565,2,,44fa372b-95e2-4601-866e-b86f3e126203,
172ac144-69c5-4395-981b-217b62e2b09b,L86,6162,409,17,,8,16,610,2,,44fa372b-95e2-4601-866e-b86f3e126203,
2fcd6309-52a3-4ea8-890c-f369ead38671,LM2,2993,277,18,,6,24,624,2,,44fa372b-95e2-4601-866e-b86f3e126203,
6c121041-61ab-4695-8ef2-cf8ae441f7a8,LZ0,2993,305,18,,6,24,671,2,,44fa372b-95e2-4601-866e-b86f3e126203,
640c5a40-5e43-41ea-81e2-14996bbc3f4b,LH7,1598,136,18,,4,16,320,2,,44fa372b-95e2-4601-866e-b86f3e126203,
8d9467d2-8ccf-4d5e-b5fd-a498683dccab,GW4G13,1298,87,17,,4,16,115,2,4378bd7f-cb59-4336-a316-f3086b6c965a,,
24740c97-9f58-4c14-be58-f2c73f2a9741,GW4G15,1497,95,17,,4,16,132,2,4378bd7f-cb59-4336-a316-f3086b6c965a,,e6f1647d-d3be-4319-8c6f-59204fb34c4a
45f458a8-7f70-4b01-8e28-19267468d140,GW4G15B,1497,143,17,,4,16,203,2,4378bd7f-cb59-4336-a316-f3086b6c965a,,e6f1647d-d3be-4319-8c6f-59204fb34c4a
6f850f72-4ebc-4164-8c2f-083a6779f437,GW4G15F,1497,143,17,,4,16,202,2,4378bd7f-cb59-4336-a316-f3086b6c965a,,e6f1647d-d3be-4319-8c6f-59204fb34c4a
4cd63e0d-8352-4e83-952f-e72e9ce4c260,GW4G15K,1497,143,17,,4,16,210,2,4378bd7f-cb59-4336-a316-f3086b6c965a,,e6f1647d-d3be-4319-8c6f-59204fb34c4a
3c5ce465-3988-48a4-b60c-5bbab5373920,GW4G15M,1497,143,33,,4,16,210,2,4378bd7f-cb59-4336-a316-f3086b6c965a,,
9643e60b-167e-4cbf-8e3e-1329b6c1646d,491QE,2237,105,17,,4,8,190,2,4378bd7f-cb59-4336-a316-f3086b6c965a,,
4e214500-f3d3-44cd-82b7-3c7017d4ce67,4G63S4M,1997,116,17,,4,16,175,1,4378bd7f-cb59-4336-a316-f3086b6c965a,,
a3412b3f-0e47-41b2-91c9-8940db11df1d,4G64S4M,2351,128,17,,4,16,190,1,4378bd7f-cb59-4336-a316-f3086b6c965a,,
65e8fb0e-65a9-4ef1-8582-5f71186a9c29,4G64S4N,2351,126,17,,4,16,195,1,4378bd7f-cb59-4336-a316-f3086b6c965a,,
f719e4ce-8c73-4d07-aae3-8b91b154c4d3,4G69S4N,2378,136,17,,4,16,200,1,4378bd7f-cb59-4336-a316-f3086b6c965a,,
bfdc8736-035e-43ec-835b-be3a635b63f2,E15BD,1499,152,17,,4,16,232,2,4378bd7f-cb59-4336-a316-f3086b6c965a,,0844e164-b188-4b0b-a80f-79ece61c1d43
b56a1a87-5020-42f8-869b-57b1d2b250ca,GW4B15,1499,150,17,,4,16,280,2,4378bd7f-cb59-4336-a316-f3086b6c965a,,
6322f578-ca98-4a95-aa02-0aa8baf70cb0,GW4B15A,1499,150,17,,4,16,280,2,4378bd7f-cb59-4336-a316-f3086b6c965a,,
880bef6b-3550-4765-85ad-d1e92c52510a,GW4B15C,1499,178,33,,4,16,270,2,4378bd7f-cb59-4336-a316-f3086b6c965a,,
26807fc7-c1fb-43b0-a4a6-12c5d9f1dc18,GW4B15D,1499,150,33,,4,16,230,2,4378bd7f-cb59-4336-a316-f3086b6c965a,,
116e9cb8-728b-400b-93dc-dc35145cfd39,GW4B15L,1499,177,33,,4,16,270,2,4378bd7f-cb59-4336-a316-f3086b6c965a,,
1b65d299-1c52-4c88-a61a-1db85e5b2fba,GW4C20,1967,190,17,,4,16,310,2,4378bd7f-cb59-4336-a316-f3086b6c965a,,
3e7700f1-919e-4787-a821-2433711a1981,GW4C20A,1967,245,17,,4,16,350,2,4378bd7f-cb59-4336-a316-f3086b6c965a,,
c75517e1-b10d-4e9d-a396-307260512725,GW4C20B,1967,218,33,,4,16,380,2,4378bd7f-cb59-4336-a316-f3086b6c965a,,
13513867-c22e-4b4c-9ecf-55c8f20e5337,GW4C20NT,1967,190,17,,4,16,340,2,4378bd7f-cb59-4336-a316-f3086b6c965a,,
23f71d57-0de5-4029-bac2-1c476c9abc2e,GW4N20,1998,192,33,,4,16,320,2,4378bd7f-cb59-4336-a316-f3086b6c965a,,
acea032c-26f9-45bd-a2a0-1d98d224d8e0,GWE20CB,1967,220,17,,4,16,380,2,4378bd7f-cb59-4336-a316-f3086b6c965a,,0844e164-b188-4b0b-a80f-79ece61c1d43
b82c7782-ccbe-4496-b493-ced8b555ab5d,GWE20NA,1998,245,33,,4,16,380,2,4378bd7f-cb59-4336-a316-f3086b6c965a,,
41664c73-8df6-431d-9613-28f2a7d4c352,GWE20NB,1998,252,33,,4,16,380,2,4378bd7f-cb59-4336-a316-f3086b6c965a,,
1d70aad4-66ef-489f-ae80-c419d1bd0c0b,GW6Z30,2993,300,17,,6,32,500,2,4378bd7f-cb59-4336-a316-f3086b6c965a,,0844e164-b188-4b0b-a80f-79ece61c1d43
acd3a1d2-889c-4924-b733-ca67231cb491,GW2.8TC,2771,95,18,,4,8,225,1,4378bd7f-cb59-4336-a316-f3086b6c965a,,
9c214682-35c5-4689-ac11-cba4e251da5a,GW4D20,1996,140,18,,4,16,310,0,4378bd7f-cb59-4336-a316-f3086b6c965a,,
9000297f-4e10-469a-97ac-49c244cc299c,GW4D20B,1996,140,18,,4,16,305,1,4378bd7f-cb59-4336-a316-f3086b6c965a,,
d1201400-038d-497b-9cd2-5357b27284e4,GW4D20D,1996,143,18,,4,16,315,1,4378bd7f-cb59-4336-a316-f3086b6c965a,,
3ba9708c-127b-4588-a1c7-f3709a831b97,GW4D20T,1996,190,18,,4,16,420,1,4378bd7f-cb59-4336-a316-f3086b6c965a,,
6c1f7c90-7db8-4b8b-bc01-6001d9e8ec5c,GW4D20M,1996,150,18,,4,16,400,1,4378bd7f-cb59-4336-a316-f3086b6c965a,,
eb2379db-a920-4153-b6ca-034b8e958c28,GW4D24,2370,184,18,,4,16,480,1,4378bd7f-cb59-4336-a316-f3086b6c965a,,
229dfa21-327e-47a0-98d7-17d1c499bc2c,GA12-YF,1196,138,33,,3,12,210,2,00947f10-0663-4077-bde3-def2895dd3b5,,5253a2c0-3856-41ef-9118-47a7fa443c93
e28ac47c-8b8c-4975-9cee-451eec2116d0,GN15-VF,1497,105,17,,4,16,140,2,00947f10-0663-4077-bde3-def2895dd3b5,,c2bbf615-09c7-49b1-a36f-9a5ae0ac6b56
f91c8ae5-698d-428e-a3ba-8de0d7fffaa8,GN15-TF,1497,150,17,,4,16,210,2,00947f10-0663-4077-bde3-def2895dd3b5,,c2bbf615-09c7-49b1-a36f-9a5ae0ac6b56
7787965b-9468-45ff-8a3a-e7b85ebd0182,GN16-VF,1591,110,17,,4,16,149,2,00947f10-0663-4077-bde3-def2895dd3b5,,c2bbf615-09c7-49b1-a36f-9a5ae0ac6b56
4408a16e-7aff-4184-9a27-5c8dfa9a13c4,GA16-YF,1594,182,33,,4,16,280,2,00947f10-0663-4077-bde3-def2895dd3b5,,5253a2c0-3856-41ef-9118-47a7fa443c93
14d16834-3f3d-40fb-b11a-b4b78db0a3e6,HM483Q,1839,112,17,,4,16,160,1,00947f10-0663-4077-bde3-def2895dd3b5,,
84a009e7-2b62-4c4a-b0f5-4903d4564a3a,HM484Q,1995,136,17,,4,16,180,2,00947f10-0663-4077-bde3-def2895dd3b5,,
da686b3e-187a-4582-8e4f-8fef652ef3cb,G4EA,1341,71,17,,4,12,110,0,968edded-cfcf-49bb-a2e9-71c934b62acd,,
5bd417e6-8543-452a-bb6c-b8ab14b0aeac,G4EH,1341,60,17,,4,12,105,0,968edded-cfcf-49bb-a2e9-71c934b62acd,,
7692369e-7b32-4a5a-9c92-3c097117739c,G4EE,1399,75,17,,4,16,125,0,968edded-cfcf-49bb-a2e9-71c934b62acd,,
3be718b2-0306-4784-996b-0683b85df607,G4EB,1495,90,17,,4,12,132,0,968edded-cfcf-49bb-a2e9-71c934b62acd,,
426b1721-97de-4a79-ad25-637765dad72c,G4EC,1495,102,17,,4,16,134,0,968edded-cfcf-49bb-a2e9-71c934b62acd,,
64bb9918-9e63-4521-95f7-792d232e8f1d,G4ER,1495,99,17,,4,16,134,3,968edded-cfcf-49bb-a2e9-71c934b62acd,,
3f3f6438-6b6e-4542-894b-7be5e3f775cd,G4EK,1495,88,17,,4,12,126,0,968edded-cfcf-49bb-a2e9-71c934b62acd,,
e49fd26f-2dd8-44f3-9f41-6ec26f0dc220,G4EK,1495,115,17,,4,12,170,0,968edded-cfcf-49bb-a2e9-71c934b62acd,,
9d5ec2ce-15b8-4076-a75a-f0f2b11f4d72,G4ED,1599,103,17,,4,16,141,0,968edded-cfcf-49bb-a2e9-71c934b62acd,,
0c2569b2-43c9-4213-bc54-23cf9bc9a539,G4GR,1599,114,17,,4,16,145,3,968edded-cfcf-49bb-a2e9-71c934b62acd,,
18e17172-82a2-4eab-b915-ce19d698fb5e,G4GB,1795,122,17,,4,16,162,0,968edded-cfcf-49bb-a2e9-71c934b62acd,,
b6796429-9c39-413b-843f-f45a89f753c9,G4GM,1795,128,17,,4,16,165,3,968edded-cfcf-49bb-a2e9-71c934b62acd,,
8de33aee-e394-4566-8519-de34a84cf8a9,G4GC,1975,136,17,,4,16,179,0,968edded-cfcf-49bb-a2e9-71c934b62acd,,
1a26d224-d429-4747-b219-1728fb0f7bbd,G4GF,1975,139,17,,4,16,182,3,968edded-cfcf-49bb-a2e9-71c934b62acd,,
523ea304-e14d-4c27-9da4-59886950bb32,G6BP,1998,137,17,,6,24,177,1,968edded-cfcf-49bb-a2e9-71c934b62acd,,
9dd39390-6694-4e63-9122-d89ea0170968,G6BV,2493,160,17,,6,24,230,1,968edded-cfcf-49bb-a2e9-71c934b62acd,,
413c00c2-7e5a-4624-8c58-155a1c276469,G6BA,2656,165,17,,6,24,230,0,968edded-cfcf-49bb-a2e9-71c934b62acd,,
cf503a26-a5e8-4fc1-aff2-8cd97381adc7,G3HA,814,56,17,,3,9,75,1,968edded-cfcf-49bb-a2e9-71c934b62acd,,
84bcfc3f-8358-4c9d-9b97-8b9ea30d7259,G4HA,798,52,17,,4,12,70,1,968edded-cfcf-49bb-a2e9-71c934b62acd,,
635cc1cd-7c2e-40ca-ba38-5692219dd84d,G4HA,798,70,17,,4,12,103,1,968edded-cfcf-49bb-a2e9-71c934b62acd,,
401ce86f-7d0d-413a-99b8-3b3c5a13e2f9,G4HC,999,54,17,,4,12,73,1,968edded-cfcf-49bb-a2e9-71c934b62acd,,
6c899b23-8ed8-4631-9f83-eba6662bdec3,G4HC,999,55,17,,4,12,82,1,968edded-cfcf-49bb-a2e9-71c934b62acd,,
41476556-47be-4b46-a967-89ffbcc49b3b,G4HE,999,62,17,,4,12,86,1,968edded-cfcf-49bb-a2e9-71c934b62acd,,
da2db75d-60f8-43da-8c1a-f02a107c237b,G4HD,1086,59,17,,4,12,89,1,968edded-cfcf-49bb-a2e9-71c934b62acd,,
913b3582-2428-4526-8a28-74de9a9e7d10,G4HG,1086,63,17,,4,12,96,1,968edded-cfcf-49bb-a2e9-71c934b62acd,,
2845b96a-10b5-441e-9a00-0cc05aba917b,G4HG,1086,69,17,,4,12,99,1,968edded-cfcf-49bb-a2e9-71c934b62acd,,
f7e2bd56-57d5-4ad6-98ae-90c37e18b599,G4FA,1396,99,17,,4,16,135,0,968edded-cfcf-49bb-a2e9-71c934b62acd,,
b037042c-0477-476c-a77b-0bd8524a5811,G4FL,1497,115,17,,4,16,144,2,968edded-cfcf-49bb-a2e9-71c934b62acd,,37e783fe-a847-44da-b467-2d1d6389ab11
0fdcf893-698e-4140-b000-c80475f52644,G4FS,1497,170,33,,4,16,253,2,968edded-cfcf-49bb-a2e9-71c934b62acd,,37e783fe-a847-44da-b467-2d1d6389ab11
58537a87-4d91-4e18-9e1c-39f7283d228b,G4FC,1591,120,17,,4,16,154,0,968edded-cfcf-49bb-a2e9-71c934b62acd,,
7c543176-6d90-49da-889c-0ccba5e2d813,G4FD,1591,130,17,,4,16,160,0,968edded-cfcf-49bb-a2e9-71c934b62acd,,
a7c5c4ec-20ac-42b7-a7be-99e1648c040f,G4FG,1591,123,17,,4,16,150,0,968edded-cfcf-49bb-a2e9-71c934b62acd,,
72468b3b-c315-4e0a-ae6e-8a4350271afa,G4FJ,1591,177,17,,4,16,265,0,968edded-cfcf-49bb-a2e9-71c934b62acd,,
3c1731c8-f442-49a2-be58-2274c7b7971d,G4FM,1598,123,17,,4,16,154,2,968edded-cfcf-49bb-a2e9-71c934b62acd,,37e783fe-a847-44da-b467-2d1d6389ab11
acb39986-524c-4620-9325-167e315147d8,G4FM,1598,122,17,,4,16,153,2,968edded-cfcf-49bb-a2e9-71c934b62acd,,37e783fe-a847-44da-b467-2d1d6389ab11
a78ef499-6a85-4766-ac9c-4658d65baa98,G4FP,1598,180,33,,4,16,265,2,968edded-cfcf-49bb-a2e9-71c934b62acd,,37e783fe-a847-44da-b467-2d1d6389ab11
76dc9e5d-e5b7-419a-8137-42fc51b5b3bd,G4FT,1598,180,33,,4,16,265,2,968edded-cfcf-49bb-a2e9-71c934b62acd,,37e783fe-a847-44da-b467-2d1d6389ab11
7b4c2965-8a44-4d09-8dc7-705d65334eb7,G4FU,1598,150,33,,4,16,250,2,968edded-cfcf-49bb-a2e9-71c934b62acd,,
fd433203-157f-4270-adf2-df5f3a380fa5,G3LA,998,67,17,,3,12,95,2,968edded-cfcf-49bb-a2e9-71c934b62acd,,37e783fe-a847-44da-b467-2d1d6389ab11
7b25a23e-c44a-4c3a-bd29-eff7a3957ea3,G3LB,998,106,33,,3,12,137,2,968edded-cfcf-49bb-a2e9-71c934b62acd,,ee82a598-b227-4727-b91d-10e027810b56
e17c1fc2-7365-46af-91a8-d28c2e5fbae6,G3LC,998,100,17,,3,12,172,2,968edded-cfcf-49bb-a2e9-71c934b62acd,,37e783fe-a847-44da-b467-2d1d6389ab11
51056d78-da0e-4cde-81d2-d1e629312eca,G3LD,998,67,17,,3,12,96,2,968edded-cfcf-49bb-a2e9-71c934b62acd,,37e783fe-a847-44da-b467-2d1d6389ab11
a759d988-27ee-443d-9f84-5f7d2cb611c5,G3LE,998,100,33,,3,12,172,2,968edded-cfcf-49bb-a2e9-71c934b62acd,,37e783fe-a847-44da-b467-2d1d6389ab11
fe70ee11-028a-40ce-8faa-f493a5fa52d6,G3LF,998,120,33,,3,12,172,2,968edded-cfcf-49bb-a2e9-71c934b62acd,,37e783fe-a847-44da-b467-2d1d6389ab11
4bcfc252-11a1-4a41-bb5c-956933b4166c,G4LA,1248,78,17,,4,16,118,0,968edded-cfcf-49bb-a2e9-71c934b62acd,,
a24817b8-c46d-4888-a7b1-5844d133d24b,G4LA,1248,85,17,,4,16,121,0,968edded-cfcf-49bb-a2e9-71c934b62acd,,
f2ead69e-9b9e-46a3-a1a4-2c0d473494c2,G4LA,1197,84,17,,4,16,118,0,968edded-cfcf-49bb-a2e9-71c934b62acd,,
43dcfcab-e655-41a7-ba07-a9810cb92fbf,G4LF,1197,79,17,,4,16,113,2,968edded-cfcf-49bb-a2e9-71c934b62acd,,37e783fe-a847-44da-b467-2d1d6389ab11
9b89eeb5-22d2-40a0-b45b-cf170f7d12e9,G4LC,1368,100,17,,4,16,133,0,968edded-cfcf-49bb-a2e9-71c934b62acd,,
56bcb995-b630-4332-9624-90d2050c107b,G4LD,1353,130,17,,4,16,212,0,968edded-cfcf-49bb-a2e9-71c934b62acd,,
c9905ea9-5f6d-46a0-a367-afbc73bf5cdf,G4LG,1498,110,17,,4,16,144,2,968edded-cfcf-49bb-a2e9-71c934b62acd,,37e783fe-a847-44da-b467-2d1d6389ab11
279c810f-052f-4150-9c5a-4c66b7600f9c,G4LH,1482,150,33,,4,16,253,2,968edded-cfcf-49bb-a2e9-71c934b62acd,,37e783fe-a847-44da-b467-2d1d6389ab11
b906b9ab-1597-4e50-80ac-568003de9f27,G4LE,1580,105,17,,4,16,147,2,968edded-cfcf-49bb-a2e9-71c934b62acd,,37e783fe-a847-44da-b467-2d1d6389ab11
8562ae05-211c-4141-8d81-061d2b82d93a,G4LL,1580,105,17,,4,16,144,2,968edded-cfcf-49bb-a2e9-71c934b62acd,,
d7086e84-ff3a-4283-a97f-bd68e022aaea,G6DE,2999,250,17,,6,24,284,2,968edded-cfcf-49bb-a2e9-71c934b62acd,,37e783fe-a847-44da-b467-2d1d6389ab11
3c7e5984-fd2f-48cc-b96c-d91487783f3b,G6DG,2999,250,17,,6,24,300,2,968edded-cfcf-49bb-a2e9-71c934b62acd,,37e783fe-a847-44da-b467-2d1d6389ab11
906ac187-2046-43dc-be27-d6468c71829f,G6DL,2999,265,17,,6,24,308,2,968edded-cfcf-49bb-a2e9-71c934b62acd,,37e783fe-a847-44da-b467-2d1d6389ab11
7a088558-ad6a-4950-8dd0-4f452580b45f,G6DB,3342,233,17,,6,24,304,0,968edded-cfcf-49bb-a2e9-71c934b62acd,,
67d139e7-1fba-40eb-9a1f-b36d22388998,G6DF,3342,270,17,,6,24,318,2,968edded-cfcf-49bb-a2e9-71c934b62acd,,37e783fe-a847-44da-b467-2d1d6389ab11
534d552f-3af4-402c-b6e0-f2e74944dbe2,G6DH,3342,282,17,,6,24,337,2,968edded-cfcf-49bb-a2e9-71c934b62acd,,37e783fe-a847-44da-b467-2d1d6389ab11
528e55f9-ed79-4c90-93ae-3607d408abf7,G6DM,3342,285,17,,6,24,336,2,968edded-cfcf-49bb-a2e9-71c934b62acd,,37e783fe-a847-44da-b467-2d1d6389ab11
24adc8ba-7b0a-4bdc-9c17-983d68eb425b,G6DP,3342,365,17,,6,24,510,2,968edded-cfcf-49bb-a2e9-71c934b62acd,,37e783fe-a847-44da-b467-2d1d6389ab11
a67284d7-697d-4f35-adca-ab9db2dcd973,G6DC,3470,250,17,,6,24,336,2,968edded-cfcf-49bb-a2e9-71c934b62acd,,37e783fe-a847-44da-b467-2d1d6389ab11
82f0b02c-b739-4e9a-9f24-e615fd2ad855,G6DS,3470,380,33,,6,24,530,2,968edded-cfcf-49bb-a2e9-71c934b62acd,,37e783fe-a847-44da-b467-2d1d6389ab11
a9aad679-71a5-4cab-ac89-26555cf1072b,G6DT,3470,300,17,,6,24,359,2,968edded-cfcf-49bb-a2e9-71c934b62acd,,37e783fe-a847-44da-b467-2d1d6389ab11
1c9c7b07-cd69-4276-8e26-17a1aca7f9d6,G6DU,3470,250,17,,6,24,331,2,968edded-cfcf-49bb-a2e9-71c934b62acd,,37e783fe-a847-44da-b467-2d1d6389ab11
a1f790d6-1494-4959-9ca1-efbb4e9ee0fa,G6DV,3470,415,17,,6,24,549,2,968edded-cfcf-49bb-a2e9-71c934b62acd,,37e783fe-a847-44da-b467-2d1d6389ab11
6dadb12c-c4c3-4ec5-bad0-1948d17062da,G6DA,3778,240,17,,6,24,343,0,968edded-cfcf-49bb-a2e9-71c934b62acd,,
56e8878c-a773-433e-b783-0e8d1d291f70,G6DJ,3778,311,17,,6,24,395,2,968edded-cfcf-49bb-a2e9-71c934b62acd,,37e783fe-a847-44da-b467-2d1d6389ab11
ba607fb2-e81d-40aa-9c41-a3dedd6a513b,G6DK,3778,290,17,,6,24,358,2,968edded-cfcf-49bb-a2e9-71c934b62acd,,37e783fe-a847-44da-b467-2d1d6389ab11
e9cdd1a0-881b-489c-9ea6-a8ef628c9291,G6DN,3778,290,17,,6,24,355,2,968edded-cfcf-49bb-a2e9-71c934b62acd,,37e783fe-a847-44da-b467-2d1d6389ab11
fd6f9862-6afc-4160-b601-f77f48423351,G6EA,2656,185,17,,6,24,245,0,968edded-cfcf-49bb-a2e9-71c934b62acd,,
ac4df9ed-f131-4ce3-acc2-2b718229f4a0,G4NB,1797,150,17,,4,16,178,0,968edded-cfcf-49bb-a2e9-71c934b62acd,,
e8fb708f-521c-431e-ada3-7c3fa7f42c4b,G4NA,1999,150,17,,4,16,190,0,968edded-cfcf-49bb-a2e9-71c934b62acd,,
7802a53a-d906-4f2d-840c-8749de1c2b93,G4ND,1999,150,17,,4,16,195,0,968edded-cfcf-49bb-a2e9-71c934b62acd,,
8e3b321f-d461-426b-8d4b-7f6a3c8a3de0,G4NH,1999,149,17,,4,16,180,2,968edded-cfcf-49bb-a2e9-71c934b62acd,,
152d2e81-6818-4ca2-a5fb-0c7115d2a9d1,G4NL,1999,150,17,,4,16,191,0,968edded-cfcf-49bb-a2e9-71c934b62acd,,
a81e6400-141c-4f28-896f-3617500584af,G4NM,1999,160,17,,4,16,196,2,968edded-cfcf-49bb-a2e9-71c934b62acd,,babf7d81-4523-4ca5-a119-0da9d994efd3
5a526d94-c3a5-41eb-bfde-18103811da2f,G4NC,1999,150,17,,4,16,192,0,968edded-cfcf-49bb-a2e9-71c934b62acd,,
8c3144dd-9108-42a4-8c3a-4d707f8b3975,G4NN,1975,233,33,,4,16,353,2,968edded-cfcf-49bb-a2e9-71c934b62acd,,37e783fe-a847-44da-b467-2d1d6389ab11
bed4ca5a-764a-40ab-ade5-fe769c7f856d,G4NE,1999,150,17,,4,16,180,2,968edded-cfcf-49bb-a2e9-71c934b62acd,,37e783fe-a847-44da-b467-2d1d6389ab11
415e0ad5-8390-4eee-ad8d-de52a7fec00c,G4NG,1999,154,17,,4,16,190,2,968edded-cfcf-49bb-a2e9-71c934b62acd,,37e783fe-a847-44da-b467-2d1d6389ab11
887c8dd3-9297-4a47-a1ca-2932f6011105,G4NR,1999,150,17,,4,16,188,2,968edded-cfcf-49bb-a2e9-71c934b62acd,,37e783fe-a847-44da-b467-2d1d6389ab11
301b92e1-ffdb-49aa-9b07-5310b0f9c33a,G8AA,4498,260,17,,8,32,380,1,968edded-cfcf-49bb-a2e9-71c934b62acd,,
58174fe4-8033-4900-bf0d-73a25d003a5a,G8AB,4498,270,17,,8,32,375,1,968edded-cfcf-49bb-a2e9-71c934b62acd,,
b264fc46-5839-4835-8656-97d16813c4a7,G4DG,1298,65,17,,4,8,100,1,968edded-cfcf-49bb-a2e9-71c934b62acd,,
05693ebe-241e-42e9-91e0-6f15d74d0c70,G4DJ,1468,76,17,,4,8,115,1,968edded-cfcf-49bb-a2e9-71c934b62acd,,
e0e8c5c7-f419-4a22-af7c-3ece13798c89,G6AV,2497,160,17,,6,24,205,1,968edded-cfcf-49bb-a2e9-71c934b62acd,,
416250d8-1ab4-4d07-8476-c2cf69205c58,G6AT,2972,141,17,,6,12,220,1,968edded-cfcf-49bb-a2e9-71c934b62acd,,
c854915b-aba7-42f6-9c16-93e18af0643c,G6CT,2972,185,17,,6,24,250,1,968edded-cfcf-49bb-a2e9-71c934b62acd,,
2e864cc2-fda4-4130-bf47-f7479d546670,G6AU,3497,225,17,,6,24,305,1,968edded-cfcf-49bb-a2e9-71c934b62acd,,
6471e1eb-f436-4b73-9bfe-4a2850654de4,G6CU,3497,195,17,,6,24,290,0,968edded-cfcf-49bb-a2e9-71c934b62acd,,
4e7b8527-3739-4044-b5e1-6a2020adf732,G4CR,1596,105,17,,4,16,130,1,968edded-cfcf-49bb-a2e9-71c934b62acd,,
5cf2fe96-9eda-419a-b8f5-926461121512,G4CN,1836,126,17,,4,16,165,1,968edded-cfcf-49bb-a2e9-71c934b62acd,,
95f60111-99fa-44e8-a9bd-c473e2f77542,G4CM,1795,90,17,,4,8,135,1,968edded-cfcf-49bb-a2e9-71c934b62acd,,
e7836fd8-7f31-41a1-b473-2dbe19d99a51,G4JN,1836,125,17,,4,16,170,1,968edded-cfcf-49bb-a2e9-71c934b62acd,,
66c21e92-1aec-4909-a9be-d2389542e9f6,G4CP,1997,95,17,,4,8,155,1,968edded-cfcf-49bb-a2e9-71c934b62acd,,
04b26ebc-9bc1-4ba6-a3bf-6816bf27842e,G4CP,1997,125,17,,4,16,165,1,968edded-cfcf-49bb-a2e9-71c934b62acd,,
9098ea4a-7ce4-41f5-8ba5-9ed749c21977,G4JP,1997,130,17,,4,16,175,0,968edded-cfcf-49bb-a2e9-71c934b62acd,,
67c52f73-754e-4c1d-85d9-c87a4e57ea10,G4JS,2351,140,17,,4,16,190,0,968edded-cfcf-49bb-a2e9-71c934b62acd,,
0780f07f-9eed-4b6f-89b1-617dffa8bacc,G4CS,2351,110,17,,4,8,180,1,968edded-cfcf-49bb-a2e9-71c934b62acd,,
3783620f-8a5a-4115-89ce-98c39aa7cd32,G8BA,4627,340,17,,8,32,435,2,968edded-cfcf-49bb-a2e9-71c934b62acd,,37e783fe-a847-44da-b467-2d1d6389ab11
b3497f1f-5d8d-4d92-af71-17c2c25dbe91,G8BB,5038,400,17,,8,32,500,2,968edded-cfcf-49bb-a2e9-71c934b62acd,,37e783fe-a847-44da-b467-2d1d6389ab11
b799747e-20a7-428b-a486-f86acb784fd2,G8BE,5038,415,17,,8,32,505,2,968edded-cfcf-49bb-a2e9-71c934b62acd,,37e783fe-a847-44da-b467-2d1d6389ab11
253069fb-ebc6-4c9c-80d9-7671aa3cea5d,G4KA,1998,144,17,,4,16,187,0,968edded-cfcf-49bb-a2e9-71c934b62acd,,
b4ba5176-c138-4263-ba74-3e0cde9e4cb7,G4KD,1998,145,17,,4,16,190,0,968edded-cfcf-49bb-a2e9-71c934b62acd,,
49fa3b42-e444-48b0-b546-8c1674b42a6c,G4KF,1998,213,17,,4,16,302,2,968edded-cfcf-49bb-a2e9-71c934b62acd,,37e783fe-a847-44da-b467-2d1d6389ab11
bc8de73f-b7a3-4323-bab2-4a86bd1671a9,G4KF,1998,250,17,,4,16,353,2,968edded-cfcf-49bb-a2e9-71c934b62acd,,37e783fe-a847-44da-b467-2d1d6389ab11
def70b76-147d-4549-a292-4b84bb534061,G4KH,1998,240,17,,4,16,353,0,968edded-cfcf-49bb-a2e9-71c934b62acd,,
42576601-0ff5-48e7-b83b-d99aecde3ff4,G4KL,1998,250,17,,4,16,353,2,968edded-cfcf-49bb-a2e9-71c934b62acd,,37e783fe-a847-44da-b467-2d1d6389ab11
1e8d4835-608f-4b13-be8d-2371c6aca1d0,G4KC,2359,160,17,,4,16,219,0,968edded-cfcf-49bb-a2e9-71c934b62acd,,
15370ac0-99c4-485c-aba2-210cc90d1148,G4KE,2359,170,17,,4,16,220,0,968edded-cfcf-49bb-a2e9-71c934b62acd,,
0b2aa07c-883d-4ce1-9963-9f7bdd5cb2d8,G4KG,2359,170,17,,4,16,225,0,968edded-cfcf-49bb-a2e9-71c934b62acd,,
f7a1bdc2-c847-4e89-930b-b02bdedd476f,G4KJ,2359,180,17,,4,16,231,0,968edded-cfcf-49bb-a2e9-71c934b62acd,,
24f89660-b0ba-484e-9e87-bcab1a3dcd27,G4KK,2359,169,17,,4,16,212,2,968edded-cfcf-49bb-a2e9-71c934b62acd,,37e783fe-a847-44da-b467-2d1d6389ab11
4acee615-ca2f-4f30-be0c-6bd79c6cac5c,G4KM,2497,180,17,,4,16,232,2,968edded-cfcf-49bb-a2e9-71c934b62acd,,37e783fe-a847-44da-b467-2d1d6389ab11
eeeb0eb9-1059-4c38-a8e8-d33684ac8829,G4KN,2497,194,17,,4,16,246,2,968edded-cfcf-49bb-a2e9-71c934b62acd,,
65785f5f-805b-4be8-b097-111a60f70ef5,G4KP,2497,280,33,,4,16,422,2,968edded-cfcf-49bb-a2e9-71c934b62acd,,37e783fe-a847-44da-b467-2d1d6389ab11
3de0a576-632d-453b-a3ae-3a603051aee4,G4KR,2497,304,33,,4,16,422,2,968edded-cfcf-49bb-a2e9-71c934b62acd,,37e783fe-a847-44da-b467-2d1d6389ab11
9a778e20-41ba-47f0-ba34-34b632f960dc,D4CB,2497,116,18,,4,16,314,0,968edded-cfcf-49bb-a2e9-71c934b62acd,,
30211970-f0b9-4f21-a22e-f49bebb13a85,D3EA,1493,82,18,,3,12,187,1,968edded-cfcf-49bb-a2e9-71c934b62acd,,
962aedca-5d92-4465-b26e-a9f676a19576,D4EA,1991,112,18,,4,16,235,0,968edded-cfcf-49bb-a2e9-71c934b62acd,,
70f3b13c-9c47-43ab-8c53-b2ef73817111,D4EB,2188,150,18,,4,16,335,0,968edded-cfcf-49bb-a2e9-71c934b62acd,,
ba928796-276b-42d2-bb48-d5161fa8c71b,J3,2902,126,18,,4,16,338,0,968edded-cfcf-49bb-a2e9-71c934b62acd,,
04bb0730-b8e2-4ae6-adc3-6f0516260626,J3,2902,144,18,,4,16,310,0,968edded-cfcf-49bb-a2e9-71c934b62acd,,
d5a6a18c-948d-4483-bbe0-6fe4dd59b616,D4HA,1995,136,18,,4,16,320,0,968edded-cfcf-49bb-a2e9-71c934b62acd,,
af404df5-7afe-41fc-ac5e-b85d683f3fee,D4HD,1998,186,18,,4,16,417,1,968edded-cfcf-49bb-a2e9-71c934b62acd,,
df77471e-608e-4234-975c-950be5faa026,D4HB,2199,150,18,,4,16,412,0,968edded-cfcf-49bb-a2e9-71c934b62acd,,
c39987c1-ff8d-4695-8cc7-005e1b0b3e85,D4HC,2199,202,18,,4,16,441,2,968edded-cfcf-49bb-a2e9-71c934b62acd,,
ef61734d-6452-496c-a1f8-ad9066132592,D4HE,2151,202,18,,4,16,441,1,968edded-cfcf-49bb-a2e9-71c934b62acd,,
96819d26-5584-4e66-9c93-2e191ade992d,D4HF,2151,210,18,,4,16,441,1,968edded-cfcf-49bb-a2e9-71c934b62acd,,
6da359d2-e03f-4bfa-8e5e-6b7fb204aaed,D6EA,2959,240,18,,6,24,450,2,968edded-cfcf-49bb-a2e9-71c934b62acd,,
963c3fb7-556c-414e-9617-27fc8d81ff7f,D6EB,2959,250,18,,6,24,470,2,968edded-cfcf-49bb-a2e9-71c934b62acd,,
d795b36e-4f6e-46d0-a4af-bf258e0de30f,D6JA,2996,273,18,,6,24,588,2,968edded-cfcf-49bb-a2e9-71c934b62acd,,
662ff18a-554e-4253-b7ef-9ba9ff314e97,D3FA,1120,75,18,,3,12,153,0,968edded-cfcf-49bb-a2e9-71c934b62acd,,
ae203544-8a8e-4010-ada8-82f90a26bd82,D4FC,1396,75,18,,4,16,220,0,968edded-cfcf-49bb-a2e9-71c934b62acd,,
5c20c51e-7446-4370-a0e7-ea45264c360c,D4FA,1493,79,18,,4,16,170,0,968edded-cfcf-49bb-a2e9-71c934b62acd,,
3284c7f1-0f3a-45bb-9d70-3d18f10afbea,D4FB,1582,90,18,,4,16,235,0,968edded-cfcf-49bb-a2e9-71c934b62acd,,
0b981e0a-02a5-4a1f-bb3a-ff8cc46978ea,D4FE,1598,116,18,,4,16,280,1,968edded-cfcf-49bb-a2e9-71c934b62acd,,
2475d288-673d-44e8-a4b0-d7333bd2804f,D4FD,1685,116,18,,4,16,260,0,968edded-cfcf-49bb-a2e9-71c934b62acd,,
8bcad6c3-8882-430e-a206-d389ca2cb71b,D4BA,2477,75,18,,4,8,140,0,968edded-cfcf-49bb-a2e9-71c934b62acd,,
862fe793-0350-454a-a42e-fc5556fb0321,D4BF,2477,80,18,,4,8,194,0,968edded-cfcf-49bb-a2e9-71c934b62acd,,
f2991219-7b0e-421f-b3ae-d7709e20100e,D4BH,2477,100,18,,4,8,225,0,968edded-cfcf-49bb-a2e9-71c934b62acd,,
3e5e6389-f39a-413f-9529-cb49389b5cb6,D4BB,2607,78,18,,4,8,162,0,968edded-cfcf-49bb-a2e9-71c934b62acd,,
717fbea1-9c27-4c80-98d7-538ca40de8d7,CG10DE,998,55,17,,4,16,79,8,0d3d5d9e-023f-4b96-a217-fd28bd596a71,,
a26b0707-1ed6-4c40-ac3f-d29ab845c60f,CG13DE,1275,75,17,,4,16,103,8,0d3d5d9e-023f-4b96-a217-fd28bd596a71,,
8eadfe04-fb6b-419f-9595-75d4770836ff,CGA3DE,1348,85,17,,4,16,120,8,0d3d5d9e-023f-4b96-a217-fd28bd596a71,,
ab9eae4c-2374-4714-8d0c-9c35b71abd64,CR10DE,997,68,17,,4,16,96,2,0d3d5d9e-023f-4b96-a217-fd28bd596a71,,
93cbef83-577a-4324-955b-9bb1d2127fc6,CR12DE,1240,65,17,,4,16,110,2,0d3d5d9e-023f-4b96-a217-fd28bd596a71,,
61a84634-981c-453d-8521-b111899342d0,CR12DE,1240,80,17,,4,16,121,2,0d3d5d9e-023f-4b96-a217-fd28bd596a71,,
bbe71248-cf7c-4ee0-91fb-ff1f1606dd75,CR14DE,1386,88,17,,4,16,137,2,0d3d5d9e-023f-4b96-a217-fd28bd596a71,,
a5cad0ac-92aa-4583-8643-82aa7f6e3e27,GA13DE,0,75,0,,4,,100,0,0d3d5d9e-023f-4b96-a217-fd28bd596a71,,
41e26183-c188-44ef-811e-f01cc1435c4b,GA14DE,0,75,0,,4,,111,0,0d3d5d9e-023f-4b96-a217-fd28bd596a71,,
79fed6e5-4aed-438e-acbc-b4f30fa434f9,GA15DE,0,85,0,,4,,123,0,0d3d5d9e-023f-4b96-a217-fd28bd596a71,,
68a53a95-1884-4e11-af64-7f4c77eafbd9,GA16S,1597,85,17,,4,8,125,8,0d3d5d9e-023f-4b96-a217-fd28bd596a71,,
8ce88383-5c82-4cbf-ace0-fc85e0f74c7a,GA16DS,1597,89,17,,4,16,130,8,0d3d5d9e-023f-4b96-a217-fd28bd596a71,,
46342bbb-fbf8-4dd5-bd9c-4130a3acf426,GA16DE,1597,100,17,,4,16,125,2,0d3d5d9e-023f-4b96-a217-fd28bd596a71,,
46f58f4b-ae83-4010-80f6-930d8f92c4d6,GA16DE,1597,110,17,,4,16,140,2,0d3d5d9e-023f-4b96-a217-fd28bd596a71,,5310f7cd-181a-4df6-85d6-7835e9ddcac2
a5c04a51-85f7-495c-b2d8-bd447cf706ae,HR10DDT,999,110,17,,3,12,180,2,0d3d5d9e-023f-4b96-a217-fd28bd596a71,,
7780b518-2040-4dc2-abcf-0747594cac3d,HRA2DDT,1197,115,17,,4,16,190,2,0d3d5d9e-023f-4b96-a217-fd28bd596a71,,
3d0d3e83-804c-48fb-8114-6d9f9538a3b9,HR12DE,1198,79,17,,3,12,103,2,0d3d5d9e-023f-4b96-a217-fd28bd596a71,,bf8d33a1-0029-4a6b-b1e4-f42c93b2d062
738df769-a215-46d3-8049-3fde8a91732f,HR12DDR,1198,98,17,,3,12,143,2,0d3d5d9e-023f-4b96-a217-fd28bd596a71,,
a03b2527-12a8-49fd-b297-f3f1b5bfb95d,HR13DDT,1332,140,17,,4,16,240,2,0d3d5d9e-023f-4b96-a217-fd28bd596a71,,
d19d8fe7-7d4b-4ef2-87d4-87e49e6ec8a2,HR15DE,1498,100,17,,4,16,134,2,0d3d5d9e-023f-4b96-a217-fd28bd596a71,,59475535-055f-41a0-ab0f-f96828ebfce4
1c19c274-7eea-4bae-9900-8dde97407a18,HR16DE,1598,105,17,,4,16,140,0,0d3d5d9e-023f-4b96-a217-fd28bd596a71,,
da3320b0-a1f1-468f-a139-d49f7162c7df,KA20DE,1998,120,17,,4,16,170,2,0d3d5d9e-023f-4b96-a217-fd28bd596a71,,
79ea3759-72f0-40c5-a7ec-190dad65bf7b,KA24E,2389,115,17,,4,12,190,2,0d3d5d9e-023f-4b96-a217-fd28bd596a71,,
a6c73a8e-48fb-4cf6-a251-2e49281ad1e1,KA24DE,2389,140,17,,4,16,200,2,0d3d5d9e-023f-4b96-a217-fd28bd596a71,,
5e98157d-1605-45b8-bb89-cc392b1e4c9a,KH5T,1477,158,17,,3,12,250,2,0d3d5d9e-023f-4b96-a217-fd28bd596a71,,
5ff91101-101a-4c10-af04-78104674dc7b,KR15DDT,1477,158,17,,3,12,250,2,0d3d5d9e-023f-4b96-a217-fd28bd596a71,,
21002843-43cd-4aa7-9865-61288a56dda3,KR20DDET,1970,250,17,,4,16,380,2,0d3d5d9e-023f-4b96-a217-fd28bd596a71,,
caede467-15d2-467d-be32-a77d29e3f9e4,MR15DDT,1461,190,33,,3,12,330,2,0d3d5d9e-023f-4b96-a217-fd28bd596a71,,
6b1ea050-7bc0-47fc-accb-ea92bcc6c6dd,MR16DDT,1618,163,17,,4,16,240,2,0d3d5d9e-023f-4b96-a217-fd28bd596a71,,d3a072c9-990d-48cf-a359-4812cfc77703
45cf42fe-9c6c-4388-98b1-719f88ecc470,MR18DE,1797,122,17,,4,16,173,2,0d3d5d9e-023f-4b96-a217-fd28bd596a71,,59475535-055f-41a0-ab0f-f96828ebfce4
32a0e0a8-4cbe-4cb2-b58a-7d7391e41aba,MRA8DE,1797,130,17,,4,16,174,2,0d3d5d9e-023f-4b96-a217-fd28bd596a71,,00ef12ff-540a-4048-bff9-d3fd837c9cc5
46db4ce3-4054-4938-bd58-c089ff4511bd,MR20DD,1997,140,17,,4,16,200,2,0d3d5d9e-023f-4b96-a217-fd28bd596a71,,
465ca1b0-a633-42a8-ba58-0f7ff7c1d365,MR20DE,1997,133,17,,4,16,187,0,0d3d5d9e-023f-4b96-a217-fd28bd596a71,,
c8202ba3-e002-47d6-a087-87060f087b46,PR25DD,2488,184,17,,4,16,244,2,0d3d5d9e-023f-4b96-a217-fd28bd596a71,,
15863bce-888a-4f56-b999-b26a26bc8fb3,QG13DE,1295,87,17,,4,16,113,0,0d3d5d9e-023f-4b96-a217-fd28bd596a71,,
a5ca26d7-dda2-40d1-a074-90b365530dec,QG15DE,1497,90,17,,4,16,128,0,0d3d5d9e-023f-4b96-a217-fd28bd596a71,,
16285887-e697-487b-b735-b7f7dc3b5333,QG16DE,1597,106,17,,4,16,143,0,0d3d5d9e-023f-4b96-a217-fd28bd596a71,,
e2e96a35-1e4b-49e0-aa3d-f87e2f82ab1b,QG18DE,1769,114,17,,4,16,158,0,0d3d5d9e-023f-4b96-a217-fd28bd596a71,,
7ca463d6-2730-4eea-a326-c486f739ce41,QG18DD,1769,130,17,,4,16,174,0,0d3d5d9e-023f-4b96-a217-fd28bd596a71,,
f04065a4-ea1b-44d0-bc50-9a1939e1d0f0,QR20DD,1998,150,17,,4,16,200,8,0d3d5d9e-023f-4b96-a217-fd28bd596a71,,
56cbc803-edb3-45ed-8fa7-255ae3cd4dca,QR20DE,1998,130,17,,4,16,178,0,0d3d5d9e-023f-4b96-a217-fd28bd596a71,,
22dddc01-9459-466e-9b8b-966b1e05bf5d,QR25DD,2488,170,17,,4,16,245,8,0d3d5d9e-023f-4b96-a217-fd28bd596a71,,
368b7888-e841-437d-9121-fda355019c05,QR25DE,2488,150,17,,4,16,230,0,0d3d5d9e-023f-4b96-a217-fd28bd596a71,,
d0b17e27-99f1-4792-85c9-5f6cadaaf464,QR25DER,2488,234,17,,4,16,330,2,0d3d5d9e-023f-4b96-a217-fd28bd596a71,,
6f584eb0-bd71-4923-8ff5-e79735780109,RB20E,1998,115,17,,6,12,165,1,0d3d5d9e-023f-4b96-a217-fd28bd596a71,,
a9e4e494-6191-4411-82c0-f955a0a7a35c,RB20ET,1998,145,33,,6,12,206,1,0d3d5d9e-023f-4b96-a217-fd28bd596a71,,
219cbd66-9aaa-491b-93a4-dc609330621e,RB20DE,1998,150,17,,6,24,180,1,0d3d5d9e-023f-4b96-a217-fd28bd596a71,,
1c33c60e-7879-4713-98c5-998a57254178,RB20DE,1998,155,17,,6,24,180,1,0d3d5d9e-023f-4b96-a217-fd28bd596a71,,
fa697b30-042c-48c4-bb24-0b9942e44ab9,RB20DET,1998,180,33,,6,24,225,1,0d3d5d9e-023f-4b96-a217-fd28bd596a71,,
9b055ad8-9669-466b-a611-251aa95a7cd5,RB20DET,1998,210,33,,6,24,245,1,0d3d5d9e-023f-4b96-a217-fd28bd596a71,,
0efd084d-9644-43f5-915f-959eee004084,RB25DE,2498,180,17,,6,24,225,1,0d3d5d9e-023f-4b96-a217-fd28bd596a71,,
48bb47a4-5dd0-4ee5-b778-85ac593c5cb7,RB25DE,2498,200,17,,6,24,255,1,0d3d5d9e-023f-4b96-a217-fd28bd596a71,,5310f7cd-181a-4df6-85d6-7835e9ddcac2
1960c3a9-78f8-404c-b8e5-d9f362f2b968,RB25DET,2498,235,17,,6,24,275,1,0d3d5d9e-023f-4b96-a217-fd28bd596a71,,
a8f5ad46-a2cc-4ceb-9891-01570e0b8d90,RB25DET,2498,280,17,,6,24,335,1,0d3d5d9e-023f-4b96-a217-fd28bd596a71,,5310f7cd-181a-4df6-85d6-7835e9ddcac2
1ac9432c-6576-4d7d-8d53-6e15f9e8a62b,RB26DETT,2568,280,17,,6,24,353,1,0d3d5d9e-023f-4b96-a217-fd28bd596a71,,
fa0dd3cb-10ae-4797-a1f1-b71498cf891a,SR16VE,1596,175,17,,4,16,161,2,0d3d5d9e-023f-4b96-a217-fd28bd596a71,,72688b91-0448-482a-b077-d893babbd2db
aba20110-0c45-403c-b62a-d28fa9fdb587,SR16VE,1596,200,17,,4,16,181,2,0d3d5d9e-023f-4b96-a217-fd28bd596a71,,72688b91-0448-482a-b077-d893babbd2db
8b711cd7-3ea5-4db2-94cd-5bf30d79a0a0,SR18DE,1838,120,17,,4,16,150,2,0d3d5d9e-023f-4b96-a217-fd28bd596a71,,
2470eb4b-7471-4b26-aa79-78b7e50414ae,SR20DE,1998,130,17,,4,16,170,0,0d3d5d9e-023f-4b96-a217-fd28bd596a71,,
45e198ba-ac43-4e98-bc42-b3c6a0421125,SR20DET,1998,200,17,,4,16,270,2,0d3d5d9e-023f-4b96-a217-fd28bd596a71,,
5930139f-23a9-4694-910e-43207c7b7421,SR20VE,1998,190,17,,4,16,196,2,0d3d5d9e-023f-4b96-a217-fd28bd596a71,,72688b91-0448-482a-b077-d893babbd2db
401c587e-5d40-431b-ade7-56b8af7fedac,SR20VET,1998,280,17,,4,16,309,2,0d3d5d9e-023f-4b96-a217-fd28bd596a71,,72688b91-0448-482a-b077-d893babbd2db
72b36517-7da4-48e3-9be2-09ac359286a1,TB42,4169,170,17,,6,12,320,2,0d3d5d9e-023f-4b96-a217-fd28bd596a71,,
c7805380-16e9-411c-9f58-0c7286d11bee,TB45,4478,200,17,,6,12,350,2,0d3d5d9e-023f-4b96-a217-fd28bd596a71,,
4368aad4-783d-42ec-a792-2ce49e2fd275,TB48DE,4758,245,17,,6,24,400,2,0d3d5d9e-023f-4b96-a217-fd28bd596a71,,
98f3b8e0-48d2-4faf-ad0c-e5ed832a23d5,VE30DE,2960,190,17,,6,24,258,16,0d3d5d9e-023f-4b96-a217-fd28bd596a71,,
a014c55c-a74d-4e9a-8348-7cdca0ae7133,VG20E,1998,115,17,,6,12,162,1,0d3d5d9e-023f-4b96-a217-fd28bd596a71,,
eadf3c35-d860-4e9a-ba9c-d6d9cf026c92,VG20ET,1998,155,33,,6,12,210,1,0d3d5d9e-023f-4b96-a217-fd28bd596a71,,
037e9fe3-6356-4930-a69f-9c03ddea14aa,VG20DET,1998,185,33,,6,24,215,1,0d3d5d9e-023f-4b96-a217-fd28bd596a71,,7bdbdcec-21fc-4824-bf06-ddfa2397aa70
94fe7324-0f60-451d-88fb-77399c78cf3e,VG30i,2960,130,17,,6,12,210,1,0d3d5d9e-023f-4b96-a217-fd28bd596a71,,
1a9a9b42-113a-4168-a578-4c6957e0b45d,VG30E,2960,150,17,,6,12,240,1,0d3d5d9e-023f-4b96-a217-fd28bd596a71,,
d6135c70-c4b3-4668-b935-44ad70a9c01b,VG30ET,2960,195,17,,6,12,295,1,0d3d5d9e-023f-4b96-a217-fd28bd596a71,,
a6557c51-f693-48d8-a3b6-2d9a8a302350,VG30DE,2960,185,17,,6,24,245,1,0d3d5d9e-023f-4b96-a217-fd28bd596a71,,7bdbdcec-21fc-4824-bf06-ddfa2397aa70
05781b56-0914-40a8-b7ff-8c1252dfd01a,VG30DET,2960,255,17,,6,24,343,1,0d3d5d9e-023f-4b96-a217-fd28bd596a71,,7bdbdcec-21fc-4824-bf06-ddfa2397aa70
94a0da76-92d2-4eb8-bfca-6be65dbc43d4,VG30DETT,2960,280,17,,6,24,384,1,0d3d5d9e-023f-4b96-a217-fd28bd596a71,,7bdbdcec-21fc-4824-bf06-ddfa2397aa70
32ee9041-d9a1-40ac-bcaa-12f1923426fe,VG33E,3274,170,17,,6,12,265,1,0d3d5d9e-023f-4b96-a217-fd28bd596a71,,
4126a60b-77c7-4b4c-9af0-ccb5cb156933,VH41DE,4130,270,17,,8,32,377,8,0d3d5d9e-023f-4b96-a217-fd28bd596a71,,6b897804-45ad-449b-a049-a419379570e4
a61f36b4-27d6-4f53-b34c-c7937e8c20b3,VH45DE,4494,278,17,,8,32,396,2,0d3d5d9e-023f-4b96-a217-fd28bd596a71,,6b897804-45ad-449b-a049-a419379570e4
055bf9ff-7b77-46b0-adae-1b1624a31068,VK45DE,4494,280,17,,8,32,450,0,0d3d5d9e-023f-4b96-a217-fd28bd596a71,,
76d65443-7761-497f-8b1d-4dc457f0a080,VK45DD,4494,280,17,,8,32,451,0,0d3d5d9e-023f-4b96-a217-fd28bd596a71,,
4d425cff-1566-4274-8e22-096e289be423,VK50VE,5026,390,17,,8,32,500,0,0d3d5d9e-023f-4b96-a217-fd28bd596a71,,
d19e6fa8-d5a8-466f-a4bc-b91aeb7e206d,VK56DE,5552,305,17,,8,32,520,0,0d3d5d9e-023f-4b96-a217-fd28bd596a71,,
cfefdf60-d19a-4c13-9964-9b169ace9868,VK56VD,5552,390,17,,8,32,530,0,0d3d5d9e-023f-4b96-a217-fd28bd596a71,,
e578ddd1-bea2-42d7-ab0d-f5cfd1340a4c,VK56VD,5552,408,17,,8,32,550,0,0d3d5d9e-023f-4b96-a217-fd28bd596a71,,
81392711-85d2-4c52-96d5-78c502e8b27d,VQ20DE,1995,140,17,,6,24,175,16,0d3d5d9e-023f-4b96-a217-fd28bd596a71,,
fba01a0d-6e84-4456-b9aa-64ea6961b3be,VQ23DE,2349,173,17,,6,24,225,16,0d3d5d9e-023f-4b96-a217-fd28bd596a71,,59475535-055f-41a0-ab0f-f96828ebfce4
95218f00-d288-4ae3-815b-6a40c5d601d6,VQ25DE,2495,190,17,,6,24,235,16,0d3d5d9e-023f-4b96-a217-fd28bd596a71,,
e922d217-08f8-4523-9c81-1f8900d70c4f,VQ25DE,2495,185,17,,6,24,230,16,0d3d5d9e-023f-4b96-a217-fd28bd596a71,,59475535-055f-41a0-ab0f-f96828ebfce4
f602ab4b-fee9-43b6-80cc-e942b9ed2d03,VQ25DET,2495,280,17,,6,24,410,16,0d3d5d9e-023f-4b96-a217-fd28bd596a71,,59475535-055f-41a0-ab0f-f96828ebfce4
08e61f34-f878-4996-9012-59b83b738827,VQ25DD,2495,210,17,,6,24,265,16,0d3d5d9e-023f-4b96-a217-fd28bd596a71,,a7e152ac-3951-4417-b6b9-449734ba5188
42240712-f751-4932-83d7-6128bd298714,VQ25HR,2495,220,17,,6,24,250,0,0d3d5d9e-023f-4b96-a217-fd28bd596a71,,
b958b82f-23c8-4a1a-8d37-0c45fdcb393d,VQ30DE,2987,190,17,,6,24,270,16,0d3d5d9e-023f-4b96-a217-fd28bd596a71,,
0eaea262-9e8a-48cc-b5fa-60dba0777241,VQ30DE,2987,220,17,,6,24,290,16,0d3d5d9e-023f-4b96-a217-fd28bd596a71,,
aa9ea4d5-7b35-4092-b04e-4d8b2ec86029,VQ30DET,2987,270,17,,6,24,365,16,0d3d5d9e-023f-4b96-a217-fd28bd596a71,,
b9a64527-e9ee-43f3-99c2-28742a7df8bb,VQ30DD,2987,230,17,,6,24,295,16,0d3d5d9e-023f-4b96-a217-fd28bd596a71,,a7e152ac-3951-4417-b6b9-449734ba5188
716d95a4-4cb3-4831-adc6-77c0ed65c039,VQ35DE,3498,215,17,,6,24,315,0,0d3d5d9e-023f-4b96-a217-fd28bd596a71,,
e8c5b527-795b-499c-b9e9-a03732bf5dc8,VQ35DD,3498,284,17,,6,24,351,2,0d3d5d9e-023f-4b96-a217-fd28bd596a71,,a7e152ac-3951-4417-b6b9-449734ba5188
9b1e1c71-7873-44fb-821e-84acd381b97a,VQ35HR,3498,300,17,,6,24,340,0,0d3d5d9e-023f-4b96-a217-fd28bd596a71,,
5ee52ee8-4021-477e-9130-111c824937d1,VQ37VHR,3696,325,17,,6,24,360,0,0d3d5d9e-023f-4b96-a217-fd28bd596a71,,
f56da7f2-8799-4f7d-82a0-d1787fca22bb,VQ40DE,3954,260,17,,6,24,380,0,0d3d5d9e-023f-4b96-a217-fd28bd596a71,,
673a6a0c-01c4-45f7-a5c2-fc685991e81a,VR30DDTT,2997,300,17,,6,24,400,2,0d3d5d9e-023f-4b96-a217-fd28bd596a71,,
a2844f7d-84b3-4e60-ac1d-51dd472d114e,VR38DETT,3799,480,17,,6,24,580,2,0d3d5d9e-023f-4b96-a217-fd28bd596a71,,bf8d33a1-0029-4a6b-b1e4-f42c93b2d062
a3bbc616-57b5-45b9-be83-57d2f6a129dc,CD17,1680,55,18,,4,8,104,1,0d3d5d9e-023f-4b96-a217-fd28bd596a71,,
c54d47cf-a89e-4839-94e8-a69f59bbc6b8,CD20,1973,75,18,,4,8,132,1,0d3d5d9e-023f-4b96-a217-fd28bd596a71,,
2dc9c001-73d5-48f0-b116-66445a83de0d,CD20T,1973,90,34,,4,8,174,1,0d3d5d9e-023f-4b96-a217-fd28bd596a71,,
944c32d5-462e-4cf5-a36b-a48b92d430f1,QD32,3153,100,18,,4,8,210,4,0d3d5d9e-023f-4b96-a217-fd28bd596a71,,
33f2c13f-29f6-4e3b-ab21-cafe2bd78336,QD32ETi,3153,150,18,,4,8,340,4,0d3d5d9e-023f-4b96-a217-fd28bd596a71,,
acfec6d6-5fa8-42be-9d08-6b02b36b9b74,RD28,2825,95,18,,6,12,175,1,0d3d5d9e-023f-4b96-a217-fd28bd596a71,,
69748257-3e58-446e-b301-3910636b9188,RD28T,2825,115,18,,6,12,235,1,0d3d5d9e-023f-4b96-a217-fd28bd596a71,,
8d90d9a3-29af-4abe-9198-537786b17e12,RD28ETi,2825,130,18,,6,12,250,1,0d3d5d9e-023f-4b96-a217-fd28bd596a71,,
cd7004ae-7ec4-4578-850f-f05825499378,TD23,2289,75,18,,4,8,150,4,0d3d5d9e-023f-4b96-a217-fd28bd596a71,,
c65b7873-0b0d-4c12-a706-b318f0ce0759,TD25,2488,75,18,,4,8,160,4,0d3d5d9e-023f-4b96-a217-fd28bd596a71,,
c6df2879-6eaa-40fd-93ac-96bb25968996,TD27,2663,80,18,,4,8,175,4,0d3d5d9e-023f-4b96-a217-fd28bd596a71,,
a383314e-290e-4036-914d-ea3f0ee9beb3,TD27T,2663,100,18,,4,8,215,4,0d3d5d9e-023f-4b96-a217-fd28bd596a71,,
fc59c5c9-e706-456b-9729-0836053797c6,TD27Ti,2663,125,18,,4,8,245,4,0d3d5d9e-023f-4b96-a217-fd28bd596a71,,
13b85b2a-f432-4af4-9d9f-ab902d45fae6,TD27ETi,2663,130,34,,4,8,280,4,0d3d5d9e-023f-4b96-a217-fd28bd596a71,,
ca7487a9-7ee6-4b36-a7cb-d60418a8bbb3,TD42,4169,115,18,,6,12,265,4,0d3d5d9e-023f-4b96-a217-fd28bd596a71,,
a85b9f71-6b6d-4450-a9ff-b0e7c82eb1ed,TD42T,4169,145,18,,6,12,330,4,0d3d5d9e-023f-4b96-a217-fd28bd596a71,,
819ed5d0-ace8-41f9-9ea5-1224f7d057b3,YD22DD,2184,79,18,,4,16,157,8,0d3d5d9e-023f-4b96-a217-fd28bd596a71,,
41ddceca-50c4-4293-abcf-b05228cda3aa,YD22DDT,2184,110,18,,4,16,230,8,0d3d5d9e-023f-4b96-a217-fd28bd596a71,,
39977804-b94a-4a3a-9e15-6c7f123869be,YD22DDTi,2184,114,18,,4,16,247,8,0d3d5d9e-023f-4b96-a217-fd28bd596a71,,
e33455d3-bf6c-43b6-b058-41b40abd08f1,YD22DDTi,2184,130,18,,4,16,300,8,0d3d5d9e-023f-4b96-a217-fd28bd596a71,,
ea72b5f3-e4e9-4a30-bed1-4dc21dda7225,YD25DDTi,2488,150,18,,4,16,280,8,0d3d5d9e-023f-4b96-a217-fd28bd596a71,,
c568d7b4-776e-416e-b7ee-7dc7924b8636,YD25DDTi,2488,110,18,,4,16,260,8,0d3d5d9e-023f-4b96-a217-fd28bd596a71,,
05e11263-0fcc-481e-b1a8-9b6e3b9b8a38,ZD30DD,2953,105,18,,4,16,210,2,0d3d5d9e-023f-4b96-a217-fd28bd596a71,,
d989d101-44d0-44ba-90bc-ef2218ca5e1d,ZD30DDT,2953,110,34,,4,16,315,2,0d3d5d9e-023f-4b96-a217-fd28bd596a71,,
78d59cc3-ba6d-4a58-96f0-4aacb47a9e84,ZD30DDTi,2953,120,34,,4,16,260,2,0d3d5d9e-023f-4b96-a217-fd28bd596a71,,
b21241e6-2132-4c7f-87de-b726f550bf6b,6VD1,3165,175,17,,6,12,260,1,e2440330-27e9-40e5-91e2-19504ac1cc63,,
17e27f08-8f6e-4e60-b5c0-73589f0b8091,6VD1,3165,195,17,,6,24,265,1,e2440330-27e9-40e5-91e2-19504ac1cc63,,
412071c0-ff38-476d-95f7-3e31870c0e25,6VE1,3494,215,17,,6,24,310,1,e2440330-27e9-40e5-91e2-19504ac1cc63,,
193615a9-6d21-40c8-8628-79ceebfa168b,4ZD1,2255,90,17,,4,8,165,1,e2440330-27e9-40e5-91e2-19504ac1cc63,,
75557c70-2e5b-460a-8bc6-775be622af3b,4ZE1,2559,110,17,,4,8,195,1,e2440330-27e9-40e5-91e2-19504ac1cc63,,
a02a88b9-ac47-4a49-97fa-7aca7aaa51a1,4JB1,2771,87,18,,4,8,180,4,e2440330-27e9-40e5-91e2-19504ac1cc63,,
49b454c2-e8c8-4a6c-8c7e-0a7e232f153d,4JB1,2771,95,18,,4,8,220,1,e2440330-27e9-40e5-91e2-19504ac1cc63,,
f9c47274-6789-4ed7-b462-c7be288caac1,4JJ1,2999,146,18,,4,16,294,6,e2440330-27e9-40e5-91e2-19504ac1cc63,,
bd6e1435-4bf8-40ee-bec1-10509cb8320b,4JJ1,2999,163,18,,4,16,360,6,e2440330-27e9-40e5-91e2-19504ac1cc63,,
83cd2314-3d38-410f-930e-8d639c16a9de,4JJ1,2999,177,18,,4,16,430,6,e2440330-27e9-40e5-91e2-19504ac1cc63,,
835bc5a1-3991-4858-b48b-d645011ac004,4JJ3,2999,190,18,,4,16,450,6,e2440330-27e9-40e5-91e2-19504ac1cc63,,
e677bea0-3841-4639-b446-5bcb06acdca4,4JX1,2999,145,18,,4,16,295,1,e2440330-27e9-40e5-91e2-19504ac1cc63,,
a69e6a14-d1e0-4693-aab2-5ef984655ff2,4JG2,3059,95,18,,4,8,185,4,e2440330-27e9-40e5-91e2-19504ac1cc63,,
960ac4bf-2b94-4883-b05c-f7f2fcf67607,4JG2,3059,115,18,,4,8,270,1,e2440330-27e9-40e5-91e2-19504ac1cc63,,
bd4fcbbd-4b61-42c9-87cb-f42f9912bf8e,F1A,2287,95,18,,4,16,240,3,7083572b-716f-46e9-857d-f212960bf4ae,,
4a9a5b87-810f-490c-a536-68b1da77b705,F1A,2287,97,18,,4,16,240,3,7083572b-716f-46e9-857d-f212960bf4ae,,
bf3a7298-1685-4ae8-97cd-9a28b1ed3eee,F1A,2287,106,18,,4,16,270,3,7083572b-716f-46e9-857d-f212960bf4ae,,
551761b7-0bbf-4ca4-8e7c-8d045a59215b,F1A,2287,116,18,,4,16,320,3,7083572b-716f-46e9-857d-f212960bf4ae,,
e24a0eb4-563d-41a5-b1b8-ca04565c8e56,F1C,2998,136,18,,4,16,350,2,7083572b-716f-46e9-857d-f212960bf4ae,,
383fb95a-9e09-43b6-b155-212be6d89095,F1C,2998,145,18,,4,16,350,2,7083572b-716f-46e9-857d-f212960bf4ae,,
c6302ca4-c9cc-43ae-887d-0b4a1568776c,F1C,2998,163,34,,4,16,380,2,7083572b-716f-46e9-857d-f212960bf4ae,,
c8d15811-958f-48f3-a276-734102ccd4ee,HFC4GA33D,1997,136,17,,4,16,180,1,3252ed59-13d6-4a75-a3d4-68e111f5f0e8,,
788d54bc-301d-4691-b71c-5fd50c33a007,HFC4GA31D,1997,150,17,,4,16,235,1,3252ed59-13d6-4a75-a3d4-68e111f5f0e8,,
e373b3c8-cb52-4d8a-b821-f1309c3e4b6f,HFC4GA34D,1997,176,17,,4,16,280,1,3252ed59-13d6-4a75-a3d4-68e111f5f0e8,,
dc3b1a90-c488-4d9d-aff4-64409ee02783,HFC4GB23D,1499,113,17,,4,16,146,2,3252ed59-13d6-4a75-a3d4-68e111f5f0e8,,
095fc6e5-0cd8-4606-80f0-6f685e2f387d,HFC4GB23E,1499,111,17,,4,16,146,2,3252ed59-13d6-4a75-a3d4-68e111f5f0e8,,
2d59f7b2-141e-46db-a3ec-dac1fc680431,HFC4GB24D,1499,136,17,,4,16,200,2,3252ed59-13d6-4a75-a3d4-68e111f5f0e8,,
cb2a7191-151e-4397-90e8-43b075d04ffa,HFC4GB24E,1499,136,17,,4,16,200,2,3252ed59-13d6-4a75-a3d4-68e111f5f0e8,,
7bcd0d3e-581b-45d4-bec9-3e5f406edd46,HFC4GB33D,1590,109,17,,4,16,146,2,3252ed59-13d6-4a75-a3d4-68e111f5f0e8,,
1597c2f2-b49d-4b4d-be0e-54ba1a14d27e,HFC4GC16D,1499,174,17,,4,16,251,2,3252ed59-13d6-4a75-a3d4-68e111f5f0e8,,d99c0166-da88-43ea-99ef-b28892735799
7963403a-b9e9-4bac-b227-d18296a2cb17,HFC4GC16E,1499,150,17,,4,16,250,2,3252ed59-13d6-4a75-a3d4-68e111f5f0e8,,d99c0166-da88-43ea-99ef-b28892735799
759e996d-9e5d-4830-8fb1-62ae8af59ceb,HFC4DB1-2D,1947,139,18,,4,16,310,2,3252ed59-13d6-4a75-a3d4-68e111f5f0e8,,
0e63ff7a-37db-4d56-bf55-40d746619746,HFC4DB21D1,1999,136,18,,4,16,320,2,3252ed59-13d6-4a75-a3d4-68e111f5f0e8,,
e79c5451-8820-4961-a2fd-318dd7694985,HFC4DB22E,1999,150,34,,4,16,360,2,3252ed59-13d6-4a75-a3d4-68e111f5f0e8,,
6df7acc1-5516-47a3-ab3c-a4ac6c655832,HFC4DB22E1,1999,170,34,,4,16,410,2,3252ed59-13d6-4a75-a3d4-68e111f5f0e8,,
30f3944f-d8d7-4fa9-b4a4-300d4032d7f9,HFC4DE1-1D,2746,150,18,,4,16,355,2,3252ed59-13d6-4a75-a3d4-68e111f5f0e8,,
938335eb-962e-405a-9c24-5f657c920542,AJ20,2099,156,17,,6,24,196,2,2d0d46d1-d48a-4f44-92dc-8c2ae8431790,,
e946af70-d660-41a4-ac13-255ccd627655,AJ25,2495,195,17,,6,24,240,2,2d0d46d1-d48a-4f44-92dc-8c2ae8431790,,
2fe88168-c152-4955-a925-1f9dcfb8ec4c,AJ30,2967,230,17,,6,24,280,2,2d0d46d1-d48a-4f44-92dc-8c2ae8431790,,
601c538e-a017-489c-93e5-f6befcba06c6,AJ126,2995,340,17,,6,24,450,2,2d0d46d1-d48a-4f44-92dc-8c2ae8431790,,
d0619ce2-c728-4a78-8428-2e0c76ace8e9,AJ27,3996,290,17,,8,32,393,2,2d0d46d1-d48a-4f44-92dc-8c2ae8431790,,cc9692dc-dc85-4380-9981-ed7cfc495741
c163a8af-668e-4d45-a355-682b20160e31,AJ27,3248,240,17,,8,32,316,2,2d0d46d1-d48a-4f44-92dc-8c2ae8431790,,
5c05f4c1-1126-4d8a-94c7-a6cf8cdd1aa5,AJ27S,3996,360,17,,8,32,505,2,2d0d46d1-d48a-4f44-92dc-8c2ae8431790,,
46718b47-2be9-4d17-8c50-b9fa4aff9d63,AJ28,3996,276,17,,8,32,378,2,2d0d46d1-d48a-4f44-92dc-8c2ae8431790,,
40bedf43-689a-4b61-803d-01da1f99cec3,AJ33,3555,258,17,,8,32,335,2,2d0d46d1-d48a-4f44-92dc-8c2ae8431790,,
e893cbae-fee9-4504-8cb4-1a5b572a959c,AJ33,4196,298,17,,8,32,411,2,2d0d46d1-d48a-4f44-92dc-8c2ae8431790,,
587f67da-5e69-457a-8519-384fa84b1128,AJ33S,4196,395,17,,8,32,540,2,2d0d46d1-d48a-4f44-92dc-8c2ae8431790,,
375b23a9-c58c-4579-a9c4-b0dc372e22ff,AJ34,4196,305,17,,8,32,420,2,2d0d46d1-d48a-4f44-92dc-8c2ae8431790,,cc9692dc-dc85-4380-9981-ed7cfc495741
9ac982ef-be9e-4641-97dd-f8fa45b7279b,AJ34S,4196,420,17,,8,32,560,2,2d0d46d1-d48a-4f44-92dc-8c2ae8431790,,cc9692dc-dc85-4380-9981-ed7cfc495741
a4cc3d43-709e-4bdc-858d-55b89130bfc0,AJ133,4999,385,17,,8,32,515,2,2d0d46d1-d48a-4f44-92dc-8c2ae8431790,,
2cbed173-b1dc-4184-9b4d-2f56b30c4e48,AJ133S,4999,450,17,,8,32,580,2,2d0d46d1-d48a-4f44-92dc-8c2ae8431790,,
e17b58e3-29fc-4032-80b2-7d3cecc80335,204PT,1999,200,17,,4,16,300,2,2d0d46d1-d48a-4f44-92dc-8c2ae8431790,,4584b820-eb6b-4d16-b4bf-f1e8c9230f2a
23f842e3-07cd-43ce-9ca9-e7c220a029c6,AJ20P3,1498,160,17,,3,12,260,2,2d0d46d1-d48a-4f44-92dc-8c2ae8431790,,6d1a9fa7-eb2a-4920-99fa-37877cf25ebd
5ecee17a-47e7-44bc-8452-a4e41c1933a1,AJ20P4,1997,200,17,,4,16,320,2,2d0d46d1-d48a-4f44-92dc-8c2ae8431790,,
d42d90d2-b7b9-4201-b960-1257ba671ea1,AJ20P6,2996,340,17,,6,24,480,2,2d0d46d1-d48a-4f44-92dc-8c2ae8431790,,6d1a9fa7-eb2a-4920-99fa-37877cf25ebd
9a4a3d37-2c7e-4d7d-a8f3-8156a1adb951,224DT,2179,150,18,,4,16,400,3,2d0d46d1-d48a-4f44-92dc-8c2ae8431790,,
fa073f5a-6ec0-464f-be13-7bb183325762,AJD,2720,207,18,,6,24,435,9,2d0d46d1-d48a-4f44-92dc-8c2ae8431790,,
e95e9d55-b96f-410b-a566-fab53d956439,AJV6D,2993,240,18,,6,24,500,9,2d0d46d1-d48a-4f44-92dc-8c2ae8431790,,
5ac2291c-2bb3-4ee6-91ec-09a4a8bad3cf,AJ20D4,1999,150,18,,4,16,380,2,2d0d46d1-d48a-4f44-92dc-8c2ae8431790,,
8eb5fd71-c112-43c4-afa2-2406e08f041e,AJ20D4,1999,200,18,,4,16,430,2,2d0d46d1-d48a-4f44-92dc-8c2ae8431790,,
bd6d6d19-d90b-4150-8d46-2dd3892f303b,AJ21D4,1997,163,18,,4,16,380,2,2d0d46d1-d48a-4f44-92dc-8c2ae8431790,,
af75b945-8024-4d95-95b5-d6022f66a87f,AJ20D6,2997,300,18,,6,24,650,2,2d0d46d1-d48a-4f44-92dc-8c2ae8431790,,
67a63373-ea71-4147-bca8-abc1bc87a287,EPE,2464,105,17,,4,8,179,2,29bdb2ad-56e0-4d77-8394-d352ba38ae18,,
d1f3ac50-5288-4a48-9dac-456a686be670,EPE,2464,117,17,,4,8,183,2,29bdb2ad-56e0-4d77-8394-d352ba38ae18,,
fa7b39d0-323b-4465-a463-4a75d26af189,EPE,2464,120,17,,4,8,190,2,29bdb2ad-56e0-4d77-8394-d352ba38ae18,,
cff24839-2683-45de-a3e7-5cb1a2070050,ERH,3964,175,17,,6,12,300,2,29bdb2ad-56e0-4d77-8394-d352ba38ae18,,
6e07feb6-df60-447f-8c2e-0ff4515f9d43,EJH,1598,110,17,,4,16,152,2,29bdb2ad-56e0-4d77-8394-d352ba38ae18,,
664c76a2-80d8-4928-99ef-d99c32496b96,EZB,5654,325,17,,8,16,500,2,29bdb2ad-56e0-4d77-8394-d352ba38ae18,,
93cefab1-f349-44d0-a870-bb60a2eb291c,EZH,5654,355,17,,8,16,525,2,29bdb2ad-56e0-4d77-8394-d352ba38ae18,,91b9524a-8626-45c7-853f-6c92be6a38f0
07ac60ff-eebc-45b0-b40a-f367e602c79d,ESF,6059,425,17,,8,16,570,2,29bdb2ad-56e0-4d77-8394-d352ba38ae18,,91b9524a-8626-45c7-853f-6c92be6a38f0
db794ecb-93dd-498d-90b5-73a8ba4117a7,ESG,6407,470,17,,8,16,635,2,29bdb2ad-56e0-4d77-8394-d352ba38ae18,,91b9524a-8626-45c7-853f-6c92be6a38f0
5dc65e64-ffa6-424e-9ed4-925c784e636b,GME-T4,1995,200,17,,4,16,330,2,29bdb2ad-56e0-4d77-8394-d352ba38ae18,,
ca608fa9-44ca-4e47-b58a-71891174c7cb,GME-T4,1995,300,17,,4,16,450,2,29bdb2ad-56e0-4d77-8394-d352ba38ae18,,
aff24bbd-ee38-4112-aa25-b23344278cb6,GME-T4 Evo,1995,329,17,,4,16,450,2,29bdb2ad-56e0-4d77-8394-d352ba38ae18,,
a6cc0664-3c02-480d-a2a4-195884021c61,GME-T6,2993,420,17,,6,24,635,2,29bdb2ad-56e0-4d77-8394-d352ba38ae18,,
290f2b98-00a1-4aa4-818c-b7d7cf76cca2,GME-T6,2993,510,17,,6,24,678,2,29bdb2ad-56e0-4d77-8394-d352ba38ae18,,
b98c35f6-3412-45e5-ab2b-e27ec449816a,ELF,5210,210,17,,8,16,380,2,29bdb2ad-56e0-4d77-8394-d352ba38ae18,,
5172f91d-3a63-40f0-8992-3b7826df18a2,EML,5899,230,17,,8,16,440,2,29bdb2ad-56e0-4d77-8394-d352ba38ae18,,
616602ef-30b4-447c-8b5e-2be232d5441c,EHD,2997,235,17,,6,24,295,2,29bdb2ad-56e0-4d77-8394-d352ba38ae18,,70ffae0b-c1e2-4bcb-91d5-7c62bf26806b
f687456f-6660-43c8-a2de-741e10ad8143,EHB,3239,275,17,,6,24,325,2,29bdb2ad-56e0-4d77-8394-d352ba38ae18,,70ffae0b-c1e2-4bcb-91d5-7c62bf26806b
0e0e4c8f-f88e-4e81-b4f8-4c8ef334aa62,ERB,3604,280,17,,6,24,345,2,29bdb2ad-56e0-4d77-8394-d352ba38ae18,,70ffae0b-c1e2-4bcb-91d5-7c62bf26806b
e793b2cd-b240-4148-86e3-d2bc070092ab,ERC,3604,285,17,,6,24,350,2,29bdb2ad-56e0-4d77-8394-d352ba38ae18,,70ffae0b-c1e2-4bcb-91d5-7c62bf26806b
abe71055-35d1-4403-93d0-02027b5038c5,EKG,3701,200,17,,6,12,305,2,29bdb2ad-56e0-4d77-8394-d352ba38ae18,,
caf227b7-76a7-4bf1-9f9c-3d405063b47f,EVA,4701,230,17,,8,16,390,2,29bdb2ad-56e0-4d77-8394-d352ba38ae18,,
9ba942b6-e0c1-495d-85de-2cfa12adba31,EVС,4701,255,17,,8,16,420,2,29bdb2ad-56e0-4d77-8394-d352ba38ae18,,
57a44df4-3417-4efd-973c-9563f1b6d970,EVE,4701,300,17,,8,16,445,2,29bdb2ad-56e0-4d77-8394-d352ba38ae18,,
c0a050e9-1521-4cb4-8e4b-bd1c7bf6d654,ED6,2360,175,17,,4,16,230,2,29bdb2ad-56e0-4d77-8394-d352ba38ae18,,
5440a990-8cec-479e-bb9b-de7d679b7f1d,ECN,1998,158,17,,4,16,191,2,29bdb2ad-56e0-4d77-8394-d352ba38ae18,,70ffae0b-c1e2-4bcb-91d5-7c62bf26806b
c0b79982-887e-4d3b-a931-8b15354e25a9,ED3,2360,170,17,,4,16,220,2,29bdb2ad-56e0-4d77-8394-d352ba38ae18,,70ffae0b-c1e2-4bcb-91d5-7c62bf26806b
851545ec-b0ce-47ef-90a8-13c21f20abc7,ENE,2143,136,34,,4,16,320,6,29bdb2ad-56e0-4d77-8394-d352ba38ae18,,
a00c12ab-327e-4b42-b75d-4df9e3a781aa,ENF,2685,163,18,,5,20,400,2,29bdb2ad-56e0-4d77-8394-d352ba38ae18,,
709afa95-8b50-455a-bb78-c838de9cfec0,EXL,2987,218,18,,6,24,510,2,29bdb2ad-56e0-4d77-8394-d352ba38ae18,,
76e8bfd3-54dc-416d-9778-6c869bc7a6f5,ENC,2499,112,18,,4,8,260,6,29bdb2ad-56e0-4d77-8394-d352ba38ae18,,
010d9e12-d720-4f5c-b663-ae8dc34cd78f,ENJ,2499,141,18,,4,16,340,1,29bdb2ad-56e0-4d77-8394-d352ba38ae18,,
fe351c41-3bd7-4aab-b589-08e27e300092,ENS,2766,160,18,,4,16,360,1,29bdb2ad-56e0-4d77-8394-d352ba38ae18,,
8569caea-b150-4172-ab73-e503e83a3a9d,ENR,2766,150,18,,4,16,360,1,29bdb2ad-56e0-4d77-8394-d352ba38ae18,,
c5356118-225b-4a22-84f6-0c6cfd4c81c6,EXF,2987,190,18,,6,24,430,2,29bdb2ad-56e0-4d77-8394-d352ba38ae18,,
d38315c4-91de-4353-8e63-fa82661e18b1,EXJ,2987,264,34,,6,24,600,2,29bdb2ad-56e0-4d77-8394-d352ba38ae18,,
587bf145-174b-4b0a-b0ba-b3a708aa5331,EXN,2987,191,18,,6,24,434,2,29bdb2ad-56e0-4d77-8394-d352ba38ae18,,
307af221-46a0-4e10-b37a-e10875642fd0,EXA,3125,140,18,,5,10,385,4,29bdb2ad-56e0-4d77-8394-d352ba38ae18,,
4799b7e5-2e62-4822-83f4-90002b8c4192,ECD,1968,140,18,,4,16,310,1,29bdb2ad-56e0-4d77-8394-d352ba38ae18,,
203842d2-8c38-4844-9095-721db70d067f,ECE,1968,140,18,,4,16,310,1,29bdb2ad-56e0-4d77-8394-d352ba38ae18,,
d7ec4c70-9038-473b-85a0-56e59716e29b,G4EE,1399,75,17,,4,16,125,0,5e9d92a3-da41-4c2c-b862-1c23f160f47a,,
6585cee1-a6c9-44e4-a972-8c2a8cb892ea,G4ED,1599,103,17,,4,16,141,0,5e9d92a3-da41-4c2c-b862-1c23f160f47a,,
5adc4464-e0c5-4ad3-870a-fc4276c89652,G4GB,1795,122,17,,4,16,162,0,5e9d92a3-da41-4c2c-b862-1c23f160f47a,,
f4144df0-c769-4a5c-b275-69b1d471d9d5,G4GC,1975,136,17,,4,16,179,0,5e9d92a3-da41-4c2c-b862-1c23f160f47a,,
dc787609-ad83-4eb9-9c55-1031a1908bfa,G6BV,2493,160,17,,6,24,230,1,5e9d92a3-da41-4c2c-b862-1c23f160f47a,,
08031632-c2b1-495a-859b-43cd4f95f492,G6BA,2656,165,17,,6,24,230,0,5e9d92a3-da41-4c2c-b862-1c23f160f47a,,
40d89de2-f2c1-4589-838e-7df0c0ca53b2,G4HE,999,62,17,,4,12,86,1,5e9d92a3-da41-4c2c-b862-1c23f160f47a,,
b1ab756f-65be-440b-843a-618f19c0e966,G4HG,1086,63,17,,4,12,96,1,5e9d92a3-da41-4c2c-b862-1c23f160f47a,,
1815fae4-01cd-48a6-b409-12f55c1f8e44,G4HG,1086,69,17,,4,12,99,1,5e9d92a3-da41-4c2c-b862-1c23f160f47a,,
a6dc2d9c-bba2-4d93-9103-770355cf11bc,G4FA,1396,99,17,,4,16,135,0,5e9d92a3-da41-4c2c-b862-1c23f160f47a,,
1749def9-e90e-4fc1-85b1-9bdd4e9b3199,G4FL,1497,115,17,,4,16,144,2,5e9d92a3-da41-4c2c-b862-1c23f160f47a,,37e783fe-a847-44da-b467-2d1d6389ab11
a7205584-4d06-4263-b613-8fce5affc0df,G4FS,1497,170,33,,4,16,253,2,5e9d92a3-da41-4c2c-b862-1c23f160f47a,,37e783fe-a847-44da-b467-2d1d6389ab11
9672380d-482b-4ea9-9a74-2af8796b9b74,G4FC,1591,120,17,,4,16,154,0,5e9d92a3-da41-4c2c-b862-1c23f160f47a,,
eafe70d2-a59d-460b-9d8c-d0d39c8ab3b4,G4FD,1591,130,17,,4,16,160,0,5e9d92a3-da41-4c2c-b862-1c23f160f47a,,
85bcd64a-4f73-4743-9aa1-9a587a662093,G4FG,1591,123,17,,4,16,150,0,5e9d92a3-da41-4c2c-b862-1c23f160f47a,,
89e6cddd-4e62-4f3a-94c0-3ffe5917467c,G4FJ,1591,177,17,,4,16,265,0,5e9d92a3-da41-4c2c-b862-1c23f160f47a,,
252e1488-2baa-47cf-ac2d-d297619b412a,G4FM,1598,123,17,,4,16,154,2,5e9d92a3-da41-4c2c-b862-1c23f160f47a,,37e783fe-a847-44da-b467-2d1d6389ab11
2c1985cd-3fd4-4ae8-a76d-505e15d56258,G4FM,1598,122,17,,4,16,153,2,5e9d92a3-da41-4c2c-b862-1c23f160f47a,,37e783fe-a847-44da-b467-2d1d6389ab11
54841d21-d0dd-4c7f-b602-a0151878b39d,G4FP,1598,180,33,,4,16,265,2,5e9d92a3-da41-4c2c-b862-1c23f160f47a,,37e783fe-a847-44da-b467-2d1d6389ab11
befaaf34-664f-4507-9f56-9434e61f6b0b,G4FT,1598,180,33,,4,16,265,2,5e9d92a3-da41-4c2c-b862-1c23f160f47a,,37e783fe-a847-44da-b467-2d1d6389ab11
f43a2d47-960b-4ff8-95ce-9c421e86f318,G3LA,998,67,17,,3,12,95,2,5e9d92a3-da41-4c2c-b862-1c23f160f47a,,37e783fe-a847-44da-b467-2d1d6389ab11
787782b8-75ed-45ec-a849-8a7c0c8a0143,G3LB,998,106,33,,3,12,137,2,5e9d92a3-da41-4c2c-b862-1c23f160f47a,,ee82a598-b227-4727-b91d-10e027810b56
2c711ede-55a6-43d5-9536-704e0583d299,G3LC,998,100,17,,3,12,172,2,5e9d92a3-da41-4c2c-b862-1c23f160f47a,,37e783fe-a847-44da-b467-2d1d6389ab11
95dce1e3-16ac-491e-ba54-e397121c004a,G3LD,998,67,17,,3,12,96,2,5e9d92a3-da41-4c2c-b862-1c23f160f47a,,37e783fe-a847-44da-b467-2d1d6389ab11
b5bb10f8-5516-4c68-ae91-9015c764d9a9,G3LE,998,100,33,,3,12,172,2,5e9d92a3-da41-4c2c-b862-1c23f160f47a,,37e783fe-a847-44da-b467-2d1d6389ab11
3a3f21c9-2d2c-4268-95e6-ceafceffc4d2,G3LF,998,120,33,,3,12,172,2,5e9d92a3-da41-4c2c-b862-1c23f160f47a,,37e783fe-a847-44da-b467-2d1d6389ab11
48c4d4b7-eacf-413a-b76e-5c71085f9ea2,G4LA,1248,78,17,,4,16,118,0,5e9d92a3-da41-4c2c-b862-1c23f160f47a,,
ad2cbfff-37ea-4077-89ee-d12dbc28cc4b,G4LA,1248,85,17,,4,16,121,0,5e9d92a3-da41-4c2c-b862-1c23f160f47a,,
2098d264-a66c-45b4-ac82-ba4f562cd1b8,G4LA,1197,84,17,,4,16,118,0,5e9d92a3-da41-4c2c-b862-1c23f160f47a,,
fae53a65-263e-4c61-bb03-7560d10d1cdf,G4LF,1197,79,17,,4,16,113,2,5e9d92a3-da41-4c2c-b862-1c23f160f47a,,37e783fe-a847-44da-b467-2d1d6389ab11
fece5466-ff85-4470-9e0e-12b3e3afe903,G4LC,1368,100,17,,4,16,133,0,5e9d92a3-da41-4c2c-b862-1c23f160f47a,,
17d0547b-7d56-4195-87a5-3a6ae398939f,G4LD,1353,130,17,,4,16,212,0,5e9d92a3-da41-4c2c-b862-1c23f160f47a,,
92714069-37d8-4aa7-8765-a9d5fb4dbf82,G4LH,1482,150,33,,4,16,253,2,5e9d92a3-da41-4c2c-b862-1c23f160f47a,,37e783fe-a847-44da-b467-2d1d6389ab11
eecd28a9-55de-43e7-baef-a916df150008,G4LE,1580,105,17,,4,16,147,2,5e9d92a3-da41-4c2c-b862-1c23f160f47a,,37e783fe-a847-44da-b467-2d1d6389ab11
77b6b0f9-409d-4a7b-856c-30a7c8b37381,G6DG,2999,250,17,,6,24,300,2,5e9d92a3-da41-4c2c-b862-1c23f160f47a,,37e783fe-a847-44da-b467-2d1d6389ab11
4dc937f1-b342-428a-9b90-104243fa0a4c,G6DL,2999,265,17,,6,24,308,2,5e9d92a3-da41-4c2c-b862-1c23f160f47a,,37e783fe-a847-44da-b467-2d1d6389ab11
e5d049a3-f93d-483c-a2f5-6894e89617e0,G6DB,3342,233,17,,6,24,304,0,5e9d92a3-da41-4c2c-b862-1c23f160f47a,,
0850d596-fb91-4f58-a629-3ba419a6f89a,G6DF,3342,270,17,,6,24,318,2,5e9d92a3-da41-4c2c-b862-1c23f160f47a,,37e783fe-a847-44da-b467-2d1d6389ab11
7afdf35d-e682-4e4f-9e5e-59294bfb6edd,G6DH,3342,282,17,,6,24,337,2,5e9d92a3-da41-4c2c-b862-1c23f160f47a,,37e783fe-a847-44da-b467-2d1d6389ab11
4c5449fe-d5ff-4bce-a888-10e95da84882,G6DM,3342,285,17,,6,24,336,2,5e9d92a3-da41-4c2c-b862-1c23f160f47a,,37e783fe-a847-44da-b467-2d1d6389ab11
f14dd849-3f40-4655-b14a-a761176e914a,G6DP,3342,365,17,,6,24,510,2,5e9d92a3-da41-4c2c-b862-1c23f160f47a,,37e783fe-a847-44da-b467-2d1d6389ab11
b1e21283-d2ed-49a4-887e-1bb7e92379cc,G6DC,3470,250,17,,6,24,336,2,5e9d92a3-da41-4c2c-b862-1c23f160f47a,,37e783fe-a847-44da-b467-2d1d6389ab11
1ac4a304-e744-47f6-bf2c-8f34b09ee3a9,G6DT,3470,300,17,,6,24,359,2,5e9d92a3-da41-4c2c-b862-1c23f160f47a,,37e783fe-a847-44da-b467-2d1d6389ab11
e94d1713-149c-4283-8498-cca114b3e862,G6DU,3470,250,17,,6,24,331,2,5e9d92a3-da41-4c2c-b862-1c23f160f47a,,37e783fe-a847-44da-b467-2d1d6389ab11
967bdced-ad0f-43cd-8a6f-13926d4bdf0c,G6DA,3778,240,17,,6,24,343,0,5e9d92a3-da41-4c2c-b862-1c23f160f47a,,
bbc534b1-9da9-4258-9334-bd30f8ca996a,G6DJ,3778,311,17,,6,24,395,2,5e9d92a3-da41-4c2c-b862-1c23f160f47a,,37e783fe-a847-44da-b467-2d1d6389ab11
faed5752-3789-4634-973b-563708d96550,G6DK,3778,290,17,,6,24,358,2,5e9d92a3-da41-4c2c-b862-1c23f160f47a,,37e783fe-a847-44da-b467-2d1d6389ab11
94d674f1-031a-483c-b2cd-1347b7ab3235,G6DN,3778,290,17,,6,24,355,2,5e9d92a3-da41-4c2c-b862-1c23f160f47a,,37e783fe-a847-44da-b467-2d1d6389ab11
b93580d5-ae1b-4544-8927-d254e3451750,G6EA,2656,185,17,,6,24,245,0,5e9d92a3-da41-4c2c-b862-1c23f160f47a,,
6e962cbc-2853-42e0-b736-7f2e0e907e5b,G4NB,1797,150,17,,4,16,178,0,5e9d92a3-da41-4c2c-b862-1c23f160f47a,,
3ed45f06-6d00-46bc-8d2a-3fa7f8a8204e,G4NA,1999,150,17,,4,16,190,0,5e9d92a3-da41-4c2c-b862-1c23f160f47a,,
1e11698f-e28e-4368-b26c-06901be3cdc2,G4NC,1999,150,17,,4,16,192,0,5e9d92a3-da41-4c2c-b862-1c23f160f47a,,
ca195b26-f1ce-4193-b221-e0a6eb3d7c11,G4ND,1999,150,17,,4,16,195,0,5e9d92a3-da41-4c2c-b862-1c23f160f47a,,
d195bad8-dc2b-4443-ab22-1627505afb19,G4NE,1999,150,17,,4,16,180,2,5e9d92a3-da41-4c2c-b862-1c23f160f47a,,37e783fe-a847-44da-b467-2d1d6389ab11
1f8652ee-1077-47a7-9aed-4682f3d29b5d,G4NG,1999,154,17,,4,16,190,2,5e9d92a3-da41-4c2c-b862-1c23f160f47a,,37e783fe-a847-44da-b467-2d1d6389ab11
3ba07865-040e-4846-84c8-b030771b8eb1,G4NH,1999,149,17,,4,16,180,2,5e9d92a3-da41-4c2c-b862-1c23f160f47a,,
ccb60b0d-62c4-47b9-9928-e0c2702a1b44,G4NL,1999,150,17,,4,16,191,0,5e9d92a3-da41-4c2c-b862-1c23f160f47a,,
673cab70-1f86-4d8b-b109-8c73600a1ef5,G4NN,1975,233,33,,4,16,353,2,5e9d92a3-da41-4c2c-b862-1c23f160f47a,,37e783fe-a847-44da-b467-2d1d6389ab11
480f10d7-2e2e-4c7a-99c7-7fec016550b5,G6CT,2972,185,17,,6,24,250,1,5e9d92a3-da41-4c2c-b862-1c23f160f47a,,
bffe3738-cf3e-4973-9cce-205c8d0b5212,G6CU,3497,195,17,,6,24,290,0,5e9d92a3-da41-4c2c-b862-1c23f160f47a,,
f72dde9a-a13a-4ad0-b143-53624d19aa80,G4JN,1836,125,17,,4,16,170,1,5e9d92a3-da41-4c2c-b862-1c23f160f47a,,
5b437670-0160-4398-a0be-0ab09c2ecfe2,G4CP,1997,95,17,,4,8,155,1,5e9d92a3-da41-4c2c-b862-1c23f160f47a,,
e2702f7a-e995-4d8b-96be-fb3bf9893aaa,G4CP,1997,125,17,,4,16,165,1,5e9d92a3-da41-4c2c-b862-1c23f160f47a,,
1f5a9cb5-a741-42c2-baf7-deff7c544297,G4JP,1997,130,17,,4,16,175,0,5e9d92a3-da41-4c2c-b862-1c23f160f47a,,
baa0b3e6-e257-4829-9d22-2ea8f4938983,G4JS,2351,140,17,,4,16,190,0,5e9d92a3-da41-4c2c-b862-1c23f160f47a,,
2e2c3412-6ee2-46a6-bbfb-6c667184806f,G8BA,4627,340,17,,8,32,435,2,5e9d92a3-da41-4c2c-b862-1c23f160f47a,,37e783fe-a847-44da-b467-2d1d6389ab11
1d9d00ed-3d4c-4f24-bbc5-33b4fb62346a,G8BE,5038,415,17,,8,32,505,2,5e9d92a3-da41-4c2c-b862-1c23f160f47a,,37e783fe-a847-44da-b467-2d1d6389ab11
de61b260-0c02-4026-8a2e-ca42721dd7d4,G4KA,1998,144,17,,4,16,187,0,5e9d92a3-da41-4c2c-b862-1c23f160f47a,,
27d8976c-85c6-4e7a-8218-b1e043e35714,G4KD,1998,145,17,,4,16,190,0,5e9d92a3-da41-4c2c-b862-1c23f160f47a,,
ecfab4ef-b6e6-4b42-a234-3c4f66eb848a,G4KH,1998,240,17,,4,16,353,0,5e9d92a3-da41-4c2c-b862-1c23f160f47a,,
467d737f-85a9-44c0-839a-42a8de620e98,G4KL,1998,250,17,,4,16,353,2,5e9d92a3-da41-4c2c-b862-1c23f160f47a,,37e783fe-a847-44da-b467-2d1d6389ab11
0a4e05c8-ac84-495d-b8d6-bbe895db8e55,G4KC,2359,160,17,,4,16,219,0,5e9d92a3-da41-4c2c-b862-1c23f160f47a,,
93976d8e-a0d9-418c-abeb-5e01f75b7104,G4KE,2359,170,17,,4,16,220,0,5e9d92a3-da41-4c2c-b862-1c23f160f47a,,
397d203c-a9d4-492d-9b0d-6ee7a8e65f95,G4KJ,2359,180,17,,4,16,231,0,5e9d92a3-da41-4c2c-b862-1c23f160f47a,,
a136c02f-0c66-4b73-aca5-0641e18d1b2b,G4KK,2359,169,17,,4,16,212,2,5e9d92a3-da41-4c2c-b862-1c23f160f47a,,37e783fe-a847-44da-b467-2d1d6389ab11
b18d0415-41f7-402c-97c8-f28fb36f9a11,G4KM,2497,180,17,,4,16,232,2,5e9d92a3-da41-4c2c-b862-1c23f160f47a,,37e783fe-a847-44da-b467-2d1d6389ab11
53360df5-2426-4a54-8eca-6f8f9adb18c3,G4KN,2497,194,17,,4,16,246,2,5e9d92a3-da41-4c2c-b862-1c23f160f47a,,
641822ec-e82d-4e8a-9f96-a47c861f808c,G4KP,2497,280,33,,4,16,422,2,5e9d92a3-da41-4c2c-b862-1c23f160f47a,,37e783fe-a847-44da-b467-2d1d6389ab11
ce328aef-3c9e-4e97-b87c-08e25233c7bc,G4KR,2497,304,33,,4,16,422,2,5e9d92a3-da41-4c2c-b862-1c23f160f47a,,37e783fe-a847-44da-b467-2d1d6389ab11
0af1bb7e-fd5c-4b10-967a-bde92f0af47f,A3E,1343,75,17,,4,8,113,1,5e9d92a3-da41-4c2c-b862-1c23f160f47a,,
f7da26da-a43f-428e-8d3b-3c2276a4b8f6,A5D,1493,98,17,,4,16,135,1,5e9d92a3-da41-4c2c-b862-1c23f160f47a,,
1de2d3bf-8674-4fa5-ac05-2f2767af622e,BFD,1498,88,17,,4,16,135,1,5e9d92a3-da41-4c2c-b862-1c23f160f47a,,
bd5083fe-13e4-44d8-a99f-c384ce5e8172,S5D,1493,95,17,,4,16,132,1,5e9d92a3-da41-4c2c-b862-1c23f160f47a,,
d1b3a24c-9de1-4c66-9bd3-65c423656795,A6D,1594,100,17,,4,16,140,1,5e9d92a3-da41-4c2c-b862-1c23f160f47a,,
0d8c2907-607a-4ca2-ba9f-524317202711,S6D,1594,101,17,,4,16,141,1,5e9d92a3-da41-4c2c-b862-1c23f160f47a,,
a1489ef5-52b6-44f5-8be7-66ed41ce01e0,T8D,1793,109,17,,4,16,152,1,5e9d92a3-da41-4c2c-b862-1c23f160f47a,,
bd144e3b-9ee7-4fe3-9c02-439c2c0d42de,FED,1998,128,17,,4,16,171,1,5e9d92a3-da41-4c2c-b862-1c23f160f47a,,
e9b3ef5f-f01f-4acd-9138-1bc832a8656f,FEE,1998,95,17,,4,8,157,1,5e9d92a3-da41-4c2c-b862-1c23f160f47a,,
2b292134-5cd8-4653-9f7c-ccfccc157791,D4CB,2497,116,18,,4,16,314,0,5e9d92a3-da41-4c2c-b862-1c23f160f47a,,
a75f26b1-7ae9-4004-9406-a88fb7722a08,D4EA,1991,112,18,,4,16,235,0,5e9d92a3-da41-4c2c-b862-1c23f160f47a,,
f1a20737-7a2e-4bf6-9bb3-2e25c234ee6f,J3,2902,126,18,,4,16,338,0,5e9d92a3-da41-4c2c-b862-1c23f160f47a,,
20532350-a3ac-497d-9a1d-8abeacf415db,J3,2902,144,18,,4,16,310,0,5e9d92a3-da41-4c2c-b862-1c23f160f47a,,
a8393cde-796b-4597-8d25-fa1f451da51f,D4HA,1995,136,18,,4,16,320,0,5e9d92a3-da41-4c2c-b862-1c23f160f47a,,
fdd0d22e-3e55-4e46-b4d7-c15f13c6a81b,D4HB,2199,150,18,,4,16,412,0,5e9d92a3-da41-4c2c-b862-1c23f160f47a,,
829af85c-7534-4e7f-97ae-123460e29a16,D4HC,2199,202,18,,4,16,441,2,5e9d92a3-da41-4c2c-b862-1c23f160f47a,,
4e256d69-0b04-4c00-b390-c703b452e9a8,D4HE,2151,202,18,,4,16,441,1,5e9d92a3-da41-4c2c-b862-1c23f160f47a,,
f547ce14-b67f-4f1f-9952-86c6e2dbfdc6,D6EA,2959,240,18,,6,24,450,2,5e9d92a3-da41-4c2c-b862-1c23f160f47a,,
997316f0-3581-4623-9924-708d50c0a8c4,D6EB,2959,250,18,,6,24,470,2,5e9d92a3-da41-4c2c-b862-1c23f160f47a,,
f8fe5076-c4a0-4a4c-a062-9c08c00ccdac,D3FA,1120,75,18,,3,12,153,0,5e9d92a3-da41-4c2c-b862-1c23f160f47a,,
4b20eebb-959c-4683-b0d1-692018a6cb0b,D4FC,1396,75,18,,4,16,220,0,5e9d92a3-da41-4c2c-b862-1c23f160f47a,,
ca4f648f-1b72-411a-a9fd-e3258205689b,D4FA,1493,79,18,,4,16,170,0,5e9d92a3-da41-4c2c-b862-1c23f160f47a,,
cf5b3208-f2c6-4a2c-8e50-cd2d8afdefb2,D4FB,1582,90,18,,4,16,235,0,5e9d92a3-da41-4c2c-b862-1c23f160f47a,,
2dab971a-edb2-405c-bf40-5d8828ff2bd2,D4FE,1598,116,18,,4,16,280,1,5e9d92a3-da41-4c2c-b862-1c23f160f47a,,
74e8404a-a289-4f0c-9296-ca6fb74615a4,D4FD,1685,116,18,,4,16,260,0,5e9d92a3-da41-4c2c-b862-1c23f160f47a,,
15d7a34d-fa08-437a-a761-0a8afa6c7a4d,M62,3498,235,17,,8,32,320,2,03e8b02b-6a09-43dd-8b10-a43d52f5b329,,
d945deb9-396a-44a8-8608-eb333a3a3aa5,M62,3498,238,17,,8,32,345,2,03e8b02b-6a09-43dd-8b10-a43d52f5b329,,cb2e749e-85dd-493e-9c7e-c9ce57fbfcaa
c4893aaf-61b7-4f27-99ae-0165e7f3f6a7,M62,4398,286,17,,8,32,420,2,03e8b02b-6a09-43dd-8b10-a43d52f5b329,,
a5db7af9-948b-43e2-b93b-467804f80e4e,M62,4619,347,17,,8,32,480,2,03e8b02b-6a09-43dd-8b10-a43d52f5b329,,4c3894aa-9884-489b-aee1-ab1b9063e8f6
57e09df8-bb01-437f-a6b2-ad336f3e43cf,204PT,1999,200,17,,4,16,300,2,03e8b02b-6a09-43dd-8b10-a43d52f5b329,,4584b820-eb6b-4d16-b4bf-f1e8c9230f2a
e368393c-692f-451b-a42f-26c57e9384a1,406PN,4009,219,17,,6,12,346,2,03e8b02b-6a09-43dd-8b10-a43d52f5b329,,
61e63057-eaeb-4c54-a795-194f32d03b90,306PS,2995,340,17,,6,24,450,2,03e8b02b-6a09-43dd-8b10-a43d52f5b329,,
b19db03a-fcf9-4407-a732-7301aa7f9b2b,428PS,4197,390,17,,8,32,550,2,03e8b02b-6a09-43dd-8b10-a43d52f5b329,,
71fff7be-89a8-44f6-92d0-99c9550edda7,448PN,4394,300,17,,8,32,425,2,03e8b02b-6a09-43dd-8b10-a43d52f5b329,,
79ceb4d3-bd96-4543-9ddd-3f7115c0b48d,508PN,4999,375,17,,8,32,510,2,03e8b02b-6a09-43dd-8b10-a43d52f5b329,,
2acb415b-acc8-4454-946b-14a84f3cb987,508PS,4999,450,17,,8,32,575,2,03e8b02b-6a09-43dd-8b10-a43d52f5b329,,
7658394e-6940-4e12-b11b-b9a2f9b9f276,42D,3946,185,17,,8,16,320,2,03e8b02b-6a09-43dd-8b10-a43d52f5b329,,
a80b18ae-d571-4003-b5b7-b3d14f75e160,46D,4552,218,17,,8,16,377,2,03e8b02b-6a09-43dd-8b10-a43d52f5b329,,
e0f09c6d-dbd1-4d28-be29-606e3400c3cd,306PN,3192,233,17,,6,24,320,2,03e8b02b-6a09-43dd-8b10-a43d52f5b329,,91b9524a-8626-45c7-853f-6c92be6a38f0
732361d3-bd4e-4bc8-8aff-4e987a2f178b,PT153,1498,160,17,,3,12,260,2,03e8b02b-6a09-43dd-8b10-a43d52f5b329,,6d1a9fa7-eb2a-4920-99fa-37877cf25ebd
8dcf091f-a961-4ea9-9711-7ce561bb4fc9,PT204,1997,200,17,,4,16,320,2,03e8b02b-6a09-43dd-8b10-a43d52f5b329,,
86ee7d9f-6c9c-46fe-9134-04d7c0ad96f2,PT306,2996,360,17,,6,24,500,2,03e8b02b-6a09-43dd-8b10-a43d52f5b329,,6d1a9fa7-eb2a-4920-99fa-37877cf25ebd
cc15da66-b49b-45c2-abd8-f616784e1e3f,204D3,1951,109,18,,4,16,260,2,03e8b02b-6a09-43dd-8b10-a43d52f5b329,,
dba1b677-c0ec-4b52-94d1-29d165a940ff,256T,2497,136,18,,6,12,270,2,03e8b02b-6a09-43dd-8b10-a43d52f5b329,,
d7cb42f8-35ab-4dc2-8b9e-9edaa85a1773,306D1,2926,177,18,,6,24,390,2,03e8b02b-6a09-43dd-8b10-a43d52f5b329,,
7612832e-2ced-486d-a0aa-8f3dd3149d81,224DT,2179,150,18,,4,16,400,3,03e8b02b-6a09-43dd-8b10-a43d52f5b329,,
b79b9cc8-e92f-4b10-9f8d-623db0d3cba5,276DT,2720,190,18,,6,24,440,9,03e8b02b-6a09-43dd-8b10-a43d52f5b329,,
ed3d45d5-da2a-4d72-8dee-7c8b68c85c30,276DT,2720,207,18,,6,24,435,9,03e8b02b-6a09-43dd-8b10-a43d52f5b329,,
8190eac3-2c7b-4be2-a218-18032e6cfe52,306DT,2993,211,18,,6,24,520,9,03e8b02b-6a09-43dd-8b10-a43d52f5b329,,
767eb514-2610-4d99-a8b1-44df2cb633e4,306DT,2993,245,18,,6,24,600,9,03e8b02b-6a09-43dd-8b10-a43d52f5b329,,
e3a0bd6e-2e89-439f-963e-f9440a2fc909,368DT,3628,272,18,,8,32,640,2,03e8b02b-6a09-43dd-8b10-a43d52f5b329,,
90d42d7f-132f-405f-aa32-98d924556a0c,448DT,4367,313,18,,8,32,700,2,03e8b02b-6a09-43dd-8b10-a43d52f5b329,,
925ba23e-74e4-4917-9a30-4bea766b3e91,20T2N,1994,98,18,,4,8,210,1,03e8b02b-6a09-43dd-8b10-a43d52f5b329,,
e1a7e4ce-970d-4618-8c38-8a2fde183038,10P,2495,122,18,,5,10,300,8,03e8b02b-6a09-43dd-8b10-a43d52f5b329,,
c795715d-075c-4a7f-8407-dba529c44394,15P,2495,122,18,,5,10,300,8,03e8b02b-6a09-43dd-8b10-a43d52f5b329,,
827dd7a6-b4a7-493a-a3b5-9f6a0fb6750b,200Tdi,2495,107,18,,4,8,265,1,03e8b02b-6a09-43dd-8b10-a43d52f5b329,,
7c61b029-a3fd-4d01-b41e-299972ea82ca,300Tdi,2495,111,18,,4,8,265,1,03e8b02b-6a09-43dd-8b10-a43d52f5b329,,
b72fdf5b-07f0-4e79-9ae5-64774082f966,204DTA,1999,200,18,,4,16,430,2,03e8b02b-6a09-43dd-8b10-a43d52f5b329,,
4d4be499-c541-4097-91b1-d7cd8c528d2a,204DTD,1999,150,18,,4,16,380,2,03e8b02b-6a09-43dd-8b10-a43d52f5b329,,
58ebb6cb-b3a9-48b3-bfeb-86d0beb59163,204DTY,1997,163,18,,4,16,380,2,03e8b02b-6a09-43dd-8b10-a43d52f5b329,,
c3e30875-28e5-40b4-9d3a-62a1e11c871a,DT306,2997,200,18,,6,24,500,2,03e8b02b-6a09-43dd-8b10-a43d52f5b329,,
25033908-5cad-4016-b141-eca4f551fdca,8A-FE,1342,85,17,,4,16,110,1,9aec9657-026a-4893-81a4-eb92584d17b9,,
8e859ea7-660b-48b5-849f-c96a6a0c95ed,3A-U,1452,83,17,,4,8,118,1,9aec9657-026a-4893-81a4-eb92584d17b9,,
8efe675a-59c7-4888-b3a9-12d85a4420f0,5A-F,1498,85,17,,4,16,123,1,9aec9657-026a-4893-81a4-eb92584d17b9,,
bb811a7d-9837-48cc-9a2e-8106fe545d66,5A-FE,1498,95,17,,4,16,125,0,9aec9657-026a-4893-81a4-eb92584d17b9,,
5ed3b94f-581a-42af-9861-3a7a05e4c1a9,5A-FHE,1498,105,17,,4,16,132,1,9aec9657-026a-4893-81a4-eb92584d17b9,,
45698dd5-631f-4873-bb26-c8c96b67267e,4A-F,1587,90,17,,4,16,125,1,9aec9657-026a-4893-81a4-eb92584d17b9,,
eb0ca0fc-668a-47b7-9830-c6b0ed0fdadf,4A-FE,1587,100,17,,4,16,135,0,9aec9657-026a-4893-81a4-eb92584d17b9,,
9d29c773-c406-4ef2-8dfb-7f1aa3e45afc,4A-FHE,1587,110,17,,4,16,142,1,9aec9657-026a-4893-81a4-eb92584d17b9,,
ce1bfe11-608a-4d12-a963-40c621fa69d7,4A-GE,1587,110,17,,4,16,130,0,9aec9657-026a-4893-81a4-eb92584d17b9,,
a7318854-7d3e-4248-9fe8-480fe009e902,4A-GE,1587,160,17,,4,20,160,0,9aec9657-026a-4893-81a4-eb92584d17b9,,
cc170743-a271-4c25-a051-f56212d04e4c,4A-GZE,1587,145,17,,4,16,190,1,9aec9657-026a-4893-81a4-eb92584d17b9,,
35a00b31-47d1-4901-9021-4c093410164d,4A-GZE,1587,165,17,,4,16,210,1,9aec9657-026a-4893-81a4-eb92584d17b9,,
5b7fa2c8-f749-4261-a48c-068701704d86,7A-FE,1762,105,17,,4,16,150,0,9aec9657-026a-4893-81a4-eb92584d17b9,,
a7e853e0-619d-49aa-9620-ae669957bbd6,A25A-FKS,2487,200,17,,4,16,240,2,9aec9657-026a-4893-81a4-eb92584d17b9,,d32434fa-3574-4987-a005-4e42dff501c1
5daf2b50-c652-472d-97e1-bb9b05842dab,A25A-FXS,2487,174,17,,4,16,219,2,9aec9657-026a-4893-81a4-eb92584d17b9,,d32434fa-3574-4987-a005-4e42dff501c1
c4e66fec-e37e-4066-8dda-0adba32c2bae,6AR-FSE,1998,150,17,,4,16,200,2,9aec9657-026a-4893-81a4-eb92584d17b9,,d1e00c8c-37be-4c3a-ad97-7c5b9209a84a
3edd586d-8c07-43ce-b337-c86067d9e724,8AR-FTS,1998,231,17,,4,16,350,2,9aec9657-026a-4893-81a4-eb92584d17b9,,d1e00c8c-37be-4c3a-ad97-7c5b9209a84a
1287d34a-5b44-4616-aed5-536ebc9719d4,2AR-FE,2494,169,17,,4,16,225,2,9aec9657-026a-4893-81a4-eb92584d17b9,,8de5e1a7-2881-426e-9808-0232db1776cf
fc6dec5f-adf5-494c-905f-03c15ace45dd,2AR-FXE,2494,152,17,,4,16,206,2,9aec9657-026a-4893-81a4-eb92584d17b9,,8de5e1a7-2881-426e-9808-0232db1776cf
f3f2be9a-c22a-4b0e-af1f-4e813ed3005b,2AR-FSE,2494,178,17,,4,16,221,2,9aec9657-026a-4893-81a4-eb92584d17b9,,8de5e1a7-2881-426e-9808-0232db1776cf
571e7379-2003-40b2-a593-9e23b52cdfd1,5AR-FE,2494,179,17,,4,16,234,2,9aec9657-026a-4893-81a4-eb92584d17b9,,8de5e1a7-2881-426e-9808-0232db1776cf
8a73f1e9-178b-49a7-b7bf-8acd0ab71c1f,1AR-FE,2672,180,17,,4,16,245,2,9aec9657-026a-4893-81a4-eb92584d17b9,,8de5e1a7-2881-426e-9808-0232db1776cf
01f619da-ba25-44aa-ae72-6ccbc8cc33fa,1AZ-FE,1998,134,17,,4,16,190,0,9aec9657-026a-4893-81a4-eb92584d17b9,,
0a46b76a-300f-428b-a70f-cc7e8c03702e,1AZ-FSE,1998,150,17,,4,16,190,0,9aec9657-026a-4893-81a4-eb92584d17b9,,
9b68e2af-0ccf-4a1c-b453-b81b8df34dc2,2AZ-FE,2362,145,17,,4,16,215,0,9aec9657-026a-4893-81a4-eb92584d17b9,,
5b2325cc-825c-42d9-b712-56e614958b92,2AZ-FSE,2362,163,17,,4,16,230,2,9aec9657-026a-4893-81a4-eb92584d17b9,,2befaf61-826c-4706-868c-134a000ca249
f575a866-0b09-4ebd-80d9-9f2c7e23895c,2AZ-FXE,2362,131,17,,4,16,190,2,9aec9657-026a-4893-81a4-eb92584d17b9,,2befaf61-826c-4706-868c-134a000ca249
fb7e9e8b-53f8-457f-8d9a-f15c5fec289e,1E,999,55,17,,4,12,75,1,9aec9657-026a-4893-81a4-eb92584d17b9,,
34ad4510-5505-4b68-86f3-116a8ea40340,2E,1295,65,17,,4,12,89,1,9aec9657-026a-4893-81a4-eb92584d17b9,,
54eef7ba-db75-419d-bc9e-573cc3c1cf74,2E-E,1295,75,17,,4,12,95,1,9aec9657-026a-4893-81a4-eb92584d17b9,,
0ff438a4-f2f8-40b1-adaa-55854404a8ce,2E-TE,1295,100,33,,4,12,150,1,9aec9657-026a-4893-81a4-eb92584d17b9,,
25a7fde6-220a-4ebe-9a6e-064d1743e064,4E-FE,1331,80,17,,4,16,110,0,9aec9657-026a-4893-81a4-eb92584d17b9,,
492e1f14-fc1c-425b-950c-f1bc0a7d7a4d,4E-FTE,1331,135,17,,4,16,157,1,9aec9657-026a-4893-81a4-eb92584d17b9,,
c31cc439-ad52-461e-8815-31f7f2de8a98,3E,1456,79,17,,4,12,118,1,9aec9657-026a-4893-81a4-eb92584d17b9,,
b37f69ed-00be-43dc-9906-717c202d6fb7,3E-E,1456,80,17,,4,12,115,1,9aec9657-026a-4893-81a4-eb92584d17b9,,
43ae63d4-39ab-485f-b664-fe881d403a84,3E-TE,1456,115,33,,4,12,172,1,9aec9657-026a-4893-81a4-eb92584d17b9,,
19af5913-4c6c-491c-aa63-c068769e4289,5E-FE,1497,90,17,,4,16,125,0,9aec9657-026a-4893-81a4-eb92584d17b9,,
5d37ef8b-a6f1-4250-a195-4f33678f3d99,5E-FHE,1497,110,17,,4,16,130,1,9aec9657-026a-4893-81a4-eb92584d17b9,,
3dd6d883-4142-4a68-9d3b-bfed8239e39e,1FZ-F,4477,190,17,,6,24,363,2,9aec9657-026a-4893-81a4-eb92584d17b9,,
401e655b-eb53-4fd4-85ab-426cc2e4fe89,1FZ-FE,4477,205,17,,6,24,370,2,9aec9657-026a-4893-81a4-eb92584d17b9,,
ce857267-5386-465c-b19e-5dc3d00f95c2,1G-E,1988,105,17,,6,12,146,1,9aec9657-026a-4893-81a4-eb92584d17b9,,
648fbda9-6d9d-42c3-96db-6edb79d0c341,1G-EU,1988,105,17,,6,12,145,1,9aec9657-026a-4893-81a4-eb92584d17b9,,
ebab8499-98c6-43bd-be46-9881b7e81418,1G-GE,1988,140,17,,6,24,165,1,9aec9657-026a-4893-81a4-eb92584d17b9,,
0f60a54d-740d-48cb-99e3-611bfd95e98d,1G-GEU,1988,140,17,,6,24,160,1,9aec9657-026a-4893-81a4-eb92584d17b9,,
f2695abf-d7c4-4ba9-b559-d2a953cf570b,1G-GTE,1988,210,17,,6,24,275,1,9aec9657-026a-4893-81a4-eb92584d17b9,,
68054189-a928-44fb-aae8-031f627fc892,1G-GTEU,1988,185,17,,6,24,235,1,9aec9657-026a-4893-81a4-eb92584d17b9,,
eef5a5c4-25ce-4e74-8f96-a0b8c20c54ba,1G-GZE,1988,170,17,,6,24,226,1,9aec9657-026a-4893-81a4-eb92584d17b9,,
a28ce681-b6f6-453f-8219-ddd0ca5ed49e,1G-GZEU,1988,160,17,,6,24,210,1,9aec9657-026a-4893-81a4-eb92584d17b9,,
17f1f1d6-e3a5-444b-a7fc-90b16a07e082,1G-FE,1988,135,17,,6,24,175,0,9aec9657-026a-4893-81a4-eb92584d17b9,,
4065089c-12a3-4353-a79c-4eed8a004add,1G-FE,1988,160,17,,6,24,200,0,9aec9657-026a-4893-81a4-eb92584d17b9,,
1f2520d0-a9c1-4f9f-b2cf-cb8678d5e27f,4GR-FSE,2499,205,17,,6,24,243,0,9aec9657-026a-4893-81a4-eb92584d17b9,,
63eebec4-d978-407a-8a03-a6fe4687a21d,5GR-FE,2497,197,17,,6,24,242,2,9aec9657-026a-4893-81a4-eb92584d17b9,,8de5e1a7-2881-426e-9808-0232db1776cf
a0034847-cdd5-4c1c-a98a-377001c68ea3,3GR-FE,2994,230,17,,6,24,300,2,9aec9657-026a-4893-81a4-eb92584d17b9,,8de5e1a7-2881-426e-9808-0232db1776cf
6eeff3e0-f0f5-46d1-bd20-760a848fb4b8,3GR-FSE,2994,250,17,,6,24,310,0,9aec9657-026a-4893-81a4-eb92584d17b9,,
e63b6574-a2ac-4944-b3b6-af8f5f7150a9,3GR-FSE,2994,320,17,,6,24,412,0,9aec9657-026a-4893-81a4-eb92584d17b9,,
1f5ee1b1-95fa-479a-bbad-83ae91e995d1,2GR-FE,3456,250,17,,6,24,330,0,9aec9657-026a-4893-81a4-eb92584d17b9,,
7c40c1f6-b9ae-4448-9a8e-d538b6d45d77,2GR-FSE,3456,255,17,,6,24,320,0,9aec9657-026a-4893-81a4-eb92584d17b9,,
36d57e7b-6fd1-405d-a5b8-ac16780bd15b,2GR-FSE,3456,306,17,,6,24,368,0,9aec9657-026a-4893-81a4-eb92584d17b9,,
cc99d22d-0350-4737-a87a-9473120851a5,2GR-FSE,3456,296,17,,6,24,368,0,9aec9657-026a-4893-81a4-eb92584d17b9,,
b9f76659-d31a-492e-b9ac-1c7f4d60fd19,2GR-FSE,3456,360,17,,6,24,498,0,9aec9657-026a-4893-81a4-eb92584d17b9,,
ff00889b-e207-4c65-852a-89f8b23c93dd,2GR-FKS,3456,280,17,,6,24,360,2,9aec9657-026a-4893-81a4-eb92584d17b9,,960c313c-542e-4ae9-ac55-915cb57dd96a
4d402257-f1d7-415a-b272-8c6c8038e900,2GR-FXE,3456,249,17,,6,24,317,0,9aec9657-026a-4893-81a4-eb92584d17b9,,
d8ccc57f-1e59-4356-81bc-7144e1d48141,2GR-FXE,3456,293,17,,6,24,352,0,9aec9657-026a-4893-81a4-eb92584d17b9,,
76a232ef-6caf-47c3-9483-175bb5ab51d0,2GR-FXS,3456,263,17,,6,24,335,2,9aec9657-026a-4893-81a4-eb92584d17b9,,960c313c-542e-4ae9-ac55-915cb57dd96a
ff766574-60fb-41f9-ba7c-934a26ad9aa2,7GR-FKS,3456,280,17,,6,24,350,2,9aec9657-026a-4893-81a4-eb92584d17b9,,960c313c-542e-4ae9-ac55-915cb57dd96a
641df672-bebb-492e-84c0-992fe1d7bbe2,8GR-FKS,3456,315,17,,6,24,380,2,9aec9657-026a-4893-81a4-eb92584d17b9,,960c313c-542e-4ae9-ac55-915cb57dd96a
40783264-9dcb-4189-ba81-034d5222fc6f,8GR-FXS,3456,299,17,,6,24,356,2,9aec9657-026a-4893-81a4-eb92584d17b9,,960c313c-542e-4ae9-ac55-915cb57dd96a
9de5b83e-74aa-408f-88fb-f464509e4f71,1GR-FE,3956,230,17,,6,24,365,0,9aec9657-026a-4893-81a4-eb92584d17b9,,
511d196e-26fd-4b46-9455-8c0dfd817efa,1GR-FE,3956,250,17,,6,24,365,0,9aec9657-026a-4893-81a4-eb92584d17b9,,
bfacc123-1f0d-4c0e-864a-af4e5481c694,6GR-FE,3956,232,17,,6,24,345,2,9aec9657-026a-4893-81a4-eb92584d17b9,,8de5e1a7-2881-426e-9808-0232db1776cf
1b51de6a-4b6e-4a58-82a7-4b2e911e1dd1,1GZ-FE,4996,280,17,,12,48,460,0,9aec9657-026a-4893-81a4-eb92584d17b9,,
d57d8d60-3d52-496f-a7c7-c684892060de,G16E-GTS,1618,260,17,,3,12,360,2,9aec9657-026a-4893-81a4-eb92584d17b9,,960c313c-542e-4ae9-ac55-915cb57dd96a
4b742d76-04ea-4536-87ec-40321c75b69a,1JZ-GE,2492,180,17,,6,24,235,0,9aec9657-026a-4893-81a4-eb92584d17b9,,
84394b61-3237-4155-a766-d5f006f7a768,1JZ-GE,2492,200,17,,6,24,255,0,9aec9657-026a-4893-81a4-eb92584d17b9,,
7714c325-8e26-4eea-b99e-746dd9be647f,1JZ-GTE,2492,280,17,,6,24,360,0,9aec9657-026a-4893-81a4-eb92584d17b9,,
b371af84-66de-4e99-9465-de221a2d15eb,1JZ-FSE,2492,200,17,,6,24,250,1,9aec9657-026a-4893-81a4-eb92584d17b9,,2befaf61-826c-4706-868c-134a000ca249
d414ca4f-757f-468d-9e31-23320c23729a,2JZ-GE,2997,215,17,,6,24,280,0,9aec9657-026a-4893-81a4-eb92584d17b9,,
052711a5-2375-4975-9468-2d159b6f4d19,2JZ-GTE,2997,275,17,,6,24,425,0,9aec9657-026a-4893-81a4-eb92584d17b9,,
dd416c1d-81b3-4c22-b122-aac59e2e6f32,2JZ-GTE,2997,280,17,,6,24,450,0,9aec9657-026a-4893-81a4-eb92584d17b9,,
62a3a424-7c7e-4df2-a64a-5a44d304a95a,2JZ-FSE,2997,217,17,,6,24,294,1,9aec9657-026a-4893-81a4-eb92584d17b9,,2befaf61-826c-4706-868c-134a000ca249
6c2c3f55-7c4a-435f-9b7f-ef3bcb5a5d70,5K-U,1486,70,17,,4,8,115,2,9aec9657-026a-4893-81a4-eb92584d17b9,,
0599ae6d-9604-4518-b098-1c0c708fadc8,7K-E,1781,82,17,,4,8,142,2,9aec9657-026a-4893-81a4-eb92584d17b9,,
0982421d-5884-4b01-8ba7-2f81f11578bc,1KR-DE,996,65,17,,3,12,85,2,9aec9657-026a-4893-81a4-eb92584d17b9,,
6a4ddb9d-0b7f-478a-957a-bde6c617fa44,1KR-FE,996,68,17,,3,12,90,2,9aec9657-026a-4893-81a4-eb92584d17b9,,2befaf61-826c-4706-868c-134a000ca249
956253b7-e7e2-494c-9367-ad9db23b24cf,1KR-VE,996,67,17,,3,12,91,2,9aec9657-026a-4893-81a4-eb92584d17b9,,2befaf61-826c-4706-868c-134a000ca249
a022700f-2963-4d83-ba2b-a51a3f497eec,1KR-VET,996,98,17,,3,12,140,2,9aec9657-026a-4893-81a4-eb92584d17b9,,3f535511-02d8-4861-a0a9-a0cd32ae637f
b2727cd5-cf35-4c05-9834-f50f4eb78753,5M-EU,2759,120,17,,6,12,200,2,9aec9657-026a-4893-81a4-eb92584d17b9,,
a58997fa-0ba1-4b64-a693-dec1248c214d,5M-GE,2759,145,17,,6,12,210,1,9aec9657-026a-4893-81a4-eb92584d17b9,,
4e4ff684-4f3b-4aab-a955-367ae73ccfb0,7M-GE,2954,190,17,,6,24,250,1,9aec9657-026a-4893-81a4-eb92584d17b9,,
48c65af5-d297-45da-b978-1cf229eb537e,7M-GTE,2954,235,17,,6,24,344,1,9aec9657-026a-4893-81a4-eb92584d17b9,,
5b2fd344-4bb3-4b33-bc4f-7c7da066ffa0,M15A-FKS,1490,120,17,,3,12,145,2,9aec9657-026a-4893-81a4-eb92584d17b9,,960c313c-542e-4ae9-ac55-915cb57dd96a
9dd8f65d-45fc-4c21-85d6-d6ccbe0fceb4,M15A-FXE,1490,91,17,,3,12,120,2,9aec9657-026a-4893-81a4-eb92584d17b9,,d32434fa-3574-4987-a005-4e42dff501c1
e9ebffd8-1782-4784-934c-1383e2f1d5f0,M20A-FKS,1986,170,17,,4,16,200,2,9aec9657-026a-4893-81a4-eb92584d17b9,,d32434fa-3574-4987-a005-4e42dff501c1
0544f6f9-86b8-4bf6-b18f-641c23b14cf4,M20A-FXS,1986,150,17,,4,16,190,2,9aec9657-026a-4893-81a4-eb92584d17b9,,d32434fa-3574-4987-a005-4e42dff501c1
c3c3f2d6-63c5-4fd4-9487-74296dd77784,2MZ-FE,2496,200,17,,6,24,244,1,9aec9657-026a-4893-81a4-eb92584d17b9,,2befaf61-826c-4706-868c-134a000ca249
ad4bc5c1-8794-4cbd-8dea-769c9d9e41a0,1MZ-FE,2994,168,17,,6,24,248,1,9aec9657-026a-4893-81a4-eb92584d17b9,,
ceacdf9a-12c8-4864-8465-486bd16ba747,1MZ-FE,2994,210,17,,6,24,301,1,9aec9657-026a-4893-81a4-eb92584d17b9,,2befaf61-826c-4706-868c-134a000ca249
e19e723b-9bd7-435e-bc8a-71cb03e719da,3MZ-FE,3310,225,17,,6,24,325,1,9aec9657-026a-4893-81a4-eb92584d17b9,,2befaf61-826c-4706-868c-134a000ca249
3c40eba1-9120-4218-8890-69b2c219a97e,3NR-FE,1197,80,17,,4,16,104,2,9aec9657-026a-4893-81a4-eb92584d17b9,,
e28ec0af-4d23-430a-81b2-dc0b64678906,3NR-FE,1197,86,17,,4,16,108,2,9aec9657-026a-4893-81a4-eb92584d17b9,,8de5e1a7-2881-426e-9808-0232db1776cf
f3d3438b-0144-408d-9690-d7cc024018ae,8NR-FTS,1197,115,33,,4,16,185,2,9aec9657-026a-4893-81a4-eb92584d17b9,,960c313c-542e-4ae9-ac55-915cb57dd96a
3804174e-1d6b-46a0-8771-06751bab6dcf,1NR-FE,1329,95,17,,4,16,118,2,9aec9657-026a-4893-81a4-eb92584d17b9,,8de5e1a7-2881-426e-9808-0232db1776cf
9c238fdd-c4f9-4e67-8fb9-f5c6d22c33f5,1NR-VE,1329,90,17,,4,16,115,2,9aec9657-026a-4893-81a4-eb92584d17b9,,8de5e1a7-2881-426e-9808-0232db1776cf
ec7b16c5-ff86-44e2-a116-b7044edfcd76,1NR-FKE,1329,99,17,,4,16,121,2,9aec9657-026a-4893-81a4-eb92584d17b9,,737c63e4-12b6-41fe-b406-5656fd4db224
83eb9cd6-f6c3-4ee3-ba45-b8f45bcbd4f1,2NR-FE,1496,90,17,,4,16,132,2,9aec9657-026a-4893-81a4-eb92584d17b9,,
938de760-d4f1-461c-b7e2-25865f47b7aa,2NR-FE,1496,107,17,,4,16,140,2,9aec9657-026a-4893-81a4-eb92584d17b9,,8de5e1a7-2881-426e-9808-0232db1776cf
e6eaee29-8aa8-4ce3-87ae-58a35b98c033,2NR-VE,1496,104,17,,4,16,136,2,9aec9657-026a-4893-81a4-eb92584d17b9,,8de5e1a7-2881-426e-9808-0232db1776cf
01b4c607-caa1-424e-b7fc-4917aa82eb71,2NR-FKE,1496,109,17,,4,16,136,2,9aec9657-026a-4893-81a4-eb92584d17b9,,737c63e4-12b6-41fe-b406-5656fd4db224
fa03080c-1fbc-467c-8193-88989adbbb4d,2NZ-FE,1298,80,17,,4,16,120,2,9aec9657-026a-4893-81a4-eb92584d17b9,,2befaf61-826c-4706-868c-134a000ca249
d24e1944-3dba-4d91-98e8-683f8b4f350f,1NZ-FE,1497,105,17,,4,16,130,0,9aec9657-026a-4893-81a4-eb92584d17b9,,
7d6ddc59-21c2-46cd-967b-99218535abe0,1NZ-FXE,1497,77,17,,4,16,115,2,9aec9657-026a-4893-81a4-eb92584d17b9,,2befaf61-826c-4706-868c-134a000ca249
a54c6311-be4d-4538-be21-9b4bccfa355f,1NZ-FXE,1497,75,17,,4,16,111,2,9aec9657-026a-4893-81a4-eb92584d17b9,,2befaf61-826c-4706-868c-134a000ca249
d105d333-3024-4b99-a24e-6eef2a335a8e,22R,2366,95,17,,4,8,175,2,9aec9657-026a-4893-81a4-eb92584d17b9,,
2c5057fd-eaea-494a-8bdc-a2dfde727113,22R-E,2366,105,17,,4,8,185,2,9aec9657-026a-4893-81a4-eb92584d17b9,,
7df1b315-cc09-4c4a-bd38-7eaa019c1ed7,22R-TE,2366,137,33,,4,8,234,2,9aec9657-026a-4893-81a4-eb92584d17b9,,
51c80785-8333-4fc1-9d9d-3eebbe9619fb,1RZ-E,1998,100,17,,4,8,160,2,9aec9657-026a-4893-81a4-eb92584d17b9,,
2d4bcc35-59e0-4930-b050-9fb6d62f073d,2RZ-E,2438,120,17,,4,8,198,2,9aec9657-026a-4893-81a4-eb92584d17b9,,
e7e368a1-28cb-428a-a016-b5a5af827f95,2RZ-FE,2438,142,17,,4,16,217,2,9aec9657-026a-4893-81a4-eb92584d17b9,,
81588c9c-dff6-4dd7-951b-08d1bae22019,3RZ-FE,2693,145,17,,4,16,230,2,9aec9657-026a-4893-81a4-eb92584d17b9,,
97946e21-cb07-40ef-ae2a-ae4b30ebc624,4S-Fi,1838,105,17,,4,16,150,1,9aec9657-026a-4893-81a4-eb92584d17b9,,
e3bf3062-12b5-4a38-8fe9-9a930f2ef575,4S-FE,1838,115,17,,4,16,155,0,9aec9657-026a-4893-81a4-eb92584d17b9,,
b881e4f9-3089-435d-9f89-5937eb9c0d09,3S-FC,1998,111,17,,4,16,166,1,9aec9657-026a-4893-81a4-eb92584d17b9,,
f27c446c-48f2-4751-821d-ab5abd7fe1cc,3S-FE,1998,115,17,,4,16,165,0,9aec9657-026a-4893-81a4-eb92584d17b9,,
39c5e7d4-78f2-484c-bff7-1ff5de56001d,3S-FSE,1998,145,17,,4,16,196,0,9aec9657-026a-4893-81a4-eb92584d17b9,,
5b61e999-1df9-4f30-bde8-1c63119a6ebd,3S-GE,1998,135,17,,4,16,170,0,9aec9657-026a-4893-81a4-eb92584d17b9,,
0b2a5632-e638-4c2c-bee0-873d26ab208d,3S-GE,1998,180,17,,4,16,190,0,9aec9657-026a-4893-81a4-eb92584d17b9,,
a33c92f3-ee11-4f87-94dd-43c7a8b38905,3S-GTE,1998,185,17,,4,16,250,0,9aec9657-026a-4893-81a4-eb92584d17b9,,
fafedc46-5534-4456-9bb0-62942b90d2e6,3S-GTE,1998,245,17,,4,16,300,0,9aec9657-026a-4893-81a4-eb92584d17b9,,
eff293e3-0c5d-42ba-8753-76ffe6a5f35f,5S-FE,2164,130,17,,4,16,195,0,9aec9657-026a-4893-81a4-eb92584d17b9,,
012eb270-93fb-4cbb-ba7f-68ca69d64845,S20A-FTS,1997,247,17,,4,16,380,2,9aec9657-026a-4893-81a4-eb92584d17b9,,8de5e1a7-2881-426e-9808-0232db1776cf
e7595879-f6ad-453d-8218-2a4c14c44daf,1SZ-FE,997,69,17,,4,16,95,2,9aec9657-026a-4893-81a4-eb92584d17b9,,2befaf61-826c-4706-868c-134a000ca249
1c17aee0-b048-4e68-8612-e0ca4180100d,2SZ-FE,1298,87,17,,4,16,122,2,9aec9657-026a-4893-81a4-eb92584d17b9,,
4a42d64d-e0b5-4cf7-b41a-c6ce1fe46370,2SZ-FE,1296,87,17,,4,16,116,2,9aec9657-026a-4893-81a4-eb92584d17b9,,
ccb52797-a41c-4018-9308-0d4a319beb18,3SZ-VE,1495,105,17,,4,16,135,2,9aec9657-026a-4893-81a4-eb92584d17b9,,2befaf61-826c-4706-868c-134a000ca249
9a9c8a5b-b4e3-4d43-b130-5da263b95fdf,T24A-FTS,2393,270,17,,4,16,420,2,9aec9657-026a-4893-81a4-eb92584d17b9,,8de5e1a7-2881-426e-9808-0232db1776cf
4522aecc-c894-4e2a-a8cb-ec7972175a8f,1TR-FE,1998,135,17,,4,16,182,2,9aec9657-026a-4893-81a4-eb92584d17b9,,2befaf61-826c-4706-868c-134a000ca249
46b843bd-0979-43ab-896c-0efe12e55562,1TR-FE,1998,140,17,,4,16,182,2,9aec9657-026a-4893-81a4-eb92584d17b9,,8de5e1a7-2881-426e-9808-0232db1776cf
592c59f0-af7f-43db-85d6-ca827057f3b9,2TR-FE,2693,150,17,,4,16,240,2,9aec9657-026a-4893-81a4-eb92584d17b9,,2befaf61-826c-4706-868c-134a000ca249
136ab200-8c67-498f-a530-2b9692bcf5eb,2TR-FE,2693,155,17,,4,16,240,2,9aec9657-026a-4893-81a4-eb92584d17b9,,8de5e1a7-2881-426e-9808-0232db1776cf
10d0d91c-3f7f-48b7-8395-d79e1b405e6c,2TZ-FE,2438,133,17,,4,16,206,2,9aec9657-026a-4893-81a4-eb92584d17b9,,
45dd5e23-67f8-4fcb-92e8-3ff80e2ef192,2TZ-FZE,2438,158,17,,4,16,258,2,9aec9657-026a-4893-81a4-eb92584d17b9,,
86b6fd1a-966f-4198-b457-016c59a80ae9,1UR-FE,4608,296,17,,8,32,439,2,9aec9657-026a-4893-81a4-eb92584d17b9,,8de5e1a7-2881-426e-9808-0232db1776cf
057ef894-5cd3-47c6-834d-163cf0801ab6,1UR-FSE,4608,365,17,,8,32,460,2,9aec9657-026a-4893-81a4-eb92584d17b9,,8de5e1a7-2881-426e-9808-0232db1776cf
2c8e670a-78c2-41ef-a453-ae5d1a48d040,2UR-GSE,4969,416,17,,8,32,503,2,9aec9657-026a-4893-81a4-eb92584d17b9,,8de5e1a7-2881-426e-9808-0232db1776cf
fb99800d-bd99-4a06-a0ea-ef977c2878c4,2UR-FSE,4969,394,17,,8,32,520,2,9aec9657-026a-4893-81a4-eb92584d17b9,,8de5e1a7-2881-426e-9808-0232db1776cf
be0ec258-d349-4a41-8f9c-43a635215c39,3UR-FE,5663,367,17,,8,32,530,2,9aec9657-026a-4893-81a4-eb92584d17b9,,8de5e1a7-2881-426e-9808-0232db1776cf
4480e2eb-965a-469c-936c-57337394dcee,1UZ-FE,3968,250,17,,8,32,355,0,9aec9657-026a-4893-81a4-eb92584d17b9,,
63191e15-cba2-451a-bd94-c8da0ae066c3,1UZ-FE,3968,290,17,,8,32,400,0,9aec9657-026a-4893-81a4-eb92584d17b9,,
e7ea4225-6444-4646-9757-c96f51c19a96,3UZ-FE,4292,280,17,,8,32,420,0,9aec9657-026a-4893-81a4-eb92584d17b9,,
9437d70b-e269-4474-af9a-a7ac500e8cc6,2UZ-FE,4663,230,17,,8,32,410,1,9aec9657-026a-4893-81a4-eb92584d17b9,,
5b7e2d06-19a6-47c2-ad50-fbe0f2585cef,2UZ-FE,4663,271,17,,8,32,427,1,9aec9657-026a-4893-81a4-eb92584d17b9,,2befaf61-826c-4706-868c-134a000ca249
d0b801c8-d74d-416b-b16a-02ff14a088e3,V35A-FTS,3444,350,17,,6,24,550,2,9aec9657-026a-4893-81a4-eb92584d17b9,,d32434fa-3574-4987-a005-4e42dff501c1
f9c4c7e9-28ca-4229-80e7-c850172a8372,1VZ-FE,1992,136,17,,6,24,173,1,9aec9657-026a-4893-81a4-eb92584d17b9,,
2526d55b-ae67-42ba-93b8-314b11df5eb7,2VZ-FE,2507,159,17,,6,24,216,1,9aec9657-026a-4893-81a4-eb92584d17b9,,
53635113-9d80-4a5a-bc0c-aa3d5fafda65,4VZ-FE,2496,173,17,,6,24,224,1,9aec9657-026a-4893-81a4-eb92584d17b9,,
87316d4b-4741-4e7c-b0f5-0773040a390b,3VZ-FE,2958,185,17,,6,24,256,1,9aec9657-026a-4893-81a4-eb92584d17b9,,
e211a7db-a773-4875-af17-a6f14aef1906,3VZ-E,2958,145,17,,6,12,245,1,9aec9657-026a-4893-81a4-eb92584d17b9,,
efffecae-db9f-46f2-87d6-c0b51593a97c,5VZ-FE,3378,190,17,,6,24,298,1,9aec9657-026a-4893-81a4-eb92584d17b9,,
c24cf3c5-8499-458f-b12a-141a3c376d3c,1Y,1626,84,17,,4,8,135,2,9aec9657-026a-4893-81a4-eb92584d17b9,,
c442dd17-bd3c-42be-b2de-15fa93242aaa,2Y,1812,80,17,,4,8,140,2,9aec9657-026a-4893-81a4-eb92584d17b9,,
1f3a32cd-cfce-46cb-b92d-f716c7f579a2,3Y,1998,85,17,,4,8,155,2,9aec9657-026a-4893-81a4-eb92584d17b9,,
9c70b19f-1fbf-401e-a86c-fcb6c7f90324,3Y-E,1998,97,17,,4,8,160,2,9aec9657-026a-4893-81a4-eb92584d17b9,,
2425c048-d83e-43d7-8dc1-1179ab546cf0,3Y-EU,1998,95,17,,4,8,160,2,9aec9657-026a-4893-81a4-eb92584d17b9,,
c4d98d53-d866-4baf-b9be-9dba8c57d446,4Y,2237,90,17,,4,8,175,2,9aec9657-026a-4893-81a4-eb92584d17b9,,
7d4916df-ec82-4dd5-83a5-0fdd98bf2241,4Y-E,2237,100,17,,4,8,180,2,9aec9657-026a-4893-81a4-eb92584d17b9,,
8075f0de-2f64-4888-88eb-258e2d8786b9,1ZR-FE,1598,120,17,,4,16,150,0,9aec9657-026a-4893-81a4-eb92584d17b9,,
255edc08-cf1f-4a0f-be5f-796c287892f7,1ZR-FAE,1598,128,17,,4,16,157,2,9aec9657-026a-4893-81a4-eb92584d17b9,,8de5e1a7-2881-426e-9808-0232db1776cf
feb60ed7-f877-47ae-9878-89cabf801766,2ZR-FE,1798,130,17,,4,16,170,2,9aec9657-026a-4893-81a4-eb92584d17b9,,8de5e1a7-2881-426e-9808-0232db1776cf
b10ef6e6-b7bc-4828-8aa9-e925a9bd7c37,2ZR-FAE,1798,140,17,,4,16,170,2,9aec9657-026a-4893-81a4-eb92584d17b9,,8de5e1a7-2881-426e-9808-0232db1776cf
c4d3cd64-ff36-4708-83f4-d9f394f6074d,2ZR-FXE,1798,95,17,,4,16,142,2,9aec9657-026a-4893-81a4-eb92584d17b9,,2befaf61-826c-4706-868c-134a000ca249
fc334a32-c951-4683-9cde-2de9dfd5567a,3ZR-FE,1986,140,17,,4,16,190,2,9aec9657-026a-4893-81a4-eb92584d17b9,,8de5e1a7-2881-426e-9808-0232db1776cf
e146c59f-4afc-4627-b42c-207e14135d54,3ZR-FAE,1987,148,17,,4,16,190,2,9aec9657-026a-4893-81a4-eb92584d17b9,,8de5e1a7-2881-426e-9808-0232db1776cf
dff156f6-458c-46f9-b17f-f7d31a6883ff,4ZZ-FE,1398,95,17,,4,16,130,2,9aec9657-026a-4893-81a4-eb92584d17b9,,2befaf61-826c-4706-868c-134a000ca249
4cb19570-9ea3-4073-ae5e-b671502add5b,3ZZ-FE,1598,110,17,,4,16,150,2,9aec9657-026a-4893-81a4-eb92584d17b9,,2befaf61-826c-4706-868c-134a000ca249
91ae9784-58bf-433a-8fef-160bc8552e5d,1ZZ-FED,1794,140,17,,4,16,170,2,9aec9657-026a-4893-81a4-eb92584d17b9,,2befaf61-826c-4706-868c-134a000ca249
701de837-f4e9-4acb-9130-adb78e4d6c62,1ZZ-FE,1794,120,17,,4,16,160,0,9aec9657-026a-4893-81a4-eb92584d17b9,,
85203176-9ccb-4fbb-98c2-70a90a53f8a8,2ZZ-GE,1796,164,17,,4,16,170,2,9aec9657-026a-4893-81a4-eb92584d17b9,,2befaf61-826c-4706-868c-134a000ca249
005cf7db-310f-46e8-ad7c-e6a27c7d8872,2ZZ-GE,1796,220,17,,4,16,215,2,9aec9657-026a-4893-81a4-eb92584d17b9,,8ab96878-30b9-4012-a713-2b1ab8caf6c3
9981e03d-b7de-4d8c-9e74-5b45b9840cb7,1AD-FTV,1998,122,18,,4,16,300,0,9aec9657-026a-4893-81a4-eb92584d17b9,,
b2a8b8e4-e49c-4461-a60d-db74eca13d79,2AD-FTV,2231,136,18,,4,16,310,0,9aec9657-026a-4893-81a4-eb92584d17b9,,
a8afc904-1f5d-472d-bbfd-2a4ed6fc8aeb,2AD-FHV,2231,170,18,,4,16,380,0,9aec9657-026a-4893-81a4-eb92584d17b9,,
d0927f01-2731-4e5f-add1-82b964b544ca,1C,1839,65,18,,4,8,118,1,9aec9657-026a-4893-81a4-eb92584d17b9,,
8b3af88e-7e07-4974-8ede-da99bbc60887,1C-T,1839,73,34,,4,8,145,1,9aec9657-026a-4893-81a4-eb92584d17b9,,
bfa80fc9-9476-470b-8a2d-9983e45eb74e,2C,1974,70,18,,4,8,125,1,9aec9657-026a-4893-81a4-eb92584d17b9,,
2cd4e8d6-2229-4ce9-8899-ccf52833c1cb,2C-E,1974,72,18,,4,8,131,1,9aec9657-026a-4893-81a4-eb92584d17b9,,
44df7751-e80c-41a0-bc16-c333cbd2d7d0,2C-T,1974,80,34,,4,8,165,1,9aec9657-026a-4893-81a4-eb92584d17b9,,
53d3b8c4-80c6-4546-9b38-ab2e4cd05d0e,2C-TE,1974,90,34,,4,8,203,1,9aec9657-026a-4893-81a4-eb92584d17b9,,
93117baf-da83-48a1-8806-d8389c2cac81,3C-E,2184,79,18,,4,8,147,1,9aec9657-026a-4893-81a4-eb92584d17b9,,
e3ff3fea-97bb-44b9-b075-1a2391aeeff8,3C-T,2184,88,34,,4,8,185,1,9aec9657-026a-4893-81a4-eb92584d17b9,,
5c3fab05-c4aa-4909-91c3-4f66ca41c9c0,3C-TE,2184,90,34,,4,8,195,1,9aec9657-026a-4893-81a4-eb92584d17b9,,
f8ec0729-f405-4ed8-8ff7-c13541747b8d,1CD-FTV,1995,90,18,,4,16,215,0,9aec9657-026a-4893-81a4-eb92584d17b9,,
1adaff76-f7bc-4ae4-94ef-b2c4de27fb62,F33A-FTV,3346,299,18,,6,24,700,2,9aec9657-026a-4893-81a4-eb92584d17b9,,
edf6bbb2-5b6d-425f-89bf-2631c423a6a7,2GD-FTV,2393,150,18,,4,16,360,2,9aec9657-026a-4893-81a4-eb92584d17b9,,
bd84c27e-bba4-413c-94de-c8f784e6ed78,1GD-FTV,2755,177,18,,4,16,420,2,9aec9657-026a-4893-81a4-eb92584d17b9,,
66407824-2374-4fba-865e-5a5a8d336081,1HD-T,4164,160,34,,6,12,355,1,9aec9657-026a-4893-81a4-eb92584d17b9,,
e7db7d9f-3279-4bd6-95db-1180bc828711,1HD-FT,4164,168,34,,6,24,375,1,9aec9657-026a-4893-81a4-eb92584d17b9,,
32009894-34cb-40c9-95c7-dfb891ea15ca,1HD-FTE,4164,164,18,,6,24,380,1,9aec9657-026a-4893-81a4-eb92584d17b9,,
409cc345-a97f-4c7d-9396-9b4d9d7d0e63,1HZ,4164,129,18,,6,12,271,1,9aec9657-026a-4893-81a4-eb92584d17b9,,
07b24a98-781b-410a-a75a-56adb274dc21,2KD-FTV,2494,120,18,,4,16,325,5,9aec9657-026a-4893-81a4-eb92584d17b9,,2befaf61-826c-4706-868c-134a000ca249
ca0cd4b2-5440-423c-aa47-3055774a4f3a,1KD-FTV,2982,170,18,,4,16,352,0,9aec9657-026a-4893-81a4-eb92584d17b9,,
8f79f521-591e-4b7f-87a4-3094a4fe5d18,1KD-FTV,2982,136,18,,4,16,300,0,9aec9657-026a-4893-81a4-eb92584d17b9,,
b323475c-c961-4d0c-8108-d85ef87092db,1KD-FTV,2982,144,18,,4,16,300,0,9aec9657-026a-4893-81a4-eb92584d17b9,,
9c0c1750-35d8-407d-9a22-ea10e59a5b4d,1KZ-T,2982,125,34,,4,8,287,5,9aec9657-026a-4893-81a4-eb92584d17b9,,
0e9ce843-370f-4755-b243-16c93c3478cb,1KZ-TE,2982,130,34,,4,8,287,5,9aec9657-026a-4893-81a4-eb92584d17b9,,
c1e77bc9-bd76-4923-90c9-32fdb42001f9,2L,2446,75,18,,4,8,155,1,9aec9657-026a-4893-81a4-eb92584d17b9,,
ee1a4d85-1073-4337-834f-588558405fb1,2L,2446,89,18,,4,8,167,1,9aec9657-026a-4893-81a4-eb92584d17b9,,
b05f9aca-2084-4110-9202-3c4780ea8c77,2L-T,2446,85,18,,4,8,188,1,9aec9657-026a-4893-81a4-eb92584d17b9,,
87369c46-3ddc-43e0-8776-09f8d4343783,2L-T,2446,94,18,,4,8,216,1,9aec9657-026a-4893-81a4-eb92584d17b9,,
057830e8-f46a-4c29-809d-5fb2bb686010,2L-TE,2446,97,18,,4,8,220,1,9aec9657-026a-4893-81a4-eb92584d17b9,,
e9478524-0de0-40de-9688-8de608d98529,2L-THE,2446,100,34,,4,8,221,1,9aec9657-026a-4893-81a4-eb92584d17b9,,
9721e08b-5abb-435e-931d-f96cd14522b6,3L,2779,78,18,,4,8,188,1,9aec9657-026a-4893-81a4-eb92584d17b9,,
77264ef8-a2c7-4db5-97cd-451791e40a49,5L,2986,89,18,,4,8,191,1,9aec9657-026a-4893-81a4-eb92584d17b9,,
5fc3603f-c2e3-4f08-ae6f-e4b422df8ce3,5L-E,2986,91,18,,4,8,190,1,9aec9657-026a-4893-81a4-eb92584d17b9,,
37dde51f-843c-4701-b036-6f8d137dfeb4,1N,1453,55,34,,4,8,93,1,9aec9657-026a-4893-81a4-eb92584d17b9,,
46f24d9d-0a08-4234-bac4-327be62e2314,1N-T,1453,67,34,,4,8,130,1,9aec9657-026a-4893-81a4-eb92584d17b9,,
828eb635-78f1-41ef-92bf-3071cb8eb2ef,1ND-TV,1364,68,18,,4,8,170,0,9aec9657-026a-4893-81a4-eb92584d17b9,,
75749633-546c-4568-848f-6cf30600c8ff,1PZ,3469,115,18,,5,10,230,1,9aec9657-026a-4893-81a4-eb92584d17b9,,
17b2788d-2013-496f-bb2a-c0f4eca1f525,1VD-FTV,4461,185,18,,8,32,430,0,9aec9657-026a-4893-81a4-eb92584d17b9,,
890d8e93-6832-4ec5-877d-b98b49b57553,1VD-FTV,4461,220,18,,8,32,615,0,9aec9657-026a-4893-81a4-eb92584d17b9,,
00937593-762e-41cc-aec7-952326b34438,2WZ-TV,1399,54,18,,4,8,130,1,9aec9657-026a-4893-81a4-eb92584d17b9,,
5a66ce5c-d4e6-43cc-b204-387c52d7f403,LF479Q3,1342,89,17,,4,16,113,1,2f37d090-1067-44f3-8181-4ed9510426ee,,
ef7371ae-d127-49f0-b911-64d3d35bb8a0,LF479Q2,1498,100,17,,4,16,129,1,2f37d090-1067-44f3-8181-4ed9510426ee,,b09e40f1-38ee-426b-9eba-894366a5e243
afba7c60-def3-4902-9456-9dd4530fc462,LF481Q3,1587,106,17,,4,16,137,1,2f37d090-1067-44f3-8181-4ed9510426ee,,
a4c2fc22-6bae-4c5d-8e02-2380b8c8477e,LFB479Q,1794,125,17,,4,16,160,2,2f37d090-1067-44f3-8181-4ed9510426ee,,2ed1f2e4-eb41-440c-8877-924c52212e38
efdd57bc-1ff5-47b3-b39b-cface00a4753,WE-C,2953,156,18,,4,16,380,1,42805fe7-dd74-46aa-b8ba-7321c8f31f0a,,
4040e15c-debd-4658-9e75-a90c3f704a25,LF483Q,1988,136,17,,4,16,178,2,2f37d090-1067-44f3-8181-4ed9510426ee,,2ed1f2e4-eb41-440c-8877-924c52212e38
218dcaa3-ad58-4629-a773-c9fc474aa386,L2E15M,1496,154,17,,4,16,245,2,e21746db-ae83-4182-b95e-1a30cf010c62,,
4316e90f-28dd-4905-a169-81e76e71a0b6,B1,1138,50,17,,4,8,80,1,42805fe7-dd74-46aa-b8ba-7321c8f31f0a,,
0fb83af9-dc96-4d19-828f-6b6aaa6c0e93,B3,1323,55,17,,4,8,95,1,42805fe7-dd74-46aa-b8ba-7321c8f31f0a,,
8d9b4082-fd26-4a72-8122-eb07989df83b,B3,1323,65,17,,4,16,100,1,42805fe7-dd74-46aa-b8ba-7321c8f31f0a,,
8e6c0d7d-ddf4-4479-9f56-9e39c9ad2644,B3-ME,1323,65,17,,4,16,100,1,42805fe7-dd74-46aa-b8ba-7321c8f31f0a,,
f4d7b55d-7e66-426a-a9d9-59898400dc59,B5,1498,73,17,,4,8,112,1,42805fe7-dd74-46aa-b8ba-7321c8f31f0a,,
774236df-b8bb-4b41-91df-ed43a2c11b09,B5,1498,88,17,,4,8,135,1,42805fe7-dd74-46aa-b8ba-7321c8f31f0a,,
e55e0109-77f0-48ac-bf5d-0ec9ab3ea2d4,B5-DE,1498,105,17,,4,16,125,1,42805fe7-dd74-46aa-b8ba-7321c8f31f0a,,
ea406702-4ec6-4ce4-bfa3-ff7978b2fcee,B5-ME,1498,75,17,,4,16,115,1,42805fe7-dd74-46aa-b8ba-7321c8f31f0a,,
6f60f6c2-2bec-4ab1-b9c1-33af16bb7dc6,B6,1597,82,17,,4,8,120,1,42805fe7-dd74-46aa-b8ba-7321c8f31f0a,,
63234f04-a7dc-4bd4-897f-fdf4538297d3,B6-ME,1597,85,17,,4,16,135,1,42805fe7-dd74-46aa-b8ba-7321c8f31f0a,,
a449b9e7-9b52-437b-80cc-4e0ea0aced74,B6-DE,1597,105,17,,4,16,135,1,42805fe7-dd74-46aa-b8ba-7321c8f31f0a,,
a59b6c05-60cc-4000-98c7-efd60afb964c,BP,1839,130,17,,4,16,150,1,42805fe7-dd74-46aa-b8ba-7321c8f31f0a,,
82ea5f0c-ef06-4ab6-894c-992c6e3764fb,BP-ME,1839,100,17,,4,16,150,1,42805fe7-dd74-46aa-b8ba-7321c8f31f0a,,
55548f9f-3b51-417f-9e34-546fdaa51ea6,F6,1587,72,17,,4,8,120,1,42805fe7-dd74-46aa-b8ba-7321c8f31f0a,,
445adc02-4a3d-4864-903e-436940ef24a5,FP,1839,90,17,,4,16,145,1,42805fe7-dd74-46aa-b8ba-7321c8f31f0a,,
17fb2038-9b9b-4613-82f0-8dd1dc313673,FP-DE,1839,90,17,,4,16,145,1,42805fe7-dd74-46aa-b8ba-7321c8f31f0a,,
9f66c3b9-1497-470f-8467-3654d2d54c7a,F8,1789,80,17,,4,8,130,1,42805fe7-dd74-46aa-b8ba-7321c8f31f0a,,
d042a995-9912-4a14-9aba-88e1a626a155,F8,1789,90,17,,4,12,135,1,42805fe7-dd74-46aa-b8ba-7321c8f31f0a,,
64827097-df8a-468e-b3ef-51348f0865eb,F8,1789,115,17,,4,16,157,1,42805fe7-dd74-46aa-b8ba-7321c8f31f0a,,
327d5aed-87a9-495d-b55e-698ca26015dc,FE,1998,80,17,,4,8,150,1,42805fe7-dd74-46aa-b8ba-7321c8f31f0a,,
8f550053-1588-4b7c-a483-8399fc98c0c6,FE,1998,90,17,,4,8,150,1,42805fe7-dd74-46aa-b8ba-7321c8f31f0a,,
24e71607-9d3c-431f-8180-b9fd907a09a1,FE,1998,120,33,,4,8,200,1,42805fe7-dd74-46aa-b8ba-7321c8f31f0a,,
1e5de57d-fedf-4ac4-8891-4fe269228a26,FE-DE,1998,130,17,,4,16,170,1,42805fe7-dd74-46aa-b8ba-7321c8f31f0a,,
c8130078-19c6-416b-ae31-cf81453d090f,FE3N,1998,150,17,,4,16,180,1,42805fe7-dd74-46aa-b8ba-7321c8f31f0a,,
eecd8836-e922-48bb-a621-fef21ce8b22f,FS,1991,115,17,,4,16,170,1,42805fe7-dd74-46aa-b8ba-7321c8f31f0a,,
18f706dd-2808-42e8-804f-a3ca3177dd61,FS-DE,1991,115,17,,4,16,170,1,42805fe7-dd74-46aa-b8ba-7321c8f31f0a,,
9ee2b35a-4023-4c9d-8964-6c78fbd7135d,FS-ZE,1991,165,17,,4,16,175,1,42805fe7-dd74-46aa-b8ba-7321c8f31f0a,,
4089df89-446a-4605-b258-89aeb47428a0,F2,2184,85,17,,4,8,160,1,42805fe7-dd74-46aa-b8ba-7321c8f31f0a,,
ba8332be-bc92-4c41-9ae7-cb43681f7fb8,F2,2184,110,17,,4,12,175,1,42805fe7-dd74-46aa-b8ba-7321c8f31f0a,,
336ec09a-3f8b-4cce-b9bb-0443fca00c5f,F2,2184,145,17,,4,12,260,1,42805fe7-dd74-46aa-b8ba-7321c8f31f0a,,
3a9901a3-b7e1-4c1c-801f-52da2eeb58d6,K8-DE,1845,130,17,,6,24,155,1,42805fe7-dd74-46aa-b8ba-7321c8f31f0a,,
13fca743-1af1-4548-aadf-2e4f45fe68d5,K8-ZE,1845,140,17,,6,24,155,1,42805fe7-dd74-46aa-b8ba-7321c8f31f0a,,
2478a4c6-f4f5-4dac-978d-237bd562e2a9,KF-DE,1995,140,17,,6,24,180,1,42805fe7-dd74-46aa-b8ba-7321c8f31f0a,,
0f979ae5-f004-4fd0-b01a-dec0c6fc6c34,KF-ZE,1995,160,17,,6,24,180,1,42805fe7-dd74-46aa-b8ba-7321c8f31f0a,,
c586ef74-5b20-4676-a156-f36c9c72de5a,KJ-ZEM,2255,210,17,,6,24,280,1,42805fe7-dd74-46aa-b8ba-7321c8f31f0a,,
80819b12-f41d-4b40-ae1b-19baef85af6d,KL-DE,2497,165,17,,6,24,210,1,42805fe7-dd74-46aa-b8ba-7321c8f31f0a,,
23b18517-7523-43f4-90ee-d3eac1e373fd,KL-G4,2497,170,17,,6,24,221,1,42805fe7-dd74-46aa-b8ba-7321c8f31f0a,,
6de12502-21ec-4a28-91f4-633cab5ff4a4,KL-ZE,2497,200,17,,6,24,224,1,42805fe7-dd74-46aa-b8ba-7321c8f31f0a,,
6e50404f-7bd2-4426-a3ad-245fc5841567,L8-DE,1798,120,17,,4,16,160,2,42805fe7-dd74-46aa-b8ba-7321c8f31f0a,,
e9fc9c6a-56a6-4b23-80bf-da503edc121e,L813,1798,120,17,,4,16,165,2,42805fe7-dd74-46aa-b8ba-7321c8f31f0a,,
e744667b-fdd4-4d48-addf-d71e1679d321,LF-DE,1999,140,17,,4,16,175,2,42805fe7-dd74-46aa-b8ba-7321c8f31f0a,,
3762501f-5374-412c-ad6d-a25ba59a347d,LF-VD,1999,145,17,,4,16,185,2,42805fe7-dd74-46aa-b8ba-7321c8f31f0a,,d12fa5a3-d21b-45ef-ad31-7687cd9e9390
8b681352-470e-4dd8-86b9-f4325deec622,LF17,1999,140,17,,4,16,180,2,42805fe7-dd74-46aa-b8ba-7321c8f31f0a,,
aef4160f-e458-4efc-ab41-e7f7de3877a1,LFF7,1999,140,17,,4,16,180,2,42805fe7-dd74-46aa-b8ba-7321c8f31f0a,,
b73ebe83-8dfc-4e80-bc1d-589c59e80038,L3-VE,2261,150,17,,4,16,200,2,42805fe7-dd74-46aa-b8ba-7321c8f31f0a,,d12fa5a3-d21b-45ef-ad31-7687cd9e9390
7259ee01-6e33-441c-b1ef-ea56070c65bf,L3-VDT,2261,235,17,,4,16,350,2,42805fe7-dd74-46aa-b8ba-7321c8f31f0a,,d12fa5a3-d21b-45ef-ad31-7687cd9e9390
462944f2-40d0-4b89-83a0-f30d2ffab89f,L3C1,2261,165,17,,4,16,205,2,42805fe7-dd74-46aa-b8ba-7321c8f31f0a,,d12fa5a3-d21b-45ef-ad31-7687cd9e9390
803365e1-48d4-409e-84b3-ae5e4ed77ac5,L5-VE,2488,160,17,,4,16,220,2,42805fe7-dd74-46aa-b8ba-7321c8f31f0a,,d12fa5a3-d21b-45ef-ad31-7687cd9e9390
179a4d3e-4364-4a60-9864-15bc7165f979,ZJ-VE,1348,75,17,,4,16,120,2,42805fe7-dd74-46aa-b8ba-7321c8f31f0a,,d12fa5a3-d21b-45ef-ad31-7687cd9e9390
b6857037-d701-4a72-a3ae-ed86cc6043e3,Z5-DE,1489,90,17,,4,16,130,1,42805fe7-dd74-46aa-b8ba-7321c8f31f0a,,
c8fbfaeb-6c3a-422a-8f6f-c687eda3a61c,ZL-DE,1489,110,17,,4,16,137,1,42805fe7-dd74-46aa-b8ba-7321c8f31f0a,,
f5617690-ee74-43b6-a93c-21c764cbbdac,ZL-VE,1489,130,17,,4,16,141,1,42805fe7-dd74-46aa-b8ba-7321c8f31f0a,,d12fa5a3-d21b-45ef-ad31-7687cd9e9390
ee6e9fc6-ccb5-4873-aead-37cf41e01bd9,ZY-VE,1489,100,17,,4,16,135,2,42805fe7-dd74-46aa-b8ba-7321c8f31f0a,,d12fa5a3-d21b-45ef-ad31-7687cd9e9390
9c72fcbb-0567-47a8-8367-8c31718b96a4,Z6,1598,105,17,,4,16,145,2,42805fe7-dd74-46aa-b8ba-7321c8f31f0a,,d12fa5a3-d21b-45ef-ad31-7687cd9e9390
b3e7f9cf-7c15-40e8-bacc-2f283c66c732,ZM-DE,1598,95,17,,4,16,145,1,42805fe7-dd74-46aa-b8ba-7321c8f31f0a,,
190f5784-1a7c-4880-b15a-0312c54c6474,GY-DE,2495,170,17,,6,24,207,2,42805fe7-dd74-46aa-b8ba-7321c8f31f0a,,
92528ff3-a206-4cab-9282-a93f267f0f71,AJ-DE,2967,200,17,,6,24,260,2,42805fe7-dd74-46aa-b8ba-7321c8f31f0a,,
2173fa02-d66e-4382-82af-1c1278cde425,AJ-VE,2967,240,17,,6,24,300,2,42805fe7-dd74-46aa-b8ba-7321c8f31f0a,,
33c24aa9-2e94-4067-8b3f-c4eb7e0670cc,CY-DE,3496,263,17,,6,24,338,2,42805fe7-dd74-46aa-b8ba-7321c8f31f0a,,52216e94-c05d-492d-bb88-63a1afa2648f
7fc24dbe-cd0e-44be-ab6c-5cb018fcec3b,CA-DE,3726,272,17,,6,24,367,2,42805fe7-dd74-46aa-b8ba-7321c8f31f0a,,52216e94-c05d-492d-bb88-63a1afa2648f
401fbec4-8015-4bf4-a904-5e0ecb527d5f,P5-VPS,1496,100,17,,4,16,140,2,42805fe7-dd74-46aa-b8ba-7321c8f31f0a,,1c0f2015-974c-46a8-bd96-0fab7e0b669f
eb749092-a433-43e9-a1eb-72e141ff19fd,PE-VPS,1997,150,17,,4,16,200,2,42805fe7-dd74-46aa-b8ba-7321c8f31f0a,,1c0f2015-974c-46a8-bd96-0fab7e0b669f
180e2e05-b609-4ef3-bb9f-d47d8880c0db,PY-VPS,2488,185,17,,4,16,245,2,42805fe7-dd74-46aa-b8ba-7321c8f31f0a,,1c0f2015-974c-46a8-bd96-0fab7e0b669f
b14c4faa-6bc1-4abd-994d-cd273cb216d0,PY-VPTS,2488,227,33,,4,16,420,2,42805fe7-dd74-46aa-b8ba-7321c8f31f0a,,1c0f2015-974c-46a8-bd96-0fab7e0b669f
7639133a-cd38-469f-ba26-1f1cc3a5c76b,H3-VPTS,3283,284,17,,6,24,450,2,42805fe7-dd74-46aa-b8ba-7321c8f31f0a,,1c0f2015-974c-46a8-bd96-0fab7e0b669f
9d2d392a-5ab3-45cc-9a8c-8bf7a322ca81,HF-VPH,1997,177,17,,4,16,224,2,42805fe7-dd74-46aa-b8ba-7321c8f31f0a,,1c0f2015-974c-46a8-bd96-0fab7e0b669f
9ed29754-574a-4a0c-a988-abe914223b74,13B-MSP,1308,192,17,,2,,211,0,42805fe7-dd74-46aa-b8ba-7321c8f31f0a,,
c0ad603e-6965-4083-a8ed-262c1f3d7c7a,RF,1998,58,18,,4,8,120,1,42805fe7-dd74-46aa-b8ba-7321c8f31f0a,,
5a62229f-139f-4537-9ff1-2974017dd131,RF,1998,71,18,,4,8,128,1,42805fe7-dd74-46aa-b8ba-7321c8f31f0a,,
1bd44c88-2da4-465e-9391-55c431620e64,RF,1998,76,18,,4,8,172,1,42805fe7-dd74-46aa-b8ba-7321c8f31f0a,,
1cfcfa08-88f3-4ecc-85e9-4bd51115ff30,RF-T DI,1998,90,34,,4,16,220,1,42805fe7-dd74-46aa-b8ba-7321c8f31f0a,,
ab9f61fe-bb6e-4099-b8f3-48f9162aef9c,RF-T DI,1998,100,18,,4,16,220,1,42805fe7-dd74-46aa-b8ba-7321c8f31f0a,,
c7134570-196e-4af4-a970-164237ffc0ca,RF5C,1998,120,18,,4,16,310,1,42805fe7-dd74-46aa-b8ba-7321c8f31f0a,,
3327122e-b4e3-4a64-ab1f-01d14362dc0f,RF7J,1998,110,18,,4,16,310,1,42805fe7-dd74-46aa-b8ba-7321c8f31f0a,,
0fb106a4-e492-449d-bef5-ade369440b07,R2,2184,70,18,,4,8,138,1,42805fe7-dd74-46aa-b8ba-7321c8f31f0a,,
f23188c2-3a75-4c4c-9746-09abd565efb7,R2AA,2184,150,18,,4,16,360,2,42805fe7-dd74-46aa-b8ba-7321c8f31f0a,,
c1b9e014-d2cd-400e-a36e-2d56cce73edf,Y4,1399,68,18,,4,8,160,1,42805fe7-dd74-46aa-b8ba-7321c8f31f0a,,
a0270a0f-d974-4a30-a645-007ff023c51b,Y6,1560,90,18,,4,16,205,3,42805fe7-dd74-46aa-b8ba-7321c8f31f0a,,
5cda7f15-1bb2-44fd-999e-5c011b24f612,Y6,1560,109,18,,4,16,240,3,42805fe7-dd74-46aa-b8ba-7321c8f31f0a,,
6d7bd1a2-9e44-487c-b2d9-f74974cc4f94,Y6,1560,95,18,,4,8,205,1,42805fe7-dd74-46aa-b8ba-7321c8f31f0a,,
6d105aa9-b832-4259-aefb-80d6a97dc647,Y6,1560,115,18,,4,8,270,1,42805fe7-dd74-46aa-b8ba-7321c8f31f0a,,
62a314c5-5c0b-47b2-aa61-7f68d3e1a74e,WL-C,2499,143,18,,4,16,330,1,42805fe7-dd74-46aa-b8ba-7321c8f31f0a,,
20e1e682-514f-47a1-95c8-984afc78de14,WL-T,2499,110,18,,4,12,265,0,42805fe7-dd74-46aa-b8ba-7321c8f31f0a,,
d2139ba1-b7cc-441e-8edc-723ee73a333f,S5-DPTS,1498,105,18,,4,16,220,2,42805fe7-dd74-46aa-b8ba-7321c8f31f0a,,
918e3d5f-e2cf-4b26-9eea-d37f8fc002c7,S8-DPTS,1756,115,18,,4,16,270,2,42805fe7-dd74-46aa-b8ba-7321c8f31f0a,,
16411a2b-e381-486a-90a5-80da18f4aadc,SH-VPTS,2188,175,18,,4,16,420,2,42805fe7-dd74-46aa-b8ba-7321c8f31f0a,,
b3518e0a-441e-48eb-aeef-8aa5a7b42bf2,T3-VPTS,3283,231,34,,6,24,500,2,42805fe7-dd74-46aa-b8ba-7321c8f31f0a,,
5e26ef7f-02fb-47a4-b0ee-c74eec56d72e,T3-VPTH,3283,200,34,,6,24,450,2,42805fe7-dd74-46aa-b8ba-7321c8f31f0a,,d12fa5a3-d21b-45ef-ad31-7687cd9e9390
42742dba-ff08-4738-b427-1a953c3f19b3,M160,599,45,17,,3,6,70,2,fa7c5354-2306-48c9-a81c-30b03694b817,,
21fa057c-b015-4183-845c-16bcd429bef6,M160,698,50,17,,3,6,80,2,fa7c5354-2306-48c9-a81c-30b03694b817,,
a56d1951-c139-45ce-bf30-f8d19095da7c,M102,1797,109,17,,4,8,150,8,fa7c5354-2306-48c9-a81c-30b03694b817,,
f3422a1a-29a8-4287-9909-b07ddd7fa2dd,M102,1996,86,17,,4,8,165,2,fa7c5354-2306-48c9-a81c-30b03694b817,,
de3005fb-f3d2-4003-91e8-ebaf930d8a48,M102,2298,95,17,,4,8,170,2,fa7c5354-2306-48c9-a81c-30b03694b817,,
cd948ee1-a4bd-4ba6-9a98-f422b728a63d,M111,1799,122,17,,4,16,170,2,fa7c5354-2306-48c9-a81c-30b03694b817,,
66468e62-9464-4773-9e3b-ee4dcf97979f,M111,1998,136,17,,4,16,190,2,fa7c5354-2306-48c9-a81c-30b03694b817,,
8227de43-19e8-4aa2-81fd-e0f06640cba1,M111,1998,180,17,,4,16,250,2,fa7c5354-2306-48c9-a81c-30b03694b817,,
685c9c44-5b14-4888-a1d8-595a3443802a,M111,2199,150,17,,4,16,210,2,fa7c5354-2306-48c9-a81c-30b03694b817,,
2aeeab7a-a8ec-4233-b81b-611c84297e6f,M111,2295,143,17,,4,16,210,2,fa7c5354-2306-48c9-a81c-30b03694b817,,
94f7d86f-f46f-4db4-9252-7c4f70a5bc35,M111,2295,193,17,,4,16,280,2,fa7c5354-2306-48c9-a81c-30b03694b817,,
6f590f36-5fde-4fa0-812c-e983344debc7,M133,1991,360,17,,4,16,450,2,fa7c5354-2306-48c9-a81c-30b03694b817,,
687f034e-1abe-46d9-a33d-342685e32a59,M139,1991,365,17,,4,16,420,2,fa7c5354-2306-48c9-a81c-30b03694b817,,
0606e6e9-bbd9-4124-807d-486ff69bb2fc,M166,1397,82,17,,4,8,130,2,fa7c5354-2306-48c9-a81c-30b03694b817,,
3d28a5db-9fb9-4085-b908-f48ff9ecb5e2,M166,1598,82,17,,4,8,140,2,fa7c5354-2306-48c9-a81c-30b03694b817,,
6f2b40b1-9f56-4355-8c37-7c1c71cf9f04,M166,1898,125,17,,4,8,180,2,fa7c5354-2306-48c9-a81c-30b03694b817,,
0573028c-db90-42d4-87d5-e92ccce455c0,M166,2084,140,17,,4,8,205,2,fa7c5354-2306-48c9-a81c-30b03694b817,,
4939b0a7-e867-4233-8ec7-6de57242e01a,M200,1192,114,17,,4,16,190,2,fa7c5354-2306-48c9-a81c-30b03694b817,,
a1f8d0d1-98fe-44fa-a629-80aec0157feb,M254,1497,170,33,,4,16,250,2,fa7c5354-2306-48c9-a81c-30b03694b817,,d4325ed2-6c45-443c-8365-3bfda8b3b575
bdacb055-613b-4c84-a8a0-49e728600ce4,M254,1991,258,33,,4,16,400,2,fa7c5354-2306-48c9-a81c-30b03694b817,,d4325ed2-6c45-443c-8365-3bfda8b3b575
f668e10b-1cfe-4751-b9aa-79c6ec3bfa5b,M260,1991,190,17,,4,16,300,2,fa7c5354-2306-48c9-a81c-30b03694b817,,d4325ed2-6c45-443c-8365-3bfda8b3b575
698a0ad5-78c5-4bad-95ab-d16af961e518,M264,1497,156,17,,4,16,250,2,fa7c5354-2306-48c9-a81c-30b03694b817,,d4325ed2-6c45-443c-8365-3bfda8b3b575
ed86876a-a5c3-42c7-b6ed-2cee89914db4,M264,1991,197,17,,4,16,320,2,fa7c5354-2306-48c9-a81c-30b03694b817,,d4325ed2-6c45-443c-8365-3bfda8b3b575
4241f6d5-a4f3-47a1-bb15-97e49c7e3298,M266,1498,95,17,,4,8,140,2,fa7c5354-2306-48c9-a81c-30b03694b817,,
34a04879-6754-4a2f-bcd5-c30af3c2bc2d,M266,1699,116,17,,4,8,155,2,fa7c5354-2306-48c9-a81c-30b03694b817,,
3ba190c4-c9ba-453d-8b52-44cdb376be44,M266,2034,136,17,,4,8,185,2,fa7c5354-2306-48c9-a81c-30b03694b817,,
2e8fbc36-67b8-41b9-a175-3ee9f95f98c3,M266,2034,193,17,,4,8,280,2,fa7c5354-2306-48c9-a81c-30b03694b817,,
cb752377-a80f-401e-b0be-0036851b40d5,M270,1595,102,17,,4,16,180,0,fa7c5354-2306-48c9-a81c-30b03694b817,,
8e8f5e20-6bed-468b-b6ad-1eb9a6d24994,M270,1595,156,17,,4,16,250,0,fa7c5354-2306-48c9-a81c-30b03694b817,,
dd29075e-7a65-46e3-ba3c-dd2368937626,M270,1991,156,17,,4,16,270,0,fa7c5354-2306-48c9-a81c-30b03694b817,,
f621a53e-5a57-44ff-aabd-f33b2aedd06e,M271,1597,129,17,,4,16,220,2,fa7c5354-2306-48c9-a81c-30b03694b817,,
656f057a-9e3b-4192-b69a-b554a4a15872,M271,1796,122,17,,4,16,190,2,fa7c5354-2306-48c9-a81c-30b03694b817,,
ea9f0fbb-1f5b-417b-8fb6-4c299bfd2bf2,M271,1796,170,17,,4,16,250,2,fa7c5354-2306-48c9-a81c-30b03694b817,,
9aa62b0b-ad2b-46a3-bdd8-8f14d1534e13,M271,1796,156,17,,4,16,250,2,fa7c5354-2306-48c9-a81c-30b03694b817,,
98a62a88-960d-47fa-b0cf-40329f81636d,M274,1595,129,17,,4,16,210,0,fa7c5354-2306-48c9-a81c-30b03694b817,,
61857573-5c7c-4cc0-a38a-364b3b5be088,M274,1991,156,17,,4,16,270,0,fa7c5354-2306-48c9-a81c-30b03694b817,,
726268b2-2f9e-436d-9f40-a427bd78a67a,M274,1991,279,17,,4,16,600,0,fa7c5354-2306-48c9-a81c-30b03694b817,,
958ccdff-d186-49c3-a7cf-1cccd82f4731,M282,1332,109,33,,4,16,180,2,fa7c5354-2306-48c9-a81c-30b03694b817,,
6987a0c0-8499-4ecd-9b8d-4414eade1093,M103,2597,160,17,,6,12,220,2,fa7c5354-2306-48c9-a81c-30b03694b817,,
a218ecb0-60d0-4c59-ad0d-70ddfa2846fd,M103,2960,180,17,,6,12,255,2,fa7c5354-2306-48c9-a81c-30b03694b817,,
f13d813e-9ec5-4b70-8d59-1ce50c2bd6e5,M104,2799,193,17,,6,24,265,2,fa7c5354-2306-48c9-a81c-30b03694b817,,
3eb32e4d-8030-4477-a8b4-61b613d848a0,M104,2960,220,17,,6,24,265,2,fa7c5354-2306-48c9-a81c-30b03694b817,,
741e2f1a-ba04-45d6-a9a6-d0e20066a6d7,M104,3199,220,17,,6,24,310,2,fa7c5354-2306-48c9-a81c-30b03694b817,,
f59a3a95-a178-4b23-b1e6-e188f2fea501,M256,2999,367,17,,6,24,500,2,fa7c5354-2306-48c9-a81c-30b03694b817,,d4325ed2-6c45-443c-8365-3bfda8b3b575
9306a305-7e31-4f2b-a35e-370650c22c4b,M256,2999,435,17,,6,24,520,2,fa7c5354-2306-48c9-a81c-30b03694b817,,d4325ed2-6c45-443c-8365-3bfda8b3b575
54f64804-a40d-4f7c-a8aa-ac3c714ed9fb,M112,2398,170,17,,6,18,225,2,fa7c5354-2306-48c9-a81c-30b03694b817,,
3aa1cf1a-b0a9-4296-a046-0ed09d350cca,M112,2597,170,17,,6,18,240,2,fa7c5354-2306-48c9-a81c-30b03694b817,,
3bba0b61-8614-43a9-a0c5-88b130805268,M112,2799,197,17,,6,18,265,8,fa7c5354-2306-48c9-a81c-30b03694b817,,
316f92f5-69a0-4b63-bcaa-270c0b04bb3b,M112,3199,190,17,,6,18,270,2,fa7c5354-2306-48c9-a81c-30b03694b817,,
7ba4f2b4-89a3-4b5d-b87c-db5cb5d5810e,M112,3199,354,17,,6,18,450,2,fa7c5354-2306-48c9-a81c-30b03694b817,,
065c0ba3-c46b-43a1-ad88-05119302bdcc,M112,3724,231,17,,6,18,345,2,fa7c5354-2306-48c9-a81c-30b03694b817,,
7e4fc3c9-e649-4924-8d3a-17913d3f0cf1,M272,2496,204,17,,6,24,245,2,fa7c5354-2306-48c9-a81c-30b03694b817,,
873da060-bbc4-4c35-b1e0-8bea7527130f,M272,2996,231,17,,6,24,300,2,fa7c5354-2306-48c9-a81c-30b03694b817,,
de737627-d6f1-45e9-bb81-3be326fe1523,M272,3498,258,17,,6,24,340,8,fa7c5354-2306-48c9-a81c-30b03694b817,,
f0fb13d1-3fe8-45e7-bc68-dcfdbb44f64b,M272,3498,292,17,,6,24,365,2,fa7c5354-2306-48c9-a81c-30b03694b817,,
5c7bc12e-e1af-4226-b12d-0db60c28ac09,M276,2996,272,33,,6,24,400,2,fa7c5354-2306-48c9-a81c-30b03694b817,,
89bfab2b-b786-4be7-93fe-d4ddec2ef42f,M276,2996,333,33,,6,24,480,2,fa7c5354-2306-48c9-a81c-30b03694b817,,
a4a77749-b49f-49b8-94a5-1daad662452a,M276,2996,367,33,,6,24,520,2,fa7c5354-2306-48c9-a81c-30b03694b817,,
7b2fbe0c-b993-44c9-bd76-e1fe4f6ff7eb,M276,3498,252,17,,6,24,340,2,fa7c5354-2306-48c9-a81c-30b03694b817,,
3ca35298-35d7-421e-ad7b-3f09b9f12253,M276,3498,306,17,,6,24,370,2,fa7c5354-2306-48c9-a81c-30b03694b817,,
33bb7fb9-82c8-426d-97cb-e99842b5b93a,M276,3498,333,33,,6,24,480,2,fa7c5354-2306-48c9-a81c-30b03694b817,,
9b5bb0a0-6cf2-4e97-b440-0a8faafa0550,M113,4266,272,17,,8,24,390,2,fa7c5354-2306-48c9-a81c-30b03694b817,,
be6783eb-c1a0-4e89-8634-fb11b4c02148,M113,4966,296,17,,8,24,460,8,fa7c5354-2306-48c9-a81c-30b03694b817,,
d349834b-0dfe-47ae-80c9-087c4830a4fe,M113,5439,347,17,,8,24,510,2,fa7c5354-2306-48c9-a81c-30b03694b817,,
62f6c1a8-71ec-4d27-ba94-d4acbede02b7,M113,5439,476,17,,8,24,700,2,fa7c5354-2306-48c9-a81c-30b03694b817,,
17266a63-66c6-41d6-aa63-7ac15ac1c39d,M119,4196,272,17,,8,32,400,2,fa7c5354-2306-48c9-a81c-30b03694b817,,
cdf397ff-47b2-45b5-b051-29a9f210caaf,M119,4973,320,17,,8,32,470,2,fa7c5354-2306-48c9-a81c-30b03694b817,,
99438dea-baec-4909-a82a-382abfc38086,M119,5956,374,17,,8,32,550,8,fa7c5354-2306-48c9-a81c-30b03694b817,,
c9de1b7f-073d-49c8-9e6b-168e812f9317,M156,6208,457,17,,8,32,600,2,fa7c5354-2306-48c9-a81c-30b03694b817,,
6730dfcd-2878-42ad-b9e8-775c4933da50,M157,5461,525,17,,8,32,700,2,fa7c5354-2306-48c9-a81c-30b03694b817,,
362b8450-c157-4205-8abc-0d3ed0b70cdf,M176,3982,422,17,,8,32,610,2,fa7c5354-2306-48c9-a81c-30b03694b817,,
80acb772-356c-42ac-8354-5ee5dbd6e1e0,M177,3982,476,17,,8,32,650,2,fa7c5354-2306-48c9-a81c-30b03694b817,,
c7f9cc0a-5df6-4010-96db-7418b23cbb92,M273,4663,340,17,,8,32,460,2,fa7c5354-2306-48c9-a81c-30b03694b817,,
d4c6fb69-f04c-4152-abc5-95a1455a43ac,M273,5461,388,17,,8,32,530,2,fa7c5354-2306-48c9-a81c-30b03694b817,,
18d759b3-a647-44e5-97eb-4a51bd55150a,M278,4663,367,17,,8,32,550,2,fa7c5354-2306-48c9-a81c-30b03694b817,,
c35610e3-d51d-43d8-be18-f8b316aa5e7b,M278,4663,435,17,,8,32,700,2,fa7c5354-2306-48c9-a81c-30b03694b817,,
05f438e6-40aa-4184-86b7-5fbcabc39bed,M120,5987,394,17,,12,48,570,8,fa7c5354-2306-48c9-a81c-30b03694b817,,
e67e8511-6780-47aa-87cb-48fb59fd2f9a,M120,7291,525,17,,12,48,750,2,fa7c5354-2306-48c9-a81c-30b03694b817,,
d5bda214-b88b-44dc-8566-6e27167991b2,M137,5786,367,17,,12,36,530,8,fa7c5354-2306-48c9-a81c-30b03694b817,,
de10302c-a6c8-4b6d-ae75-fa08b5f0b482,M137,6258,444,17,,12,36,620,2,fa7c5354-2306-48c9-a81c-30b03694b817,,
2d8274de-0f46-4403-856a-24b1330aeef2,M275,5513,500,17,,12,36,800,2,fa7c5354-2306-48c9-a81c-30b03694b817,,
dd6ed86b-9c12-4463-a202-2cf319ccbc94,M275,5980,612,17,,12,36,1000,2,fa7c5354-2306-48c9-a81c-30b03694b817,,
ab76ee10-db92-4eee-9307-14cfa8183cbc,M279,5980,530,17,,12,36,830,2,fa7c5354-2306-48c9-a81c-30b03694b817,,
1c0ae3db-862a-4407-90de-f5d51c077aca,M279,5980,612,17,,12,36,1000,2,fa7c5354-2306-48c9-a81c-30b03694b817,,
b269d256-b929-496d-8e46-2d7b04cfc74f,OM639,1493,68,18,,3,12,160,2,fa7c5354-2306-48c9-a81c-30b03694b817,,
91dfbd08-e160-4e9c-b0e7-635908a1353d,OM660,799,41,18,,3,6,100,2,fa7c5354-2306-48c9-a81c-30b03694b817,,
70e91916-42a0-44b4-ac6b-b04320d69169,OM660,799,45,18,,3,6,110,2,fa7c5354-2306-48c9-a81c-30b03694b817,,
ae621223-aaf5-4231-80d3-eee599edfe93,OM615,1988,55,18,,4,8,113,0,fa7c5354-2306-48c9-a81c-30b03694b817,,
261407fd-1649-48c5-a217-2adf178a6dbe,OM615,2197,60,18,,4,8,126,0,fa7c5354-2306-48c9-a81c-30b03694b817,,
68b94245-8543-4650-95f1-44ef55ac1355,OM616,2404,65,18,,4,8,137,0,fa7c5354-2306-48c9-a81c-30b03694b817,,
80ac4cd3-e6a1-447e-80cf-7a5e9f56f0e1,OM616,2399,72,18,,4,8,137,0,fa7c5354-2306-48c9-a81c-30b03694b817,,
0bbe7094-65aa-488d-8e11-b5efcaf6267b,OM601,1997,72,18,,4,8,123,2,fa7c5354-2306-48c9-a81c-30b03694b817,,
d1d0728a-4e90-4f02-ae48-a7539bb31a75,OM601,2197,73,18,,4,8,130,2,fa7c5354-2306-48c9-a81c-30b03694b817,,
a9f6cc4d-a99e-49e1-8457-8f9e551cc75f,OM601,2299,79,18,,4,8,152,2,fa7c5354-2306-48c9-a81c-30b03694b817,,
a7cc3b83-72d1-442f-b6d9-672db5f08603,OM601,2299,98,34,,4,8,230,2,fa7c5354-2306-48c9-a81c-30b03694b817,,
af818d7f-4268-475d-83be-5a791234b9d1,OM604,1997,88,18,,4,16,135,2,fa7c5354-2306-48c9-a81c-30b03694b817,,
80f3c748-4fd3-48c3-9ada-454982a2d70c,OM604,2155,95,18,,4,16,150,2,fa7c5354-2306-48c9-a81c-30b03694b817,,
fce109ce-ff3e-424f-8d65-fdb0cd718d80,OM611,2151,82,18,,4,16,200,0,fa7c5354-2306-48c9-a81c-30b03694b817,,
061aaa6e-5089-4f70-9a6f-41cceeb9abf9,OM611,2151,125,18,,4,16,300,0,fa7c5354-2306-48c9-a81c-30b03694b817,,
44effe00-7e0d-4a52-ac81-37096e7cf068,OM640,1991,82,18,,4,16,180,2,fa7c5354-2306-48c9-a81c-30b03694b817,,
85f87f5a-04fe-427e-b4e0-28d2f8214b23,OM640,1991,109,18,,4,16,250,2,fa7c5354-2306-48c9-a81c-30b03694b817,,
41dc7a94-1105-49f3-97aa-f79e7e3a39a9,OM640,1991,136,18,,4,16,300,2,fa7c5354-2306-48c9-a81c-30b03694b817,,
9a590996-6734-4f90-8aef-413099b1ead8,OM646,2148,88,18,,4,16,220,0,fa7c5354-2306-48c9-a81c-30b03694b817,,
29699af9-26f1-4393-81b8-a05e38f3eb6a,OM646,2148,129,18,,4,16,305,0,fa7c5354-2306-48c9-a81c-30b03694b817,,
df4ef7a5-00c7-4a00-b012-81568e48722d,OM646,2148,136,18,,4,16,270,0,fa7c5354-2306-48c9-a81c-30b03694b817,,
e2799734-623b-4024-a44e-4105222bdb4f,OM646,2148,170,18,,4,16,400,0,fa7c5354-2306-48c9-a81c-30b03694b817,,
22fd8257-dbfe-46e3-ac74-147adcfa1988,OM651,1796,109,18,,4,16,250,0,fa7c5354-2306-48c9-a81c-30b03694b817,,
621dd21d-805a-4099-8d27-47b805a8bc78,OM651,1796,136,18,,4,16,300,0,fa7c5354-2306-48c9-a81c-30b03694b817,,
37c3cd06-53d6-4935-82fa-f516e3f46da0,OM651,2143,95,18,,4,16,250,0,fa7c5354-2306-48c9-a81c-30b03694b817,,
731d7de8-e02b-410c-bd48-322d5ca0dc23,OM651,2143,163,18,,4,16,350,0,fa7c5354-2306-48c9-a81c-30b03694b817,,
77056f2b-4110-4420-a9dc-b0398371f32c,OM654,1597,122,18,,4,16,300,2,fa7c5354-2306-48c9-a81c-30b03694b817,,
442942f7-c4fe-42b2-b18d-0692e1d26cde,OM654,1950,150,18,,4,16,360,2,fa7c5354-2306-48c9-a81c-30b03694b817,,
e0114451-025e-455d-b928-270d40808e7e,OM654,1950,116,18,,4,16,280,2,fa7c5354-2306-48c9-a81c-30b03694b817,,
5dcf6dea-b361-4a6c-96ee-edb8a6249da9,OM654,1993,163,18,,4,16,380,2,fa7c5354-2306-48c9-a81c-30b03694b817,,
0f747b09-80ff-4ada-b6ae-ae9ff612e1de,OM668,1689,60,18,,4,16,160,2,fa7c5354-2306-48c9-a81c-30b03694b817,,
1700dd4a-8efd-4878-b909-a00d0a80aa94,OM668,1689,90,18,,4,16,180,2,fa7c5354-2306-48c9-a81c-30b03694b817,,
58eaa14e-bd5b-4542-87d9-ce884e7c1238,OM617,3005,80,18,,5,10,172,0,fa7c5354-2306-48c9-a81c-30b03694b817,,
1d465210-b0ca-44f2-9498-f06b2bc06899,OM617,2998,88,18,,5,10,172,0,fa7c5354-2306-48c9-a81c-30b03694b817,,
1a8b9e0b-d7e4-4704-a66e-041e412739f1,OM617,3005,111,18,,5,10,228,0,fa7c5354-2306-48c9-a81c-30b03694b817,,
420eed5d-715e-4deb-ad06-9a11f93bf121,OM617,2998,121,18,,5,10,230,0,fa7c5354-2306-48c9-a81c-30b03694b817,,
47836a3d-b9a0-4f4c-9bf8-7275ee5e5e3b,OM617,2998,125,18,,5,10,250,0,fa7c5354-2306-48c9-a81c-30b03694b817,,
7630910e-2094-48bf-bb42-04165daf0a5a,OM602,2497,84,18,,5,10,154,2,fa7c5354-2306-48c9-a81c-30b03694b817,,
303be27a-f446-4a51-aad6-94731f9e9440,OM602,2497,122,34,,5,10,225,2,fa7c5354-2306-48c9-a81c-30b03694b817,,
a74f36f5-b45f-4b38-9a28-93e3f7d33941,OM602,2874,95,18,,5,10,192,2,fa7c5354-2306-48c9-a81c-30b03694b817,,
b1e0e81c-9c29-44d9-b2a1-81f96a407f0f,OM602,2874,120,34,,5,10,280,2,fa7c5354-2306-48c9-a81c-30b03694b817,,
603edcc2-f1f1-4790-a7ad-b99a36a3a624,OM605,2497,113,18,,5,20,170,2,fa7c5354-2306-48c9-a81c-30b03694b817,,
c615c1d1-2237-40b6-8fbe-a4af4cf28009,OM605,2497,150,34,,5,20,280,2,fa7c5354-2306-48c9-a81c-30b03694b817,,
bc53f715-c6a6-487f-aa35-98a069b1ae7e,OM612,2685,156,34,,5,20,330,2,fa7c5354-2306-48c9-a81c-30b03694b817,,
a41f0458-2429-4c3e-b4a2-46ceed5a3032,OM647,2685,177,18,,5,20,400,2,fa7c5354-2306-48c9-a81c-30b03694b817,,
f9884b09-37aa-456c-8b91-d68607436319,OM603,2996,109,18,,6,12,185,2,fa7c5354-2306-48c9-a81c-30b03694b817,,
63debe80-3185-4edb-a5c8-fa355a4f694a,OM603,2996,143,18,,6,12,267,2,fa7c5354-2306-48c9-a81c-30b03694b817,,
77daf09f-3584-4c39-b503-1a02e9330b18,OM603,3449,136,18,,6,12,305,2,fa7c5354-2306-48c9-a81c-30b03694b817,,
26d426cc-0d2e-49f9-99be-84a68d02e4ef,OM606,2996,136,18,,6,24,210,2,fa7c5354-2306-48c9-a81c-30b03694b817,,
4c595103-701b-4b72-b2d6-83ba4f08b4b5,OM606,2996,177,34,,6,24,330,2,fa7c5354-2306-48c9-a81c-30b03694b817,,
bf15b930-f147-49b5-8457-321f0b67d68f,OM613,3222,197,34,,6,24,470,2,fa7c5354-2306-48c9-a81c-30b03694b817,,
9f664da9-2175-4390-8d89-fa674e3fa3a6,OM648,3222,177,18,,6,24,425,2,fa7c5354-2306-48c9-a81c-30b03694b817,,
d1355845-1d3d-4313-8605-aa8256ef78b0,OM648,3222,204,18,,6,24,500,2,fa7c5354-2306-48c9-a81c-30b03694b817,,
56d3af1d-8caf-4864-b585-7507d79c2700,OM656,2927,272,18,,6,24,600,2,fa7c5354-2306-48c9-a81c-30b03694b817,,d4325ed2-6c45-443c-8365-3bfda8b3b575
c7defee3-1727-4bb0-883f-223ccddcd626,OM656,2927,330,18,,6,24,700,2,fa7c5354-2306-48c9-a81c-30b03694b817,,d4325ed2-6c45-443c-8365-3bfda8b3b575
2f7d46b1-3b1d-4566-8529-496d62c46f24,OM642,2987,184,18,,6,24,400,0,fa7c5354-2306-48c9-a81c-30b03694b817,,
8f6f419c-466d-44fa-8743-2c0d8c6f6fa9,OM642,2987,211,18,,6,24,440,0,fa7c5354-2306-48c9-a81c-30b03694b817,,
49bdec90-dd77-48cc-b45b-1ad86717f814,OM642,2987,231,18,,6,24,540,0,fa7c5354-2306-48c9-a81c-30b03694b817,,
c541e2cb-5a4c-4651-8ad3-f3fc5ddc0ab4,OM628,3996,250,18,,8,32,560,2,fa7c5354-2306-48c9-a81c-30b03694b817,,
918147ff-da7c-4ca5-b028-e655f75c85c2,ОМ629,3996,306,18,,8,32,700,8,fa7c5354-2306-48c9-a81c-30b03694b817,,
230eee47-ef12-4a74-9a85-d093b7283deb,W10B14A,1397,75,17,,4,16,122,2,690bd4c3-4de7-49c0-9041-c4a76bea287d,,
053c5487-dd7a-4537-bf9a-cb553a118157,W10B16A,1598,90,17,,4,16,140,2,690bd4c3-4de7-49c0-9041-c4a76bea287d,,
6df69ed7-08f6-4d10-80dd-adace6bbd0ba,W10B16A,1598,116,17,,4,16,150,2,690bd4c3-4de7-49c0-9041-c4a76bea287d,,
f1a9e31d-4128-4176-bffe-7a742f9a2356,W11B16A,1598,163,17,,4,16,210,2,690bd4c3-4de7-49c0-9041-c4a76bea287d,,
f8ccae75-ab48-4e4c-9d40-b7bac3403318,W11B16A,1598,210,17,,4,16,245,2,690bd4c3-4de7-49c0-9041-c4a76bea287d,,
f70b342b-14c5-4a43-b15b-832bdc8a4d84,N12B14A,1397,75,17,,4,16,120,2,690bd4c3-4de7-49c0-9041-c4a76bea287d,,
012f7349-70a4-4d36-8723-00e95f3c213a,N12B14A,1397,95,17,,4,16,140,2,690bd4c3-4de7-49c0-9041-c4a76bea287d,,
62918336-8860-4ec9-80b2-512d1701c04c,N12B16A,1598,90,17,,4,16,150,2,690bd4c3-4de7-49c0-9041-c4a76bea287d,,
d325d094-6da4-4b7a-a276-e926560f9205,N12B16A,1598,120,17,,4,16,160,2,690bd4c3-4de7-49c0-9041-c4a76bea287d,,
4bc2bf57-0247-4d6f-a034-970497486476,N16B16A,1598,75,17,,4,16,140,2,690bd4c3-4de7-49c0-9041-c4a76bea287d,,
7b8acf5b-69dc-4202-9ce0-dc5e042eee3f,N16B16A,1598,122,17,,4,16,160,2,690bd4c3-4de7-49c0-9041-c4a76bea287d,,
0d2007f0-0939-4e23-846a-1bfb41cb8438,N14B16A,1598,174,17,,4,16,240,2,690bd4c3-4de7-49c0-9041-c4a76bea287d,,
89615c1c-9b6e-44d5-b552-77d8c6c3922a,N14B16C,1598,211,17,,4,16,260,2,690bd4c3-4de7-49c0-9041-c4a76bea287d,,
2dbd569a-0223-4998-8af5-98617c4c9bcc,N18B16A,1598,184,17,,4,16,240,2,690bd4c3-4de7-49c0-9041-c4a76bea287d,,
e550cfc7-d1ac-4ad0-a480-672eec64f621,N18B16C,1598,211,17,,4,16,260,2,690bd4c3-4de7-49c0-9041-c4a76bea287d,,
a667f737-7d90-4283-a6a3-66a7db9cf91f,N18B16C,1598,218,17,,4,16,260,2,690bd4c3-4de7-49c0-9041-c4a76bea287d,,
139d42ba-6c81-4f5d-8678-e79afd46893b,B38A12A,1198,75,17,,3,12,150,2,690bd4c3-4de7-49c0-9041-c4a76bea287d,,
4c5566d2-aeac-4310-84cd-bed13fe00a6f,B38A12A,1198,102,17,,3,12,180,2,690bd4c3-4de7-49c0-9041-c4a76bea287d,,
635184e3-8fcd-4507-b3a3-b2de59783e0d,B38A15A,1499,75,17,,3,12,160,2,690bd4c3-4de7-49c0-9041-c4a76bea287d,,
feb123ee-a097-49af-af8a-3eeb7cbf5a1c,B38A15A,1499,102,17,,3,12,190,2,690bd4c3-4de7-49c0-9041-c4a76bea287d,,
645462d1-c04b-472d-a8ea-98da5109f619,B38A15A,1499,136,17,,3,12,220,2,690bd4c3-4de7-49c0-9041-c4a76bea287d,,
6c351544-a5b8-4a88-9a5d-3de0d008a6b1,B48A20A,1998,192,17,,4,16,280,2,690bd4c3-4de7-49c0-9041-c4a76bea287d,,
77498fa2-38d5-40ae-adf1-447772c385b9,B48A20B,1998,231,17,,4,16,320,2,690bd4c3-4de7-49c0-9041-c4a76bea287d,,
b4fdf1a3-0683-4042-b6db-a892b92e9a1d,B48A20B,1998,306,17,,4,16,450,2,690bd4c3-4de7-49c0-9041-c4a76bea287d,,
bacb56d0-5a82-4531-ade4-f00bf8ae3e49,W17D14,1364,75,18,,4,8,180,2,690bd4c3-4de7-49c0-9041-c4a76bea287d,,
c918b694-8e8f-4869-bb1f-17d11fc9f84b,W17D14,1364,88,18,,4,8,190,2,690bd4c3-4de7-49c0-9041-c4a76bea287d,,
3b5caeab-604d-4984-928d-903a7fe4b8f7,W16D16,1560,109,18,,4,16,240,3,690bd4c3-4de7-49c0-9041-c4a76bea287d,,
817263b3-010c-4881-baa8-ab38b69037e7,N47C16A,1598,90,18,,4,16,215,2,690bd4c3-4de7-49c0-9041-c4a76bea287d,,
fccd679a-7205-4e55-9200-d55268fd89c9,N47C16A,1598,112,18,,4,16,270,2,690bd4c3-4de7-49c0-9041-c4a76bea287d,,
0079ed90-b0d7-4e24-bfd5-c737c3a7fd51,N47C20A,1995,112,18,,4,16,270,2,690bd4c3-4de7-49c0-9041-c4a76bea287d,,
7fa8822f-cbcb-4004-b6c4-bd32575f0e8e,N47C20A,1995,143,18,,4,16,305,2,690bd4c3-4de7-49c0-9041-c4a76bea287d,,
49e45184-f540-4aee-b8c8-4764796c766a,B37C15A,1496,95,18,,3,12,220,2,690bd4c3-4de7-49c0-9041-c4a76bea287d,,
8962b2e4-49a2-4e27-a54d-0ca50eef6f96,B37C15A,1496,116,18,,3,12,270,2,690bd4c3-4de7-49c0-9041-c4a76bea287d,,
33130bb9-6e66-4783-9eeb-89309c7ff698,B47C20A,1995,150,18,,4,16,330,2,690bd4c3-4de7-49c0-9041-c4a76bea287d,,
eafe6d69-a56e-45dd-b15e-8de93fd12446,B47C20A,1995,170,18,,4,16,360,2,690bd4c3-4de7-49c0-9041-c4a76bea287d,,
25e7ccdd-8523-4c4d-a6c9-76be4a317755,3A90,999,71,17,,3,12,88,2,019b82f0-518f-4edc-a5b9-c62f812057f2,,d48edb0c-97ae-4309-b41c-1855db900e00
50603a8e-8b95-458d-ae67-5baefd9944f6,3A91,1124,75,17,,3,12,100,2,019b82f0-518f-4edc-a5b9-c62f812057f2,,d48edb0c-97ae-4309-b41c-1855db900e00
f94a6d7a-952e-49a4-bac4-818fb34629b3,3A92,1193,78,17,,3,12,106,2,019b82f0-518f-4edc-a5b9-c62f812057f2,,d48edb0c-97ae-4309-b41c-1855db900e00
827262df-621e-4554-9d27-00f3daac3076,3B20,659,49,17,,3,12,56,2,019b82f0-518f-4edc-a5b9-c62f812057f2,,d48edb0c-97ae-4309-b41c-1855db900e00
cf63497c-3d74-421f-8c3c-c1a3857b7554,3B20T,659,64,17,,3,12,94,2,019b82f0-518f-4edc-a5b9-c62f812057f2,,d48edb0c-97ae-4309-b41c-1855db900e00
87aff8d2-b4af-449e-a82d-1bb6f98c499a,3B21,999,61,17,,3,12,89,2,019b82f0-518f-4edc-a5b9-c62f812057f2,,d48edb0c-97ae-4309-b41c-1855db900e00
e99dd0fe-d70d-4781-84b4-6acb8ef98658,3B21T,999,84,17,,3,12,120,2,019b82f0-518f-4edc-a5b9-c62f812057f2,,d48edb0c-97ae-4309-b41c-1855db900e00
70751e65-0932-48db-9859-43c3429e2557,3G81,548,30,17,,3,6,41,1,019b82f0-518f-4edc-a5b9-c62f812057f2,,
30ca0775-bb84-486a-862f-884b5d40644e,3G81,548,46,33,,3,6,59,1,019b82f0-518f-4edc-a5b9-c62f812057f2,,
4d39c2cc-8bd6-41f1-b238-391a11c2bc60,3G81,548,38,17,,3,15,43,1,019b82f0-518f-4edc-a5b9-c62f812057f2,,
6c4d2439-a2b5-4b73-8f9d-ffbea4d4358d,3G81,548,64,33,,3,15,75,1,019b82f0-518f-4edc-a5b9-c62f812057f2,,
73be6018-78e0-4c5e-b30f-f65885913f43,3G83,657,39,17,,3,6,51,1,019b82f0-518f-4edc-a5b9-c62f812057f2,,
571b066a-191d-4d82-a92c-c84a5d14af97,3G83,657,51,17,,3,12,56,1,019b82f0-518f-4edc-a5b9-c62f812057f2,,
5b18df52-6c28-4131-8312-ffd08e3e003c,3G83,657,64,17,,3,15,96,1,019b82f0-518f-4edc-a5b9-c62f812057f2,,
b506b1b2-f9b1-420f-b94c-656077ee2575,4A30,659,50,17,,4,16,56,1,019b82f0-518f-4edc-a5b9-c62f812057f2,,
113b317a-38b8-4563-bebe-b2b9e8479840,4A30,659,55,17,,4,16,60,1,019b82f0-518f-4edc-a5b9-c62f812057f2,,
6a65cf1f-8b67-493f-9c63-e394179ced95,4A30,659,64,33,,4,20,97,1,019b82f0-518f-4edc-a5b9-c62f812057f2,,
13a2d187-ea94-4d9c-a2b0-31237666fde3,4A31,1094,78,17,,4,16,103,1,019b82f0-518f-4edc-a5b9-c62f812057f2,,
df14e8e3-72c4-4c09-b676-4fb9f16ef56d,4A31,1094,74,17,,4,16,100,1,019b82f0-518f-4edc-a5b9-c62f812057f2,,
9e24bbc5-809b-4eee-a24a-ced68ef0dcdb,4A90,1332,95,17,,4,16,125,2,019b82f0-518f-4edc-a5b9-c62f812057f2,,d48edb0c-97ae-4309-b41c-1855db900e00
d73c0e1e-f1aa-44ff-857b-03bd67c1f455,4A91,1499,109,17,,4,16,145,2,019b82f0-518f-4edc-a5b9-c62f812057f2,,d48edb0c-97ae-4309-b41c-1855db900e00
ce8618dd-a5dc-4fa0-8552-bc694b3e666d,4A92,1590,117,17,,4,16,154,2,019b82f0-518f-4edc-a5b9-c62f812057f2,,d48edb0c-97ae-4309-b41c-1855db900e00
1408178f-5e90-4ccc-9014-eded75caf0cd,4B10,1798,140,17,,4,16,172,0,019b82f0-518f-4edc-a5b9-c62f812057f2,,
122783a3-9ed6-43de-8c1a-24a9588ce3bd,4B11,1998,145,17,,4,16,195,0,019b82f0-518f-4edc-a5b9-c62f812057f2,,
ccd56385-9b01-43f9-9d9f-080abced0f90,4B11T,1998,240,17,,4,16,340,0,019b82f0-518f-4edc-a5b9-c62f812057f2,,
457ae045-f2b2-4347-850e-19353d8b63b8,4B12,2359,165,17,,4,16,222,0,019b82f0-518f-4edc-a5b9-c62f812057f2,,
1e7674f5-86f3-4d25-a36a-683bc83ec078,4B40,1499,150,33,,4,16,250,2,019b82f0-518f-4edc-a5b9-c62f812057f2,,d48edb0c-97ae-4309-b41c-1855db900e00
2391baf4-e563-4c84-a61c-af30e8653518,4G13,1298,60,17,,4,8,96,0,019b82f0-518f-4edc-a5b9-c62f812057f2,,
4a4c606c-522a-49c3-a7f9-1b90f11cdebf,4G13,1298,70,17,,4,12,102,0,019b82f0-518f-4edc-a5b9-c62f812057f2,,
b267a07a-3b6d-4275-b2c5-deec27e8828e,4G13,1298,75,17,,4,12,108,0,019b82f0-518f-4edc-a5b9-c62f812057f2,,
d248bb11-e3b9-41e1-9002-44db4ab6a701,4G13,1298,82,17,,4,16,115,0,019b82f0-518f-4edc-a5b9-c62f812057f2,,
6c977dcf-104c-4cbf-ba2f-cf906e1e4e1a,4G19,1343,90,17,,4,16,121,0,019b82f0-518f-4edc-a5b9-c62f812057f2,,
db1cef55-869f-47b0-8fd9-9160a0d4f7a7,4G15,1468,70,17,,4,8,110,0,019b82f0-518f-4edc-a5b9-c62f812057f2,,
f50bd415-14d3-4318-8cdf-5ac962906bd2,4G15,1468,80,17,,4,12,115,0,019b82f0-518f-4edc-a5b9-c62f812057f2,,
ae8f04dd-6aeb-4894-a646-817801af96df,4G15,1468,97,17,,4,16,130,0,019b82f0-518f-4edc-a5b9-c62f812057f2,,
5712f832-5973-4b33-94e0-8ce0b172361b,4G15,1468,105,17,,4,16,140,0,019b82f0-518f-4edc-a5b9-c62f812057f2,,
b4cfea17-1c1a-44d1-8be7-3b690fc9224c,4G15T,1468,147,17,,4,16,210,1,019b82f0-518f-4edc-a5b9-c62f812057f2,,d48edb0c-97ae-4309-b41c-1855db900e00
888f9879-5a61-427d-8d9d-71fd8edc7ef3,4G18,1584,98,17,,4,16,145,0,019b82f0-518f-4edc-a5b9-c62f812057f2,,
cb80a7d2-9c4b-49f0-b2f3-289d7df88287,4G33,1439,68,17,,4,8,104,1,019b82f0-518f-4edc-a5b9-c62f812057f2,,
96ee5cfd-a4b2-463d-b5ee-09c9f695271b,4G33,1439,70,17,,4,8,108,1,019b82f0-518f-4edc-a5b9-c62f812057f2,,
52e4b230-969a-402e-8a0a-e89d9d398423,4G32,1597,65,17,,4,8,115,1,019b82f0-518f-4edc-a5b9-c62f812057f2,,
0b431c3d-621d-4993-a978-76eb447d67a2,4G32,1597,120,33,,4,8,172,1,019b82f0-518f-4edc-a5b9-c62f812057f2,,
84642570-95c9-4cf9-89e3-23fedde78aa5,4G32,1597,80,17,,4,8,125,1,019b82f0-518f-4edc-a5b9-c62f812057f2,,
e2fff266-dd7f-4be7-a74a-866b50f699ea,4G37,1755,86,17,,4,8,137,1,019b82f0-518f-4edc-a5b9-c62f812057f2,,
e35c9826-4bf3-4672-958c-67370942fb43,4G37,1755,90,17,,4,8,138,1,019b82f0-518f-4edc-a5b9-c62f812057f2,,
ae0ac610-fa71-4aeb-a946-af36afaead3c,4G52,1995,100,17,,4,8,165,2,019b82f0-518f-4edc-a5b9-c62f812057f2,,
ed2e5daf-3355-42ed-bd7a-1cda91d5599a,4G53,2384,110,17,,4,8,200,2,019b82f0-518f-4edc-a5b9-c62f812057f2,,
d392fb98-47a5-453c-a72b-c77b6be8da38,4G54,2555,103,17,,4,8,188,2,019b82f0-518f-4edc-a5b9-c62f812057f2,,
30d1e84a-00d0-42a4-a6ec-e70a60224996,4G54,2555,131,17,,4,8,212,2,019b82f0-518f-4edc-a5b9-c62f812057f2,,
bbe3723a-2564-4f13-8545-2a0011da4109,4G54,2555,175,17,,4,8,314,2,019b82f0-518f-4edc-a5b9-c62f812057f2,,
b5eabbd8-809d-4e44-97d8-83817a7e8d41,4G61,1595,105,17,,4,16,135,1,019b82f0-518f-4edc-a5b9-c62f812057f2,,
a2c7a133-02df-4d8f-8c62-353cd20c3f1c,4G61,1595,115,17,,4,16,140,1,019b82f0-518f-4edc-a5b9-c62f812057f2,,
18564635-ee7d-4533-bba8-07fc37faebf0,4G61,1595,135,17,,4,16,190,1,019b82f0-518f-4edc-a5b9-c62f812057f2,,
23af96e7-cd34-4beb-97c0-12c938bce6fd,4G62,1795,85,17,,4,8,135,1,019b82f0-518f-4edc-a5b9-c62f812057f2,,
e003aba1-af8f-4103-95b7-217df7724c74,4G62,1795,90,17,,4,8,140,1,019b82f0-518f-4edc-a5b9-c62f812057f2,,
e55ac15d-b2e8-4133-8127-f8492385a303,4G62,1795,135,17,,4,8,200,1,019b82f0-518f-4edc-a5b9-c62f812057f2,,
0e166645-4ef2-4e56-a8f1-10b97d34a347,4G67,1836,135,17,,4,16,159,1,019b82f0-518f-4edc-a5b9-c62f812057f2,,
37483396-df10-4e01-b92b-5720bdf3d1bf,4G63,1997,87,17,,4,8,157,1,019b82f0-518f-4edc-a5b9-c62f812057f2,,
6a65c173-789d-4d4a-9941-1200ce980974,4G63,1997,109,17,,4,8,159,1,019b82f0-518f-4edc-a5b9-c62f812057f2,,
2894e351-5954-4f19-bfdc-3c6dd8def3aa,4G63,1997,133,17,,4,16,176,1,019b82f0-518f-4edc-a5b9-c62f812057f2,,
b651990a-7849-4584-9c5c-dff1c0193bd7,4G63,1997,135,17,,4,16,170,1,019b82f0-518f-4edc-a5b9-c62f812057f2,,
af9c3c9f-3db1-41d9-8606-9f44956165cb,4G63t,1997,195,33,,4,16,278,1,019b82f0-518f-4edc-a5b9-c62f812057f2,,
5f28c852-6865-430e-b62b-b896d4c73d20,4G63t,1997,276,33,,4,16,330,1,019b82f0-518f-4edc-a5b9-c62f812057f2,,
86408f49-f16c-41c7-ba4c-1e14c4888063,4G63t,1997,264,33,,4,16,343,1,019b82f0-518f-4edc-a5b9-c62f812057f2,,d48edb0c-97ae-4309-b41c-1855db900e00
3ab3ba7e-9351-4acb-95f8-0311f1c3cfef,4G64,2351,112,17,,4,8,183,1,019b82f0-518f-4edc-a5b9-c62f812057f2,,
6c18f4cc-639f-4a7a-a022-5dacb2b8e5a4,4G64,2351,125,17,,4,16,190,1,019b82f0-518f-4edc-a5b9-c62f812057f2,,
7496b596-0a88-44b4-8031-76c95c358052,4G64,2351,140,17,,4,16,215,1,019b82f0-518f-4edc-a5b9-c62f812057f2,,
e0da16de-ec23-4bd7-9a44-c8bab4378491,4G64,2351,150,17,,4,16,225,1,019b82f0-518f-4edc-a5b9-c62f812057f2,,
c25a2e6a-be6a-4e53-8237-de78d02ab9e8,4G69,2378,155,17,,4,16,210,1,019b82f0-518f-4edc-a5b9-c62f812057f2,,d48edb0c-97ae-4309-b41c-1855db900e00
dc98ff95-3e43-450c-892d-a125ff77ba82,4G91,1496,97,17,,4,16,126,1,019b82f0-518f-4edc-a5b9-c62f812057f2,,
3bc3dfc1-dcc7-42c1-999a-eb1762d19f3b,4G91,1496,115,17,,4,16,135,1,019b82f0-518f-4edc-a5b9-c62f812057f2,,
97767865-acda-4048-bf79-2c389af34543,4G92,1597,94,17,,4,16,135,1,019b82f0-518f-4edc-a5b9-c62f812057f2,,
9afe8008-84a2-493f-b452-c005e6c8823b,4G92,1597,147,17,,4,16,149,1,019b82f0-518f-4edc-a5b9-c62f812057f2,,
78c4f8a9-bcb9-472c-8b34-5f54ddb40ad1,4G92,1597,170,17,,4,16,167,1,019b82f0-518f-4edc-a5b9-c62f812057f2,,d48edb0c-97ae-4309-b41c-1855db900e00
8611bc38-1457-49a3-a138-c93c8e86837c,4G93,1834,110,17,,4,16,154,1,019b82f0-518f-4edc-a5b9-c62f812057f2,,
f5774c1c-2bdb-47f1-9133-e29da64731d4,4G93,1834,120,17,,4,16,159,1,019b82f0-518f-4edc-a5b9-c62f812057f2,,
dac07fd9-2d4d-4b20-8954-719c9817126f,4G93,1834,140,17,,4,16,167,1,019b82f0-518f-4edc-a5b9-c62f812057f2,,
2c0e2651-09f7-4ec1-a03e-701bdd57a853,4G93,1834,195,33,,4,16,270,1,019b82f0-518f-4edc-a5b9-c62f812057f2,,
5e1f9a85-4191-42a6-8d3c-3f2412edfb85,4G93,1834,160,33,,4,16,220,1,019b82f0-518f-4edc-a5b9-c62f812057f2,,
8a90cb92-f8c5-433c-81e6-a3f1f8363a8a,4G94,1999,125,17,,4,16,176,1,019b82f0-518f-4edc-a5b9-c62f812057f2,,
23366d4a-dab1-413e-a116-c91124c8ed64,4G94,1999,145,17,,4,16,191,1,019b82f0-518f-4edc-a5b9-c62f812057f2,,
db1142b6-dcd3-4db6-8391-519ef37a2b7f,4J10,1798,140,17,,4,16,172,2,019b82f0-518f-4edc-a5b9-c62f812057f2,,d48edb0c-97ae-4309-b41c-1855db900e00
cd76dc6a-3dd6-49d3-a2d0-ea8075c34be1,4J11,1998,150,17,,4,16,195,2,019b82f0-518f-4edc-a5b9-c62f812057f2,,d48edb0c-97ae-4309-b41c-1855db900e00
a014a417-28f4-4aa2-9eb6-56a7098cf7ff,4J12,2360,168,17,,4,16,220,2,019b82f0-518f-4edc-a5b9-c62f812057f2,,d48edb0c-97ae-4309-b41c-1855db900e00
05c3fc80-46a1-4c62-8066-e07f57f4fc50,6A10,1597,140,17,,6,24,147,1,019b82f0-518f-4edc-a5b9-c62f812057f2,,
9b813153-ab1c-4176-8fbb-03e5306d1801,6A11,1829,135,17,,6,24,167,1,019b82f0-518f-4edc-a5b9-c62f812057f2,,
4d4d6d49-1a1b-4c4e-a82e-0261217410ba,6A12,1998,145,17,,6,24,180,1,019b82f0-518f-4edc-a5b9-c62f812057f2,,
607b1cd3-d238-429e-8090-7c551efd575f,6A12,1998,170,17,,6,24,190,1,019b82f0-518f-4edc-a5b9-c62f812057f2,,
7b998174-4998-49cc-ae06-6a4a992e98b9,6A12,1998,200,17,,6,24,200,1,019b82f0-518f-4edc-a5b9-c62f812057f2,,d48edb0c-97ae-4309-b41c-1855db900e00
a46c7174-dda2-409a-aa0e-37b90b9d7a60,6А12TT,1998,215,17,,6,24,310,1,019b82f0-518f-4edc-a5b9-c62f812057f2,,
78c1a58c-ba2c-4d83-acdb-7a7099c3e1ff,6A13,2498,160,17,,6,24,220,1,019b82f0-518f-4edc-a5b9-c62f812057f2,,
76441c25-ae26-4dd6-a029-502d76302763,6A13TT,2498,260,17,,6,24,343,1,019b82f0-518f-4edc-a5b9-c62f812057f2,,
0abb8052-15a2-49a4-9112-79d53d0865b6,6B31,2998,220,17,,6,24,276,1,019b82f0-518f-4edc-a5b9-c62f812057f2,,d48edb0c-97ae-4309-b41c-1855db900e00
478b82e0-2c38-4256-b352-54f685ca9651,6G71,1998,105,17,,6,12,158,1,019b82f0-518f-4edc-a5b9-c62f812057f2,,
41db5f2f-f2ea-466d-b7ce-8d6f7562c57a,6G71,1998,120,17,,6,12,172,1,019b82f0-518f-4edc-a5b9-c62f812057f2,,
e4af4360-13b7-4a21-ad20-f0a111e1fdf6,6G71,1998,150,17,,6,12,221,1,019b82f0-518f-4edc-a5b9-c62f812057f2,,
9dd5772c-ade7-4fde-bee9-8359d1358809,6G73,2497,165,17,,6,24,220,0,019b82f0-518f-4edc-a5b9-c62f812057f2,,
442631fa-1a44-4bcd-9cc2-9d37ea59f13c,6G73,2497,170,17,,6,24,220,0,019b82f0-518f-4edc-a5b9-c62f812057f2,,
8f0e0a4a-b407-43d5-9c46-2591889494eb,6G73,2497,200,17,,6,24,250,0,019b82f0-518f-4edc-a5b9-c62f812057f2,,
f2dd3582-d24a-4e24-8164-27f9745dad35,6G72,2972,140,17,,6,12,230,0,019b82f0-518f-4edc-a5b9-c62f812057f2,,
cef5b025-c8b2-4145-b940-c23c7ec2952e,6G72,2972,170,17,,6,24,255,0,019b82f0-518f-4edc-a5b9-c62f812057f2,,
400757ab-9156-4570-a231-7390965e969d,6G72,2972,195,17,,6,24,265,0,019b82f0-518f-4edc-a5b9-c62f812057f2,,
dd5b205c-eb66-408f-b974-8308fdc1087c,6G72,2972,215,17,,6,24,300,0,019b82f0-518f-4edc-a5b9-c62f812057f2,,
f62fcc9e-cd58-4594-bc3b-bf097e453973,6G72TT,2497,280,17,,6,24,407,1,019b82f0-518f-4edc-a5b9-c62f812057f2,,
696d9973-d499-4f44-b42c-3bcb359dfac4,6G74,3497,180,17,,6,24,300,0,019b82f0-518f-4edc-a5b9-c62f812057f2,,
ea224480-b8fa-4ff2-9890-cbea0d8cf1f2,6G74,3497,210,17,,6,24,300,0,019b82f0-518f-4edc-a5b9-c62f812057f2,,
bbf15a52-a342-4af0-a196-7ec37cefc14b,6G74,3497,260,17,,6,24,340,0,019b82f0-518f-4edc-a5b9-c62f812057f2,,
2dae076d-1898-4306-bcf0-1f880081a217,6G74,3497,200,17,,6,24,320,0,019b82f0-518f-4edc-a5b9-c62f812057f2,,
410d3832-f850-4122-bcad-cdfab569aeaf,6G75,3828,215,17,,6,24,330,0,019b82f0-518f-4edc-a5b9-c62f812057f2,,
7cafa01b-0133-4cdb-a35e-67e66aca4644,6G75,3828,245,17,,6,24,330,0,019b82f0-518f-4edc-a5b9-c62f812057f2,,
7d4af69d-48ec-43bd-98bf-cdf8fc4de11d,6G75,3828,218,17,,6,24,339,0,019b82f0-518f-4edc-a5b9-c62f812057f2,,
bd5f7707-5acf-4f59-9d62-2bf4e9fa22d8,8A80,4498,280,17,,8,32,412,1,019b82f0-518f-4edc-a5b9-c62f812057f2,,
5434003f-2f13-43ca-9055-5b14ebed9432,4K31TD,1997,218,33,,4,16,360,2,019b82f0-518f-4edc-a5b9-c62f812057f2,,
80f97049-f307-4b30-9a17-10dd9fa05b6d,4D55,2346,65,18,,4,8,137,1,019b82f0-518f-4edc-a5b9-c62f812057f2,,
440786fd-4eea-4021-a8cd-6a1fd4776496,4D55,2346,80,18,,4,8,169,1,019b82f0-518f-4edc-a5b9-c62f812057f2,,
4871824a-2ea1-4a6e-aba6-bd36c5889c58,4D55,2346,84,18,,4,8,175,1,019b82f0-518f-4edc-a5b9-c62f812057f2,,
35b88513-5d4d-4ab5-b74b-c432713bb3cb,4D56,2477,74,18,,4,8,142,0,019b82f0-518f-4edc-a5b9-c62f812057f2,,
64eb8653-6e89-4dfb-bf4b-ecf51de7270a,4D56,2477,114,18,,4,8,247,0,019b82f0-518f-4edc-a5b9-c62f812057f2,,
4145477f-a738-418b-8980-a5f46de6ea61,4D65,1795,60,18,,4,8,113,1,019b82f0-518f-4edc-a5b9-c62f812057f2,,
2f98b932-0035-4910-a8e4-357c10f33056,4D65,1795,75,34,,4,8,152,1,019b82f0-518f-4edc-a5b9-c62f812057f2,,
3f0bd127-6708-472f-a1fe-f565191d961d,4D68,1998,68,18,,4,8,123,1,019b82f0-518f-4edc-a5b9-c62f812057f2,,
f7b4cd4c-8a28-453f-9e53-08b89a47af2a,4D68,1998,90,18,,4,8,191,1,019b82f0-518f-4edc-a5b9-c62f812057f2,,
6d747efe-33d3-4327-9146-88b33e039ce6,4M40,2835,80,18,,4,8,198,2,019b82f0-518f-4edc-a5b9-c62f812057f2,,
46b492a1-8129-4fd5-a6c8-59a02513b453,4M40,2835,125,18,,4,8,294,2,019b82f0-518f-4edc-a5b9-c62f812057f2,,
0c9689d1-0224-4a44-abaa-5a4daa97508e,4M40,2835,140,18,,4,8,314,2,019b82f0-518f-4edc-a5b9-c62f812057f2,,
6a4b3537-c9c6-40ba-9808-9a6b059be136,4M41,3200,165,18,,4,16,351,2,019b82f0-518f-4edc-a5b9-c62f812057f2,,
e4729161-db09-4ca9-b87e-d0828e7ac0e6,4M41,3200,175,18,,4,16,382,2,019b82f0-518f-4edc-a5b9-c62f812057f2,,
c5959e4b-049a-44b7-8713-0940e044f6dc,4N13,1798,150,18,,4,16,300,2,019b82f0-518f-4edc-a5b9-c62f812057f2,,d48edb0c-97ae-4309-b41c-1855db900e00
7f1fff9d-6f6f-4306-b4c8-2ba86e07f8d4,4N14,2268,150,18,,4,16,360,2,019b82f0-518f-4edc-a5b9-c62f812057f2,,d48edb0c-97ae-4309-b41c-1855db900e00
8ffdbe14-6ecf-49a6-9575-970de9f2c7da,4N15,2442,154,18,,4,16,380,2,019b82f0-518f-4edc-a5b9-c62f812057f2,,d48edb0c-97ae-4309-b41c-1855db900e00
83b052d4-81b6-4a5c-98e8-8e4a9c55e484,4N16,2442,132,18,,4,16,330,2,019b82f0-518f-4edc-a5b9-c62f812057f2,,d48edb0c-97ae-4309-b41c-1855db900e00
4a7a058a-814a-4b7c-9525-281759e6146b,4N16,2439,204,18,,4,16,470,2,019b82f0-518f-4edc-a5b9-c62f812057f2,,d48edb0c-97ae-4309-b41c-1855db900e00
12ebc7a7-8def-4bb8-acea-88eb107f7b00,A12XER,1229,85,17,,4,16,115,2,97fe4e48-6e8a-4795-854a-9dea6aaf7990,,
cbf68e38-4db4-41fa-a1c7-f59bd22f42a0,A14NET,1364,140,17,,4,16,200,0,97fe4e48-6e8a-4795-854a-9dea6aaf7990,,
f92682f6-dd4f-4102-ba07-51f28ae8c315,A14XER,1398,100,17,,4,16,130,2,97fe4e48-6e8a-4795-854a-9dea6aaf7990,,9beb69aa-5c70-454e-a71e-2c62cac2fd29
d39c145c-9929-4d8c-ad48-3f470576e329,A16XER,1598,115,17,,4,16,155,1,97fe4e48-6e8a-4795-854a-9dea6aaf7990,,9beb69aa-5c70-454e-a71e-2c62cac2fd29
cf3718d8-5c02-4600-89b9-aa3ef5a15aea,A16LET,1598,180,17,,4,16,230,0,97fe4e48-6e8a-4795-854a-9dea6aaf7990,,
18ed6e91-ea92-468e-8407-384d7e77d36a,A16XHT,1598,170,33,,4,16,260,2,97fe4e48-6e8a-4795-854a-9dea6aaf7990,,9beb69aa-5c70-454e-a71e-2c62cac2fd29
1a6b2564-1297-4a9b-8287-b0c76813b918,A18XER,1796,140,17,,4,16,175,1,97fe4e48-6e8a-4795-854a-9dea6aaf7990,,9beb69aa-5c70-454e-a71e-2c62cac2fd29
16c45133-7fe8-4994-bbb0-3f194d355eb9,A20NHT,1998,220,17,,4,16,350,2,97fe4e48-6e8a-4795-854a-9dea6aaf7990,,9beb69aa-5c70-454e-a71e-2c62cac2fd29
8a8646dd-867c-4ee6-9b93-7c9e67b8e678,A20NFT,1998,250,17,,4,16,400,2,97fe4e48-6e8a-4795-854a-9dea6aaf7990,,9beb69aa-5c70-454e-a71e-2c62cac2fd29
7150f37b-1dbb-423e-bfdf-edd440d3c4ba,A24XE,2384,165,17,,4,16,215,2,97fe4e48-6e8a-4795-854a-9dea6aaf7990,,9beb69aa-5c70-454e-a71e-2c62cac2fd29
4fc660d2-be30-4016-95fc-d3e04b47f92c,A28NET,2792,260,17,,6,24,350,2,97fe4e48-6e8a-4795-854a-9dea6aaf7990,,
e9bd129e-c880-4a92-964b-b2b61f082ab2,A30XH,2994,250,17,,6,24,285,2,97fe4e48-6e8a-4795-854a-9dea6aaf7990,,9beb69aa-5c70-454e-a71e-2c62cac2fd29
3f8a9f18-28da-4196-9d72-20372fa8cada,B12XEL,1229,69,17,,4,16,115,2,97fe4e48-6e8a-4795-854a-9dea6aaf7990,,9beb69aa-5c70-454e-a71e-2c62cac2fd29
db59c03e-7460-4fa5-b52b-45630447d7d7,B14XEL,1398,87,17,,4,16,125,2,97fe4e48-6e8a-4795-854a-9dea6aaf7990,,9beb69aa-5c70-454e-a71e-2c62cac2fd29
61103a93-c8f3-4e55-a8cf-b8efbb705e77,B14XER,1398,100,17,,4,16,130,2,97fe4e48-6e8a-4795-854a-9dea6aaf7990,,9beb69aa-5c70-454e-a71e-2c62cac2fd29
4cea3119-12de-4233-ad6a-a5a53b3da3fa,B16XER,1598,115,17,,4,16,155,2,97fe4e48-6e8a-4795-854a-9dea6aaf7990,,9beb69aa-5c70-454e-a71e-2c62cac2fd29
cec036d2-f36f-48f7-972f-ca579b7fd37d,C14NZ,1389,60,17,,4,8,103,1,97fe4e48-6e8a-4795-854a-9dea6aaf7990,,
1ff76ec3-f285-4528-a7c8-a9e09ce96e2e,C16NZ,1598,75,17,,4,8,125,1,97fe4e48-6e8a-4795-854a-9dea6aaf7990,,
d9b75107-793f-4be3-ad0e-d2448912d715,C18NZ,1796,90,17,,4,8,145,1,97fe4e48-6e8a-4795-854a-9dea6aaf7990,,
184cd637-ed45-4dc0-8e78-781db1d0d7a3,C20NE,1998,115,17,,4,8,170,1,97fe4e48-6e8a-4795-854a-9dea6aaf7990,,
281748a0-3167-4a1b-846b-36eaaa3019f1,C20XE,1998,150,17,,4,16,200,1,97fe4e48-6e8a-4795-854a-9dea6aaf7990,,
066f9acc-4c35-4c0d-99bf-90c45f4b9d2b,C20LET,1998,204,33,,4,16,280,1,97fe4e48-6e8a-4795-854a-9dea6aaf7990,,
09ad131a-9635-4b8d-b374-a16608285f99,C24NE,2410,125,17,,4,8,195,2,97fe4e48-6e8a-4795-854a-9dea6aaf7990,,
401a7738-ee7a-4161-92b1-a4fcb9bafab8,C30SE,2969,204,17,,6,24,270,0,97fe4e48-6e8a-4795-854a-9dea6aaf7990,,
243ddbc9-2e41-4a15-a8d0-0b9afcf0e9a1,X12XE,1199,65,17,,4,16,110,2,97fe4e48-6e8a-4795-854a-9dea6aaf7990,,
8ed975d8-66d5-4e05-b893-df77d015c07e,X14XE,1389,90,17,,4,16,125,1,97fe4e48-6e8a-4795-854a-9dea6aaf7990,,
8f12df30-67ca-4905-9ade-65d059a0cf45,X16XEL,1598,100,17,,4,16,150,1,97fe4e48-6e8a-4795-854a-9dea6aaf7990,,
63118a1c-fd55-49b2-9f6b-05760190b95a,X16SZR,1598,75,17,,4,8,128,1,97fe4e48-6e8a-4795-854a-9dea6aaf7990,,
6c66cbb4-4256-4a92-82bd-97699be9e6f9,X18XE,1799,115,17,,4,16,170,1,97fe4e48-6e8a-4795-854a-9dea6aaf7990,,
86b4b837-9ff3-46b0-9d38-5d85cccdd608,X18XE1,1796,116,17,,4,16,170,1,97fe4e48-6e8a-4795-854a-9dea6aaf7990,,
34eef8e6-cf53-4882-bc0e-1ca61b34f086,X20SE,1998,116,17,,4,8,175,1,97fe4e48-6e8a-4795-854a-9dea6aaf7990,,
04dbdd8f-18d1-48c1-a181-05f67f0d58b4,X20XEV,1998,136,17,,4,16,185,1,97fe4e48-6e8a-4795-854a-9dea6aaf7990,,
f9f82b85-aabd-4823-bc1f-57d801379a77,X22SE,2198,136,17,,4,16,202,1,97fe4e48-6e8a-4795-854a-9dea6aaf7990,,
fb234ff5-5718-43e1-a879-84916b1865dc,X22XE,2198,135,17,,4,16,200,1,97fe4e48-6e8a-4795-854a-9dea6aaf7990,,
acbddc03-9312-495b-8f88-99ccd6df6877,X25XE,2498,170,17,,6,24,230,1,97fe4e48-6e8a-4795-854a-9dea6aaf7990,,
e7edfbae-9f46-4c5e-9f85-18d51cbd769b,X30XE,2962,200,17,,6,24,260,1,97fe4e48-6e8a-4795-854a-9dea6aaf7990,,
98716170-8d61-41c7-81d0-d7c1556c276e,Y26SE,2597,170,17,,6,24,240,1,97fe4e48-6e8a-4795-854a-9dea6aaf7990,,
eea52715-fec2-4896-92e7-91fd742e245b,Y32SE,3175,211,17,,6,24,290,1,97fe4e48-6e8a-4795-854a-9dea6aaf7990,,
5fc92676-d822-429a-8292-cfae35840e24,Z10XE,973,58,17,,3,12,85,2,97fe4e48-6e8a-4795-854a-9dea6aaf7990,,
82770145-fa17-4b84-aae7-5109098b500a,Z10XEP,998,60,17,,3,12,88,2,97fe4e48-6e8a-4795-854a-9dea6aaf7990,,
de16d0df-349d-408d-a907-832cc6e5a1c8,Z12XE,1199,75,17,,4,16,110,2,97fe4e48-6e8a-4795-854a-9dea6aaf7990,,
c20fdf75-48dd-4099-a438-27ffa66b0242,Z12XEP,1229,80,17,,4,16,110,2,97fe4e48-6e8a-4795-854a-9dea6aaf7990,,
514c25c0-6d61-4936-83fd-4909524476cd,Z14XE,1389,90,17,,4,16,125,1,97fe4e48-6e8a-4795-854a-9dea6aaf7990,,
d4ee6761-5a07-476d-a92a-9fadb3bd1e3a,Z14XEP,1364,90,17,,4,16,125,2,97fe4e48-6e8a-4795-854a-9dea6aaf7990,,
d9256faa-a5c6-4156-8218-83c0c880516b,Z16SE,1598,84,17,,4,8,138,1,97fe4e48-6e8a-4795-854a-9dea6aaf7990,,
7e1f05bc-cb18-4b0c-9240-aa27e5109bda,Z16XE,1598,101,17,,4,16,150,1,97fe4e48-6e8a-4795-854a-9dea6aaf7990,,
fbccf1d0-9d4d-4ba4-b478-b3650169d694,Z16XEP,1598,105,17,,4,16,150,1,97fe4e48-6e8a-4795-854a-9dea6aaf7990,,
e3119a34-0477-4465-8f87-73edbb0619cd,Z16XER,1598,115,17,,4,16,155,0,97fe4e48-6e8a-4795-854a-9dea6aaf7990,,
c7fac087-dc47-40e9-bb2c-b268845684bf,Z18XE,1796,125,17,,4,16,170,1,97fe4e48-6e8a-4795-854a-9dea6aaf7990,,
26b969f2-f101-41c8-a452-462f1ee0181f,Z18XER,1796,140,17,,4,16,175,0,97fe4e48-6e8a-4795-854a-9dea6aaf7990,,
f0316d82-447c-435a-bbd9-ef2d264d9776,Z20LET,1998,190,33,,4,16,250,1,97fe4e48-6e8a-4795-854a-9dea6aaf7990,,
d9ea8bdc-0706-4b87-8d60-34ab876092b4,Z22SE,2198,147,17,,4,16,203,2,97fe4e48-6e8a-4795-854a-9dea6aaf7990,,
f7fca9a9-0c06-4992-b03d-83db0b541a57,Z22YH,2198,150,17,,4,16,215,8,97fe4e48-6e8a-4795-854a-9dea6aaf7990,,
2e0a32fe-1182-40cf-8c88-8d2510003cd1,Z24SED,2405,136,17,,4,16,220,1,97fe4e48-6e8a-4795-854a-9dea6aaf7990,,
ead655a8-7206-4b9b-80b5-48fd1a13ecf4,Z28NET,2792,250,17,,6,24,350,0,97fe4e48-6e8a-4795-854a-9dea6aaf7990,,
26cb46d7-f619-4bf2-aba3-536a876bc0f4,Z32SE,3195,227,17,,6,24,297,16,97fe4e48-6e8a-4795-854a-9dea6aaf7990,,
00930d89-773a-499d-a7d1-1510668131c6,A13DTE,1248,90,18,,4,16,180,2,97fe4e48-6e8a-4795-854a-9dea6aaf7990,,
c6ffc07c-e2d8-44a0-9aa5-0b96e16a9315,A17DTJ,1686,110,18,,4,16,260,1,97fe4e48-6e8a-4795-854a-9dea6aaf7990,,
48373752-7a76-41de-94ca-117458c42867,A17DTR,1686,125,18,,4,16,280,1,97fe4e48-6e8a-4795-854a-9dea6aaf7990,,
4c3806ab-b52f-4b82-a822-e8bec375caed,A20DTH,1956,160,18,,4,16,350,1,97fe4e48-6e8a-4795-854a-9dea6aaf7990,,
9b2bbff9-1e4c-4ea2-9857-a83b59771ea6,A22DM,2231,163,18,,4,16,350,2,97fe4e48-6e8a-4795-854a-9dea6aaf7990,,
74b3414f-29bd-45af-a6c2-2baad4602897,A22DMH,2231,184,18,,4,16,400,2,97fe4e48-6e8a-4795-854a-9dea6aaf7990,,
2d88feb8-9252-4bc2-b45a-bc79d5711735,X17DTL,1700,68,34,,4,8,132,1,97fe4e48-6e8a-4795-854a-9dea6aaf7990,,
eed4bfe1-c074-4452-97ec-d6720191ec98,X20DTL,1995,82,34,,4,16,185,2,97fe4e48-6e8a-4795-854a-9dea6aaf7990,,
d7e2da6a-c521-41d7-8b1c-d91755f0c6da,X20DTH,1995,100,34,,4,16,205,8,97fe4e48-6e8a-4795-854a-9dea6aaf7990,,
51584d75-60d6-4f71-84e8-216148b97477,X22DTH,2171,115,34,,4,16,260,2,97fe4e48-6e8a-4795-854a-9dea6aaf7990,,
738594a2-cfa3-4ab0-a924-f6bf95236797,Y17DT,1686,75,18,,4,16,165,1,97fe4e48-6e8a-4795-854a-9dea6aaf7990,,
8b0f59fd-c7b9-4daa-a863-f17f290fbcca,Y20DTH,1995,101,34,,4,16,230,2,97fe4e48-6e8a-4795-854a-9dea6aaf7990,,
f8c5c2b3-acb1-4059-bf86-218e6ce031cc,Y22DTH,2171,115,18,,4,16,260,8,97fe4e48-6e8a-4795-854a-9dea6aaf7990,,
6a69aa04-80dc-484a-b12b-851a804cee88,Y22DTR,2171,120,18,,4,16,270,2,97fe4e48-6e8a-4795-854a-9dea6aaf7990,,
781a481a-0e05-464e-9e9e-799b1807e68d,Z13DTJ,1248,75,34,,4,16,170,2,97fe4e48-6e8a-4795-854a-9dea6aaf7990,,
1d25a465-d5b3-4bed-8941-95439ece33ec,Z13DTH,1248,90,18,,4,16,200,2,97fe4e48-6e8a-4795-854a-9dea6aaf7990,,
aa3809ba-8733-4bc0-bfcd-8b75ad48be99,Z17DTH,1686,101,18,,4,16,240,1,97fe4e48-6e8a-4795-854a-9dea6aaf7990,,
70d0905e-f98e-4bab-b6e7-b71d4b15225b,Z19DT,1910,120,18,,4,8,280,1,97fe4e48-6e8a-4795-854a-9dea6aaf7990,,
35e9b4a5-8048-4b70-b3b0-4b41b9c32db3,Z19DTH,1910,150,18,,4,16,320,1,97fe4e48-6e8a-4795-854a-9dea6aaf7990,,
89a78e11-d310-4e88-99a8-cdc247655c5b,M02.2Y,3189,250,17,,6,24,310,2,c13b9bbc-8e79-4bc0-b30a-5d4c52856f81,,
aaf740e1-0d83-4604-8ca3-1b3830faea34,MCT.MA,2997,340,17,,6,24,460,2,c13b9bbc-8e79-4bc0-b30a-5d4c52856f81,,
515643fb-2525-40e7-8231-4340ec9e7788,M46.20,3605,300,17,,6,24,400,2,c13b9bbc-8e79-4bc0-b30a-5d4c52856f81,,
2fa003ac-a6de-44f2-8c35-1b7278242f3b,MCX.ZA,3605,440,17,,6,24,600,2,c13b9bbc-8e79-4bc0-b30a-5d4c52856f81,,
04c16484-8f4b-41ae-96f9-895a0c7f00f2,MCT.LA,3605,400,17,,6,24,550,2,c13b9bbc-8e79-4bc0-b30a-5d4c52856f81,,
fa5a1968-e687-4d78-b306-7d97b9621d36,M48.00,4511,340,17,,8,32,420,2,c13b9bbc-8e79-4bc0-b30a-5d4c52856f81,,
916b7f40-e9a3-4005-91f5-ea36c2267fa6,M48.50,4511,450,17,,8,32,620,2,c13b9bbc-8e79-4bc0-b30a-5d4c52856f81,,
32b2aae0-538f-4743-af41-7829b089f971,M48.01,4806,385,17,,8,32,500,2,c13b9bbc-8e79-4bc0-b30a-5d4c52856f81,,
b5580416-d86c-413b-a4f1-8ce44bf1c798,M48.51,4806,500,17,,8,32,700,2,c13b9bbc-8e79-4bc0-b30a-5d4c52856f81,,
e9ac8bf4-b8b3-4477-800f-07202e597201,M48.70,4806,500,17,,8,32,700,2,c13b9bbc-8e79-4bc0-b30a-5d4c52856f81,,
cf1bd45f-00fc-48a4-8af5-2caf7c4a5121,M55.01,3598,290,17,,6,24,385,2,c13b9bbc-8e79-4bc0-b30a-5d4c52856f81,,
9b22de10-b7fa-4d80-98a8-9d592b569a72,M55.02,3598,300,17,,6,24,400,2,c13b9bbc-8e79-4bc0-b30a-5d4c52856f81,,
819f2e05-4b4a-4ce8-8d0e-741505b6e425,M96.20,2480,204,17,,6,24,245,2,c13b9bbc-8e79-4bc0-b30a-5d4c52856f81,,
e49009f2-2c92-48d0-b926-7f79dc770185,M96.22,2687,220,17,,6,24,260,2,c13b9bbc-8e79-4bc0-b30a-5d4c52856f81,,e69bab11-46c8-4c8e-8085-6e26bb1b1593
70108434-25de-4971-be34-a8efe4cfc335,M96.26,3179,280,17,,6,24,320,2,c13b9bbc-8e79-4bc0-b30a-5d4c52856f81,,71515545-8d16-43be-8410-66db34bb4b6d
bcc5d25d-89ee-44e8-9edc-4b445288d0de,M97.20,2687,245,17,,6,24,273,2,c13b9bbc-8e79-4bc0-b30a-5d4c52856f81,,71515545-8d16-43be-8410-66db34bb4b6d
5bc3d9cf-feb4-4727-bd4f-8a1ee437e18e,M97.21,3387,295,17,,6,24,340,2,c13b9bbc-8e79-4bc0-b30a-5d4c52856f81,,71515545-8d16-43be-8410-66db34bb4b6d
812b333e-6e80-4795-af6b-b0b261de6970,MCV.DA,3996,550,17,,8,32,770,2,c13b9bbc-8e79-4bc0-b30a-5d4c52856f81,,
93e4c2f1-0d0b-4baa-b4a8-f8eae5c49445,MCV.DE,3996,480,17,,8,32,620,2,c13b9bbc-8e79-4bc0-b30a-5d4c52856f81,,
47e307b6-f194-4283-bdfa-3d67146d0e11,MCV.DD,3996,460,17,,8,32,620,2,c13b9bbc-8e79-4bc0-b30a-5d4c52856f81,,
53498f6a-f96a-4ebf-957b-1fad2fd8b73f,MDC.UA,3996,550,17,,8,32,770,2,c13b9bbc-8e79-4bc0-b30a-5d4c52856f81,,
1c1b4ef4-65b0-41dc-bce6-1c4c9e44c8c5,MDC.UD,3996,460,17,,8,32,620,2,c13b9bbc-8e79-4bc0-b30a-5d4c52856f81,,
83ae8cf7-a826-4c48-a508-a160efa2e51b,MDT.CA,3996,630,17,,8,32,820,2,c13b9bbc-8e79-4bc0-b30a-5d4c52856f81,,
8083fcb9-4050-45c9-b4bc-0fee36c979c3,MDV.TD,3996,500,17,,8,32,660,2,c13b9bbc-8e79-4bc0-b30a-5d4c52856f81,,
1a0b5c56-1447-46b7-bd29-114f07824765,MDW.HB,3996,474,17,,8,32,600,2,c13b9bbc-8e79-4bc0-b30a-5d4c52856f81,,
e188f7de-5abf-4b77-9f77-e74b5095fb23,MDW.HC,3996,500,17,,8,32,660,2,c13b9bbc-8e79-4bc0-b30a-5d4c52856f81,,
83403f92-8446-418a-a27b-f35203aec4fa,MDW.NA,3996,640,17,,8,32,850,2,c13b9bbc-8e79-4bc0-b30a-5d4c52856f81,,
be523a2a-16dd-4123-bafd-cf1bd6c9bf12,MDW.NF,3996,660,17,,8,32,850,2,c13b9bbc-8e79-4bc0-b30a-5d4c52856f81,,
8c5a24bd-e0c9-4354-bd04-d0f2f6f490f5,MCV.DF,3996,571,17,,8,32,770,2,c13b9bbc-8e79-4bc0-b30a-5d4c52856f81,,
c6934a0b-a0c7-4b49-9feb-d614a9dd7a3c,MDV.TA,3996,519,17,,8,32,770,2,c13b9bbc-8e79-4bc0-b30a-5d4c52856f81,,
25f04346-a128-4958-b2ad-36226f7d401b,MDV.TC,3996,599,17,,8,32,800,2,c13b9bbc-8e79-4bc0-b30a-5d4c52856f81,,
91cea187-d4d0-4d3c-b3c7-b9e3d18a4416,MDW.HA,3996,600,17,,8,32,800,2,c13b9bbc-8e79-4bc0-b30a-5d4c52856f81,,
8710184e-4f3f-48e5-8029-ed01088a4e90,MCG.EA,2995,333,17,,6,24,441,2,c13b9bbc-8e79-4bc0-b30a-5d4c52856f81,,
c7d1d8a2-ff79-4f4a-8e21-bfeb09b82f74,MCG.FA,2995,333,17,,6,24,441,2,c13b9bbc-8e79-4bc0-b30a-5d4c52856f81,,
1809a4a9-1e62-4cc1-8a6e-cf4134a39661,MCS.ZA,2894,440,17,,6,24,550,2,c13b9bbc-8e79-4bc0-b30a-5d4c52856f81,,
bcb70bb3-636e-4660-8d43-75dfc3126045,MCS.ZB,2894,330,17,,6,24,450,2,c13b9bbc-8e79-4bc0-b30a-5d4c52856f81,,
f6f749ca-53c9-4856-8a89-3b9122f21d60,MCS.ZD,2894,353,17,,6,24,500,2,c13b9bbc-8e79-4bc0-b30a-5d4c52856f81,,
75a71dbd-332c-49b5-aaa3-d6ad5ac9914b,MDC.AB,2894,440,17,,6,24,550,2,c13b9bbc-8e79-4bc0-b30a-5d4c52856f81,,
4b0d71c4-3409-4132-afa9-956034dc0538,MDG.RB,2894,380,17,,6,24,520,2,c13b9bbc-8e79-4bc0-b30a-5d4c52856f81,,
07033843-7a6a-48ed-9240-70d28e11ac4e,MDG.RC,2894,440,17,,6,24,550,2,c13b9bbc-8e79-4bc0-b30a-5d4c52856f81,,
314ce326-d366-442b-878e-e8ebfba03efb,MDG.PA,2894,330,17,,6,24,450,2,c13b9bbc-8e79-4bc0-b30a-5d4c52856f81,,
c17d887d-e536-4147-8e65-ddc7cb86b8ce,MDG.PC,2894,440,17,,6,24,450,2,c13b9bbc-8e79-4bc0-b30a-5d4c52856f81,,
abdecf19-571d-46cb-a1f0-d92bbbd09c50,MDG.PD,2894,353,17,,6,24,500,2,c13b9bbc-8e79-4bc0-b30a-5d4c52856f81,,
1cc3545d-880a-4473-a3ab-6c09f3f648b7,MDG.PE,2894,304,17,,6,24,450,2,c13b9bbc-8e79-4bc0-b30a-5d4c52856f81,,
187b5eda-70fa-4aff-be17-8b233392e36f,MDC.BE,2995,340,17,,6,24,450,2,c13b9bbc-8e79-4bc0-b30a-5d4c52856f81,,
d86bf8ea-74e9-465b-bb80-c963d8939e0f,MDC.BF,2995,353,17,,6,24,500,2,c13b9bbc-8e79-4bc0-b30a-5d4c52856f81,,
023235ba-be1c-4270-a7bb-4fa58fa3f319,MDL.ZB,2995,354,17,,6,24,480,2,c13b9bbc-8e79-4bc0-b30a-5d4c52856f81,,
adcfc2e7-e0a5-4fbb-94d5-c8f4463a0981,MCX.TA,2995,330,17,,6,24,450,2,c13b9bbc-8e79-4bc0-b30a-5d4c52856f81,,
e25b0b83-9a6c-4754-976d-e91e10960374,MDC.BG,2995,304,17,,6,24,420,2,c13b9bbc-8e79-4bc0-b30a-5d4c52856f81,,
d1302365-61cc-48a6-8f89-f042e60f0aac,MCN.CC,1984,237,33,,4,16,350,2,c13b9bbc-8e79-4bc0-b30a-5d4c52856f81,,
5f65f2f7-51db-47c8-ac12-b03da1370b8e,MCY.NA,1984,237,33,,4,16,350,2,c13b9bbc-8e79-4bc0-b30a-5d4c52856f81,,
98134dd6-12d6-4aa6-9954-280e1b24f18d,MCY.NB,1984,252,33,,4,16,370,2,c13b9bbc-8e79-4bc0-b30a-5d4c52856f81,,
0281b9cf-d9df-4f71-966c-1d0db481f2b2,MDK.NA,1984,245,33,,4,16,370,2,c13b9bbc-8e79-4bc0-b30a-5d4c52856f81,,
fca4589f-845a-4fc3-b5a2-b496533e695e,MDM.TD,1984,265,17,,4,16,400,2,c13b9bbc-8e79-4bc0-b30a-5d4c52856f81,,
bc480754-6da2-4155-94f0-a4f49028a34f,M05.9D,2967,240,18,,6,24,550,2,c13b9bbc-8e79-4bc0-b30a-5d4c52856f81,,
f3d53c0d-6602-445d-a9c7-31bf01a10663,M05.9E,2967,240,18,,6,24,550,2,c13b9bbc-8e79-4bc0-b30a-5d4c52856f81,,
9fa8fff3-55f6-4173-b58a-bd0bbe2eafb0,MCD.UD,2967,245,18,,6,24,580,2,c13b9bbc-8e79-4bc0-b30a-5d4c52856f81,,
e749cde0-4fff-4652-866d-a332637e6b68,MCR.CA,2967,245,18,,6,24,550,2,c13b9bbc-8e79-4bc0-b30a-5d4c52856f81,,
a102557f-614c-4eea-a301-b6258d9e02ef,MCR.CC,2967,250,18,,6,24,550,2,c13b9bbc-8e79-4bc0-b30a-5d4c52856f81,,
b6500aaf-4514-4c8a-bc4f-77b08f5157ba,MCT.BA,2967,258,18,,6,24,580,2,c13b9bbc-8e79-4bc0-b30a-5d4c52856f81,,
f4fc424c-a63c-4515-8c8c-7a28404cefa2,MCT.BB,2967,211,18,,6,24,580,2,c13b9bbc-8e79-4bc0-b30a-5d4c52856f81,,
022d8308-aa36-4207-ab33-b64aa1f4cf69,MCT.BC,2967,250,18,,6,24,580,2,c13b9bbc-8e79-4bc0-b30a-5d4c52856f81,,
8e566413-4ea5-46f2-aa18-3f9584733de9,MCV.VA,2967,262,18,,6,24,580,2,c13b9bbc-8e79-4bc0-b30a-5d4c52856f81,,
0a398931-9e43-496f-93f5-4a817fcd19f4,MCW.JA,2967,300,18,,6,24,650,2,c13b9bbc-8e79-4bc0-b30a-5d4c52856f81,,
720f8ff4-bdf9-4620-b93f-cd22b36d4c36,MDB.UC,3956,422,18,,8,32,850,2,c13b9bbc-8e79-4bc0-b30a-5d4c52856f81,,
bf64eab6-30dd-479e-8a16-7568755f5ad6,MCU.DB,4134,382,18,,8,32,850,2,c13b9bbc-8e79-4bc0-b30a-5d4c52856f81,,
2e671b3b-997c-4267-bfa7-14abc38cec79,MCU.DC,4134,385,18,,8,32,850,2,c13b9bbc-8e79-4bc0-b30a-5d4c52856f81,,
ce96384c-aac9-4fc0-a08c-9b5627fd894d,C3G,1239,54,17,,4,8,90,2,852caf6a-2391-4431-9919-47d2a058225f,,
a95da1a9-4586-47aa-b8c0-d0e4990d5c5f,C3J,1390,58,17,,4,8,100,2,852caf6a-2391-4431-9919-47d2a058225f,,
36a82362-f5e3-4d75-8709-25afc582c91b,D4F,1149,73,17,,4,16,105,0,852caf6a-2391-4431-9919-47d2a058225f,,
633e33f4-ec37-460c-aa68-10aca8bbb788,D4F,1149,60,17,,4,16,100,0,852caf6a-2391-4431-9919-47d2a058225f,,
c3933b96-1e8d-4381-8b30-510f59ccf8e7,D4Ft,1149,100,17,,4,16,145,0,852caf6a-2391-4431-9919-47d2a058225f,,
67cedb0d-9e9f-4dff-b207-5e541c14f73b,D7F,1149,58,17,,4,8,88,0,852caf6a-2391-4431-9919-47d2a058225f,,
5d6394f9-d50f-4cea-acd3-87f17cab5324,D7F,1149,54,17,,4,8,93,0,852caf6a-2391-4431-9919-47d2a058225f,,
f7ef70c6-1dca-4875-805e-0619ea835fed,E7F,1171,54,17,,4,8,83,0,852caf6a-2391-4431-9919-47d2a058225f,,
6ec34b52-e5b7-4538-8681-8635e9d7e094,E7J,1390,69,17,,4,8,107,0,852caf6a-2391-4431-9919-47d2a058225f,,
b4c7439f-45d7-414e-9396-47cf6704793a,F1N,0,68,0,,4,,120,0,852caf6a-2391-4431-9919-47d2a058225f,,
e913b19c-2cb6-4c92-8969-5272e2fe21ac,F2N,0,73,0,,4,,125,0,852caf6a-2391-4431-9919-47d2a058225f,,
9325b3b1-9ff1-43bc-a11d-732fa8bb4184,F3N,0,73,0,,4,,127,0,852caf6a-2391-4431-9919-47d2a058225f,,
4e27afe2-c449-4121-8df8-de2a7c95b769,F3P,0,88,0,,4,,142,0,852caf6a-2391-4431-9919-47d2a058225f,,
776ea181-0477-40a1-8ce1-0599c0a76b1a,F4P,1783,115,17,,4,16,158,0,852caf6a-2391-4431-9919-47d2a058225f,,
3cb15004-128e-4f42-b961-697091c1cecc,F7P,0,135,0,,4,,157,0,852caf6a-2391-4431-9919-47d2a058225f,,
d912929a-58fe-4fff-9de9-4ae60e032fcc,F2R,0,90,0,,4,,142,0,852caf6a-2391-4431-9919-47d2a058225f,,
601a6bac-0c89-4bfe-b6ea-d88fb864497d,F3R,1998,109,17,,4,8,165,0,852caf6a-2391-4431-9919-47d2a058225f,,
4fa2cee3-a16e-497d-b428-66abbac48761,F3R,1965,95,17,,4,8,145,0,852caf6a-2391-4431-9919-47d2a058225f,,
4b7db094-ea9e-4034-a3f6-cdf44b7a11c9,F4R,1998,135,17,,4,16,185,0,852caf6a-2391-4431-9919-47d2a058225f,,
bf14e681-8dd2-4add-bea4-b4595cc55abc,F4R,1998,172,17,,4,16,200,0,852caf6a-2391-4431-9919-47d2a058225f,,
01385a5d-a5ca-42cb-b5cd-487242af9eca,F4Rt,1998,163,17,,4,16,250,0,852caf6a-2391-4431-9919-47d2a058225f,,
dcf5ebb8-6fe9-42d3-a367-cc632f16f2c5,F4Rt,1998,204,17,,4,16,300,0,852caf6a-2391-4431-9919-47d2a058225f,,
58455366-6b33-41d8-a63f-954d69ac3e74,F4Rt,1998,225,17,,4,16,300,0,852caf6a-2391-4431-9919-47d2a058225f,,
b939f988-3a70-4b28-a2ec-e5dbfd99c03c,F5R,1998,140,17,,4,16,200,0,852caf6a-2391-4431-9919-47d2a058225f,,
86d8c727-f293-44a3-a0ba-265e47ca0105,F7R,0,145,0,,4,,175,0,852caf6a-2391-4431-9919-47d2a058225f,,
83bcc9dc-8810-4a57-a6b8-0651279540f8,J7R,1995,103,17,,4,8,155,1,852caf6a-2391-4431-9919-47d2a058225f,,
ce37f92b-63fa-4a19-ac2e-be7c03628841,J7R,1995,132,17,,4,12,170,1,852caf6a-2391-4431-9919-47d2a058225f,,
22288e95-edf4-445b-9c1f-81b508390251,J7R,1995,162,17,,4,8,260,1,852caf6a-2391-4431-9919-47d2a058225f,,
6b1724e5-4739-407e-b752-c5e102b45dab,J7T,2165,95,17,,4,8,163,1,852caf6a-2391-4431-9919-47d2a058225f,,
dd37483c-8c0a-470f-a151-d118f6042de5,J7T,2165,137,17,,4,12,182,1,852caf6a-2391-4431-9919-47d2a058225f,,
31534ca6-ffdf-4e14-b7ed-275dec1ea68d,K4J,1390,95,17,,4,16,127,0,852caf6a-2391-4431-9919-47d2a058225f,,
370686bc-e5aa-47d4-a0ee-7035b7c53170,K4J,1390,82,17,,4,16,124,0,852caf6a-2391-4431-9919-47d2a058225f,,
7a86be4c-580b-404f-8b84-2bb989a2830a,K7J,1390,75,17,,4,8,114,0,852caf6a-2391-4431-9919-47d2a058225f,,
d0d44ca6-1d35-4a8f-9578-c72b40a32051,K4M,1598,90,17,,4,16,140,0,852caf6a-2391-4431-9919-47d2a058225f,,
129b14dd-ff77-4be8-9db4-c98b686d3f00,K4M,1598,105,17,,4,16,145,0,852caf6a-2391-4431-9919-47d2a058225f,,
0258adaa-662f-4354-9c0c-640b545eec43,K4M,1598,128,17,,4,16,155,0,852caf6a-2391-4431-9919-47d2a058225f,,
30e7ccc8-f717-4bc1-b2b0-10f867941e0f,K7M,1598,82,17,,4,8,124,0,852caf6a-2391-4431-9919-47d2a058225f,,
3836dc20-78e2-46e3-8758-1c10878f4878,K7M,1598,75,17,,4,8,130,0,852caf6a-2391-4431-9919-47d2a058225f,,
9e2a933b-8feb-4ae8-a517-83525f460e00,N7Q,1948,136,17,,4,16,176,1,852caf6a-2391-4431-9919-47d2a058225f,,
2c714e68-f27d-46cc-bad4-433c3c2c813d,N7U,2435,165,17,,5,20,211,1,852caf6a-2391-4431-9919-47d2a058225f,,
16202ef9-8785-4b4e-8fc6-cdbe3b6fefa4,B4A,799,54,17,,3,12,72,2,852caf6a-2391-4431-9919-47d2a058225f,,
1286e642-6a68-4fec-a9f1-bc4eaead2605,B4D,999,70,17,,3,12,91,2,852caf6a-2391-4431-9919-47d2a058225f,,
93e002f8-046a-4898-9751-58c480a088d0,B4D,999,73,17,,3,12,95,2,852caf6a-2391-4431-9919-47d2a058225f,,
a967370d-259e-41b7-a04b-b98b87b50746,H4D,999,61,17,,3,12,91,2,852caf6a-2391-4431-9919-47d2a058225f,,
d5734267-8a14-47f8-9038-5274351a440b,H4M,1598,110,17,,4,16,150,0,852caf6a-2391-4431-9919-47d2a058225f,,
63561f96-8cf5-46a6-8512-be65ae8055d6,M4R,1997,130,17,,4,16,190,0,852caf6a-2391-4431-9919-47d2a058225f,,
f94edc96-e076-4320-9986-8f114bb73b4e,M5R,1997,144,17,,4,16,200,2,852caf6a-2391-4431-9919-47d2a058225f,,
c55109f1-3ab5-4392-8073-934cf2fe0651,2TR,2488,170,17,,4,16,225,2,852caf6a-2391-4431-9919-47d2a058225f,,
bea41dca-c21e-45c1-a18c-a31aba4f504f,V4U,2495,175,17,,6,24,230,2,852caf6a-2391-4431-9919-47d2a058225f,,
70d5cf88-5e80-4233-b6c9-ea54cd95be0f,V4Y,3498,215,17,,6,24,315,2,852caf6a-2391-4431-9919-47d2a058225f,,
55bb3fe1-e388-4266-a3af-502e0e3f01dc,H4Bt,898,90,17,,3,12,135,0,852caf6a-2391-4431-9919-47d2a058225f,,
af5436cf-4c73-45bd-b1ff-05567fb1c117,H4Dt,999,100,33,,3,12,160,2,852caf6a-2391-4431-9919-47d2a058225f,,
29360903-7903-4bfb-a353-2adc5266d96b,H5Dt,999,110,17,,3,12,200,2,852caf6a-2391-4431-9919-47d2a058225f,,
1bb65b39-8a1e-4fd6-bb34-851a52a6aa21,H5Ft,1197,114,17,,4,16,190,0,852caf6a-2391-4431-9919-47d2a058225f,,
e3d6b61d-16b9-4769-b69e-1e80a183c831,H5Ht,1332,115,17,,4,16,220,0,852caf6a-2391-4431-9919-47d2a058225f,,
775b7ab8-1381-4c7e-a07a-94dac938b3cc,H4Jt,1397,130,33,,4,16,190,2,852caf6a-2391-4431-9919-47d2a058225f,,
3fdaa7cc-4b79-47f6-8630-1f35eb28805c,M5Mt,1618,150,17,,4,16,220,0,852caf6a-2391-4431-9919-47d2a058225f,,
94db6891-9573-4e1b-913e-ead7acbcb696,M5Mt,1618,200,17,,4,16,240,0,852caf6a-2391-4431-9919-47d2a058225f,,
98d6d101-bdcb-4f3a-a437-c6d4129828ef,M5Pt,1798,225,33,,4,16,300,2,852caf6a-2391-4431-9919-47d2a058225f,,
1611f56b-5314-4d20-93e6-7fb115263d14,M5Pt,1798,250,17,,4,16,320,2,852caf6a-2391-4431-9919-47d2a058225f,,
4645f218-4d33-4b30-94f1-711b5d0685f0,L7X,2946,190,17,,6,24,267,0,852caf6a-2391-4431-9919-47d2a058225f,,
1860265c-c499-4383-a622-1bac6b9267bf,L7X,2946,226,17,,6,24,300,0,852caf6a-2391-4431-9919-47d2a058225f,,
4191f5b3-780b-4de8-ad1a-8e13fc27cf1f,Z7U,2458,182,17,,6,12,280,2,852caf6a-2391-4431-9919-47d2a058225f,,
b92d921e-94e4-47d1-9f59-ff87c5f9c078,Z7U,2458,205,17,,6,12,290,2,852caf6a-2391-4431-9919-47d2a058225f,,
ae782745-d289-4d42-9c79-8a15d98168ad,Z7V,2664,118,17,,6,12,196,2,852caf6a-2391-4431-9919-47d2a058225f,,
935cf4cf-91cf-40e8-952a-8f961ce2f1aa,Z7V,2664,141,17,,6,12,215,2,852caf6a-2391-4431-9919-47d2a058225f,,
a493706f-efc9-4ae2-bbab-73cf75793b74,Z7W,2849,156,17,,6,12,235,2,852caf6a-2391-4431-9919-47d2a058225f,,
4042ea85-b356-4885-8eb0-3380349fb793,Z7W,2849,150,17,,6,12,225,2,852caf6a-2391-4431-9919-47d2a058225f,,
6b383cbd-d240-40ec-820b-26b36ae4a131,Z7X,2963,167,17,,6,12,235,0,852caf6a-2391-4431-9919-47d2a058225f,,
f508bb88-be65-464a-bdc0-83c5262280ae,Z7X,2963,262,17,,6,12,365,0,852caf6a-2391-4431-9919-47d2a058225f,,
bde3aa8e-cf53-41af-890b-511af8b0e01a,K9K,1461,64,18,,4,8,160,0,852caf6a-2391-4431-9919-47d2a058225f,,
efdbcb1f-1a6f-4de8-b0cf-5f69065f4b6f,K9K,1461,68,18,,4,8,160,0,852caf6a-2391-4431-9919-47d2a058225f,,
853b699e-4fc7-46e9-8089-b3b2c035fb77,K9K,1461,75,18,,4,8,180,0,852caf6a-2391-4431-9919-47d2a058225f,,
ca8544de-7369-4816-86c1-86fbdf040451,R9M,1598,130,18,,4,16,320,0,852caf6a-2391-4431-9919-47d2a058225f,,
96345d82-3a4e-4a27-a44d-fc5366990644,R9M,1598,160,18,,4,16,380,0,852caf6a-2391-4431-9919-47d2a058225f,,
38cb911b-d24c-41b9-9f38-82889fa70548,R9M,1598,95,18,,4,16,260,0,852caf6a-2391-4431-9919-47d2a058225f,,
29c1d0ab-2724-42e5-9b9c-f09eb483f88b,R9M,1598,125,18,,4,16,320,0,852caf6a-2391-4431-9919-47d2a058225f,,
f5442353-6f4c-4e53-87f5-9dabbd621f4c,R9N,1749,120,18,,4,16,300,2,852caf6a-2391-4431-9919-47d2a058225f,,
46632fb6-3aac-4701-b94e-dd23cbbaaf4a,F9Q,1870,80,18,,4,8,180,0,852caf6a-2391-4431-9919-47d2a058225f,,
cad07b75-b67c-40b0-a754-41dd006c0d8c,F9Q,1870,110,18,,4,8,260,0,852caf6a-2391-4431-9919-47d2a058225f,,
94baa0fe-374f-4da0-b338-4effe4c7cebf,F9Q,1870,130,18,,4,8,300,0,852caf6a-2391-4431-9919-47d2a058225f,,
3ae8dab6-bc2d-45ea-98ae-fa19960ab97b,M9R,1995,130,18,,4,16,320,0,852caf6a-2391-4431-9919-47d2a058225f,,
2ed0bc62-1ccc-41e5-a1ea-5990140ef09d,M9R,1997,160,18,,4,16,360,0,852caf6a-2391-4431-9919-47d2a058225f,,
f3deeca8-d11e-427c-aaee-f0346296c647,M9R,1995,90,18,,4,16,240,0,852caf6a-2391-4431-9919-47d2a058225f,,
d9c2568e-0a2f-436c-bcc6-813a25e7d738,G9T,2188,115,18,,4,16,290,0,852caf6a-2391-4431-9919-47d2a058225f,,
fbdc3615-6a46-46d2-96c6-9264ea71643e,G9T,2188,90,18,,4,16,260,0,852caf6a-2391-4431-9919-47d2a058225f,,
81063e7f-f43d-47d9-9921-e5fde8474507,M9T,2299,100,18,,4,16,285,0,852caf6a-2391-4431-9919-47d2a058225f,,
54e3a82e-a236-4835-bd22-a67b856a150b,M9T,2299,135,18,,4,16,340,0,852caf6a-2391-4431-9919-47d2a058225f,,
ad7a4ca4-b04a-4759-91ca-a6ae3df04119,G9U,2463,100,18,,4,16,260,0,852caf6a-2391-4431-9919-47d2a058225f,,
20dc9302-639a-43e6-8537-49777b5f054d,P9X,2958,177,18,,6,24,350,0,852caf6a-2391-4431-9919-47d2a058225f,,
81070eb7-7208-4e2f-bdda-7cda8bc0eae8,P9X,2958,181,18,,6,24,400,0,852caf6a-2391-4431-9919-47d2a058225f,,
e72150c4-002b-4e7d-973f-3be4331bb4ca,V9X,2993,230,18,,6,24,450,0,852caf6a-2391-4431-9919-47d2a058225f,,
356e9a14-12e7-4a86-aa9a-273c1603bfcf,F8M,1595,54,18,,4,8,98,0,852caf6a-2391-4431-9919-47d2a058225f,,
9dae39b9-7ed6-4854-9ef1-5eccb44315c5,F8Q,1870,54,18,,4,8,118,0,852caf6a-2391-4431-9919-47d2a058225f,,
80c1e470-db27-478f-be6b-57ff09cc09a6,F8Q,1870,90,18,,4,8,175,0,852caf6a-2391-4431-9919-47d2a058225f,,
6125c723-5efa-48f3-b8a3-c3f063816daf,F9Qt,1870,80,18,,4,8,160,0,852caf6a-2391-4431-9919-47d2a058225f,,
a7a8cfa8-3825-4e81-b65b-e3e26a95a1ca,J8S,2068,63,18,,4,8,125,0,852caf6a-2391-4431-9919-47d2a058225f,,
83d3b8f8-d3f6-4afa-9600-7e7aecead516,J8S,2068,85,18,,4,8,180,0,852caf6a-2391-4431-9919-47d2a058225f,,
66cfa18b-d9b5-4906-acc3-4d65d71afdd5,G8T,2188,83,18,,4,12,142,0,852caf6a-2391-4431-9919-47d2a058225f,,
0b1d213c-df02-43d5-b85f-49acd905a806,G8T,2188,113,18,,4,12,234,0,852caf6a-2391-4431-9919-47d2a058225f,,
7c64403a-e385-4f5d-889c-2a3827e6eb13,S8U,2445,71,18,,4,8,150,1,852caf6a-2391-4431-9919-47d2a058225f,,
ef31778b-197b-4810-ace6-1f867e448840,S8U,2499,75,18,,4,8,155,1,852caf6a-2391-4431-9919-47d2a058225f,,
0bdacec7-dd1d-4906-b448-f31b002ea9b1,S8U,2499,113,18,,4,8,240,1,852caf6a-2391-4431-9919-47d2a058225f,,
070c6527-4b46-4d87-9da2-3315bb294ec8,11K4F,1119,75,17,,4,16,95,1,789a3717-2f81-40ef-a69c-222d6b362080,,
b77b4c88-dbc5-4fcb-973c-9361e87271d6,14K2F,1396,75,17,,4,8,117,1,789a3717-2f81-40ef-a69c-222d6b362080,,
40c03bc4-b856-4e3e-a97a-c9a9ea75e942,14K4F,1396,83,17,,4,16,110,1,789a3717-2f81-40ef-a69c-222d6b362080,,
7088027e-1e0b-4b7a-96e5-4424dabd2841,16K4F,1589,107,17,,4,16,138,1,789a3717-2f81-40ef-a69c-222d6b362080,,
841bb4c6-2d8b-4d8a-a73e-52726aa31f19,18K4F,1796,115,17,,4,16,160,1,789a3717-2f81-40ef-a69c-222d6b362080,,
dbb0b16e-120b-419d-8d90-53956b364234,18K4K,1796,145,17,,4,16,174,1,789a3717-2f81-40ef-a69c-222d6b362080,,04cad40c-6d52-4067-ba7a-a7bcdebe5b04
8742d67d-3e03-4284-a245-3c17d453415a,18K4G,1796,150,17,,4,16,215,1,789a3717-2f81-40ef-a69c-222d6b362080,,
fcec9bfb-eb8d-4154-9dc0-061b1405726b,20T4H,1994,136,17,,4,16,185,1,789a3717-2f81-40ef-a69c-222d6b362080,,
bbb878af-d4ec-4b08-bd2c-aabe2862b015,20M4F,1994,133,17,,4,16,178,1,789a3717-2f81-40ef-a69c-222d6b362080,,
c66eb5a3-9822-476d-a783-e02b46bbfa08,20T4G,1994,180,17,,4,16,216,1,789a3717-2f81-40ef-a69c-222d6b362080,,
36963733-d544-4ba3-b988-7cf98dfb5c94,46F2F,4601,260,17,,8,16,410,2,789a3717-2f81-40ef-a69c-222d6b362080,,
1f82f54c-5f02-4a92-a246-efed571ad71f,20K4N,1997,150,17,,6,24,185,1,789a3717-2f81-40ef-a69c-222d6b362080,,
2b7a20cd-661e-4842-af5f-ec6361fb00fe,25K4N,2497,150,17,,6,24,220,1,789a3717-2f81-40ef-a69c-222d6b362080,,
022de96c-7e9c-4f31-8a96-781af936627c,20T2R,1994,86,18,,4,8,170,1,789a3717-2f81-40ef-a69c-222d6b362080,,
eb335aea-75f7-4a29-ba54-b4ab4595a7fc,20T2N,1994,98,18,,4,8,210,1,789a3717-2f81-40ef-a69c-222d6b362080,,
1342ebe7-f6c7-480b-be65-d3d781a8db97,B204E,1985,150,17,,4,16,219,2,9fe925b5-18cb-4f33-8759-db0f2b513430,,
f4bfe7e1-a0ad-45b0-873e-57d700018089,B204i,1985,130,17,,4,16,177,2,9fe925b5-18cb-4f33-8759-db0f2b513430,,
075eb923-7dd3-44ac-8383-d46d498da53f,B204L,1985,185,17,,4,16,263,2,9fe925b5-18cb-4f33-8759-db0f2b513430,,
1bf56d29-cf46-43f1-b50f-5dba769c35a9,B205E,1985,150,17,,4,16,240,2,9fe925b5-18cb-4f33-8759-db0f2b513430,,
f3fb29d7-4854-4bc3-851a-1fe2dade091d,B234E,2290,170,17,,4,16,260,2,9fe925b5-18cb-4f33-8759-db0f2b513430,,
f146d674-823b-4c02-9a98-e72418b7529c,B234i,2290,150,17,,4,16,210,2,9fe925b5-18cb-4f33-8759-db0f2b513430,,
e19728d0-8414-4924-abdc-99b266477b5c,B234R,2290,200,17,,4,16,294,2,9fe925b5-18cb-4f33-8759-db0f2b513430,,
6c10b68f-0378-4001-bc6b-4557e0e5fd8f,B235E,2290,170,17,,4,16,280,2,9fe925b5-18cb-4f33-8759-db0f2b513430,,
c4ddea27-48ae-4ca3-b726-0b5b8793bba6,B235R,2290,230,17,,4,16,350,2,9fe925b5-18cb-4f33-8759-db0f2b513430,,
0b8f0402-5bf3-49ec-b131-c7859133c7dc,B207E,1998,150,17,,4,16,240,2,9fe925b5-18cb-4f33-8759-db0f2b513430,,
d827f5d8-37d2-45ae-90a5-b570d176242c,B207L,1998,175,17,,4,16,265,2,9fe925b5-18cb-4f33-8759-db0f2b513430,,
6fc83ce2-d795-46c4-8731-d26bb49938b7,B207R,1998,210,17,,4,16,300,2,9fe925b5-18cb-4f33-8759-db0f2b513430,,
f777a209-edcf-4de9-aad5-42c611289f7d,B258i,2498,170,17,,6,24,227,1,9fe925b5-18cb-4f33-8759-db0f2b513430,,
c2996be0-618c-4d3a-8f53-18bf0bb0b8d5,B284L,2792,250,17,,6,24,350,2,9fe925b5-18cb-4f33-8759-db0f2b513430,,
6323e004-fc94-4aa4-a4dc-239abba7126a,B308E,2962,200,17,,6,24,310,1,9fe925b5-18cb-4f33-8759-db0f2b513430,,
4b5a6c69-121c-42ba-bef3-47274bf3cd81,B308i,2962,211,17,,6,24,270,1,9fe925b5-18cb-4f33-8759-db0f2b513430,,
c2929663-a69d-4149-97ab-a9ac26f14f2d,D207E,1910,120,18,,4,8,280,1,9fe925b5-18cb-4f33-8759-db0f2b513430,,
9b0516db-b60f-467d-801a-452d5e25254c,D207L,1910,150,18,,4,16,320,1,9fe925b5-18cb-4f33-8759-db0f2b513430,,
529aae9f-4c39-476d-8232-8d9c3bea1212,D207R,1910,160,18,,4,16,360,1,9fe925b5-18cb-4f33-8759-db0f2b513430,,
971d8033-2790-41b2-90d7-1b1631e41c94,D223L,2171,115,18,,4,16,260,2,9fe925b5-18cb-4f33-8759-db0f2b513430,,
d5f0f7dd-f055-42d0-ac67-ad45aeb3410d,D223L,2171,125,18,,4,16,280,2,9fe925b5-18cb-4f33-8759-db0f2b513430,,
e6c0aafc-cc97-4c84-b14f-fe0b8aae28b8,D308L,2958,177,18,,6,24,350,1,9fe925b5-18cb-4f33-8759-db0f2b513430,,
158aa7e7-09c6-439c-87a1-da80b0ba0ef2,15S4C,1498,106,17,,4,16,135,2,0af6c1dc-2329-443f-9e95-b035d2d61e1e,,
fd6f97eb-216e-4e2a-9cb4-6c6ff7229384,15S4G,1498,129,17,,4,16,210,2,0af6c1dc-2329-443f-9e95-b035d2d61e1e,,
0d453ffc-5779-4b92-9719-2ea89e87fabc,10E4E,999,111,17,,3,12,160,2,0af6c1dc-2329-443f-9e95-b035d2d61e1e,,
76eeaae5-b47a-4b73-9aa3-ee7456f098ce,15C4E,1490,171,33,,4,16,275,2,0af6c1dc-2329-443f-9e95-b035d2d61e1e,,
980596bd-2403-464c-9a14-bc341125bd19,15E4E,1490,161,17,,4,16,250,2,0af6c1dc-2329-443f-9e95-b035d2d61e1e,,
dc421e4b-e367-45fe-9090-ad20df39996f,20A4E,1986,230,33,,4,16,360,2,0af6c1dc-2329-443f-9e95-b035d2d61e1e,,
49446550-d4f3-4c4b-91f5-1460805cff5c,20A4E,1986,261,33,,4,16,405,2,0af6c1dc-2329-443f-9e95-b035d2d61e1e,,
7a736a95-4899-4c22-af50-7e3bfbb1fde4,20L4E,1995,218,17,,4,16,345,2,0af6c1dc-2329-443f-9e95-b035d2d61e1e,,
3dd5d9ba-d62b-43e2-b87d-184d9148acd4,AAC,1968,84,17,,4,8,159,1,3b185d99-02aa-4f01-9c56-7e30315f1bb3,,
4ab24117-85b2-47bf-95ba-0a10640c4f2f,AER,999,50,17,,4,8,86,1,3b185d99-02aa-4f01-9c56-7e30315f1bb3,,
a40dafdf-13a3-4ff6-8af3-480c1bd20ada,AUC,999,50,17,,4,8,86,1,3b185d99-02aa-4f01-9c56-7e30315f1bb3,,
172de0a0-a3bd-4b81-838a-a3241f9f1862,CBZA,1197,86,17,,4,8,160,2,3b185d99-02aa-4f01-9c56-7e30315f1bb3,,
5b3d2ef9-baac-4463-b7a1-b8bbcc0dc8ce,CBZB,1197,105,17,,4,8,175,2,3b185d99-02aa-4f01-9c56-7e30315f1bb3,,
a08ecb4e-a72a-4585-92a4-e9d98af2b122,BMD,1198,54,17,,3,6,106,2,3b185d99-02aa-4f01-9c56-7e30315f1bb3,,
aea9beed-2b85-48d5-ba53-c617dac05d7b,BME,1198,64,17,,3,12,112,2,3b185d99-02aa-4f01-9c56-7e30315f1bb3,,
6e5c0eb3-8a7d-4fd9-9587-0f3729acc357,CGPA,1198,70,17,,3,12,112,2,3b185d99-02aa-4f01-9c56-7e30315f1bb3,,
63e32bcc-1b36-4878-a250-eac2d7e31335,NZ,1272,55,17,,4,8,96,1,3b185d99-02aa-4f01-9c56-7e30315f1bb3,,
4ed3dfd1-69f8-4af9-8f30-e5ca94d5305d,MH,1272,54,17,,4,8,95,1,3b185d99-02aa-4f01-9c56-7e30315f1bb3,,
2a21d50c-9bdb-4bb2-aaba-bd604412eefb,BMY,1390,140,17,,4,16,220,2,3b185d99-02aa-4f01-9c56-7e30315f1bb3,,
e603c6fa-c6a3-4708-9939-132fe7971fef,BWK,1390,150,17,,4,16,240,2,3b185d99-02aa-4f01-9c56-7e30315f1bb3,,
c453c66b-7458-4103-bc1e-b8a001aecb8c,CAVA,1390,150,17,,4,16,240,2,3b185d99-02aa-4f01-9c56-7e30315f1bb3,,
c783eebc-af5d-41fd-b360-b7e1114c0500,CAVD,1390,160,17,,4,16,240,2,3b185d99-02aa-4f01-9c56-7e30315f1bb3,,
1f5baf76-e792-4742-8d18-972fa8193d42,CAXA,1390,122,17,,4,16,200,2,3b185d99-02aa-4f01-9c56-7e30315f1bb3,,
6447f6f9-04ac-4247-89d7-6ffb78ea1a64,CDGA,1390,150,17,,4,16,220,2,3b185d99-02aa-4f01-9c56-7e30315f1bb3,,
4b55cf8b-1106-4b8d-892c-d2853ffe9f00,CTHA,1390,150,17,,4,16,240,2,3b185d99-02aa-4f01-9c56-7e30315f1bb3,,
4dfa0e88-f5ca-4af6-9ff3-ef1d73314571,AEX,1390,60,17,,4,8,116,1,3b185d99-02aa-4f01-9c56-7e30315f1bb3,,
967d8c89-af1a-4490-8cf8-ba96b88c7c6b,AXP,1390,75,17,,4,16,126,1,3b185d99-02aa-4f01-9c56-7e30315f1bb3,,
ab210b33-c8bf-4992-ad69-7d4074f991c0,AKQ,1390,75,17,,4,16,126,128,3b185d99-02aa-4f01-9c56-7e30315f1bb3,,
efd41963-f1f2-4959-8130-f5c3fbbc7ab7,BCA,1390,75,17,,4,16,126,1,3b185d99-02aa-4f01-9c56-7e30315f1bb3,,
3d301e03-c51f-4f4d-b42e-70f4515d30c9,BBY,1390,75,17,,4,8,126,128,3b185d99-02aa-4f01-9c56-7e30315f1bb3,,
8ad6a588-6287-46ca-b888-f757c7a72cc8,BUD,1390,80,17,,4,16,132,1,3b185d99-02aa-4f01-9c56-7e30315f1bb3,,
738263d2-ff61-44c2-acc1-f4828acbb19b,CGGA,1390,80,17,,4,16,132,128,3b185d99-02aa-4f01-9c56-7e30315f1bb3,,
b2d8d835-4c7c-40fb-b7e8-fb257fc1138a,CGGB,1390,86,17,,4,16,132,1,3b185d99-02aa-4f01-9c56-7e30315f1bb3,,
4bc41f40-e2a9-4add-922a-00de6b432c6b,ARR,1390,105,17,,4,16,130,1,3b185d99-02aa-4f01-9c56-7e30315f1bb3,,
cddd0ebc-bdb0-40ec-8bae-c2d467e34bd2,BKG,1390,90,17,,4,16,130,2,3b185d99-02aa-4f01-9c56-7e30315f1bb3,,
6ffdf2a4-e7e4-42b2-ae53-62e45d21cd84,BAD,1598,110,17,,4,16,155,1,3b185d99-02aa-4f01-9c56-7e30315f1bb3,,
03b767fb-1c8f-4567-9d6e-fc576c4d8766,BAG,1598,115,17,,4,16,155,2,3b185d99-02aa-4f01-9c56-7e30315f1bb3,,
e82424e7-942d-4b18-a57a-ca3a185f1435,BLF,1598,116,17,,4,16,155,2,3b185d99-02aa-4f01-9c56-7e30315f1bb3,,
62749068-a416-499a-910d-d7a838a90299,ABU,1598,75,17,,4,8,126,1,3b185d99-02aa-4f01-9c56-7e30315f1bb3,,
3bdac089-096d-4d08-a97d-09e7237d2a90,AEE,1598,75,17,,4,8,135,1,3b185d99-02aa-4f01-9c56-7e30315f1bb3,,
7a1d058b-be28-4318-8ee5-e29fafe191de,AJV,1598,120,17,,4,16,148,1,3b185d99-02aa-4f01-9c56-7e30315f1bb3,,
d10e73c8-6ca5-416e-837f-62e4023b2b0f,AUS,1598,105,17,,4,16,148,1,3b185d99-02aa-4f01-9c56-7e30315f1bb3,,
ddddf085-9065-4147-b799-90988c358450,AVY,1598,125,17,,4,16,152,1,3b185d99-02aa-4f01-9c56-7e30315f1bb3,,
07655b55-87ae-4842-bd49-b627b4b2b353,AZD,1598,105,17,,4,16,148,128,3b185d99-02aa-4f01-9c56-7e30315f1bb3,,
1561cc94-6e8d-4907-ac00-61df6ed06032,BCB,1598,105,17,,4,16,148,1,3b185d99-02aa-4f01-9c56-7e30315f1bb3,,
2751e957-f382-4089-978f-c86727d67fbc,BTS,1598,105,17,,4,16,153,2,3b185d99-02aa-4f01-9c56-7e30315f1bb3,,
bd6944ad-3ac3-47a4-8dcc-bfed4c413eb5,CFNA,1598,105,17,,4,16,153,0,3b185d99-02aa-4f01-9c56-7e30315f1bb3,,
ecd6f7ae-0dc7-4d30-a110-c5ab4933810d,CFNB,1598,85,17,,4,16,145,2,3b185d99-02aa-4f01-9c56-7e30315f1bb3,,
b963787a-3791-4342-b022-0cd80309eb37,AEH,1595,100,17,,4,8,145,1,3b185d99-02aa-4f01-9c56-7e30315f1bb3,,
c6110ccf-52d0-4275-8bb2-aa17169c7ee6,AHL,1595,100,17,,4,8,140,0,3b185d99-02aa-4f01-9c56-7e30315f1bb3,,
a05a8f79-0abb-4bbb-99c4-d1c59e87957b,AKL,1595,101,17,,4,8,145,1,3b185d99-02aa-4f01-9c56-7e30315f1bb3,,
8aa03d38-374c-4d46-a14a-6b153167cc33,ALZ,1595,102,17,,4,8,148,1,3b185d99-02aa-4f01-9c56-7e30315f1bb3,,
d4d0eb9c-026a-469e-b8d0-7678c4d2a90b,ANA,1595,101,17,,4,8,140,1,3b185d99-02aa-4f01-9c56-7e30315f1bb3,,
82331454-b631-49c9-839b-8ed288dee5b4,APF,1595,100,17,,4,8,145,1,3b185d99-02aa-4f01-9c56-7e30315f1bb3,,
1d172652-0ab2-49e7-b1e1-350dac7f9e8b,ARM,1595,101,17,,4,8,145,1,3b185d99-02aa-4f01-9c56-7e30315f1bb3,,
b6324e28-5310-479d-b40b-84b0e017b48c,AVU,1595,102,17,,4,8,148,1,3b185d99-02aa-4f01-9c56-7e30315f1bb3,,
56372283-9b39-4e19-8f1d-fc22d422279c,BFQ,1595,102,17,,4,8,148,1,3b185d99-02aa-4f01-9c56-7e30315f1bb3,,
83cc9aea-da43-4b4a-8fc6-1647978ab68e,BGU,1595,102,17,,4,8,148,1,3b185d99-02aa-4f01-9c56-7e30315f1bb3,,
fdb401ed-6289-4411-8c06-97417de75eae,BSE,1595,102,17,,4,8,148,0,3b185d99-02aa-4f01-9c56-7e30315f1bb3,,
ef3e4670-ed71-4fca-b602-33083fc8e202,BSF,1595,102,17,,4,8,148,1,3b185d99-02aa-4f01-9c56-7e30315f1bb3,,
445755a1-008c-4b51-bd9e-cbc0b0591e82,AGU,1781,150,17,,4,20,210,3,3b185d99-02aa-4f01-9c56-7e30315f1bb3,,
12f3b3ad-ef40-4155-9e7b-19c71d8b7d8b,AUQ,1781,180,17,,4,20,235,3,3b185d99-02aa-4f01-9c56-7e30315f1bb3,,
6c034e4d-88cf-4930-8388-9be39c58b533,AWC,1781,150,17,,4,20,220,3,3b185d99-02aa-4f01-9c56-7e30315f1bb3,,
69b40049-bf2a-44bd-bfce-3da131ca8d43,AWT,1781,150,17,,4,20,210,0,3b185d99-02aa-4f01-9c56-7e30315f1bb3,,
7eb59eee-3feb-4749-b56d-f8a88dad6e79,AWM,1781,170,17,,4,20,225,3,3b185d99-02aa-4f01-9c56-7e30315f1bb3,,
90412b15-fa03-4a18-9cbd-83428f7f541c,AGN,1781,125,17,,4,20,170,3,3b185d99-02aa-4f01-9c56-7e30315f1bb3,,
7cf561cb-5862-4798-835a-200f35fb06bf,APK,1984,116,17,,4,8,170,1,3b185d99-02aa-4f01-9c56-7e30315f1bb3,,
a0c0a0e8-988e-4c32-969b-50030077ba3f,AQY,1984,115,17,,4,8,170,1,3b185d99-02aa-4f01-9c56-7e30315f1bb3,,
2158c3af-c7a5-49ae-a444-0a33d00bbd6f,AXA,1984,115,17,,4,8,170,1,3b185d99-02aa-4f01-9c56-7e30315f1bb3,,
df6771e8-0d7a-4822-a268-185d43c8fcd3,AZJ,1984,115,17,,4,8,172,1,3b185d99-02aa-4f01-9c56-7e30315f1bb3,,
9dec8971-c3c3-43c6-8afb-d2712d920551,AZM,1984,115,17,,4,8,172,1,3b185d99-02aa-4f01-9c56-7e30315f1bb3,,
a6ad35e5-b0f6-4645-824f-527eadc3978f,BSX,1984,109,17,,4,8,160,1,3b185d99-02aa-4f01-9c56-7e30315f1bb3,,
b3cf6567-f273-463f-b0bf-2b2486522a8f,AXW,1984,150,17,,4,16,200,3,3b185d99-02aa-4f01-9c56-7e30315f1bb3,,
00014bb5-62f1-4462-aee6-e0995e2261af,BVY,1984,150,17,,4,16,200,3,3b185d99-02aa-4f01-9c56-7e30315f1bb3,,
10dd84c1-26d3-446e-a208-ad2b33cada88,BVZ,1984,150,17,,4,16,200,3,3b185d99-02aa-4f01-9c56-7e30315f1bb3,,
a19bec31-57c3-49f9-835e-5660eb3d1aaa,AXX,1984,200,17,,4,16,280,3,3b185d99-02aa-4f01-9c56-7e30315f1bb3,,
6180a6b3-e1d6-4d12-8965-78596845522f,BPY,1984,200,17,,4,16,280,3,3b185d99-02aa-4f01-9c56-7e30315f1bb3,,
ff80f73b-99bd-467d-972c-9ffb6da42b43,BWA,1984,200,17,,4,16,280,3,3b185d99-02aa-4f01-9c56-7e30315f1bb3,,
c9359444-b83d-46f4-bcfd-76824d045276,AAF,2461,110,17,,5,10,190,1,3b185d99-02aa-4f01-9c56-7e30315f1bb3,,
72401981-6b87-42d3-8121-17433791259a,AET,2461,115,17,,5,10,200,1,3b185d99-02aa-4f01-9c56-7e30315f1bb3,,
2e7abc73-f62c-4c0a-a3f9-414675ce3117,CHYA,999,60,17,,3,12,95,1,3b185d99-02aa-4f01-9c56-7e30315f1bb3,,
24cb06aa-d662-468a-bc6d-d57bec3c0c56,CHYB,999,75,17,,3,12,95,1,3b185d99-02aa-4f01-9c56-7e30315f1bb3,,
3afe5058-fbf0-43f2-b155-568ebf057f09,CHYC,999,65,17,,3,12,95,1,3b185d99-02aa-4f01-9c56-7e30315f1bb3,,
bef683ae-aa53-49fc-b7fa-86a0d791234d,CHYE,999,60,17,,3,12,95,1,3b185d99-02aa-4f01-9c56-7e30315f1bb3,,
542903e7-c668-42c3-9c2f-6c0421c29746,DAFA,999,60,17,,3,12,95,1,3b185d99-02aa-4f01-9c56-7e30315f1bb3,,
51a28f12-5059-414a-b18e-1ac9bc705c99,CPGA,999,68,17,,3,12,90,1,3b185d99-02aa-4f01-9c56-7e30315f1bb3,,
f81b65d3-2545-40ea-87e5-ce57710cf455,CHZA,999,90,17,,3,12,160,1,3b185d99-02aa-4f01-9c56-7e30315f1bb3,,
d3acfc06-98e1-431c-b64a-8c7f3c082d02,CHZB,999,95,17,,3,12,160,1,3b185d99-02aa-4f01-9c56-7e30315f1bb3,,
8f00151c-7dd6-4ac0-853d-9ba807d0bfc7,CHZC,999,110,17,,3,12,200,1,3b185d99-02aa-4f01-9c56-7e30315f1bb3,,
616bfa6b-9221-4775-b88f-b3bdabaefbc7,CHZD,999,115,17,,3,12,200,1,3b185d99-02aa-4f01-9c56-7e30315f1bb3,,
c321b1a6-1526-4118-a91b-3976a8cc66ea,CHZG,999,102,17,,3,12,175,1,3b185d99-02aa-4f01-9c56-7e30315f1bb3,,
237de4ef-26e3-4f6b-9244-6322cd41d7d6,CHZK,999,86,17,,3,12,175,1,3b185d99-02aa-4f01-9c56-7e30315f1bb3,,
b727ae14-c8aa-4336-9335-f58bde2abae3,CHZL,999,95,17,,3,12,175,1,3b185d99-02aa-4f01-9c56-7e30315f1bb3,,
a47da6b2-3cf4-441f-96f5-50c3414663af,DKLA,999,95,17,,3,12,175,1,3b185d99-02aa-4f01-9c56-7e30315f1bb3,,
db0eb9d0-997d-4c12-8db8-57f62f738a5c,DKLB,999,86,17,,3,12,175,1,3b185d99-02aa-4f01-9c56-7e30315f1bb3,,
03d64b6f-4a19-4849-a2b5-acf895a5eb6b,DKLC,999,90,17,,3,12,160,1,3b185d99-02aa-4f01-9c56-7e30315f1bb3,,
be8aba51-d227-45fc-b98d-d7f050553e7b,DKLD,999,95,17,,3,12,160,1,3b185d99-02aa-4f01-9c56-7e30315f1bb3,,
70babd2c-c058-49df-95d6-841e0451db65,DKRA,999,115,17,,3,12,200,1,3b185d99-02aa-4f01-9c56-7e30315f1bb3,,
8d98d84d-9909-4ca4-ad3b-d7dcae98bc94,DKRB,999,115,17,,3,12,190,1,3b185d99-02aa-4f01-9c56-7e30315f1bb3,,
a8edd02d-827b-4283-9e1c-1559384a39d1,DKRC,999,110,17,,3,12,200,1,3b185d99-02aa-4f01-9c56-7e30315f1bb3,,
18959af2-fe60-47fa-a538-8e70784138a8,DKRD,999,84,17,,3,12,175,1,3b185d99-02aa-4f01-9c56-7e30315f1bb3,,
4fde295b-3260-48cd-888a-c28173486819,DKRE,999,102,17,,3,12,175,1,3b185d99-02aa-4f01-9c56-7e30315f1bb3,,
75adb8c5-e58c-4b9f-be02-4b856daf393b,DKRF,999,116,17,,3,12,200,1,3b185d99-02aa-4f01-9c56-7e30315f1bb3,,
4f7acf79-1e12-4c80-9912-d512fa1e12ad,CJZA,1197,105,17,,4,16,175,0,3b185d99-02aa-4f01-9c56-7e30315f1bb3,,
a05ca0c0-d7a0-41ba-8cb1-8570ec8ec51b,CJZB,1197,86,17,,4,16,160,0,3b185d99-02aa-4f01-9c56-7e30315f1bb3,,
4e1380bd-6564-42f2-87cc-1888a84298cd,CJZC,1197,90,17,,4,16,160,0,3b185d99-02aa-4f01-9c56-7e30315f1bb3,,
20532294-6496-4c0c-8a41-7c0f03ba94a1,CJZD,1197,110,17,,4,16,175,0,3b185d99-02aa-4f01-9c56-7e30315f1bb3,,
9f5437be-eac2-44f4-8c40-444c53211d3f,CYVA,1197,86,17,,4,16,160,0,3b185d99-02aa-4f01-9c56-7e30315f1bb3,,
860d520f-b7c7-4156-89e1-2dcbc791879d,CYVB,1197,110,17,,4,16,175,0,3b185d99-02aa-4f01-9c56-7e30315f1bb3,,
ba40a60a-8368-4bc9-a7a6-32e4b3115491,CYVC,1197,84,17,,4,16,160,0,3b185d99-02aa-4f01-9c56-7e30315f1bb3,,
7b0e4f61-dfc1-4e9d-b1a4-bf573da8b4fc,CHPA,1395,140,17,,4,16,250,1,3b185d99-02aa-4f01-9c56-7e30315f1bb3,,
ba732dad-e3c4-4b48-93ec-7d82ef15e1f5,CMBA,1395,122,17,,4,16,200,1,3b185d99-02aa-4f01-9c56-7e30315f1bb3,,
8aa2840b-7410-465f-8aa6-43fec51534a2,CXSA,1395,122,17,,4,16,200,1,3b185d99-02aa-4f01-9c56-7e30315f1bb3,,
4b3a877d-a549-4287-9978-2af45b8ec229,CZCA,1395,125,17,,4,16,200,0,3b185d99-02aa-4f01-9c56-7e30315f1bb3,,
36b73df8-6448-43f9-b296-13655a2413e2,CZDA,1395,150,17,,4,16,250,0,3b185d99-02aa-4f01-9c56-7e30315f1bb3,,
1a6556c4-6cc4-4e0a-851f-9461cd25440b,CZEA,1395,150,17,,4,16,250,0,3b185d99-02aa-4f01-9c56-7e30315f1bb3,,
19d8a5e1-9d63-45d1-9cec-1a062122cfb9,DJKA,1395,150,17,,4,16,250,1,3b185d99-02aa-4f01-9c56-7e30315f1bb3,,
4a4904a8-fa75-4a25-9352-08bebb5e2043,CWVA,1598,110,17,,4,16,155,0,3b185d99-02aa-4f01-9c56-7e30315f1bb3,,
e6b3f50d-6bfc-4999-88f2-d2586b1b2ea7,CWVB,1598,90,17,,4,16,155,1,3b185d99-02aa-4f01-9c56-7e30315f1bb3,,
71bbc161-f87c-471b-9779-7be6750ebde9,DFNA,999,80,17,,3,12,93,1,3b185d99-02aa-4f01-9c56-7e30315f1bb3,,
f44e5f61-09d4-4391-9138-d5b20bbd46fc,DFNB,999,65,17,,3,12,93,1,3b185d99-02aa-4f01-9c56-7e30315f1bb3,,
86d3a39b-a50e-425a-9268-fa4aae05775b,DSGA,999,65,17,,3,12,93,1,3b185d99-02aa-4f01-9c56-7e30315f1bb3,,
e0fba694-4035-4f5a-8691-b9ebf703e11d,DSGB,999,80,17,,3,12,93,1,3b185d99-02aa-4f01-9c56-7e30315f1bb3,,
0edf46fc-cf78-4f82-843c-f7f36da04e02,DSGC,999,65,17,,3,12,91,1,3b185d99-02aa-4f01-9c56-7e30315f1bb3,,
f52831bc-4750-4228-b6dd-131ea9ef6898,DSGD,999,80,17,,3,12,93,1,3b185d99-02aa-4f01-9c56-7e30315f1bb3,,
3db6b92c-d2ce-41be-9385-88593b25346b,DLAA,999,110,17,,3,12,200,1,3b185d99-02aa-4f01-9c56-7e30315f1bb3,,
3d70780d-c300-463b-b276-aa79803bd48c,DLAB,999,90,17,,3,12,175,1,3b185d99-02aa-4f01-9c56-7e30315f1bb3,,
e9dbc76a-ad89-4f6a-ac0a-31d055fea432,DLAC,999,95,17,,3,12,175,1,3b185d99-02aa-4f01-9c56-7e30315f1bb3,,
5dd068d4-877d-4861-8767-aa0557790edb,DACA,1498,130,17,,4,16,200,1,3b185d99-02aa-4f01-9c56-7e30315f1bb3,,
7a54d5e1-0eda-4575-86f4-ebcae290557c,DADA,1498,150,17,,4,16,250,1,3b185d99-02aa-4f01-9c56-7e30315f1bb3,,
261cafe9-5c32-42b4-ac2b-ce0f02bbe445,DUSA,999,116,17,,3,12,200,1,3b185d99-02aa-4f01-9c56-7e30315f1bb3,,
fa71f9ef-cb5d-4e01-ab8f-3b315ff7a43a,DUSB,999,95,17,,3,12,175,1,3b185d99-02aa-4f01-9c56-7e30315f1bb3,,
8ab2f9c9-9cbb-4fb5-b086-0d9d7b856ad2,DXDB,1498,150,17,,4,16,250,1,3b185d99-02aa-4f01-9c56-7e30315f1bb3,,
9fea21fd-1784-4c4d-9038-e7c0eb77371e,DXDC,1498,130,17,,4,16,220,1,3b185d99-02aa-4f01-9c56-7e30315f1bb3,,
5497bf57-e809-4f00-a219-3c6aa0f3ad48,DXDE,1498,116,17,,4,16,220,1,3b185d99-02aa-4f01-9c56-7e30315f1bb3,,
63ec0b85-218c-4125-9e61-80ed4f5387c7,AAA,2792,174,17,,6,12,235,2,3b185d99-02aa-4f01-9c56-7e30315f1bb3,,
2682d909-927a-48a8-bb17-c218e28e3b42,AQP,2792,204,17,,6,24,270,8,3b185d99-02aa-4f01-9c56-7e30315f1bb3,,
f24a6486-1665-45f2-aad2-ab3a92cc2cbf,ABV,2861,184,17,,6,12,245,8,3b185d99-02aa-4f01-9c56-7e30315f1bb3,,
d8de2df3-c64d-428d-9319-52541ec0042d,BUB,3189,250,17,,6,24,320,8,3b185d99-02aa-4f01-9c56-7e30315f1bb3,,
4a3f775d-df33-470a-88cc-d5718a2989ea,AXZ,3168,250,17,,6,24,330,2,3b185d99-02aa-4f01-9c56-7e30315f1bb3,,
c225c044-e2ed-4ea2-ae8c-bf8489ef19b6,CDVC,3597,250,17,,6,24,360,2,3b185d99-02aa-4f01-9c56-7e30315f1bb3,,
cf914100-7946-4273-80ba-c62c7348b6a9,CMTA,3597,250,17,,6,24,360,2,3b185d99-02aa-4f01-9c56-7e30315f1bb3,,
3fd2a292-5480-4762-a805-0481b4f85378,CMVA,3597,280,17,,6,24,370,8,3b185d99-02aa-4f01-9c56-7e30315f1bb3,,
2715563a-a8b7-4f42-aa2f-765d1c1ff571,BHK,3597,280,17,,6,24,360,8,3b185d99-02aa-4f01-9c56-7e30315f1bb3,,
634ced83-ea0e-4ef6-aac2-398bb6c08aed,BWS,3597,300,17,,6,24,350,2,3b185d99-02aa-4f01-9c56-7e30315f1bb3,,
5df5f840-2d44-402b-b700-2c94d6f1b00c,AGZ,2324,150,17,,5,10,205,2,3b185d99-02aa-4f01-9c56-7e30315f1bb3,,
69844532-82f4-4cf0-a82f-03b697390754,AQN,2324,170,17,,5,20,220,8,3b185d99-02aa-4f01-9c56-7e30315f1bb3,,
b3bcaacd-a23a-4753-b899-72ccfeeb657a,AZX,2324,170,17,,5,20,225,8,3b185d99-02aa-4f01-9c56-7e30315f1bb3,,
71a1c8a8-5d22-49c0-9d62-249587788100,BDN,3999,275,17,,8,32,370,2,3b185d99-02aa-4f01-9c56-7e30315f1bb3,,
21d44c34-5553-404a-9091-826db763ed72,BRN,5998,450,17,,12,48,560,2,3b185d99-02aa-4f01-9c56-7e30315f1bb3,,
e557104d-5a57-4847-9ec2-63a0f68e7934,AXQ,4172,310,17,,8,40,410,9,3b185d99-02aa-4f01-9c56-7e30315f1bb3,,
d7ea25b8-5d30-4e1f-8df5-aada2caea36a,BAR,4163,350,17,,8,32,440,2,3b185d99-02aa-4f01-9c56-7e30315f1bb3,,
6fd5fb3e-4b9a-4ee8-9bbe-4517f05dfc5e,ADP,1595,101,17,,4,8,140,1,3b185d99-02aa-4f01-9c56-7e30315f1bb3,,
100b1bf1-9196-45d4-a933-0d6511217292,AFT,1595,101,17,,4,8,140,1,3b185d99-02aa-4f01-9c56-7e30315f1bb3,,
c8816b56-2be3-422a-b6a4-5f669573f21a,PN,1595,69,17,,4,8,118,1,3b185d99-02aa-4f01-9c56-7e30315f1bb3,,
0a120b33-fa36-415f-b099-1707c549ceaf,JN,1781,90,17,,4,8,137,1,3b185d99-02aa-4f01-9c56-7e30315f1bb3,,
8cd51109-fe16-48b6-a1cc-530d67178a37,PF,1781,107,17,,4,8,154,1,3b185d99-02aa-4f01-9c56-7e30315f1bb3,,
bb15c71b-af8d-465a-9b83-a00469bc97ee,RP,1781,90,17,,4,8,142,1,3b185d99-02aa-4f01-9c56-7e30315f1bb3,,
65aa11b4-1a06-4219-845b-85bf45fa05d3,AAM,1781,75,17,,4,8,140,1,3b185d99-02aa-4f01-9c56-7e30315f1bb3,,
bf3ff38f-6df9-45e2-84e9-adae435041dd,ABS,1781,90,17,,4,8,145,1,3b185d99-02aa-4f01-9c56-7e30315f1bb3,,
6d81e7a5-8491-4946-9526-6269b66be491,ADR,1781,125,17,,4,20,168,3,3b185d99-02aa-4f01-9c56-7e30315f1bb3,,
f21f8122-ad7a-42d2-a1de-17400a07abed,ADZ,1781,90,17,,4,8,145,1,3b185d99-02aa-4f01-9c56-7e30315f1bb3,,
6971920d-3fda-4242-9dac-979e4e0aeeb9,ARG,1781,125,17,,4,20,168,3,3b185d99-02aa-4f01-9c56-7e30315f1bb3,,
55f8c8d8-c3e3-41ba-80d5-8c06e805f9ff,AEB,1781,150,17,,4,20,210,3,3b185d99-02aa-4f01-9c56-7e30315f1bb3,,
3bad5f18-6060-4bfd-9f11-b58ed319747a,ANB,1781,150,17,,4,20,210,3,3b185d99-02aa-4f01-9c56-7e30315f1bb3,,
9054fd31-44a2-4e36-946b-da129aea99d5,ABF,1984,150,17,,4,16,180,3,3b185d99-02aa-4f01-9c56-7e30315f1bb3,,
bcbfb97b-4d14-470c-9dbc-76e188f3fe84,ADY,1984,115,17,,4,8,165,1,3b185d99-02aa-4f01-9c56-7e30315f1bb3,,
179d945a-f6b8-476f-b279-992d033a4249,AGG,1984,115,17,,4,8,166,1,3b185d99-02aa-4f01-9c56-7e30315f1bb3,,
5626c2c3-c116-4ea8-bdea-be2350b3660f,2E,1984,115,17,,4,8,166,1,3b185d99-02aa-4f01-9c56-7e30315f1bb3,,
9f9d381d-ab43-4702-9f69-99fce9ecf85e,DCBE,2995,340,17,,6,24,450,2,3b185d99-02aa-4f01-9c56-7e30315f1bb3,,
c4452a64-fceb-4e9e-927c-5e36bb02c4ba,BGP,2480,150,17,,5,20,228,2,3b185d99-02aa-4f01-9c56-7e30315f1bb3,,
7e3e0bee-d6e3-42dc-a1ec-d1a85e02c5e6,CBTA,2480,170,17,,5,20,240,2,3b185d99-02aa-4f01-9c56-7e30315f1bb3,,
7e3122c6-d738-4f7a-890f-88c283f832d1,BZB,1798,160,17,,4,16,250,0,3b185d99-02aa-4f01-9c56-7e30315f1bb3,,
8457b87b-3ab1-41a2-b75d-8802d0426b73,CABB,1798,160,17,,4,16,250,2,3b185d99-02aa-4f01-9c56-7e30315f1bb3,,
cc4ddce1-a30a-487c-afa7-53eb87f776da,CAWA,1984,170,17,,4,16,280,2,3b185d99-02aa-4f01-9c56-7e30315f1bb3,,
adda0fc2-11fc-4df4-8cf7-26c32af26a9f,CAWB,1984,200,17,,4,16,280,2,3b185d99-02aa-4f01-9c56-7e30315f1bb3,,
f65a0285-98f3-4fd4-9db1-6e495cca79e6,CBFA,1984,200,17,,4,16,280,2,3b185d99-02aa-4f01-9c56-7e30315f1bb3,,
4093a54f-86f1-4bf6-a983-bb76a4543c4d,CCTA,1984,200,17,,4,16,280,2,3b185d99-02aa-4f01-9c56-7e30315f1bb3,,
e6ba82ed-fabc-449e-baa0-f0dd3e0190f6,CCTB,1984,170,17,,4,16,280,2,3b185d99-02aa-4f01-9c56-7e30315f1bb3,,
81304afe-26d6-4fe7-8afd-400dcac33541,CDAA,1798,160,17,,4,16,250,2,3b185d99-02aa-4f01-9c56-7e30315f1bb3,,
e490f4ce-d74b-4e53-a757-512b4e445eee,CDAB,1798,152,17,,4,16,250,0,3b185d99-02aa-4f01-9c56-7e30315f1bb3,,
7381155f-7712-4e2b-a451-9e6f2cd0125e,CCZA,1984,200,17,,4,16,280,2,3b185d99-02aa-4f01-9c56-7e30315f1bb3,,
a1c22fa4-088a-429e-b491-ef7564140042,CCZB,1984,211,17,,4,16,280,2,3b185d99-02aa-4f01-9c56-7e30315f1bb3,,
4f61af14-3f4a-40ec-b5ed-0a3291b809fc,CCZC,1984,170,17,,4,16,280,2,3b185d99-02aa-4f01-9c56-7e30315f1bb3,,
6439dcfc-dd7b-43ee-89c2-118f8d82f7e9,CCZD,1984,180,17,,4,16,280,2,3b185d99-02aa-4f01-9c56-7e30315f1bb3,,
681dccea-4434-4579-b56b-84275e78b622,CFPA,1984,160,17,,4,16,300,2,3b185d99-02aa-4f01-9c56-7e30315f1bb3,,
0ffef098-58fe-49bb-b5bb-b6d999548d8e,CJSA,1798,180,17,,4,16,250,2,3b185d99-02aa-4f01-9c56-7e30315f1bb3,,
b38cf299-c008-418b-a06d-47f008e50adf,CJSB,1798,180,17,,4,16,280,2,3b185d99-02aa-4f01-9c56-7e30315f1bb3,,
97783447-da16-40f4-98f0-c94d912074f2,CHHA,1984,230,17,,4,16,350,2,3b185d99-02aa-4f01-9c56-7e30315f1bb3,,
c5f567d8-436e-4308-b1ae-8da8becc8d29,CHHB,1984,220,17,,4,16,350,2,3b185d99-02aa-4f01-9c56-7e30315f1bb3,,
458d4143-64d2-4a1d-9167-059506af61a5,CJXC,1984,300,17,,4,16,380,2,3b185d99-02aa-4f01-9c56-7e30315f1bb3,,
29ac2919-15eb-4381-a892-32d37f9fe66f,CXDA,1984,220,17,,4,16,350,2,3b185d99-02aa-4f01-9c56-7e30315f1bb3,,
28cb691d-9a45-45eb-bdf4-db8d6302419f,CYRC,1984,250,17,,4,16,370,2,3b185d99-02aa-4f01-9c56-7e30315f1bb3,,
4d068b32-2abf-4f93-8ee5-1c3b3a2227f4,CZPA,1984,180,17,,4,16,320,2,3b185d99-02aa-4f01-9c56-7e30315f1bb3,,
0d6407d1-7727-4315-b343-58345b35ffd6,CZPB,1984,190,17,,4,16,320,2,3b185d99-02aa-4f01-9c56-7e30315f1bb3,,
ad580708-715d-4a3e-9456-3afe106469f6,DKZA,1984,190,17,,4,16,320,2,3b185d99-02aa-4f01-9c56-7e30315f1bb3,,
d4a875c3-773a-4493-bdae-4e7c30ecd230,JK,1588,54,18,,4,8,100,1,3b185d99-02aa-4f01-9c56-7e30315f1bb3,,
caa9eb61-cf2f-4cac-9323-9592e532c454,JP,1588,54,18,,4,8,100,1,3b185d99-02aa-4f01-9c56-7e30315f1bb3,,
9a562a0c-633c-4e79-b8bd-19f660f0a00f,JX,1588,70,34,,4,8,138,1,3b185d99-02aa-4f01-9c56-7e30315f1bb3,,
20b37d1d-4152-41db-82cd-05625350d761,SB,1588,80,34,,4,8,152,1,3b185d99-02aa-4f01-9c56-7e30315f1bb3,,
6ba71617-4370-4a11-90f0-6d1dcc6d58ba,1X,1896,60,18,,4,8,127,1,3b185d99-02aa-4f01-9c56-7e30315f1bb3,,
d660b18b-3746-4f41-98d6-a21f5e317249,1Y,1896,64,18,,4,8,124,1,3b185d99-02aa-4f01-9c56-7e30315f1bb3,,
e3110e3a-693d-480a-9162-9325860000f5,AAZ,1896,75,34,,4,8,140,1,3b185d99-02aa-4f01-9c56-7e30315f1bb3,,
0246771f-aa00-4aa3-802c-8a6c4d3e4235,ABL,1896,68,34,,4,8,140,1,3b185d99-02aa-4f01-9c56-7e30315f1bb3,,
bad0ecc2-759b-42b4-8676-f45aba3dc6b9,AAB,2370,78,18,,5,10,164,1,3b185d99-02aa-4f01-9c56-7e30315f1bb3,,
c0fc1970-1e04-4e1a-80e4-cfba2a702990,AJT,2460,88,34,,5,10,195,1,3b185d99-02aa-4f01-9c56-7e30315f1bb3,,
5932ffe5-405b-4c6d-93e4-89bb246244d0,ACV,2460,102,34,,5,10,250,1,3b185d99-02aa-4f01-9c56-7e30315f1bb3,,
54fd9dbf-a094-4fe6-a8ac-b8db2e34a669,AXG,2460,151,18,,5,10,295,1,3b185d99-02aa-4f01-9c56-7e30315f1bb3,,
bbd63ce6-7c94-4b96-b91e-f19516823832,AXD,2460,131,34,,5,10,340,4,3b185d99-02aa-4f01-9c56-7e30315f1bb3,,
9851391e-3e8a-43b5-bb2e-b2da81214c2c,AXE,2460,174,18,,5,10,400,4,3b185d99-02aa-4f01-9c56-7e30315f1bb3,,
fdee64e7-bd24-40e7-bd41-502235911c5c,BAC,2460,174,34,,5,10,400,4,3b185d99-02aa-4f01-9c56-7e30315f1bb3,,
1c140bf1-372b-4b86-b8b7-f0cab622fb67,BPE,2460,174,18,,5,10,400,4,3b185d99-02aa-4f01-9c56-7e30315f1bb3,,
8a1e2022-e060-48e5-b350-a85960483192,AYH,4921,313,18,,10,20,750,4,3b185d99-02aa-4f01-9c56-7e30315f1bb3,,
01a2ecdf-677e-470e-8d72-e6dba0ddb522,AJS,4921,313,18,,10,20,750,4,3b185d99-02aa-4f01-9c56-7e30315f1bb3,,
fd21cd7e-9013-4d93-b08a-ed22e0d5ce3f,AKU,1716,60,18,,4,8,115,1,3b185d99-02aa-4f01-9c56-7e30315f1bb3,,
d7200a61-084e-4bcd-bad3-d037edb267b3,AEY,1896,64,18,,4,8,125,1,3b185d99-02aa-4f01-9c56-7e30315f1bb3,,
a8ee1151-b47a-4a57-93cf-3d19a085cca6,1Z,1896,90,34,,4,8,202,1,3b185d99-02aa-4f01-9c56-7e30315f1bb3,,
451583a1-e14a-4b22-9b04-5a48c20b887a,AFN,1896,110,18,,4,8,235,1,3b185d99-02aa-4f01-9c56-7e30315f1bb3,,
742e0dc4-660c-4b9f-aa4e-9bbce8ede16b,AHF,1896,110,18,,4,8,235,1,3b185d99-02aa-4f01-9c56-7e30315f1bb3,,
c696af83-f287-4087-ba74-0e2b82622140,AHU,1896,90,34,,4,8,202,1,3b185d99-02aa-4f01-9c56-7e30315f1bb3,,
8efe0bc7-cf52-4a9f-b1ab-58110649ea15,ALH,1896,90,34,,4,8,210,1,3b185d99-02aa-4f01-9c56-7e30315f1bb3,,
7b0f979f-2cad-4869-aaf6-d99a6e09bb77,AVG,1896,110,18,,4,8,235,1,3b185d99-02aa-4f01-9c56-7e30315f1bb3,,
98490e62-dcc8-4dda-9db3-cef6e11901cc,AJM,1896,115,18,,4,8,285,1,3b185d99-02aa-4f01-9c56-7e30315f1bb3,,
bd637772-b871-4af5-9268-925d574c1213,ASZ,1896,130,18,,4,8,310,1,3b185d99-02aa-4f01-9c56-7e30315f1bb3,,
545bfcb3-9d24-4b82-b7d4-bc702f698bac,AVB,1896,101,34,,4,8,250,1,3b185d99-02aa-4f01-9c56-7e30315f1bb3,,
8298d7aa-e113-4570-8580-c7c7d0c31f7f,AVF,1896,130,18,,4,8,310,1,3b185d99-02aa-4f01-9c56-7e30315f1bb3,,
18c7b9f1-52bd-4562-bdf4-6dc2b85dc421,AUY,1896,115,18,,4,8,310,1,3b185d99-02aa-4f01-9c56-7e30315f1bb3,,
1917833b-c930-481c-9795-5a403a507398,AWX,1896,130,18,,4,8,285,1,3b185d99-02aa-4f01-9c56-7e30315f1bb3,,
264277ec-c2dc-457b-a0e9-013829989116,AXB,1896,105,34,,4,8,250,1,3b185d99-02aa-4f01-9c56-7e30315f1bb3,,
0c41430d-3251-4e85-8551-568bc14cce73,AXC,1896,86,34,,4,8,200,1,3b185d99-02aa-4f01-9c56-7e30315f1bb3,,
e47ceac5-f692-4883-92ba-837045e5a79e,BKC,1896,105,18,,4,8,250,1,3b185d99-02aa-4f01-9c56-7e30315f1bb3,,
fd826a3f-adc1-4c52-9434-636b5fab49e8,BLS,1896,105,34,,4,8,250,1,3b185d99-02aa-4f01-9c56-7e30315f1bb3,,
977c5f67-3e10-4935-8d6a-114d9fecdfe1,BXE,1896,105,34,,4,8,250,1,3b185d99-02aa-4f01-9c56-7e30315f1bb3,,
efafd61d-355d-4137-ae9a-c563838763f7,BKD,1968,140,18,,4,16,320,1,3b185d99-02aa-4f01-9c56-7e30315f1bb3,,
f7f8b50a-8cf0-4667-8622-0af8b323f1a2,BKP,1968,140,18,,4,16,320,1,3b185d99-02aa-4f01-9c56-7e30315f1bb3,,
777a07c3-a56c-4039-a2b4-e0828e6ca16e,BMM,1968,140,18,,4,8,320,1,3b185d99-02aa-4f01-9c56-7e30315f1bb3,,
e8a7fbbf-c9da-4761-97f0-a208aadaee66,BMP,1968,140,18,,4,8,320,1,3b185d99-02aa-4f01-9c56-7e30315f1bb3,,
2fcd48b4-a5de-4bc6-8061-d11dfe32f984,BMR,1968,170,18,,4,16,350,1,3b185d99-02aa-4f01-9c56-7e30315f1bb3,,
94b1d551-82a1-47b9-9487-9a0483e73b0c,BRT,1968,140,18,,4,8,310,1,3b185d99-02aa-4f01-9c56-7e30315f1bb3,,
82dbf0ba-cebb-433d-94a1-acc17835ef8d,CAYC,1598,105,18,,4,16,250,1,3b185d99-02aa-4f01-9c56-7e30315f1bb3,,
fdf00b78-e991-46c9-b950-ae6e1b2380e5,CAAC,1968,140,18,,4,16,340,1,3b185d99-02aa-4f01-9c56-7e30315f1bb3,,
63a7035a-924b-4987-9c6a-fed3b2855526,CBAB,1968,140,18,,4,16,320,0,3b185d99-02aa-4f01-9c56-7e30315f1bb3,,
e11a095e-933b-4137-9990-45f2ccbfd9e1,CFCA,1968,180,18,,4,16,400,1,3b185d99-02aa-4f01-9c56-7e30315f1bb3,,
79a106f8-a30d-42ee-84fa-c19de413f487,CFGB,1968,170,18,,4,16,350,1,3b185d99-02aa-4f01-9c56-7e30315f1bb3,,
fa296cc3-0442-4686-b3c9-59700083d1d0,CFHC,1968,140,18,,4,16,320,1,3b185d99-02aa-4f01-9c56-7e30315f1bb3,,
862c69bf-b08f-4c6a-942b-2c9c7504e367,CKTB,1968,109,18,,4,16,300,1,3b185d99-02aa-4f01-9c56-7e30315f1bb3,,
15fa7e69-5767-4ceb-9df7-9428bc94c825,CKUB,1968,163,18,,4,16,400,1,3b185d99-02aa-4f01-9c56-7e30315f1bb3,,
f22a0e8f-9636-4d1e-b258-3535f270269a,CLCA,1968,110,18,,4,16,250,1,3b185d99-02aa-4f01-9c56-7e30315f1bb3,,
bdd00042-510e-4b7a-8735-b36904db2481,CLJA,1968,140,18,,4,16,320,1,3b185d99-02aa-4f01-9c56-7e30315f1bb3,,
d27ffbe2-2631-4652-8c71-3d2c4e2d0cb8,DCXA,1598,120,18,,4,16,250,1,3b185d99-02aa-4f01-9c56-7e30315f1bb3,,
4271416e-b3a0-4590-ac95-3c6bbf19d84b,CDCA,1968,163,18,,4,16,400,1,3b185d99-02aa-4f01-9c56-7e30315f1bb3,,
9ec9e9be-2318-4ade-a5c0-f462da0558c5,CNEA,1968,180,18,,4,16,400,1,3b185d99-02aa-4f01-9c56-7e30315f1bb3,,
12c48550-4169-4465-a386-ece556b10867,CNFA,1968,122,18,,4,16,340,1,3b185d99-02aa-4f01-9c56-7e30315f1bb3,,
d61316a7-7750-4f2f-bfd7-7941a01f474f,CNFB,1968,140,18,,4,16,340,1,3b185d99-02aa-4f01-9c56-7e30315f1bb3,,
dcfe7f0f-4967-4d1d-8ba8-99d015e6a670,CSHA,1968,180,18,,4,16,420,1,3b185d99-02aa-4f01-9c56-7e30315f1bb3,,
52469bf3-e215-4d16-a67c-913e89178829,CRLB,1968,150,18,,4,16,340,1,3b185d99-02aa-4f01-9c56-7e30315f1bb3,,
4dbfb939-a0e1-4788-a84c-d91380cf64ec,CRMB,1968,150,18,,4,16,320,1,3b185d99-02aa-4f01-9c56-7e30315f1bb3,,
25c89c42-ff80-49f5-b08b-882c552614ae,DAUA,1968,140,18,,4,16,340,1,3b185d99-02aa-4f01-9c56-7e30315f1bb3,,
5cded6ad-8e58-4627-9461-b6a5ea168e6a,DBGC,1968,150,18,,4,16,340,1,3b185d99-02aa-4f01-9c56-7e30315f1bb3,,
20073c23-fa7f-4cd4-bcc5-5983991ca26e,DFGA,1968,150,18,,4,16,340,1,3b185d99-02aa-4f01-9c56-7e30315f1bb3,,
3e4fee90-ef22-4b3d-92b8-55ad5c50f4f8,CUAA,1968,240,18,,4,16,500,1,3b185d99-02aa-4f01-9c56-7e30315f1bb3,,
71dda405-82da-405d-b71a-bb192285ba4e,AFB,2496,150,18,,6,24,310,1,3b185d99-02aa-4f01-9c56-7e30315f1bb3,,
64b904a3-8903-4be2-9a5e-437d67f7311f,AKN,2496,150,18,,6,24,310,1,3b185d99-02aa-4f01-9c56-7e30315f1bb3,,
cf5b795c-b889-45fa-a83b-705694e4d4f6,BAU,2496,180,18,,6,24,370,1,3b185d99-02aa-4f01-9c56-7e30315f1bb3,,
990d879a-8201-47bd-a52d-29aafd9aba43,BDG,2496,163,18,,6,24,350,1,3b185d99-02aa-4f01-9c56-7e30315f1bb3,,
39877af3-a906-4d44-b8cd-cbc27caf1587,BDH,2496,180,18,,6,24,370,1,3b185d99-02aa-4f01-9c56-7e30315f1bb3,,
a76cc917-5937-49dc-b2d6-5157053438f9,AHD,2461,102,18,,5,10,250,1,3b185d99-02aa-4f01-9c56-7e30315f1bb3,,
dc9e9747-1f49-44b9-8d4c-2f4d667e0ac7,BJK,2461,109,18,,5,10,280,1,3b185d99-02aa-4f01-9c56-7e30315f1bb3,,
b4992c36-07b5-438f-b1e2-7ac68df19922,BJM,2461,163,18,,5,10,350,1,3b185d99-02aa-4f01-9c56-7e30315f1bb3,,
08223d62-ac03-4ff5-8e7f-ec12b122890f,BKS,2967,224,18,,6,24,500,2,3b185d99-02aa-4f01-9c56-7e30315f1bb3,,
6e4683a2-beac-4e37-9107-184e17ea4263,BMK,2967,224,18,,6,24,450,2,3b185d99-02aa-4f01-9c56-7e30315f1bb3,,
49ed5c73-529c-4e02-a1e9-2bf185e00e4f,CASA,2967,240,18,,6,24,500,32,3b185d99-02aa-4f01-9c56-7e30315f1bb3,,
57dcf8e6-dd8a-434b-a93e-2b0c5da8cff5,CJMA,2967,204,18,,6,24,450,2,3b185d99-02aa-4f01-9c56-7e30315f1bb3,,
4b95cce3-57c4-44b4-8806-2910bb4c89e6,CRCA,2967,245,18,,6,24,550,2,3b185d99-02aa-4f01-9c56-7e30315f1bb3,,
a47851d4-b175-4ba6-97fd-f2b7cf45974e,CVMD,2967,249,18,,6,24,600,2,3b185d99-02aa-4f01-9c56-7e30315f1bb3,,
0fc9cfc3-4998-4a9b-92aa-441c714d0647,DDXC,2967,224,18,,6,24,550,2,3b185d99-02aa-4f01-9c56-7e30315f1bb3,,
5e201be3-1b5b-4141-b72e-86bb5388f3bc,DDXE,2967,258,18,,6,24,580,2,3b185d99-02aa-4f01-9c56-7e30315f1bb3,,
975a48dd-2e47-4859-a88e-4800bcb84859,DPYC,2967,231,18,,6,24,500,2,3b185d99-02aa-4f01-9c56-7e30315f1bb3,,
37c00d71-edf1-401e-9ea4-87b5098d3050,CKDA,4134,340,18,,8,32,800,2,3b185d99-02aa-4f01-9c56-7e30315f1bb3,,
3d9285e1-b481-4e13-9fe5-e9dc4551ac67,M160,599,45,17,,3,6,70,2,9cdbae64-2919-44cd-ab3a-f199cfb95a0c,,
85003950-e4a2-4034-9f37-58e6417b2223,M160,698,50,17,,3,6,80,2,9cdbae64-2919-44cd-ab3a-f199cfb95a0c,,
dc4bbe68-4bbb-40d8-8c82-8906914e1591,3B21,999,61,17,,3,12,89,2,9cdbae64-2919-44cd-ab3a-f199cfb95a0c,,d48edb0c-97ae-4309-b41c-1855db900e00
8610ffd6-a36f-49f6-adc0-e5cc2a6b9190,3B21T,999,84,17,,3,12,120,2,9cdbae64-2919-44cd-ab3a-f199cfb95a0c,,d48edb0c-97ae-4309-b41c-1855db900e00
547f4a01-ef4c-43f6-a6ee-82c3721282ac,3A91,1124,75,17,,3,12,100,2,9cdbae64-2919-44cd-ab3a-f199cfb95a0c,,d48edb0c-97ae-4309-b41c-1855db900e00
79249473-a2e9-4486-9b12-0cf9ed55a837,4A90,1332,95,17,,4,16,125,2,9cdbae64-2919-44cd-ab3a-f199cfb95a0c,,d48edb0c-97ae-4309-b41c-1855db900e00
52ef136a-7898-4e1f-846f-42eda56c419b,4A91,1499,109,17,,4,16,145,2,9cdbae64-2919-44cd-ab3a-f199cfb95a0c,,d48edb0c-97ae-4309-b41c-1855db900e00
6a920881-8303-4598-9558-8f4750f28b8c,4G15T,1468,147,17,,4,16,210,1,9cdbae64-2919-44cd-ab3a-f199cfb95a0c,,d48edb0c-97ae-4309-b41c-1855db900e00
eee1ba3a-3454-424f-971c-bcc06f139ea1,H4Bt,898,90,17,,3,12,135,0,9cdbae64-2919-44cd-ab3a-f199cfb95a0c,,
d3bd3d48-8b9d-4c11-975b-14de932f9631,H4D,999,61,17,,3,12,91,2,9cdbae64-2919-44cd-ab3a-f199cfb95a0c,,
84234849-07c2-4ecf-ba4f-583067754e00,OM660,799,41,18,,3,6,100,2,9cdbae64-2919-44cd-ab3a-f199cfb95a0c,,
43626225-dc42-44f7-9d7b-4a8ea0fd2a73,OM660,799,45,18,,3,6,110,2,9cdbae64-2919-44cd-ab3a-f199cfb95a0c,,
87870fc9-9b15-44d1-808e-7773d05da2c5,OM639,1493,68,18,,3,12,160,2,9cdbae64-2919-44cd-ab3a-f199cfb95a0c,,
70527a39-bbe0-4518-ab30-d174d35a1da6,G20D,1998,133,17,,4,16,180,8,563fbcf4-5200-498c-b99f-28407160bf2c,,
cc2b1c93-7d20-4a94-8ecd-3f6dfa63364d,G23D,2295,150,17,,4,16,210,8,563fbcf4-5200-498c-b99f-28407160bf2c,,
3592da8b-a241-4b64-9833-da9f1e4bae58,G32D,3199,220,17,,6,24,310,8,563fbcf4-5200-498c-b99f-28407160bf2c,,
a1fc93cf-94b0-4548-87fc-b5aaa9ba67f1,G16DF,1597,128,17,,4,16,160,2,563fbcf4-5200-498c-b99f-28407160bf2c,,
638a3669-df36-46fd-8070-6a64a7ddbcae,G20DF,1998,149,17,,4,16,197,2,563fbcf4-5200-498c-b99f-28407160bf2c,,
3ba73013-3262-4b4d-9a60-06ef3b44e9f1,G20DTR,1998,224,33,,4,16,350,2,563fbcf4-5200-498c-b99f-28407160bf2c,,04af00d8-5d4f-43de-a648-0cec7b55682c
a7092305-1ebc-4cb8-9a98-d417df070923,G12DTF,1197,128,33,,3,12,230,2,563fbcf4-5200-498c-b99f-28407160bf2c,,04af00d8-5d4f-43de-a648-0cec7b55682c
c2bb4228-f034-4239-b991-b16093adaabd,G15DTF,1497,163,33,,4,16,260,2,563fbcf4-5200-498c-b99f-28407160bf2c,,04af00d8-5d4f-43de-a648-0cec7b55682c
9d30b3c3-1193-487a-a82a-5f1032178558,D16DTF,1597,115,18,,4,16,300,2,563fbcf4-5200-498c-b99f-28407160bf2c,,
ea45afeb-6581-4457-a96c-1471f1655e65,D20DT,1998,141,18,,4,16,310,0,563fbcf4-5200-498c-b99f-28407160bf2c,,
33e4fb8d-9693-465a-87fa-c342812d9aef,D20DTF,1998,150,18,,4,16,360,2,563fbcf4-5200-498c-b99f-28407160bf2c,,
bea6c293-b2d8-45cf-ad1a-6d3020f186c3,D20DTR,1998,150,18,,4,16,360,2,563fbcf4-5200-498c-b99f-28407160bf2c,,
2b2a8c4d-54f9-401a-a346-03b91766219d,D22DTF,2157,178,18,,4,16,400,2,563fbcf4-5200-498c-b99f-28407160bf2c,,
9899eb26-a065-4416-a4c3-7466bb67e2e7,D22DTR,2157,178,18,,4,16,400,2,563fbcf4-5200-498c-b99f-28407160bf2c,,
1f95ba5a-1e1a-49eb-b42e-52bf3363882a,D22DTR,2157,202,34,,4,16,441,2,563fbcf4-5200-498c-b99f-28407160bf2c,,
2ec412b5-a55e-4152-81ee-febe4b0b7e80,D23DT,2299,79,18,,4,8,144,2,563fbcf4-5200-498c-b99f-28407160bf2c,,
ae00352d-1138-4ab2-a5ff-5dffd4414b62,D23DT,2299,101,18,,4,8,209,2,563fbcf4-5200-498c-b99f-28407160bf2c,,
5935e22e-62cd-423b-ade6-41d78c32e699,D27DT,2696,160,18,,5,20,340,2,563fbcf4-5200-498c-b99f-28407160bf2c,,
8ec30768-589c-4d78-8338-ec1728b704a8,D27DTP,2696,180,18,,5,20,402,2,563fbcf4-5200-498c-b99f-28407160bf2c,,
afbe4405-52c4-4cdb-9528-f7c4559c2fe3,D29DT,2874,95,18,,5,10,181,2,563fbcf4-5200-498c-b99f-28407160bf2c,,
cb4e4a31-e7e5-4bd5-a1a7-ddc603bf6cbc,D29DT,2874,120,18,,5,10,250,2,563fbcf4-5200-498c-b99f-28407160bf2c,,
6bcc6ff9-4f34-4bee-8de3-96477d491af0,D29DT,2874,132,18,,5,10,289,2,563fbcf4-5200-498c-b99f-28407160bf2c,,
ce9e2e29-1545-41e7-ad77-a7d427b429c2,CB18,1795,177,17,,4,16,300,0,3a787571-7f7d-4b1f-9d63-f49204605648,,
d3c89a19-7a0c-4bcc-8762-873643c661d0,EJ151,1493,97,17,,4,16,129,1,3a787571-7f7d-4b1f-9d63-f49204605648,,
eb42fccb-c21f-4900-86f7-2f3d0737f954,EJ152,1493,102,17,,4,16,137,1,3a787571-7f7d-4b1f-9d63-f49204605648,,
5352f921-0b0e-446c-86de-d0b69b6bfea2,EJ20E,1994,115,17,,4,16,165,1,3a787571-7f7d-4b1f-9d63-f49204605648,,
383b8e03-8705-44cd-8f0b-22a754164783,EJ20E,1994,125,17,,4,16,175,1,3a787571-7f7d-4b1f-9d63-f49204605648,,
68c76b2f-c23a-4d32-ad56-24b32ccdb6cb,EJ20J,1994,122,17,,4,16,176,1,3a787571-7f7d-4b1f-9d63-f49204605648,,
c8181131-5273-43c9-9b8a-d7800b3ac5d8,EJ201,1994,125,17,,4,16,180,1,3a787571-7f7d-4b1f-9d63-f49204605648,,
53968513-5e71-493c-9483-c30ec1219402,EJ202,1994,130,17,,4,16,180,1,3a787571-7f7d-4b1f-9d63-f49204605648,,
780da8dd-89b3-4a25-a39a-7ad6b11497a2,EJ203,1994,140,17,,4,16,186,1,3a787571-7f7d-4b1f-9d63-f49204605648,,
f4333c44-b829-488a-bf0f-2f65d479851d,EJ204,1994,150,17,,4,16,180,1,3a787571-7f7d-4b1f-9d63-f49204605648,,594e79fd-be86-4340-8adb-7bcbab62610a
99c9dcbc-f634-4a02-a6a6-cbfb0cdecdce,EJ20G,1994,200,17,,4,16,260,1,3a787571-7f7d-4b1f-9d63-f49204605648,,
928ba806-c8c1-4280-a0d9-3f1d58e49b69,EJ20G,1994,220,17,,4,16,260,1,3a787571-7f7d-4b1f-9d63-f49204605648,,
4bb3bb9a-033f-44f8-884c-a39f7bc1049e,EJ20G,1994,210,17,,4,16,260,1,3a787571-7f7d-4b1f-9d63-f49204605648,,
c4add6fa-6111-4d43-bc93-573dce3e2e6d,EJ20H,1994,250,17,,4,16,309,1,3a787571-7f7d-4b1f-9d63-f49204605648,,
c8d7fe42-1962-4b0f-a3d2-3eee67cb8f86,EJ20K,1994,280,17,,4,16,329,1,3a787571-7f7d-4b1f-9d63-f49204605648,,
92c9d0a6-2d8c-4792-b65f-73eee5a8f3b1,EJ20R,1994,280,17,,4,16,338,1,3a787571-7f7d-4b1f-9d63-f49204605648,,
e04ab9a8-cf74-4dbe-a2e5-65456c3829ec,EJ20X,1994,250,17,,4,16,333,1,3a787571-7f7d-4b1f-9d63-f49204605648,,65a6c244-64bf-4bc7-ad4a-05e9c106c713
f07aaf49-c1c8-4427-9cf0-d2f0943d9e6e,EJ20Y,1994,280,17,,4,16,343,1,3a787571-7f7d-4b1f-9d63-f49204605648,,65a6c244-64bf-4bc7-ad4a-05e9c106c713
229c8029-13db-41c4-bc1e-2ed797bf044e,EJ205,1994,170,17,,4,16,240,1,3a787571-7f7d-4b1f-9d63-f49204605648,,
9c3298bb-d1aa-4cde-87bc-351f210d80b7,EJ205,1994,220,17,,4,16,290,1,3a787571-7f7d-4b1f-9d63-f49204605648,,594e79fd-be86-4340-8adb-7bcbab62610a
5675fea5-8b78-482d-bb84-70f6d840e804,EJ206,1994,260,17,,4,16,320,1,3a787571-7f7d-4b1f-9d63-f49204605648,,
0217e2d6-4453-4e68-8931-4879a20dd99b,EJ207,1994,265,17,,4,16,340,1,3a787571-7f7d-4b1f-9d63-f49204605648,,
46294934-cc81-426a-8673-6bca56b95484,EJ207,1994,270,17,,4,16,350,1,3a787571-7f7d-4b1f-9d63-f49204605648,,594e79fd-be86-4340-8adb-7bcbab62610a
b36acad7-520b-41cf-a4b6-e740a60d2ce1,EJ207,1994,308,17,,4,16,430,1,3a787571-7f7d-4b1f-9d63-f49204605648,,594e79fd-be86-4340-8adb-7bcbab62610a
b9dd5789-4311-4473-ad7a-8b2f9042a4d2,EJ208,1994,280,17,,4,16,343,1,3a787571-7f7d-4b1f-9d63-f49204605648,,
72a879b7-1196-42da-9143-26953fa797dd,EJ25D,2457,155,17,,4,16,190,1,3a787571-7f7d-4b1f-9d63-f49204605648,,
678c288b-45c5-4fc7-9356-cd2527ba10d0,EJ251,2457,165,17,,4,16,225,1,3a787571-7f7d-4b1f-9d63-f49204605648,,
dac7227d-0902-46f8-ac7d-1f54ad87ccdd,EJ253,2457,165,17,,4,16,225,1,3a787571-7f7d-4b1f-9d63-f49204605648,,
85d8102d-f469-4ce0-9786-4fed588cefc1,EJ253,2457,175,17,,4,16,225,1,3a787571-7f7d-4b1f-9d63-f49204605648,,a35bf9a3-b945-4896-b272-372ab1ec81e4
325b9bea-7abb-4de9-8b87-734c9473ad25,EJ254,2457,165,17,,4,16,240,1,3a787571-7f7d-4b1f-9d63-f49204605648,,594e79fd-be86-4340-8adb-7bcbab62610a
3271617d-04a4-45ec-a028-2e469806f1b4,EJ255,2457,210,33,,4,16,320,1,3a787571-7f7d-4b1f-9d63-f49204605648,,594e79fd-be86-4340-8adb-7bcbab62610a
c3607716-3c85-48ba-adb5-36030b1428fa,EJ257,2457,210,33,,4,16,320,1,3a787571-7f7d-4b1f-9d63-f49204605648,,594e79fd-be86-4340-8adb-7bcbab62610a
f350c715-8d49-4e31-9cc8-22643affa300,EJ257,2457,280,33,,4,16,390,1,3a787571-7f7d-4b1f-9d63-f49204605648,,594e79fd-be86-4340-8adb-7bcbab62610a
69c16c6c-340b-402e-9ab7-122506b5331a,EL154,1498,105,17,,4,16,140,1,3a787571-7f7d-4b1f-9d63-f49204605648,,594e79fd-be86-4340-8adb-7bcbab62610a
dd23d1b2-3d7f-4f63-8f01-a4bcf1baf0a6,EZ30D,2999,220,17,,6,24,290,2,3a787571-7f7d-4b1f-9d63-f49204605648,,
c7c83a09-1a87-4a0e-aa22-ed0910847cb0,EZ30R,2999,245,17,,6,24,297,2,3a787571-7f7d-4b1f-9d63-f49204605648,,594e79fd-be86-4340-8adb-7bcbab62610a
565a7640-1f1a-4951-ac7c-cc8b41cbf4d7,EZ36D,3629,250,17,,6,24,350,16,3a787571-7f7d-4b1f-9d63-f49204605648,,65a6c244-64bf-4bc7-ad4a-05e9c106c713
83d8acb4-b7e2-4e7a-b1f3-65c86c5ca7ab,FA20D,1998,200,17,,4,16,205,2,3a787571-7f7d-4b1f-9d63-f49204605648,,65a6c244-64bf-4bc7-ad4a-05e9c106c713
c120b1d0-8c58-44a3-8bd2-78400835e74f,FA20F,1998,250,17,,4,16,350,2,3a787571-7f7d-4b1f-9d63-f49204605648,,65a6c244-64bf-4bc7-ad4a-05e9c106c713
92875182-a2f0-48d3-ac33-0730e90c9214,FA24D,2387,230,17,,4,16,250,2,3a787571-7f7d-4b1f-9d63-f49204605648,,65a6c244-64bf-4bc7-ad4a-05e9c106c713
c2e1da59-acd3-4553-9f7a-547628d18e9e,FA24F,2387,264,17,,4,16,376,2,3a787571-7f7d-4b1f-9d63-f49204605648,,65a6c244-64bf-4bc7-ad4a-05e9c106c713
e2fcdeae-1c29-4977-8327-7024facf2436,FB16B,1599,114,17,,4,16,150,2,3a787571-7f7d-4b1f-9d63-f49204605648,,65a6c244-64bf-4bc7-ad4a-05e9c106c713
2ec7b0bd-60ed-44cc-aed9-27bedcc08bc5,FB16F,1599,170,17,,4,16,250,2,3a787571-7f7d-4b1f-9d63-f49204605648,,65a6c244-64bf-4bc7-ad4a-05e9c106c713
9dae0c64-8a66-4e16-991f-e7871f6b0757,FB20B,1995,148,17,,4,16,196,2,3a787571-7f7d-4b1f-9d63-f49204605648,,65a6c244-64bf-4bc7-ad4a-05e9c106c713
70ab7c87-e4c3-4359-94d6-b1db3d3c646a,FB20C,1995,156,17,,4,16,196,2,3a787571-7f7d-4b1f-9d63-f49204605648,,65a6c244-64bf-4bc7-ad4a-05e9c106c713
a4e288af-a141-467a-84cf-411fa32fe55d,FB20D,1995,150,17,,4,16,196,2,3a787571-7f7d-4b1f-9d63-f49204605648,,65a6c244-64bf-4bc7-ad4a-05e9c106c713
72f2208b-99d2-4d11-9efc-201f99336fad,FB20W,1995,150,17,,4,16,194,2,3a787571-7f7d-4b1f-9d63-f49204605648,,65a6c244-64bf-4bc7-ad4a-05e9c106c713
caaf69f3-6de4-49af-8f2c-da81240e843f,FB20X,1995,162,17,,4,16,221,2,3a787571-7f7d-4b1f-9d63-f49204605648,,65a6c244-64bf-4bc7-ad4a-05e9c106c713
3f8f052b-2bcd-4cf8-9d30-88fb88c95c22,FB25A,2498,173,17,,4,16,235,2,3a787571-7f7d-4b1f-9d63-f49204605648,,594e79fd-be86-4340-8adb-7bcbab62610a
7edeb775-ec4b-4f0d-9bcb-4c3c27f595a1,FB25B,2498,172,17,,4,16,236,2,3a787571-7f7d-4b1f-9d63-f49204605648,,65a6c244-64bf-4bc7-ad4a-05e9c106c713
fd2691a0-d181-451c-9705-1b5227096e81,FB25D,2498,182,17,,4,16,239,2,3a787571-7f7d-4b1f-9d63-f49204605648,,65a6c244-64bf-4bc7-ad4a-05e9c106c713
55e7fce1-f3ac-4209-835a-4911c32ee18e,EE20Z,1998,147,18,,4,16,350,2,3a787571-7f7d-4b1f-9d63-f49204605648,,
cdd28a0b-7790-4f82-9fcc-0ef567abcc36,F6A,657,36,17,,3,6,50,1,acd28110-4be4-42f8-9342-0e28e581b946,,
20d558c6-5713-44d4-9ac3-495fddf976e0,F6A,657,58,17,,3,6,78,1,acd28110-4be4-42f8-9342-0e28e581b946,,
9dbefad5-8c8f-4bd6-8b71-4b952a71f866,F8B,796,35,17,,3,6,55,1,acd28110-4be4-42f8-9342-0e28e581b946,,
d343ea14-d995-44d5-9603-d4e60b4e9081,F10A,970,40,17,,4,8,70,1,acd28110-4be4-42f8-9342-0e28e581b946,,
53efb604-4c65-4f77-b8a3-331e5f35e4bb,F10A,970,50,17,,4,8,80,1,acd28110-4be4-42f8-9342-0e28e581b946,,
11143899-19f2-4554-97a3-9680c7d9e3d4,F10D,1061,62,17,,4,16,84,1,acd28110-4be4-42f8-9342-0e28e581b946,,
3de02b46-e742-4b91-a700-a269ca76db53,G10A,993,48,17,,3,6,77,1,acd28110-4be4-42f8-9342-0e28e581b946,,
a086c0b1-1184-4f02-a8a1-7da022d1ac7f,G10A,993,70,17,,3,6,107,1,acd28110-4be4-42f8-9342-0e28e581b946,,
f7079a14-3019-4f6e-bb5d-717e8dc55251,G10B,993,50,17,,4,8,73,1,acd28110-4be4-42f8-9342-0e28e581b946,,
86d3f5c9-f4d3-4c1b-8e41-ca564d84f5da,G10B,993,60,17,,4,16,78,1,acd28110-4be4-42f8-9342-0e28e581b946,,
afc4f94e-ae40-47d7-9682-2d9cfed78335,G13B,1298,100,17,,4,16,109,1,acd28110-4be4-42f8-9342-0e28e581b946,,
1de65cac-16c6-4142-8c7a-ecf9692f3937,G13BA,1298,68,17,,4,8,100,1,acd28110-4be4-42f8-9342-0e28e581b946,,
032de9c1-44f0-4bbb-8fce-3b212853f7a7,G13BB,1298,76,17,,4,16,104,1,acd28110-4be4-42f8-9342-0e28e581b946,,
b45fefe8-e1e0-442b-9b91-789d4d3d0ff2,G15A,1493,91,17,,4,16,123,1,acd28110-4be4-42f8-9342-0e28e581b946,,
948378ec-aebc-4674-aeb1-13b59b089ff0,G16A,1590,75,17,,4,8,120,0,acd28110-4be4-42f8-9342-0e28e581b946,,
0dd1c791-f429-40e6-b598-5734f49bd239,G16A,1590,90,17,,4,16,130,0,acd28110-4be4-42f8-9342-0e28e581b946,,
7efcacaf-1eab-4f1c-ada1-b8c2cd9c0b10,G16B,1590,90,17,,4,16,125,0,acd28110-4be4-42f8-9342-0e28e581b946,,
83236335-ab28-4ad0-8fbf-e1b7a0bf2544,H20A,1998,136,17,,6,24,172,0,acd28110-4be4-42f8-9342-0e28e581b946,,
84ac9735-5745-4cb3-8fa8-ebe0c9a079b4,H25A,2493,144,17,,6,24,208,0,acd28110-4be4-42f8-9342-0e28e581b946,,
203eee6e-bece-45a7-aeaa-e2cb38e84500,H27A,2736,173,17,,6,24,231,0,acd28110-4be4-42f8-9342-0e28e581b946,,
8cb0ed61-1f4e-495d-82bb-5a70ef0d9a71,J18A,1839,121,17,,4,16,152,2,acd28110-4be4-42f8-9342-0e28e581b946,,
d170749b-b713-4310-a6c2-7a1a28f38537,J20A,1995,128,17,,4,16,174,0,acd28110-4be4-42f8-9342-0e28e581b946,,
e6f869f2-cb97-4d3b-bb1e-b035ac42f3fe,J20B,1995,150,17,,4,16,190,2,acd28110-4be4-42f8-9342-0e28e581b946,,25720e2e-1a04-427d-abea-c0aed85c29a9
99a99cdb-04c5-4ab4-8132-0faeeb8c6897,J23A,2290,155,17,,4,16,206,2,acd28110-4be4-42f8-9342-0e28e581b946,,
8f84d49b-84b0-4ec7-97b4-680fd3007337,J24B,2393,165,17,,4,16,225,0,acd28110-4be4-42f8-9342-0e28e581b946,,
cb378d02-ce32-4cf0-88d4-9c2297e2d58c,K6A,658,37,17,,3,12,55,0,acd28110-4be4-42f8-9342-0e28e581b946,,
393c5ad3-6b7b-4904-8c5a-c4dbbdc73e39,K6A,658,60,17,,3,12,83,0,acd28110-4be4-42f8-9342-0e28e581b946,,
55e10f3a-5b32-4743-8705-b3868e6afc28,K10A,996,65,17,,4,16,85,2,acd28110-4be4-42f8-9342-0e28e581b946,,25720e2e-1a04-427d-abea-c0aed85c29a9
7ff463e6-2f33-4796-a68f-da6828e9243d,K10A,996,100,17,,4,16,118,2,acd28110-4be4-42f8-9342-0e28e581b946,,25720e2e-1a04-427d-abea-c0aed85c29a9
6f41078b-04ad-45c4-a22d-d5b9e71550a5,K10B,998,68,17,,3,12,90,2,acd28110-4be4-42f8-9342-0e28e581b946,,
6a0a4561-a380-45a0-9081-7fbf579d12b8,K10C,998,57,17,,3,12,82,2,acd28110-4be4-42f8-9342-0e28e581b946,,49830b06-42b0-4a85-85ce-4be56f1145ed
ef31b973-bb5a-4026-a9a9-2f1f8548a2c6,K10C,998,99,17,,3,12,150,2,acd28110-4be4-42f8-9342-0e28e581b946,,25720e2e-1a04-427d-abea-c0aed85c29a9
3305a8d9-997d-4c01-b7f2-6979894d3507,K12A,1172,69,17,,4,16,95,2,acd28110-4be4-42f8-9342-0e28e581b946,,
cb3a8799-4c5e-4a7b-ba80-0943de366945,K12B,1242,86,17,,4,16,114,2,acd28110-4be4-42f8-9342-0e28e581b946,,
eb02abd3-78fe-48a5-9723-50dff4f33235,K12B,1242,90,17,,4,16,118,2,acd28110-4be4-42f8-9342-0e28e581b946,,
fe1a2f60-5ce5-4488-9f1b-ab225544aa55,K12C,1242,90,17,,4,16,118,2,acd28110-4be4-42f8-9342-0e28e581b946,,49830b06-42b0-4a85-85ce-4be56f1145ed
44654ace-3235-40c5-872b-6bed641f9378,K12D,1197,83,17,,4,16,107,2,acd28110-4be4-42f8-9342-0e28e581b946,,49830b06-42b0-4a85-85ce-4be56f1145ed
d92eaddb-c97a-4246-ae6c-1fde24095cc6,K14C,1373,135,17,,4,16,210,2,acd28110-4be4-42f8-9342-0e28e581b946,,
f578d2d5-9efd-45d3-bf12-861947e4e0ad,K14B,1372,92,17,,4,16,120,2,acd28110-4be4-42f8-9342-0e28e581b946,,
304bd3eb-e039-4ccb-9467-2260a2c70e6a,K14D,1373,129,17,,4,16,235,2,acd28110-4be4-42f8-9342-0e28e581b946,,49830b06-42b0-4a85-85ce-4be56f1145ed
ce8304d5-e28b-4405-bf9f-32fcbff85a70,K15B,1462,102,17,,4,16,130,2,acd28110-4be4-42f8-9342-0e28e581b946,,
6cd1c19f-7c96-4bc8-943d-5601d94a58af,K15C,1462,99,17,,4,16,132,2,acd28110-4be4-42f8-9342-0e28e581b946,,49830b06-42b0-4a85-85ce-4be56f1145ed
1fbafc4b-cb2a-4da0-ad4a-4c9e41e68882,M13A,1328,82,17,,4,16,110,0,acd28110-4be4-42f8-9342-0e28e581b946,,
6ee5ac6c-cdd5-4d19-8473-376d783d69ec,M15A,1490,99,17,,4,16,133,0,acd28110-4be4-42f8-9342-0e28e581b946,,
c555fc74-27fd-4371-ad78-103330d59d6a,M16A,1586,102,17,,4,16,144,0,acd28110-4be4-42f8-9342-0e28e581b946,,
60b3ff33-296a-4fba-9481-3867e5dc7a88,M18A,1796,125,17,,4,16,170,2,acd28110-4be4-42f8-9342-0e28e581b946,,
fb73b8fe-775a-46c2-ac30-ba08f95a2891,N32A,3195,224,17,,6,24,284,2,acd28110-4be4-42f8-9342-0e28e581b946,,49830b06-42b0-4a85-85ce-4be56f1145ed
8792bb56-3435-448e-b644-60ab2d52049c,N36A,3564,252,17,,6,24,329,2,acd28110-4be4-42f8-9342-0e28e581b946,,49830b06-42b0-4a85-85ce-4be56f1145ed
96d6b572-e83e-4f9c-92c8-da236f47756a,R06A,658,50,17,,3,12,60,2,acd28110-4be4-42f8-9342-0e28e581b946,,
f9fecefa-7c50-4590-ad70-a014251d6eb1,R06A,658,65,17,,3,12,95,2,acd28110-4be4-42f8-9342-0e28e581b946,,
28316156-c241-4d48-be84-b4de52b91043,R06D,657,49,17,,3,12,58,2,acd28110-4be4-42f8-9342-0e28e581b946,,49830b06-42b0-4a85-85ce-4be56f1145ed
67ef2151-e025-45a2-afd6-be1a5422f5a9,Z12E,1197,82,17,,3,12,108,2,acd28110-4be4-42f8-9342-0e28e581b946,,49830b06-42b0-4a85-85ce-4be56f1145ed
af3a0b8a-47b6-4ee1-b91b-7955da91e3c0,D13AA,1248,69,18,,4,16,170,2,acd28110-4be4-42f8-9342-0e28e581b946,,
ebcae8d2-6217-401b-8e72-803ccc8c0981,D13AA,1248,75,18,,4,16,190,2,acd28110-4be4-42f8-9342-0e28e581b946,,
16be8594-2cc6-4fc1-b871-0435cc7f8949,D16AA,1598,120,18,,4,16,320,1,acd28110-4be4-42f8-9342-0e28e581b946,,
5ff7f630-fb98-461c-8174-8bec1cdc2208,D19AA,1910,120,18,,4,8,180,1,acd28110-4be4-42f8-9342-0e28e581b946,,
aa96bb8c-899a-4581-bb64-de47fc8e1cf9,D20AA,1956,135,18,,4,16,320,1,acd28110-4be4-42f8-9342-0e28e581b946,,
2ca789d4-66e0-4d25-b262-9790a9f356f1,10FD53,1399,90,18,,4,16,200,3,acd28110-4be4-42f8-9342-0e28e581b946,,
782dac9b-90bc-4840-ab25-f4e07e5127c4,10JBAX,1560,90,18,,4,16,215,3,acd28110-4be4-42f8-9342-0e28e581b946,,
79009222-c60e-4bfe-b561-73c0a52e1bfd,B3154T,1477,156,17,,3,12,265,1,b2db1924-351f-474d-adac-4cd84538fe2f,,
bcbd4f6b-78e1-4268-b47d-b06d193c288e,B4154T4,1498,152,17,,4,16,250,1,b2db1924-351f-474d-adac-4cd84538fe2f,,a33c74e0-e6fc-4b0c-b189-5e342a9bcb1a
121aed19-e104-45f1-9ef7-6d548866c344,B4204T9,1969,306,17,,4,16,400,1,b2db1924-351f-474d-adac-4cd84538fe2f,,
fc399dc5-da9d-4900-aa5e-efa965f5c237,B4204T23,1969,249,17,,4,16,350,1,b2db1924-351f-474d-adac-4cd84538fe2f,,
e2479ae3-ab07-4a96-92b7-353ed1072e5a,B4204T35,1969,320,17,,4,16,400,1,b2db1924-351f-474d-adac-4cd84538fe2f,,
1f066623-5f51-4897-9c74-8d9be1ff4d39,B4164S,1587,105,17,,4,16,143,1,b2db1924-351f-474d-adac-4cd84538fe2f,,
fbe27394-5cee-4f0f-bb61-c062ffbcf586,B4164S2,1587,109,17,,4,16,145,1,b2db1924-351f-474d-adac-4cd84538fe2f,,
0024dbd3-b835-4ede-b454-421b7eea5bc9,B4184S,1731,115,17,,4,16,165,1,b2db1924-351f-474d-adac-4cd84538fe2f,,
c3b8d47a-19be-4105-a5bf-fabcc8f40354,B4184S2,1783,122,17,,4,16,170,1,b2db1924-351f-474d-adac-4cd84538fe2f,,
8b476df6-4069-4ea9-8eef-e51cb5315cb4,B4194T,1855,200,17,,4,16,300,1,b2db1924-351f-474d-adac-4cd84538fe2f,,
0e0a560e-f776-46dd-84ef-4095f322da2b,B4204S,1948,140,17,,4,16,183,1,b2db1924-351f-474d-adac-4cd84538fe2f,,
6140c594-ddc8-4311-976c-9c03575e04a1,B4204T,1948,160,17,,4,16,230,1,b2db1924-351f-474d-adac-4cd84538fe2f,,
ec0081cc-b2ea-4743-88dc-af3d2a220603,B5202S,1984,126,17,,5,10,170,1,b2db1924-351f-474d-adac-4cd84538fe2f,,
5479f96e-c139-470e-bb33-363e47e3623b,B5204T,1984,211,17,,5,20,300,1,b2db1924-351f-474d-adac-4cd84538fe2f,,
0b5e499f-aad3-484f-9a84-90a8f97e6e4b,B5204T8,1984,180,17,,5,20,300,1,b2db1924-351f-474d-adac-4cd84538fe2f,,
1685fd96-49eb-402c-add1-70f5c471a569,B5234T,2319,225,17,,5,20,300,1,b2db1924-351f-474d-adac-4cd84538fe2f,,
5b85b2e1-b5fd-428d-af5a-245db0498b5f,B5244S,2435,140,17,,5,20,220,1,b2db1924-351f-474d-adac-4cd84538fe2f,,
4fe00249-8671-455a-be39-99c00165a683,B5244S2,2435,140,17,,5,20,220,1,b2db1924-351f-474d-adac-4cd84538fe2f,,
5586dce7-2c2a-4411-b503-4fda930ac3fa,B5244S4,2435,170,17,,5,20,230,1,b2db1924-351f-474d-adac-4cd84538fe2f,,
ec534297-03ae-46eb-b122-88925e32ea9c,B5244T,2435,193,17,,5,20,270,1,b2db1924-351f-474d-adac-4cd84538fe2f,,
abca2ac2-c275-4fb5-abb3-4232212f28e8,B5244T3,2435,200,17,,5,20,285,1,b2db1924-351f-474d-adac-4cd84538fe2f,,
b781b7c2-b075-4c32-b60e-6f454a722adf,B5252S,2435,144,17,,5,10,206,1,b2db1924-351f-474d-adac-4cd84538fe2f,,
ebbc9331-8839-40c6-9b32-bf57870d6bc4,B5254S,2435,165,17,,5,20,210,1,b2db1924-351f-474d-adac-4cd84538fe2f,,
bb1b5ce4-468d-4e06-86b4-affeb3fd2980,B5254T,2435,193,17,,5,20,270,1,b2db1924-351f-474d-adac-4cd84538fe2f,,
f0fc5cb9-a979-4abb-afa9-30ed3b914cd2,B5254T2,2522,210,17,,5,20,320,1,b2db1924-351f-474d-adac-4cd84538fe2f,,ca9adf8d-2d6e-421f-a552-b8a530a4f963
1392083a-3e02-4f30-8d5b-c34cafb46f01,B5254T3,2522,220,17,,5,20,320,1,b2db1924-351f-474d-adac-4cd84538fe2f,,ca9adf8d-2d6e-421f-a552-b8a530a4f963
b79d2e43-1a6f-4938-83f7-1fa106ac1e3f,B5254T4,2522,300,17,,5,20,350,1,b2db1924-351f-474d-adac-4cd84538fe2f,,ca9adf8d-2d6e-421f-a552-b8a530a4f963
904c49f7-722d-4ba6-aef5-7786efaa9b68,B5254T6,2522,200,17,,5,20,300,1,b2db1924-351f-474d-adac-4cd84538fe2f,,ca9adf8d-2d6e-421f-a552-b8a530a4f963
1ee3e383-bd46-42ba-90e2-829e5f7197af,B6284T,2783,272,17,,6,24,380,1,b2db1924-351f-474d-adac-4cd84538fe2f,,
b3e7d802-6c7c-4e8d-abc2-fb7dbbfbde60,B6294S,2922,204,17,,6,24,280,1,b2db1924-351f-474d-adac-4cd84538fe2f,,
ed9f5533-0071-4b64-9a0a-d309ab6351b7,B6294T,2922,272,17,,6,24,380,1,b2db1924-351f-474d-adac-4cd84538fe2f,,
d0af5c8b-5bee-4a9e-aed1-0b44d4f350bd,B6304S,2922,204,17,,6,24,267,1,b2db1924-351f-474d-adac-4cd84538fe2f,,
35fff8c6-f965-403c-bd44-362cc9ff86e4,B6304T2,2953,285,17,,6,24,400,2,b2db1924-351f-474d-adac-4cd84538fe2f,,bdc4097d-8665-49d0-b591-ce8b57cde0ea
e4cd0cd2-f20d-4f84-9972-d27c43e70bb5,B6304T4,2953,304,17,,6,24,440,2,b2db1924-351f-474d-adac-4cd84538fe2f,,bdc4097d-8665-49d0-b591-ce8b57cde0ea
5ab9ad46-af0b-45c5-aaa4-1888035c200c,B6324S,3192,238,17,,6,24,320,2,b2db1924-351f-474d-adac-4cd84538fe2f,,2a385a33-2ac2-4e69-8639-fb326fff6fba
e64e6e0a-5c09-4336-af81-df7033dd374c,B6324S5,3192,243,17,,6,24,320,2,b2db1924-351f-474d-adac-4cd84538fe2f,,2a385a33-2ac2-4e69-8639-fb326fff6fba
98636327-8ab7-4d31-a3f3-c58e60c25d96,B8444S,4414,315,17,,8,32,440,2,b2db1924-351f-474d-adac-4cd84538fe2f,,6802fa83-4ef2-4a6f-b364-f92ad68f0f2d
8abcfb62-011c-4412-810d-a671c6bb31e6,B4164S3,1596,100,17,,4,16,150,1,b2db1924-351f-474d-adac-4cd84538fe2f,,
82c54ca9-521c-4651-be99-a94eda85adde,B4164T,1596,180,17,,4,16,240,1,b2db1924-351f-474d-adac-4cd84538fe2f,,
1961a610-33fd-4a1d-83a8-0f927a5f1c98,B4184S11,1798,125,17,,4,16,165,2,b2db1924-351f-474d-adac-4cd84538fe2f,,
173f0244-2b8e-4590-ab5d-fa7b0d2c5008,B4204S3,1999,145,17,,4,16,185,2,b2db1924-351f-474d-adac-4cd84538fe2f,,
b81e0526-f1fb-4dc5-ba10-586a022e6a7b,B4204T6,1999,203,17,,4,16,300,2,b2db1924-351f-474d-adac-4cd84538fe2f,,
08644a03-fc7a-4f1d-b705-91eba00dfc75,D4204T8,1969,120,18,,4,16,280,1,b2db1924-351f-474d-adac-4cd84538fe2f,,
be375dc8-ed76-4222-8221-9915ac30d0aa,D4204T11,1969,225,18,,4,16,470,1,b2db1924-351f-474d-adac-4cd84538fe2f,,
a7505cf5-1de3-48fe-b2b9-0d4cc50aa78b,D4204T14,1969,190,18,,4,16,400,1,b2db1924-351f-474d-adac-4cd84538fe2f,,
de6ec042-3946-49ab-abf4-c6e3fad83cda,D4204T23,1969,235,18,,4,16,480,1,b2db1924-351f-474d-adac-4cd84538fe2f,,
2cbf3b3b-efc4-421a-86f3-6d5aba6f196c,D5204T,1984,177,18,,5,20,400,1,b2db1924-351f-474d-adac-4cd84538fe2f,,
c086cf3f-263e-437d-aab7-85a66d019c94,D5244T,2401,163,18,,5,20,340,1,b2db1924-351f-474d-adac-4cd84538fe2f,,
a9484195-a39b-40b1-9ba2-f6707c297d65,D5244T4,2400,185,18,,5,20,400,1,b2db1924-351f-474d-adac-4cd84538fe2f,,
e41fd8a0-165f-4a37-97f5-6aafdaf360f5,D5244T15,2400,215,18,,5,20,440,1,b2db1924-351f-474d-adac-4cd84538fe2f,,
1119bc36-9c21-4f21-8364-c8a10c190471,D4162T,1560,114,18,,4,8,270,1,b2db1924-351f-474d-adac-4cd84538fe2f,,
60f00ba7-7f55-488e-9b5c-c916945bc3b9,D4164T,1560,109,18,,4,16,240,3,b2db1924-351f-474d-adac-4cd84538fe2f,,
3097efc1-9f23-4bea-bda1-a652f4be1ff2,D5252T,2460,140,18,,5,10,290,1,b2db1924-351f-474d-adac-4cd84538fe2f,,
867ccd40-7f0f-454b-a075-24e9017ed619,A274,2690,107,17,,4,8,221,0,78bda3c9-1c7d-4b0a-a245-8851496aa579,,
ba9ef5fd-a942-4f0d-b39e-c3c2808f70f8,A275,2690,107,17,,4,8,221,0,78bda3c9-1c7d-4b0a-a245-8851496aa579,,
43cb06f2-ffe4-459d-b937-c4db87c61229,A305,2984,122,17,,4,8,250,0,78bda3c9-1c7d-4b0a-a245-8851496aa579,,
c33ec83c-b221-4891-b82e-ca40bb06137a,421,2890,84,17,,4,8,189,0,78bda3c9-1c7d-4b0a-a245-8851496aa579,,
2570d5db-7016-45b3-8e2d-6c6df69f8234,421,2890,98,17,,4,8,209,0,78bda3c9-1c7d-4b0a-a245-8851496aa579,,
384c8e9e-c61b-40a5-b1ff-6fbb60c161ac,4213,2890,99,17,,4,8,201,0,78bda3c9-1c7d-4b0a-a245-8851496aa579,,
de2e1755-42d9-4799-89ec-c4ddb11a03d2,4215,2890,89,17,,4,8,196,0,78bda3c9-1c7d-4b0a-a245-8851496aa579,,
a5aa4518-1946-4cf6-82dc-e7992ab123de,4215,2890,96,17,,4,8,206,0,78bda3c9-1c7d-4b0a-a245-8851496aa579,,
aa706da7-8bc1-48f6-9377-c513fc93b25d,4216,2890,99,17,,4,8,221,0,78bda3c9-1c7d-4b0a-a245-8851496aa579,,
7ffc1e8a-7963-448b-8a42-bb793a988205,4218,2890,82,17,,4,8,186,0,78bda3c9-1c7d-4b0a-a245-8851496aa579,,
1a60bb26-d4d8-49ef-bd05-9d166ea7b374,4218,2890,84,17,,4,8,186,0,78bda3c9-1c7d-4b0a-a245-8851496aa579,,
b6a28c3c-fa7d-4342-b0d6-8561e63c9ea9,406,2286,88,17,,4,16,170,0,cc722bdc-cbe0-4d38-9602-7ab2e6ac4e97,,
984d0d7d-0df4-40ff-a42d-94ccaad4bf37,406,2286,98,17,,4,16,175,0,cc722bdc-cbe0-4d38-9602-7ab2e6ac4e97,,
8a1756f2-6e00-4e78-a441-3f80be4e30fd,402,2445,76,17,,4,8,159,0,cc722bdc-cbe0-4d38-9602-7ab2e6ac4e97,,
4be9db4f-a325-4db4-9b67-2f68d537d162,402,2445,86,17,,4,8,175,0,cc722bdc-cbe0-4d38-9602-7ab2e6ac4e97,,
b53910ff-4178-4fbb-83a7-3d022fc29e35,405,2464,152,17,,4,16,211,0,cc722bdc-cbe0-4d38-9602-7ab2e6ac4e97,,
918353a0-87f8-46e0-8ab6-73afb51fd34d,405,2464,140,17,,4,16,214,0,cc722bdc-cbe0-4d38-9602-7ab2e6ac4e97,,
ae0b0ae5-a067-4d07-bab5-5ac17112f1b0,409,2693,143,17,,4,16,230,0,cc722bdc-cbe0-4d38-9602-7ab2e6ac4e97,,
3557d774-9c8a-431e-a65b-8c07412b6615,409,2693,112,17,,4,16,213,0,cc722bdc-cbe0-4d38-9602-7ab2e6ac4e97,,
9e1877e2-6fa1-4af6-9ea3-db1fcc7b9b36,409,2693,135,17,,4,16,217,0,cc722bdc-cbe0-4d38-9602-7ab2e6ac4e97,,
708f0eb2-fa0b-48b6-8d3b-dbaffd43f648,ПРО,2693,150,17,,4,16,235,0,cc722bdc-cbe0-4d38-9602-7ab2e6ac4e97,,
47ca48e6-9b0f-40c0-bba6-743fc307d063,ПРО,2693,143,24,,4,16,227,0,cc722bdc-cbe0-4d38-9602-7ab2e6ac4e97,,
4c580540-aa13-4463-a118-567e8d7793c2,53,4254,115,17,,8,16,284,0,cc722bdc-cbe0-4d38-9602-7ab2e6ac4e97,,
c8563ce9-030f-4ed8-8a42-5525e4278868,511,4254,125,17,,8,16,294,0,cc722bdc-cbe0-4d38-9602-7ab2e6ac4e97,,
3c48d9aa-fd1a-4d83-9de7-bc4bfc88c8de,523,4670,125,17,,8,16,298,0,cc722bdc-cbe0-4d38-9602-7ab2e6ac4e97,,
80cfa20c-8a58-4056-a010-49bd6ea64c54,523,4670,122,17,,8,16,288,0,cc722bdc-cbe0-4d38-9602-7ab2e6ac4e97,,
10ff6c08-9479-4958-9b96-7ee9acde1f62,524,4670,137,17,,8,16,314,0,cc722bdc-cbe0-4d38-9602-7ab2e6ac4e97,,
26598b1f-650a-4612-9532-e1b23474f36f,524,4670,134,17,,8,16,308,0,cc722bdc-cbe0-4d38-9602-7ab2e6ac4e97,,
ad7ef036-a19e-4b65-9621-b95d2f909f98,13,5526,195,17,,8,16,412,0,cc722bdc-cbe0-4d38-9602-7ab2e6ac4e97,,
f69d6174-2c43-4362-a3ca-032511a3ae5e,14,5526,220,17,,8,16,451,0,cc722bdc-cbe0-4d38-9602-7ab2e6ac4e97,,
4c276d1d-4e50-47c8-b074-16a855943d61,503,5526,195,17,,8,16,420,0,cc722bdc-cbe0-4d38-9602-7ab2e6ac4e97,,
6d10f575-bca1-4526-a62e-82dd2c8f5549,514,2235,98,34,,4,16,216,2,cc722bdc-cbe0-4d38-9602-7ab2e6ac4e97,,
f9b83df5-5b00-4085-8f0d-7854f45fbd65,51432,2235,114,34,,4,16,270,2,cc722bdc-cbe0-4d38-9602-7ab2e6ac4e97,,
c4a114c9-31fb-4933-9452-b00f084c4b47,TNN4G15A,1499,112,17,,4,16,141,2,27d3dd95-75e8-49a6-bb27-779da8ac825d,,b47315b9-ef46-48a9-b712-a057b72a6141
9cb94e6b-557b-4fcb-90ac-28bcdf669a5a,TNN4G15T,1499,143,17,,4,16,207,2,27d3dd95-75e8-49a6-bb27-779da8ac825d,,b47315b9-ef46-48a9-b712-a057b72a6141
e08be34b-3b8f-4dec-b4b3-5ff5b568773c,TN4G18T,1799,177,17,,4,16,245,2,27d3dd95-75e8-49a6-bb27-779da8ac825d,,09348615-828a-4ddc-801b-26ea3cb28a3b
