id,name,vehicle_type,brand_id
53339176-e3de-439b-989f-19cb21490816,124 Spider,1,b6cfda01-e019-438b-92ad-a0531db5fa8e
3fb0e68d-dead-43b1-b6a5-486b32397a07,500,1,b6cfda01-e019-438b-92ad-a0531db5fa8e
e4757999-cabf-4549-a83d-4b999366a930,600e,1,b6cfda01-e019-438b-92ad-a0531db5fa8e
1be3209b-cdf3-4486-a716-c25e3050f1fa,378 GT Zagato,1,ed579e29-39ce-416b-8f66-bb786e769817
84ac0916-5bfd-4887-af23-1e40fb15d3da,Ace,1,ed579e29-39ce-416b-8f66-bb786e769817
76c5033d-bf9e-4b2a-9537-40170bab6844,Aceca,1,ed579e29-39ce-416b-8f66-bb786e769817
2b9263c7-af42-4758-945d-3ebe9fb2f9fc,Cobra,1,ed579e29-39ce-416b-8f66-bb786e769817
b1745bb1-29b7-4848-b515-1e6fe7353cf6,Cobra GT,1,ed579e29-39ce-416b-8f66-bb786e769817
45c66c0d-c387-4011-9680-36720f2e5aba,ADX,1,26b8cb53-b682-4332-a084-ef59f00ecffb
02944732-a095-4515-9c32-48bb5e0b29f5,CDX,1,26b8cb53-b682-4332-a084-ef59f00ecffb
9ebe8172-7342-4ae2-a9cb-0fdda65bfd41,CL,1,26b8cb53-b682-4332-a084-ef59f00ecffb
f991e68c-cf1f-44b9-af4e-c5c43862f0bc,CSX,1,26b8cb53-b682-4332-a084-ef59f00ecffb
2cef6243-34a9-4120-a787-20c945ef5fca,EL,1,26b8cb53-b682-4332-a084-ef59f00ecffb
b0a4f45b-d29b-4b5b-a93e-847747a7cc60,ILX,1,26b8cb53-b682-4332-a084-ef59f00ecffb
86854840-ed35-4f11-86eb-667b85179630,Integra,1,26b8cb53-b682-4332-a084-ef59f00ecffb
bd593689-e2ab-44fc-b870-3eed200bbe5d,Legend,1,26b8cb53-b682-4332-a084-ef59f00ecffb
76fa4e30-a90d-44e5-8e1c-b793bf42fb33,MDX,1,26b8cb53-b682-4332-a084-ef59f00ecffb
06251b23-6321-4ccf-b3f6-75c5fb66c624,NSX,1,26b8cb53-b682-4332-a084-ef59f00ecffb
92dc47b7-07ba-418d-8e55-6d454bef4d41,RDX,1,26b8cb53-b682-4332-a084-ef59f00ecffb
a71c7d74-9b19-4c82-8389-9fd54fc13693,RL,1,26b8cb53-b682-4332-a084-ef59f00ecffb
4e1e4631-6f77-4271-b32c-1d935322b2b7,RLX,1,26b8cb53-b682-4332-a084-ef59f00ecffb
435d59ed-4997-47a9-9669-875bb00def4b,RSX,1,26b8cb53-b682-4332-a084-ef59f00ecffb
7ef89ce0-b0af-4fb1-9085-6dba0642935c,SLX,1,26b8cb53-b682-4332-a084-ef59f00ecffb
bf59de83-5701-45a3-902e-3abc2bfe4077,TL,1,26b8cb53-b682-4332-a084-ef59f00ecffb
192795c3-51e1-460a-8960-96a6198c6a85,TLX,1,26b8cb53-b682-4332-a084-ef59f00ecffb
f1fdb1d1-6693-4ef6-9f4a-599cabf500ee,TSX,1,26b8cb53-b682-4332-a084-ef59f00ecffb
604740db-2567-4eb4-8d0e-3da2c7c3b288,ZDX,1,26b8cb53-b682-4332-a084-ef59f00ecffb
78a06c91-1c7b-4ebe-af46-c1e3d3c75206,Revo,1,0b357ecf-fb0f-406a-bb5f-1ad0545882d1
34029ca7-ea72-4c24-a956-854a95d9a614,Diplomat,1,1791a794-b6e9-4f35-83de-f1d8a5b3cd7c
aebf03bc-a86f-4537-afed-a17e4d395385,Trumpf Junior,1,1791a794-b6e9-4f35-83de-f1d8a5b3cd7c
cf63427b-6545-4105-85fb-ef8ae011205b,Hyptec GT (Hyper GT),1,4550e324-583d-4cd5-b464-aa5e938142ec
18a34585-4e2b-4ca9-a851-6a29a7ba687b,Hyptec HT (Hyper HT),1,4550e324-583d-4cd5-b464-aa5e938142ec
8fef3f8c-a486-464a-9c95-dd1f0465235b,Hyptec SSR (Hyper SSR),1,4550e324-583d-4cd5-b464-aa5e938142ec
2d0ebb38-bf4d-4caa-b3ba-c3d40f67cf30,Hyptec HL,1,4550e324-583d-4cd5-b464-aa5e938142ec
c6d7356a-b186-46d2-89a8-b7c1c8caedb0,LX,1,4550e324-583d-4cd5-b464-aa5e938142ec
247ff7af-9ff1-454d-a1b9-76965e7aad99,LX Plus,1,4550e324-583d-4cd5-b464-aa5e938142ec
217bbb95-0fcc-4477-8f40-2e2466acb86d,RT,1,4550e324-583d-4cd5-b464-aa5e938142ec
03e4cfd6-7ff1-49a9-b79c-b5c31f7b0e60,S,1,4550e324-583d-4cd5-b464-aa5e938142ec
b1c4e456-bd8a-416a-bec8-bb84045ac065,S Plus,1,4550e324-583d-4cd5-b464-aa5e938142ec
6fafad24-e05e-4f29-9aa4-0c64609dae23,UT,1,4550e324-583d-4cd5-b464-aa5e938142ec
be2c7acb-5e3b-418f-89a1-049c322e468a,V,1,4550e324-583d-4cd5-b464-aa5e938142ec
56ca5d59-6b42-4751-a813-3730539600b0,Y,1,4550e324-583d-4cd5-b464-aa5e938142ec
083b1c8c-c929-4f9c-90db-6ed6ba2848b6,Y Plus,1,4550e324-583d-4cd5-b464-aa5e938142ec
9dc73254-b27b-482d-9944-18fdcbb6690a,M5,1,76c2e1d2-6bc1-4066-8a7b-b9faae1f2643
5999b76d-98a2-49c0-b76d-f1100736c873,M7,1,76c2e1d2-6bc1-4066-8a7b-b9faae1f2643
9595bfd1-99bc-463f-a499-0caf77887d5e,M8,1,76c2e1d2-6bc1-4066-8a7b-b9faae1f2643
040084ab-7dc9-4294-84c9-c660575ed268,M9,1,76c2e1d2-6bc1-4066-8a7b-b9faae1f2643
60c2dd67-8e29-4940-9e33-3c562574781a,U5,1,96c4afe6-8faa-4cba-b9f2-952eadfd9417
8c546d38-9dc1-469f-b915-56045d5e1492,U6,1,96c4afe6-8faa-4cba-b9f2-952eadfd9417
b6183fe5-98e0-4e81-ae3d-e11f1523d213,500,1,6d639d94-59bc-4c94-880f-9354a7972d90
f49a12b6-6eed-4335-973a-feaddb635f50,105/115,1,b3b481bb-ccef-48aa-8a82-4c369f8d89c7
d4d51e87-0da2-4eb1-95a1-39e505ed2790,145,1,b3b481bb-ccef-48aa-8a82-4c369f8d89c7
92c7c031-88be-46ad-8d42-abed9709f704,146,1,b3b481bb-ccef-48aa-8a82-4c369f8d89c7
4657fbd6-4ef1-41fa-886b-e331bccaf87a,147,1,b3b481bb-ccef-48aa-8a82-4c369f8d89c7
1808336d-c85b-4151-bf4e-8f24b8f0e7d7,155,1,b3b481bb-ccef-48aa-8a82-4c369f8d89c7
b65c5ae1-3ea1-48d6-8a6e-ce2410d11d71,156,1,b3b481bb-ccef-48aa-8a82-4c369f8d89c7
8ebcdff2-10da-4cf5-aa61-1d95dfa650d7,159,1,b3b481bb-ccef-48aa-8a82-4c369f8d89c7
74bb7ea5-3cde-4ab6-8222-958f747e5d00,164,1,b3b481bb-ccef-48aa-8a82-4c369f8d89c7
527d1aaf-9f5a-471b-be9d-539811995858,166,1,b3b481bb-ccef-48aa-8a82-4c369f8d89c7
87415f87-ea21-4e0c-9b7b-8939baa7b396,1900,1,b3b481bb-ccef-48aa-8a82-4c369f8d89c7
a6fcb253-f8dc-4d76-8e0e-423796ad8d6b,2600,1,b3b481bb-ccef-48aa-8a82-4c369f8d89c7
88f955a3-1b69-46c5-a530-a077521a5693,33,1,b3b481bb-ccef-48aa-8a82-4c369f8d89c7
7a8fbf15-def4-47bb-bb3e-21fdb01ccbf4,33 Stradale,1,b3b481bb-ccef-48aa-8a82-4c369f8d89c7
82261ddf-1a50-4272-8cb0-d126426f2f93,4C,1,b3b481bb-ccef-48aa-8a82-4c369f8d89c7
c6cddd11-1fe6-4e0d-9fb4-3a7a4df624fa,6,1,b3b481bb-ccef-48aa-8a82-4c369f8d89c7
557f258b-862b-4eeb-ba62-b7dde42730eb,6C,1,b3b481bb-ccef-48aa-8a82-4c369f8d89c7
64461f14-e8f4-4730-bfc6-3f1bf34c68ac,75,1,b3b481bb-ccef-48aa-8a82-4c369f8d89c7
597d997a-93eb-4a08-8f16-7fbcb719c025,8C Competizione,1,b3b481bb-ccef-48aa-8a82-4c369f8d89c7
6a6caf6a-24a6-4838-8393-19617bc52977,90,1,b3b481bb-ccef-48aa-8a82-4c369f8d89c7
985c5980-8e72-4cc6-ae3a-dac1dc37e715,Alfasud,1,b3b481bb-ccef-48aa-8a82-4c369f8d89c7
a126ce32-c973-4d93-b911-11d0e67daebe,Alfetta,1,b3b481bb-ccef-48aa-8a82-4c369f8d89c7
c52f6f92-6d88-492b-bb53-5be09c1bb7f4,Arna,1,b3b481bb-ccef-48aa-8a82-4c369f8d89c7
05fdaf4a-7700-4da2-adb8-a2e5587ab53a,Brera,1,b3b481bb-ccef-48aa-8a82-4c369f8d89c7
2893fccd-be61-4b48-a5f1-5f26a64d025d,Disco Volante,1,b3b481bb-ccef-48aa-8a82-4c369f8d89c7
37ba7b61-dde3-45b8-a0ab-c2d1fa9dfceb,Giulia,1,b3b481bb-ccef-48aa-8a82-4c369f8d89c7
cecfaf44-2318-4fce-afd5-d917644513e1,Giulietta,1,b3b481bb-ccef-48aa-8a82-4c369f8d89c7
283400b2-a0f5-40e9-a90b-e79dfad28bce,GT,1,b3b481bb-ccef-48aa-8a82-4c369f8d89c7
0fe31906-3f4b-4330-b3c9-93c8f8c53d5d,GTA Coupe,1,b3b481bb-ccef-48aa-8a82-4c369f8d89c7
39d6cc7c-e615-46e8-a878-d5e59c8a4ae1,GTV,1,b3b481bb-ccef-48aa-8a82-4c369f8d89c7
4a779a50-e4ab-4eac-8d99-dc8b4fd51a3b,Junior,1,b3b481bb-ccef-48aa-8a82-4c369f8d89c7
8141530b-e1eb-4c6d-867f-31541a216c17,MiTo,1,b3b481bb-ccef-48aa-8a82-4c369f8d89c7
0bfdba30-b0fc-41af-9c7f-92b0619136b8,Montreal,1,b3b481bb-ccef-48aa-8a82-4c369f8d89c7
eb49ec66-5673-4f86-ad79-881346955f26,RZ,1,b3b481bb-ccef-48aa-8a82-4c369f8d89c7
5d1f4f30-1644-455b-897d-fcef13b91660,Spider,1,b3b481bb-ccef-48aa-8a82-4c369f8d89c7
de5ca1ff-2f85-4113-81c1-e040f6738ef9,Sprint,1,b3b481bb-ccef-48aa-8a82-4c369f8d89c7
0560159c-cfe8-49f5-8f6e-0c7307a9702b,Stelvio,1,b3b481bb-ccef-48aa-8a82-4c369f8d89c7
c4549684-a01b-47ca-9e95-148d8187ff9d,SZ,1,b3b481bb-ccef-48aa-8a82-4c369f8d89c7
ee6495eb-a55e-4e0b-8a7e-3acde93ca49d,Tonale,1,b3b481bb-ccef-48aa-8a82-4c369f8d89c7
ae540f76-3063-4af3-9f65-cd326d509649,B10,1,b4800b6f-6bb4-4022-b461-35a008c04a5d
a08efd08-41be-4a6f-a525-4ade0219b221,B11,1,b4800b6f-6bb4-4022-b461-35a008c04a5d
6f992d3a-fb48-4785-b95d-d1d3aeb13202,B12,1,b4800b6f-6bb4-4022-b461-35a008c04a5d
a2b6e8f1-73b1-445d-bad2-23012a24d97d,B3,1,b4800b6f-6bb4-4022-b461-35a008c04a5d
91dbda0f-3552-40e3-909e-4cb812729fa9,B4,1,b4800b6f-6bb4-4022-b461-35a008c04a5d
45e331ce-143a-49a8-bb53-fb74369c10d3,B5,1,b4800b6f-6bb4-4022-b461-35a008c04a5d
65439809-cec2-4404-bcf4-929719b44a6a,B6,1,b4800b6f-6bb4-4022-b461-35a008c04a5d
068fb1e0-e2f4-423e-b70e-c17d1219f2ab,B7,1,b4800b6f-6bb4-4022-b461-35a008c04a5d
974f900d-ff16-433b-8109-edcb2f6c795c,B8,1,b4800b6f-6bb4-4022-b461-35a008c04a5d
58943480-ed80-4f60-8aec-ca70b6f6662d,B9,1,b4800b6f-6bb4-4022-b461-35a008c04a5d
7773885f-5c11-4533-9da4-cd0dc4ecd745,C1,1,b4800b6f-6bb4-4022-b461-35a008c04a5d
7ea79c82-af6d-4d9e-9662-180f7bcc1163,C2,1,b4800b6f-6bb4-4022-b461-35a008c04a5d
e8590b78-610a-4b5a-a664-47905fe3852d,D10,1,b4800b6f-6bb4-4022-b461-35a008c04a5d
348c931a-489b-4a59-aa2e-a1f6941da3b8,D3,1,b4800b6f-6bb4-4022-b461-35a008c04a5d
f2b3b94f-a6ec-44f3-a76f-959eea0ff220,D4,1,b4800b6f-6bb4-4022-b461-35a008c04a5d
0d52f8ba-0a43-4fb0-a0c9-1025a788f2bf,D5,1,b4800b6f-6bb4-4022-b461-35a008c04a5d
eb403a89-c50c-476d-b5c3-18644b5a2687,Roadster,1,b4800b6f-6bb4-4022-b461-35a008c04a5d
e2572abe-2e67-45c1-98e8-b4502e58da27,XB7,1,b4800b6f-6bb4-4022-b461-35a008c04a5d
f389068e-2279-4df7-9b9f-40867b88cb67,XD3,1,b4800b6f-6bb4-4022-b461-35a008c04a5d
2f091758-3873-4467-804a-08b155235722,XD4,1,b4800b6f-6bb4-4022-b461-35a008c04a5d
63a0c367-9ab7-4719-9422-336ac081378d,A110,1,be240add-0dd6-4de6-9a84-18faa35c2299
d0cc6c57-0906-4e89-aa8f-8bc8f5bcd1db,A290,1,be240add-0dd6-4de6-9a84-18faa35c2299
65f556d8-97a3-41ef-b106-efc398339024,A310,1,be240add-0dd6-4de6-9a84-18faa35c2299
0db91cc4-4053-4bd7-8483-844fc99a89c8,A390,1,be240add-0dd6-4de6-9a84-18faa35c2299
a6abed65-8372-4230-98c7-c87b710c54ce,A610,1,be240add-0dd6-4de6-9a84-18faa35c2299
3217184e-2814-42f7-af7d-931cee58c457,GTA,1,be240add-0dd6-4de6-9a84-18faa35c2299
1febc639-80d3-4fe3-a8a1-9f270d5f6783,А5,1,6ecf38c2-9f16-4a7d-8fcf-8b5cf54b2d4a
7cd2e029-7a33-4fd1-87e9-84a49dc953b8,Work,1,4a34971b-c155-4e58-be0e-fdd250237c01
9ae18c0d-db00-4a9c-a646-79152b55e8d4,Eagle,1,91d43260-2485-4b68-bc3d-dc5b07e15203
f2baeb09-72f1-40c4-87ea-384a4cdb8bb8,Gremlin,1,91d43260-2485-4b68-bc3d-dc5b07e15203
f3aba667-a6e1-465b-9f81-877a9bc6118a,Hornet,1,91d43260-2485-4b68-bc3d-dc5b07e15203
f8723fdc-0090-4ec6-abf5-9e0e0d5ab0d8,Matador,1,91d43260-2485-4b68-bc3d-dc5b07e15203
0e215c56-91f2-4a6c-a184-53edd3ec0dc9,Rambler Ambassador,1,91d43260-2485-4b68-bc3d-dc5b07e15203
d275b344-f0fd-4b02-a625-1159753420cc,Rambler Classic,1,91d43260-2485-4b68-bc3d-dc5b07e15203
2f46a56d-07c4-4e8e-a005-58561114e89f,HMMWV (Humvee),1,5af91d32-8798-4711-8863-5993cc2c22e5
01ed9043-d421-41ea-8d60-eddbc35a1a12,21541 Stalker,1,94f9a748-7adc-4bce-8e8b-52b4e93d28cd
f95561c1-6c0a-41f2-b04c-ab6c7d802da3,Alpha S,1,46f07c1b-c947-4e5a-b4fe-f8306f60fcb5
c424ff10-fdef-45c5-8e88-64625d822d69,Alpha S5,1,46f07c1b-c947-4e5a-b4fe-f8306f60fcb5
c850c8e5-7164-4b7f-bbe7-b0d1517d8982,Alpha T,1,46f07c1b-c947-4e5a-b4fe-f8306f60fcb5
975f359f-a03d-4553-aacd-c93835b29e73,Kaola,1,46f07c1b-c947-4e5a-b4fe-f8306f60fcb5
476d2d0d-727d-45c2-9dce-338f89ba7d47,Atom,1,2f3dcbd6-8a33-4c6f-9209-db51fb82ec9a
edc18258-649b-431d-a4c2-191a7b591d11,Nomad,1,2f3dcbd6-8a33-4c6f-9209-db51fb82ec9a
b3d88db5-1c18-4243-8fb3-e42917e3bb4b,10,1,3cfa1fe1-fc11-4e62-bc91-b48749582305
76cc0bba-be13-4984-8243-0c204b98b842,24,1,3cfa1fe1-fc11-4e62-bc91-b48749582305
7faccfe4-974d-4085-9e02-2ab102a553df,Retona,1,64d4ba7f-dcd8-4136-a7e8-e7ca98307aae
2929575f-f636-4164-8c5d-e39870fa896b,Rocsta,1,64d4ba7f-dcd8-4136-a7e8-e7ca98307aae
595dc555-c2ff-481a-8ce9-3554043813b6,Topic,1,64d4ba7f-dcd8-4136-a7e8-e7ca98307aae
e68fbc33-1dee-4910-a555-fdc0989493ef,Towner,1,64d4ba7f-dcd8-4136-a7e8-e7ca98307aae
a80a789d-3403-4ffe-b7bf-ed04832aba7a,Bulldog,1,05ca2668-ab42-4f45-a615-1c5c514bed63
9eaed69b-32de-4d50-a90e-cc649feb709f,Cygnet,1,05ca2668-ab42-4f45-a615-1c5c514bed63
84b310ac-b16f-41a6-9e4e-6423d9bff896,DB11,1,05ca2668-ab42-4f45-a615-1c5c514bed63
43015e11-a49f-439e-a37c-21b9bd322d54,DB12,1,05ca2668-ab42-4f45-a615-1c5c514bed63
7463f6ca-4b26-4646-9bcb-d3562b14a34e,DB5,1,05ca2668-ab42-4f45-a615-1c5c514bed63
b7aab5dd-2607-469f-95b2-f0b62f1301b5,DB6,1,05ca2668-ab42-4f45-a615-1c5c514bed63
65ef76cc-c087-4845-ac36-d49a478f58e7,DB7,1,05ca2668-ab42-4f45-a615-1c5c514bed63
fd125121-512c-4e7b-a872-21b91ffa7ac2,DB9,1,05ca2668-ab42-4f45-a615-1c5c514bed63
80d80c62-c8c2-4b01-a6dc-826efd34e049,DBS,1,05ca2668-ab42-4f45-a615-1c5c514bed63
0912ef00-5d62-4808-8c7a-3774a1923b44,DBX,1,05ca2668-ab42-4f45-a615-1c5c514bed63
4a168cd4-c096-4f56-a935-84a12d3c8c50,DB AR1,1,05ca2668-ab42-4f45-a615-1c5c514bed63
2e597292-9dbf-4970-a2bd-01d7a139dca4,Lagonda,1,05ca2668-ab42-4f45-a615-1c5c514bed63
abac30fc-c8dd-4e1a-ba82-e880b34c1ce0,Lagonda Taraf,1,05ca2668-ab42-4f45-a615-1c5c514bed63
97718e2f-8a15-470d-bacd-503ee59b2e47,One-77,1,05ca2668-ab42-4f45-a615-1c5c514bed63
a89e89a8-5619-477e-bbc8-f7787c0a77c5,Rapide,1,05ca2668-ab42-4f45-a615-1c5c514bed63
26d84d14-9ddb-4acc-9904-8a5da341e5c1,Tickford Capri,1,05ca2668-ab42-4f45-a615-1c5c514bed63
b3217ad0-460d-480d-84ad-b49fc39d909d,Vanquish,1,05ca2668-ab42-4f45-a615-1c5c514bed63
9689b27e-cd57-418e-ba5e-b9029fa22772,V12 Speedster,1,05ca2668-ab42-4f45-a615-1c5c514bed63
f192b34e-7a69-42fb-a9b7-46abe3857ef9,V12 Vantage,1,05ca2668-ab42-4f45-a615-1c5c514bed63
3732f908-a0bd-45dc-af14-9fa718d25fba,V12 Zagato,1,05ca2668-ab42-4f45-a615-1c5c514bed63
731727b8-4283-46b6-8325-fc9203bc279f,V8 Vantage,1,05ca2668-ab42-4f45-a615-1c5c514bed63
e86ea2c9-ab7c-4c0b-95fa-c2ef576b9cb7,V8 Zagato,1,05ca2668-ab42-4f45-a615-1c5c514bed63
6249828a-20ac-46d8-a3f1-0a6a48fc48c1,Valhalla,1,05ca2668-ab42-4f45-a615-1c5c514bed63
c96aecdb-d6e3-4bd4-8b65-918401afe917,Valiant,1,05ca2668-ab42-4f45-a615-1c5c514bed63
66e784c5-7c5d-488e-ba03-aaf37b6fd8bb,Valkyrie,1,05ca2668-ab42-4f45-a615-1c5c514bed63
5967ab73-972c-4ab1-a290-51ada698826d,Valour,1,05ca2668-ab42-4f45-a615-1c5c514bed63
640eb6cc-5ea2-44c3-8743-97093eb32d04,Virage,1,05ca2668-ab42-4f45-a615-1c5c514bed63
ac063ab6-a5a0-4f8c-a82c-ae15237da0a7,Vulcan,1,05ca2668-ab42-4f45-a615-1c5c514bed63
e397d5d3-233c-4595-b585-36ee55fb49b3,1,1,4d459f78-6b02-4779-8c88-695ba531bafd
f8870954-6618-4171-b5f6-8ad36d0c4ae7,Speedster,1,bdf58c9e-bc96-4fac-9cc3-7bc3b22f62e1
f7770d7b-4eb4-437b-acae-c2fe42253b36,100,1,70d4d774-1b1d-4335-9c60-403f161b1f66
e6336347-6290-4907-b24d-94f995cf4d7c,200,1,70d4d774-1b1d-4335-9c60-403f161b1f66
bd664cba-410e-4e39-b0d0-65e5160f190d,50,1,70d4d774-1b1d-4335-9c60-403f161b1f66
aeb89bb6-1bee-40ba-b5e3-b331340f7fc5,80,1,70d4d774-1b1d-4335-9c60-403f161b1f66
f981cdc6-04ae-4ce6-8a26-cd67caffc921,90,1,70d4d774-1b1d-4335-9c60-403f161b1f66
1cf47f17-bb3f-46f7-9e4a-808bb4924620,920,1,70d4d774-1b1d-4335-9c60-403f161b1f66
242b61db-ea8e-40e1-a372-dfbf658740d2,A1,1,70d4d774-1b1d-4335-9c60-403f161b1f66
b018253d-d91f-4278-9f40-93d3cb779a10,A2,1,70d4d774-1b1d-4335-9c60-403f161b1f66
ab607439-b402-4748-a561-ea9395a1277c,A3,1,70d4d774-1b1d-4335-9c60-403f161b1f66
39d10c7b-a0c5-46fa-8f29-4e5a2f4dad08,A4,1,70d4d774-1b1d-4335-9c60-403f161b1f66
c4880242-30dd-4c5e-8a60-01e63c6dcaf4,A4 allroad,1,70d4d774-1b1d-4335-9c60-403f161b1f66
3978c612-2f17-4a43-8c17-eda42db0ffda,A5,1,70d4d774-1b1d-4335-9c60-403f161b1f66
21939d93-2b73-48a0-9a3b-ab92e3992225,A6,1,70d4d774-1b1d-4335-9c60-403f161b1f66
54db481e-bef0-4864-9519-070108f44f4f,A6 e-tron,1,70d4d774-1b1d-4335-9c60-403f161b1f66
f2b1ce16-8f77-43f9-bb0a-06fe8b5fff8f,A7,1,70d4d774-1b1d-4335-9c60-403f161b1f66
b8fe9862-8731-4c29-9b1c-4b9a6691de22,A8,1,70d4d774-1b1d-4335-9c60-403f161b1f66
ce60cf86-8031-4f08-bc39-175f24766a67,A6 allroad,1,70d4d774-1b1d-4335-9c60-403f161b1f66
ae99a768-278d-4434-b7f7-11a863b4a20a,Cabriolet,1,70d4d774-1b1d-4335-9c60-403f161b1f66
4dab94df-3d35-4529-a05e-b92aaeba0791,Coupe,1,70d4d774-1b1d-4335-9c60-403f161b1f66
7a80cc37-97c8-4c1e-ad97-3ee22b1dea48,E5,1,70d4d774-1b1d-4335-9c60-403f161b1f66
29092411-2c18-4886-9ef6-e4d8fb352f1e,e-tron,1,70d4d774-1b1d-4335-9c60-403f161b1f66
dc2dd254-9dc0-4086-8df9-3f18329d6270,e-tron GT,1,70d4d774-1b1d-4335-9c60-403f161b1f66
869fc8e0-267f-4bec-8044-6a6d90559217,e-tron S,1,70d4d774-1b1d-4335-9c60-403f161b1f66
22f8059a-7967-489f-8a05-02cc65b2837b,e-tron Sportback,1,70d4d774-1b1d-4335-9c60-403f161b1f66
54101e2f-1120-483c-af3a-42ba9891f465,e-tron S Sportback,1,70d4d774-1b1d-4335-9c60-403f161b1f66
ebdd1715-aaa5-44e7-aa8c-c5e580b0927a,Front,1,70d4d774-1b1d-4335-9c60-403f161b1f66
d8626f25-3a8e-495c-b998-149d06afb8c6,NSU RO 80,1,70d4d774-1b1d-4335-9c60-403f161b1f66
e5eaa7b7-eed2-48e3-8405-c682436b4b45,Q2,1,70d4d774-1b1d-4335-9c60-403f161b1f66
8ac3ee16-a8f4-4033-a665-c8371ee64f36,Q3,1,70d4d774-1b1d-4335-9c60-403f161b1f66
356e9680-75b3-48b1-b73d-3d38cab3eb6d,Q3 Sportback,1,70d4d774-1b1d-4335-9c60-403f161b1f66
ad656d2a-210d-4417-989f-dd6cfe1413e2,Q4 e-tron,1,70d4d774-1b1d-4335-9c60-403f161b1f66
3ad52ffc-3f80-48ca-b904-d1531872d7f2,Q4 Sportback e-tron,1,70d4d774-1b1d-4335-9c60-403f161b1f66
49b08eae-cc0d-403f-8be1-64b49a66a553,Q5,1,70d4d774-1b1d-4335-9c60-403f161b1f66
350d4d79-c566-492b-a626-033d7389763e,Q5 e-tron,1,70d4d774-1b1d-4335-9c60-403f161b1f66
a935c372-eb9f-484e-8c97-6f9625740421,Q5 Sportback,1,70d4d774-1b1d-4335-9c60-403f161b1f66
496faa3f-df41-430d-b341-3b09de9046fa,Q6,1,70d4d774-1b1d-4335-9c60-403f161b1f66
75c22af4-8f59-4bb1-a21c-3c737285d8c2,Q6 e-tron,1,70d4d774-1b1d-4335-9c60-403f161b1f66
8e495a53-a412-4b1a-941b-5cba2848247e,Q6 Sportback e-tron,1,70d4d774-1b1d-4335-9c60-403f161b1f66
c8f519fa-8a4a-4ce1-b9b3-9ed3378889c4,Q7,1,70d4d774-1b1d-4335-9c60-403f161b1f66
64d24131-c136-467f-8cbe-c1b24d8b2549,Q8,1,70d4d774-1b1d-4335-9c60-403f161b1f66
f908a94b-f2c2-4528-b8ad-93ca8e6886ae,Q8 e-tron,1,70d4d774-1b1d-4335-9c60-403f161b1f66
d4e77545-8029-444b-9112-1afd0a1f5be1,Q8 Sportback e-tron,1,70d4d774-1b1d-4335-9c60-403f161b1f66
aa85df06-d87e-405d-976d-7a9cf4175c5b,Quattro,1,70d4d774-1b1d-4335-9c60-403f161b1f66
bf153df5-c11b-42bc-8a8e-b149366a15ed,R8,1,70d4d774-1b1d-4335-9c60-403f161b1f66
cab0c955-9bf3-4d0b-8df9-5249236f1c16,R8 LMP,1,70d4d774-1b1d-4335-9c60-403f161b1f66
31311368-d157-47d1-b11a-936890639332,RS 2,1,70d4d774-1b1d-4335-9c60-403f161b1f66
d7d5ee3e-3d2f-4fa4-b815-3858cd50bdf8,RS 3,1,70d4d774-1b1d-4335-9c60-403f161b1f66
1e7bbc13-86e4-4c4e-b1d4-4ed34d755374,RS 4,1,70d4d774-1b1d-4335-9c60-403f161b1f66
e79cece3-6959-410c-936c-9db6902ce094,RS 5,1,70d4d774-1b1d-4335-9c60-403f161b1f66
6ceb736b-0116-494f-9937-40d564e11f96,RS 6,1,70d4d774-1b1d-4335-9c60-403f161b1f66
121d729f-a3b9-4479-ad6f-5dd2765c7726,RS 7,1,70d4d774-1b1d-4335-9c60-403f161b1f66
42c3385e-07b5-4b59-b032-6fc748ed7d04,RS Q3,1,70d4d774-1b1d-4335-9c60-403f161b1f66
91c5ec7b-25ad-4279-9588-dd65a4d66aa4,RS e-tron GT,1,70d4d774-1b1d-4335-9c60-403f161b1f66
9a300439-f7e4-45a8-82ea-e8db98576dbd,RS Q3 Sportback,1,70d4d774-1b1d-4335-9c60-403f161b1f66
40a0311d-c0a1-477e-a850-a938deccf09b,RS Q8,1,70d4d774-1b1d-4335-9c60-403f161b1f66
7403792b-d865-465c-a251-6c629c8b14f3,S1,1,70d4d774-1b1d-4335-9c60-403f161b1f66
4fdabba1-64dd-4b9d-9e11-c4eb562f4f71,S2,1,70d4d774-1b1d-4335-9c60-403f161b1f66
ed0d7b4f-7b2f-4108-8e9b-f0df83b7ad65,S3,1,70d4d774-1b1d-4335-9c60-403f161b1f66
3e6be67c-9222-4f3f-8a29-da5563a1d6bc,S4,1,70d4d774-1b1d-4335-9c60-403f161b1f66
d246c38c-1322-4c88-8dfd-b45ce86e017e,S5,1,70d4d774-1b1d-4335-9c60-403f161b1f66
80816c74-1755-478d-8e82-16d3bd4cf62c,S6,1,70d4d774-1b1d-4335-9c60-403f161b1f66
132563f8-0500-45c0-9da7-6afcc353357f,S6 e-tron,1,70d4d774-1b1d-4335-9c60-403f161b1f66
3224514b-a3f4-4dd8-add9-2365379cc302,S7,1,70d4d774-1b1d-4335-9c60-403f161b1f66
3c0f05e6-a331-4880-b13e-85be4ed93aec,S8,1,70d4d774-1b1d-4335-9c60-403f161b1f66
0392751d-17ec-4a7a-9c6e-185781fbac8d,SQ2,1,70d4d774-1b1d-4335-9c60-403f161b1f66
33743a2c-3e0d-4274-8175-5033e95a3cc6,SQ5,1,70d4d774-1b1d-4335-9c60-403f161b1f66
0a852a5c-8024-41bd-943b-be35ec4d1394,SQ5 Sportback,1,70d4d774-1b1d-4335-9c60-403f161b1f66
cd22ee3c-e105-4719-96b4-0ac98a3f1096,SQ6 e-tron,1,70d4d774-1b1d-4335-9c60-403f161b1f66
b03cf0d9-7a27-47ae-a864-d9d9ed78fed7,SQ6 Sportback e-tron,1,70d4d774-1b1d-4335-9c60-403f161b1f66
21a510f5-7c78-4e72-bde1-3a579863607f,SQ7,1,70d4d774-1b1d-4335-9c60-403f161b1f66
3c90bd9c-1989-4835-9d90-8f29199a9632,SQ8,1,70d4d774-1b1d-4335-9c60-403f161b1f66
125515a2-fe0b-46b8-8ab6-6b67712e15fe,SQ8 e-tron,1,70d4d774-1b1d-4335-9c60-403f161b1f66
7b5054b4-5cd5-4ca4-8b8c-f220a3bf06e0,SQ8 Sportback e-tron,1,70d4d774-1b1d-4335-9c60-403f161b1f66
0194391b-dab3-42fe-8458-f3c8c5d54ecb,S e-tron GT,1,70d4d774-1b1d-4335-9c60-403f161b1f66
b3ff8b48-eec7-44a2-a223-32311411a16d,TT,1,70d4d774-1b1d-4335-9c60-403f161b1f66
4b829b0e-1797-4594-a662-71e9e7bd1f78,TTS,1,70d4d774-1b1d-4335-9c60-403f161b1f66
57943626-cb84-40a7-a866-7cbabea01664,TT RS,1,70d4d774-1b1d-4335-9c60-403f161b1f66
9ebf8c42-9bb1-4a64-9406-8573b179362e,Typ R,1,70d4d774-1b1d-4335-9c60-403f161b1f66
954af041-7d5d-48d9-b8a6-50d5851faf7b,V8,1,70d4d774-1b1d-4335-9c60-403f161b1f66
269345e8-ce40-4863-99c9-eac2c11e0377,Komendant,1,d7f4ce97-05ee-4857-b6e6-afcaf7a16a58
3090660d-58d8-403f-968f-c911b3cb7481,Lafet,1,d7f4ce97-05ee-4857-b6e6-afcaf7a16a58
71d12932-d724-46c9-aaba-9bf827619b40,Senat,1,d7f4ce97-05ee-4857-b6e6-afcaf7a16a58
c533c641-8378-4d13-a295-35510c0f97b2,Allegro,1,a3d35d4c-eb45-4704-98c9-534c5a963ebd
53fdc881-d32f-4d14-a8f8-3b465a3d41b3,Ambassador,1,a3d35d4c-eb45-4704-98c9-534c5a963ebd
ae26be15-024b-449e-b262-e9d8cc7f2781,FL2,1,a3d35d4c-eb45-4704-98c9-534c5a963ebd
eb924bc4-2ef8-4dfe-ad07-ff26d60ebc6c,FX4,1,a3d35d4c-eb45-4704-98c9-534c5a963ebd
e6e08eae-39fb-4efb-969c-1e5ccf5194d6,Maestro,1,a3d35d4c-eb45-4704-98c9-534c5a963ebd
d041680a-02d0-46e8-977e-59430a717a32,Maxi,1,a3d35d4c-eb45-4704-98c9-534c5a963ebd
89c45ed4-0f2e-481b-a470-db678f9f670a,Metro,1,a3d35d4c-eb45-4704-98c9-534c5a963ebd
16c9f863-e92f-4b5b-a3d6-53e1578ec539,Mini,1,a3d35d4c-eb45-4704-98c9-534c5a963ebd
08f748d3-0962-4914-90cd-550b929e44e8,Montego,1,a3d35d4c-eb45-4704-98c9-534c5a963ebd
ae2dee52-0f7b-4ddd-b23d-043f8427cb25,Princess,1,a3d35d4c-eb45-4704-98c9-534c5a963ebd
333f2a98-8771-4ed0-adc7-886469a6d065,Sprite,1,a3d35d4c-eb45-4704-98c9-534c5a963ebd
0a62e0be-0d0d-45fe-9664-77759d4f8c59,100,1,cec2064d-9c88-4222-9004-22670d735fdb
50f2f253-4ce7-40ea-a59c-65cd09632f96,3000,1,cec2064d-9c88-4222-9004-22670d735fdb
775470c2-3d41-439f-84a6-a019de528d47,A 112,1,6cd15862-cf7b-4a21-a2af-ebe3e68a269f
d8e444de-26b9-42e4-99e5-4722595dca62,1000 Sp,1,b6b37eec-13b6-4313-bd5c-76ddd7fe3bec
9191f0dc-395e-4b1b-b078-81533a1b412c,6,1,3364d6b1-bd79-410d-b29b-aadc7bebcf50
87827361-8bc7-4b35-9583-2558700f130e,7,1,3364d6b1-bd79-410d-b29b-aadc7bebcf50
247e2743-d528-4b8b-a4f9-94a4103c9d21,11,1,3364d6b1-bd79-410d-b29b-aadc7bebcf50
69a0a475-e252-4d11-a57e-54bf96327289,12,1,3364d6b1-bd79-410d-b29b-aadc7bebcf50
ca97252f-af6f-4a0f-8495-d202e8b3a851,2160,1,9385622d-7eaa-4840-8a01-2ed91365b1a9
a6ea6abe-954b-4837-a5df-adbfbfeed050,2163,1,9385622d-7eaa-4840-8a01-2ed91365b1a9
b3db56cf-af93-4b9b-b78c-dc1aaf9f8bb3,3101,1,9385622d-7eaa-4840-8a01-2ed91365b1a9
6f47906f-d121-4daf-bb07-2053418b5ebd,A1,1,29e654d1-190c-4772-9c62-23517cb8f6a4
a92e17a4-4754-482c-a593-ce7284a8162b,BJ2021,1,29e654d1-190c-4772-9c62-23517cb8f6a4
2ecf7e50-402f-443f-a54b-d489450bcec7,BJ2025F,1,29e654d1-190c-4772-9c62-23517cb8f6a4
3b81ca6c-adb5-4418-a8ab-52d217a0f82b,BJ2030,1,29e654d1-190c-4772-9c62-23517cb8f6a4
6ccb8450-a307-444d-9e0b-3987dd31b701,BJ30,1,29e654d1-190c-4772-9c62-23517cb8f6a4
57404c24-b4fc-4d3d-b056-c3883d361410,BJ40,1,29e654d1-190c-4772-9c62-23517cb8f6a4
7cf2f522-72d3-4f3e-b1d7-a387fb1598b6,BJ60,1,29e654d1-190c-4772-9c62-23517cb8f6a4
d2e4809a-d1ce-42fd-ad78-c8c858bdae34,BJ80,1,29e654d1-190c-4772-9c62-23517cb8f6a4
ffec280c-bde1-4187-a20a-b52c2f657784,BJ90,1,29e654d1-190c-4772-9c62-23517cb8f6a4
80fa5781-510a-452f-be07-6c28d3249e52,BJ2020,1,29e654d1-190c-4772-9c62-23517cb8f6a4
501425f2-916a-4cae-b3d1-500a2b88540e,BJ2026,1,29e654d1-190c-4772-9c62-23517cb8f6a4
51f4076c-10c2-4e25-b619-cbb327c48505,BJ212,1,29e654d1-190c-4772-9c62-23517cb8f6a4
65a6c4a5-4dfb-4745-ae9a-74181840df6e,EU,1,29e654d1-190c-4772-9c62-23517cb8f6a4
837716ef-16b2-4dd4-9d1a-c79884a5ee47,EU5,1,29e654d1-190c-4772-9c62-23517cb8f6a4
1d44ce06-3e2c-4a50-b610-5cd464dcd6ae,EU7,1,29e654d1-190c-4772-9c62-23517cb8f6a4
43c1c6a3-379e-4ab3-b02a-fdb9765b4398,EX3,1,29e654d1-190c-4772-9c62-23517cb8f6a4
de542b72-f193-460d-9ecd-d9cc62643c80,EX5,1,29e654d1-190c-4772-9c62-23517cb8f6a4
011cea62-f9df-416d-8bbc-a11671420f73,Jeep 2500,1,29e654d1-190c-4772-9c62-23517cb8f6a4
344d3603-5982-4464-8304-e0dc4b5b00f5,Kenbo 600,1,29e654d1-190c-4772-9c62-23517cb8f6a4
9f868ca1-4484-4edb-b32c-3c72d7ac6f7e,Luba (XB624),1,29e654d1-190c-4772-9c62-23517cb8f6a4
f2171d90-0ccb-4b83-a061-85c839d21317,Ruixiang X5,1,29e654d1-190c-4772-9c62-23517cb8f6a4
67ffb1a3-7d11-47d7-8968-ea31e40b382b,U5,1,29e654d1-190c-4772-9c62-23517cb8f6a4
429e6f9f-0128-4063-aef2-0f96ae5fdc1e,U5 Plus,1,29e654d1-190c-4772-9c62-23517cb8f6a4
f6f5b78f-5f0b-426a-8b14-bd5fe99a434d,U7,1,29e654d1-190c-4772-9c62-23517cb8f6a4
3fb89841-0998-4bcb-baf7-03e8fa35d089,X3,1,29e654d1-190c-4772-9c62-23517cb8f6a4
8edf591a-e156-4144-9020-77da28bdbea1,X35,1,29e654d1-190c-4772-9c62-23517cb8f6a4
4c1f7b83-0ced-4781-a78f-d8e5e2bf5e2f,X5,1,29e654d1-190c-4772-9c62-23517cb8f6a4
11d5cba1-30ad-40dc-9ec3-2454ed9a759d,X55,1,29e654d1-190c-4772-9c62-23517cb8f6a4
d497a5f1-608b-4433-8ef0-6bfdcb42deac,X7,1,29e654d1-190c-4772-9c62-23517cb8f6a4
923fd6f7-3092-4f38-b1be-39b31a5f1712,X75,1,29e654d1-190c-4772-9c62-23517cb8f6a4
fdd5eb11-c607-4399-8d29-a959785053eb,Qute,1,4f07397f-5d39-4485-9e0d-7011866fadef
a852c4a1-2755-446b-910c-64fe6f81119d,BD-1322,1,5a08bd93-6034-472b-8c48-6722b56ae296
b07262a0-78a9-4142-9b6c-4686d604987b,510,1,e76b6534-2edc-4601-9101-054cceaeb755
685e6285-7e4e-4227-a8d0-5d22a3540ddf,530,1,e76b6534-2edc-4601-9101-054cceaeb755
61d5a42f-7c7c-4a5d-b55d-e0b249a8b48a,E100,1,e76b6534-2edc-4601-9101-054cceaeb755
7606dd67-ba1d-453f-ba1e-a24135444dc3,E300,1,e76b6534-2edc-4601-9101-054cceaeb755
6907c129-28f6-43e1-a0cb-c16bc2d032d6,Kiwi EV,1,e76b6534-2edc-4601-9101-054cceaeb755
2948d11a-1959-4d8a-bd11-76a96999a8a6,RC-5,1,e76b6534-2edc-4601-9101-054cceaeb755
73f8bdac-1f62-44e5-82a7-2b378fbbd684,RC-6,1,e76b6534-2edc-4601-9101-054cceaeb755
9bb1ea89-233a-4450-899b-e2698c31ca33,RM-5,1,e76b6534-2edc-4601-9101-054cceaeb755
b5d86ce8-ac96-4af9-a240-80cbd325bbf2,RS-3,1,e76b6534-2edc-4601-9101-054cceaeb755
e470e178-eb99-4855-9a92-7e86b87a1cf3,RS-5,1,e76b6534-2edc-4601-9101-054cceaeb755
9b02628c-b398-4bee-9a06-299873b663d6,Valli,1,e76b6534-2edc-4601-9101-054cceaeb755
e1ee85cf-74ff-4049-b33f-e2baf982f4ce,Xiangjing,1,e76b6534-2edc-4601-9101-054cceaeb755
8462e8b5-172c-4638-9981-0d408c9ca405,Yep,1,e76b6534-2edc-4601-9101-054cceaeb755
22631451-59eb-47e6-a45a-6b6476dc1ad0,Yep Plus,1,e76b6534-2edc-4601-9101-054cceaeb755
a6b837d4-c2e2-4870-b914-6027f038671e,Yunduo,1,e76b6534-2edc-4601-9101-054cceaeb755
a08f93fb-8975-4da3-ac13-0dc50f395aa8,Yunhai,1,e76b6534-2edc-4601-9101-054cceaeb755
15b6b474-9043-4c15-8550-687a77c4dfcd,1989,1,cdae05b0-1d21-4088-8474-cfd5c5114b4a
6d92b64e-76e5-4af3-8096-36a8fd32dea4,2018,1,cdae05b0-1d21-4088-8474-cfd5c5114b4a
b4e68089-a748-4068-9f12-6334e775710a,212,1,7fea86e0-3671-4268-a9cb-9a99ac43a308
c9d5f254-2ba6-45db-9584-044e7077f7e7,212 T01,1,7fea86e0-3671-4268-a9cb-9a99ac43a308
54fd92da-4f0f-493b-b873-c88412209cff,Ace M7,1,7fea86e0-3671-4268-a9cb-9a99ac43a308
0d813065-ce9a-4769-bc78-0197db1aed9e,Calorie F7,1,7fea86e0-3671-4268-a9cb-9a99ac43a308
87995042-907f-414c-b414-27166d182c1f,Jiabao,1,7fea86e0-3671-4268-a9cb-9a99ac43a308
90444f34-0e22-4f4e-b609-cf2c4eff7f39,MPV,1,7fea86e0-3671-4268-a9cb-9a99ac43a308
811a7685-ae01-4468-b9c4-24c5ee8b4fa8,Pony (Yuanbao),1,7fea86e0-3671-4268-a9cb-9a99ac43a308
9ba8c0a7-d431-4fad-9144-24b380ca9b3a,S50,1,83a65209-86bf-4e2b-b080-3064fe530c29
33039d3a-002b-483c-8a30-624696831f24,X50,1,83a65209-86bf-4e2b-b080-3064fe530c29
23239a1a-2da0-498a-9528-181f5667bcc2,X70,1,83a65209-86bf-4e2b-b080-3064fe530c29
2b7ac4c4-13ae-4985-9f2c-2d0141d955ca,Arnage,1,d9ac60cb-6eb3-4534-a97b-a5b0d7acef47
2f1d5442-0421-4668-8eb0-9ce8aa49b724,Azure,1,d9ac60cb-6eb3-4534-a97b-a5b0d7acef47
01825fb2-965e-4d16-9d62-285eb38c8492,Bentayga,1,d9ac60cb-6eb3-4534-a97b-a5b0d7acef47
0acf52ab-f322-4c04-9614-a74efdd99baf,Brooklands,1,d9ac60cb-6eb3-4534-a97b-a5b0d7acef47
a64a0680-ae41-4e9b-b531-7cf6530e6b2b,Continental,1,d9ac60cb-6eb3-4534-a97b-a5b0d7acef47
8954d440-036b-4e24-9ba7-98dd44141cd2,Continental Flying Spur,1,d9ac60cb-6eb3-4534-a97b-a5b0d7acef47
1e1282a8-8ac2-4bdd-bf34-ebc5a189fd81,Continental GT,1,d9ac60cb-6eb3-4534-a97b-a5b0d7acef47
bb023b96-1c23-495e-bdfc-5ac7967df158,Eight,1,d9ac60cb-6eb3-4534-a97b-a5b0d7acef47
f5eb483a-415c-449e-bb6b-3ae079be7899,Flying Spur,1,d9ac60cb-6eb3-4534-a97b-a5b0d7acef47
80cdce69-dbf0-496f-bf51-01da1ade76ac,Mark VI,1,d9ac60cb-6eb3-4534-a97b-a5b0d7acef47
3536ed5a-a8d7-48f8-aded-afe84fdb00ff,Mulliner Bacalar,1,d9ac60cb-6eb3-4534-a97b-a5b0d7acef47
65266337-0e5d-49c3-89fe-409841bc8eaf,Mulliner Batur,1,d9ac60cb-6eb3-4534-a97b-a5b0d7acef47
6a2a66f7-a4ec-4bdb-82fe-cf0c05a5a702,Mulsanne,1,d9ac60cb-6eb3-4534-a97b-a5b0d7acef47
b0011a30-dc8f-4c1a-a711-41f48ad918b2,R Type,1,d9ac60cb-6eb3-4534-a97b-a5b0d7acef47
568485b4-9591-4d42-a482-e886abe2f681,S,1,d9ac60cb-6eb3-4534-a97b-a5b0d7acef47
5f28e5bf-18d4-482b-854b-662d08eb8ff7,Turbo R,1,d9ac60cb-6eb3-4534-a97b-a5b0d7acef47
927e9247-59bc-41b9-b0db-c5d49341c864,T-Series,1,d9ac60cb-6eb3-4534-a97b-a5b0d7acef47
dc8b8d8d-f361-40e8-968e-cd952430d20c,Freeclimber,1,6915e171-5e34-4d10-8b70-305b6d3a380f
5c63a0f4-bed8-47b4-901c-6f673bad02a5,B70,1,5fa48626-2224-4b88-90d6-3bb920d2c351
0d8e2251-6b1c-4968-839e-012f54cf41cb,T55,1,5fa48626-2224-4b88-90d6-3bb920d2c351
cc91873f-27fd-43bb-919b-7b5ac7a38c1d,T77,1,5fa48626-2224-4b88-90d6-3bb920d2c351
33284013-6dd5-4155-9cc7-296a2d7a7dca,T90,1,5fa48626-2224-4b88-90d6-3bb920d2c351
c9ca3647-595c-486e-a157-6cbf272c5ddd,Vintage,1,f5330a25-5d2e-42d3-8554-cdfb337aa156
6e29cd7a-fd77-4762-bf82-eca3b15c987b,evA-4,1,c9a00b69-219a-416d-81b4-f33fa62399b2
801f3ca4-f49e-4f6f-ae0a-e67332ef7809,CD,1,ff139b07-e960-4488-a947-e409928d3399
763480a3-d211-4110-a235-08635d6f959c,Type 3,1,ff139b07-e960-4488-a947-e409928d3399
87f04381-774b-4c66-8881-19242d74ba39,FH-EQ,1,3d726dcb-20f7-4970-99b0-6f550a0fc843
4e3354e6-2d77-4579-85be-c914c528464f,02 (E10),1,65942e22-ae63-4fe7-9c65-d63a91a67110
b28f2de8-61db-4878-9e73-e84ad5941c67,1 серии,1,65942e22-ae63-4fe7-9c65-d63a91a67110
3a0b53c7-9b61-4ca7-9c41-dd820be9a8df,1M,1,65942e22-ae63-4fe7-9c65-d63a91a67110
81f854c3-7a44-4c0f-9c4b-425fdf3edf11,2 серии Active Tourer,1,65942e22-ae63-4fe7-9c65-d63a91a67110
a320f44a-2c95-4b81-96b4-372f2897c00b,2 серии,1,65942e22-ae63-4fe7-9c65-d63a91a67110
fc9721b9-32f5-4726-90bd-76dc4774dc77,2 серии Gran Tourer,1,65942e22-ae63-4fe7-9c65-d63a91a67110
29babf08-8bb0-4358-a20b-249e8016528b,315,1,65942e22-ae63-4fe7-9c65-d63a91a67110
bc8bb3fe-962d-4e0a-82fe-64034cadadaa,3200,1,65942e22-ae63-4fe7-9c65-d63a91a67110
d2a90bf6-2d87-44ac-9b6b-0e95e62c7a5c,321,1,65942e22-ae63-4fe7-9c65-d63a91a67110
04e89d6d-2e4e-40e0-8c83-e32929b097be,326,1,65942e22-ae63-4fe7-9c65-d63a91a67110
f2d69dd1-fccd-4635-b861-e7df1ef0efeb,327,1,65942e22-ae63-4fe7-9c65-d63a91a67110
f39315f7-933d-453a-ba44-d4d9392f7072,340,1,65942e22-ae63-4fe7-9c65-d63a91a67110
c06af464-5843-470c-86cf-7cedbfefd9a9,3 серии,1,65942e22-ae63-4fe7-9c65-d63a91a67110
80ef0b7c-7f93-49b0-9a44-f77e58f0b688,3/15,1,65942e22-ae63-4fe7-9c65-d63a91a67110
56dc8b89-5ea7-4998-a0d8-39581b5be4ad,4 серии,1,65942e22-ae63-4fe7-9c65-d63a91a67110
84889cf5-2312-497e-9963-45db4b744cbb,501,1,65942e22-ae63-4fe7-9c65-d63a91a67110
47363a7d-57f3-49d1-b0f3-ae93b23be6f7,502,1,65942e22-ae63-4fe7-9c65-d63a91a67110
27dda7ee-64ed-4deb-a17f-69923387f540,503,1,65942e22-ae63-4fe7-9c65-d63a91a67110
77b43101-42de-4aa8-909f-cff58acf39cd,507,1,65942e22-ae63-4fe7-9c65-d63a91a67110
f4132c67-da19-46f5-94de-f0963e3f64c5,5 серии,1,65942e22-ae63-4fe7-9c65-d63a91a67110
0ff218c6-c83d-4742-9c3b-4cb2a4a347c7,600,1,65942e22-ae63-4fe7-9c65-d63a91a67110
c782117e-fe19-406b-bd32-64467df8e75b,6 серии,1,65942e22-ae63-4fe7-9c65-d63a91a67110
78032040-4b18-42c4-bb5f-8074607e6ac9,700,1,65942e22-ae63-4fe7-9c65-d63a91a67110
acd20dc9-6280-46e3-9620-888e3245230b,7 серии,1,65942e22-ae63-4fe7-9c65-d63a91a67110
f4b84659-0d4e-4965-9ed4-d58e14388075,8 серии,1,65942e22-ae63-4fe7-9c65-d63a91a67110
2c94c8ec-1bca-417c-82d9-1f722c1e8842,E3,1,65942e22-ae63-4fe7-9c65-d63a91a67110
9b62281d-fcf8-47b2-a733-f7a5978c9435,E9,1,65942e22-ae63-4fe7-9c65-d63a91a67110
c5bc041e-118f-4704-8eeb-e2eff0a72275,i3,1,65942e22-ae63-4fe7-9c65-d63a91a67110
8548e64f-c267-4c9e-8b0d-4f216f993e6e,i4,1,65942e22-ae63-4fe7-9c65-d63a91a67110
6cba6493-308f-4b00-bc65-369eda83c794,i5,1,65942e22-ae63-4fe7-9c65-d63a91a67110
735a3049-3bae-4b0a-8198-7709a74a401c,i7,1,65942e22-ae63-4fe7-9c65-d63a91a67110
a7ac1188-94b1-4309-9c08-97d4550ecf55,i8,1,65942e22-ae63-4fe7-9c65-d63a91a67110
203edab8-9e03-46d4-b62f-5abfea4d16cf,Isetta,1,65942e22-ae63-4fe7-9c65-d63a91a67110
873d6868-cae6-4471-9409-8cdfb0155953,iX,1,65942e22-ae63-4fe7-9c65-d63a91a67110
5e6d2650-e517-480d-80a2-914715ae2525,iX1,1,65942e22-ae63-4fe7-9c65-d63a91a67110
c1d9e238-8bec-41c4-9317-18dbf658f9f5,iX2,1,65942e22-ae63-4fe7-9c65-d63a91a67110
4b937760-57c1-4f7a-832b-2af4f32542d7,iX3,1,65942e22-ae63-4fe7-9c65-d63a91a67110
e189a41c-cb20-4dc2-b17d-1b6687a73dfe,iX5,1,65942e22-ae63-4fe7-9c65-d63a91a67110
d78aae9a-c4ee-462e-9dff-e624fb630e35,M2,1,65942e22-ae63-4fe7-9c65-d63a91a67110
18843466-6abf-4dce-b2a6-caeb257e81df,M3,1,65942e22-ae63-4fe7-9c65-d63a91a67110
c59a61fc-c3e7-4806-b4cf-d6d9361cb381,M4,1,65942e22-ae63-4fe7-9c65-d63a91a67110
7f4eefef-504f-4b77-9c27-4858f8f8ab4e,M5,1,65942e22-ae63-4fe7-9c65-d63a91a67110
4e2bf60f-9a21-483f-b4b1-5d8eef09cc61,M6,1,65942e22-ae63-4fe7-9c65-d63a91a67110
c3988f3a-94e6-423e-8796-415d465c5b74,M8,1,65942e22-ae63-4fe7-9c65-d63a91a67110
2de8d8e2-7c60-4d7a-8ef3-484edcd04461,M1,1,65942e22-ae63-4fe7-9c65-d63a91a67110
2a86368b-9f26-4cf1-b1e4-2eff35a80dae,Nazca,1,65942e22-ae63-4fe7-9c65-d63a91a67110
c35462c7-cbef-4bdb-938f-13ab04c02312,New Class,1,65942e22-ae63-4fe7-9c65-d63a91a67110
aa78cfb1-9ca2-46be-a097-c4c830c3a6e3,X1,1,65942e22-ae63-4fe7-9c65-d63a91a67110
de43dc64-a495-4e5f-80ce-0887f24c0eaf,X2,1,65942e22-ae63-4fe7-9c65-d63a91a67110
0366196e-72b6-4a4b-b12f-6ee90526d96d,X3,1,65942e22-ae63-4fe7-9c65-d63a91a67110
03bf5b18-df6f-4023-9f04-5b61fa655efd,X3 M,1,65942e22-ae63-4fe7-9c65-d63a91a67110
a979233a-69ec-4566-ae14-281ce8247c28,X4,1,65942e22-ae63-4fe7-9c65-d63a91a67110
232df90e-c5dc-49da-bbdf-7b24f33909e9,X4 M,1,65942e22-ae63-4fe7-9c65-d63a91a67110
5d5d3844-23e7-411e-ad6b-ef86d6d4d540,X5,1,65942e22-ae63-4fe7-9c65-d63a91a67110
3efd1faa-6735-4e9f-bf9b-0c79b10de4c2,X5 M,1,65942e22-ae63-4fe7-9c65-d63a91a67110
b321f360-a8d6-4fd2-8cda-a70432815bb1,X6,1,65942e22-ae63-4fe7-9c65-d63a91a67110
abf4e29e-b98b-4548-8fa1-b2965befe039,X6 M,1,65942e22-ae63-4fe7-9c65-d63a91a67110
4c26e813-ceee-42fe-b351-1976856f8c58,X7,1,65942e22-ae63-4fe7-9c65-d63a91a67110
17a72162-c2f6-4f19-ac19-4daa54e35f39,XM,1,65942e22-ae63-4fe7-9c65-d63a91a67110
45198b1c-c38d-48c7-b2f2-5ecce4e2a3ab,Z1,1,65942e22-ae63-4fe7-9c65-d63a91a67110
fafdca1b-1faf-4c52-978f-9df09a4404f4,Z3,1,65942e22-ae63-4fe7-9c65-d63a91a67110
13b18ded-3789-4aec-b7a7-60a37755e6a9,Z3 M,1,65942e22-ae63-4fe7-9c65-d63a91a67110
1ded3f32-f8fb-476d-a8b6-a02592de0fce,Z4,1,65942e22-ae63-4fe7-9c65-d63a91a67110
84aac4d5-4e1d-4694-98e1-51f7dcac4afe,Z4 M,1,65942e22-ae63-4fe7-9c65-d63a91a67110
55ed0958-58a5-4389-8ab3-2ef3a8c68d5c,Z8,1,65942e22-ae63-4fe7-9c65-d63a91a67110
ac506b77-99f2-41ba-b442-71f2ff9464c4,2000,1,3f09f31d-52be-481d-82f7-958f6ad481ca
3721de79-e9d1-4b0d-a82c-ee9ce3a7e322,BX5,1,3f09f31d-52be-481d-82f7-958f6ad481ca
9bb15298-7a32-42ea-a0e5-aeffc4a221e8,Hansa 1100,1,3f09f31d-52be-481d-82f7-958f6ad481ca
b46933e2-9723-4195-99b5-20dd8228d436,7.3S,1,70ca520d-c528-45ad-9c97-d32bd90474f6
8969ab0b-a12a-4c6a-a20b-f557423d6487,Crawler,1,70ca520d-c528-45ad-9c97-d32bd90474f6
b4da12d6-55aa-472f-bed0-1c2a14fe51c6,E V12,1,70ca520d-c528-45ad-9c97-d32bd90474f6
2b701676-5ecc-464b-a7b4-30d10bf4bfe7,G V12,1,70ca520d-c528-45ad-9c97-d32bd90474f6
f3d7a755-653c-498c-b23b-c3f9b064167e,ML 63 Biturbo,1,70ca520d-c528-45ad-9c97-d32bd90474f6
841d5d39-6fbc-4518-8faa-64128e5828e0,M V12,1,70ca520d-c528-45ad-9c97-d32bd90474f6
9eaeb64f-7f2d-4d27-9059-484b1dbf0efb,Rocket GTS,1,70ca520d-c528-45ad-9c97-d32bd90474f6
7fe757ee-f5b4-4fcc-ad98-f571679dbab4,SV12,1,70ca520d-c528-45ad-9c97-d32bd90474f6
a7e00341-e038-4f1a-8191-789bc0620b55,FRV (BS2),1,a09e0aab-bde5-4754-8b69-47cfe2ca992b
9a79b28c-ba37-4167-b029-b94613bc56e0,H230,1,a09e0aab-bde5-4754-8b69-47cfe2ca992b
56c95773-18ce-4e01-8131-d493d07236d6,H530,1,a09e0aab-bde5-4754-8b69-47cfe2ca992b
7bf4d74b-de32-437d-8473-c6fea261dd87,M1 (BS6),1,a09e0aab-bde5-4754-8b69-47cfe2ca992b
a8eef1ae-288f-4dce-92a4-90e99d0dbaea,M2 (BS4),1,a09e0aab-bde5-4754-8b69-47cfe2ca992b
6c59eaf9-ad60-4c3b-8e3d-77eb24b522be,M3 (BC3),1,a09e0aab-bde5-4754-8b69-47cfe2ca992b
03d95ee6-615b-4c1c-8610-849e3e3e7980,V3,1,a09e0aab-bde5-4754-8b69-47cfe2ca992b
c001fa58-f972-4b56-8ab9-efca36e98646,V5,1,a09e0aab-bde5-4754-8b69-47cfe2ca992b
57e4e077-a336-4a54-bf87-7a2fe647c83d,Blenheim,1,1f1cac28-08a9-47af-9fad-8cfa7afe503f
bb658163-775a-4028-9241-e1ea30b12b19,Blenheim Speedster,1,1f1cac28-08a9-47af-9fad-8cfa7afe503f
dea4f33c-9daa-47e3-8dde-c6a51f064730,Fighter,1,1f1cac28-08a9-47af-9fad-8cfa7afe503f
ee5866ec-5e83-4013-811b-b67c9acf3228,Geneva,1,a907f6c2-6944-45d4-bb80-c41d4241311a
9a023fac-b394-4f45-bb37-4a5b50e1bb5d,La Joya,1,a907f6c2-6944-45d4-bb80-c41d4241311a
ac3c0bb6-3bcb-4491-a4dc-e698cec7f833,Bolide,1,2444a364-6eca-4ea3-9393-1c5d842f3cdf
c9a6d012-2c40-47a8-a078-897ff0145815,Centodieci,1,2444a364-6eca-4ea3-9393-1c5d842f3cdf
28898212-03f3-4fac-9591-26b2ef9d623c,Chiron,1,2444a364-6eca-4ea3-9393-1c5d842f3cdf
9cfe0554-8128-42e1-bb0c-17cd6f805578,Divo,1,2444a364-6eca-4ea3-9393-1c5d842f3cdf
1ff1615f-40b0-4445-a821-051522672db7,EB 110,1,2444a364-6eca-4ea3-9393-1c5d842f3cdf
10c0c1d2-83d4-4c1d-a9d2-37ee8e1d9640,EB 112,1,2444a364-6eca-4ea3-9393-1c5d842f3cdf
8f251601-a5f6-4708-948c-814eae7e8d06,EB Veyron 16.4,1,2444a364-6eca-4ea3-9393-1c5d842f3cdf
6c330b0c-feed-4242-9b46-bca883920b2e,Tourbillon,1,2444a364-6eca-4ea3-9393-1c5d842f3cdf
726a2987-282b-46ad-babc-59fb6561f904,Type 55,1,2444a364-6eca-4ea3-9393-1c5d842f3cdf
35d5a37f-325f-4f56-a59f-e2e2218f3f86,W16 Mistral,1,2444a364-6eca-4ea3-9393-1c5d842f3cdf
7e466f0f-f973-42ea-9708-4a66a82b7c15,Cascada,1,2c07bbfb-c0f5-4294-88d0-db65239d9f57
0f2718a5-e927-4a2f-b8b4-535f5cce930c,Century,1,2c07bbfb-c0f5-4294-88d0-db65239d9f57
eb7d1b32-6ebe-4469-9c9b-8f73a61412de,Electra,1,2c07bbfb-c0f5-4294-88d0-db65239d9f57
b0e2b2ba-1c34-44de-8221-52cdb8c6e6e6,Electra E4,1,2c07bbfb-c0f5-4294-88d0-db65239d9f57
1098439d-fe27-4ae2-8b59-dab15c7998d3,Electra E5,1,2c07bbfb-c0f5-4294-88d0-db65239d9f57
c744917f-ab3d-4843-ae27-c8d67672aa79,Enclave,1,2c07bbfb-c0f5-4294-88d0-db65239d9f57
e1246a32-0915-443b-bf3d-a38068f7c68c,Encore,1,2c07bbfb-c0f5-4294-88d0-db65239d9f57
fd6e2dfd-3503-4ad8-8ea8-c3f0c8543c02,Encore GX,1,2c07bbfb-c0f5-4294-88d0-db65239d9f57
39d9e10d-a3a0-451b-8fe1-280434a35b14,Encore Plus,1,2c07bbfb-c0f5-4294-88d0-db65239d9f57
38c6f3f5-b483-4efb-a09a-da64b74cf9f8,Envision,1,2c07bbfb-c0f5-4294-88d0-db65239d9f57
2d26d6ed-c72f-414b-9f8b-48d955031920,Envista,1,2c07bbfb-c0f5-4294-88d0-db65239d9f57
12ae0315-57c9-4acb-9282-82f2d8d1afb4,Estate Wagon,1,2c07bbfb-c0f5-4294-88d0-db65239d9f57
67dd6fe6-aaa0-4db7-bc65-9df68f82be2f,Excelle,1,2c07bbfb-c0f5-4294-88d0-db65239d9f57
d1bad2a8-7c44-43d5-acc6-227f426da7b6,GL6,1,2c07bbfb-c0f5-4294-88d0-db65239d9f57
cdf66298-41b2-45ed-ace7-f22a730bd763,GL8,1,2c07bbfb-c0f5-4294-88d0-db65239d9f57
b8de72be-1a19-4617-9269-12a3f4902766,GS,1,2c07bbfb-c0f5-4294-88d0-db65239d9f57
b352901b-0d67-4e30-8110-51a30376c8a2,LaCrosse,1,2c07bbfb-c0f5-4294-88d0-db65239d9f57
3d7fa47d-130f-44a1-b70f-4fe20cd60397,LeSabre,1,2c07bbfb-c0f5-4294-88d0-db65239d9f57
c73b25df-b99b-4053-bb34-59cea194d0f4,Limited,1,2c07bbfb-c0f5-4294-88d0-db65239d9f57
2c48d83a-52e5-46d1-aca5-083849683e28,Lucerne,1,2c07bbfb-c0f5-4294-88d0-db65239d9f57
bc4c641f-3137-4726-853b-8f90dd2ae615,Park Avenue,1,2c07bbfb-c0f5-4294-88d0-db65239d9f57
5984c8ab-9cf2-40e6-a99a-8a622a9970d9,Rainier,1,2c07bbfb-c0f5-4294-88d0-db65239d9f57
ef02bdf9-bd16-49a2-9bd5-18697f578567,Reatta,1,2c07bbfb-c0f5-4294-88d0-db65239d9f57
260b7e60-2d6f-48c4-8b64-8a3bedb6e135,Regal,1,2c07bbfb-c0f5-4294-88d0-db65239d9f57
9f9e0c42-52bb-43c9-b1b3-7bb0ecf9ee99,Rendezvous,1,2c07bbfb-c0f5-4294-88d0-db65239d9f57
e5be6df1-ec39-4159-a219-ad1bef30bc2f,Riviera,1,2c07bbfb-c0f5-4294-88d0-db65239d9f57
e28fc6fc-524a-4cfe-aee2-8e8d02ec2e92,Roadmaster,1,2c07bbfb-c0f5-4294-88d0-db65239d9f57
38eb6d6d-d0f0-4182-851a-7ffc073500fa,Skyhawk,1,2c07bbfb-c0f5-4294-88d0-db65239d9f57
a8cb09f7-de89-4f4b-88c1-eb08f075717c,Skylark,1,2c07bbfb-c0f5-4294-88d0-db65239d9f57
7ef74b6e-a264-4c5d-9466-0c7780e58f9a,Special,1,2c07bbfb-c0f5-4294-88d0-db65239d9f57
9eedd689-dce2-4e60-b946-449aeb491f52,Super,1,2c07bbfb-c0f5-4294-88d0-db65239d9f57
43cdabc7-f4e9-4a40-8670-ca1aeae268e6,Terraza,1,2c07bbfb-c0f5-4294-88d0-db65239d9f57
86040b19-03ad-4fba-b9b4-02fa0d93de6b,Velite 6,1,2c07bbfb-c0f5-4294-88d0-db65239d9f57
12f23898-7a4f-45ca-995f-0543956bfbee,Verano,1,2c07bbfb-c0f5-4294-88d0-db65239d9f57
98d50603-eda0-4cbf-a9b9-2d251d54c1ec,Wildcat,1,2c07bbfb-c0f5-4294-88d0-db65239d9f57
7dafd3a7-d2a3-4020-8843-9f5f1a6b18a1,Atto 2,1,fec3a855-b8c5-4575-aec2-4d81633efa24
8337839d-2fe1-468f-8fad-f1f0001b696c,Chazor,1,fec3a855-b8c5-4575-aec2-4d81633efa24
164c07b0-3fd2-4d24-9831-f2b890b527cd,D1,1,fec3a855-b8c5-4575-aec2-4d81633efa24
c9671613-69cb-41bb-b306-eb0eca451714,Destroyer 05,1,fec3a855-b8c5-4575-aec2-4d81633efa24
f93fcfe4-8593-4bee-8104-89bb43ba0034,Dolphin,1,fec3a855-b8c5-4575-aec2-4d81633efa24
ee191aae-b1ff-4c94-9c8a-fb2ccb4a75d5,E1,1,fec3a855-b8c5-4575-aec2-4d81633efa24
fe040b98-668a-4292-90e6-7db1c3218bbd,E2,1,fec3a855-b8c5-4575-aec2-4d81633efa24
cbafea34-404e-415b-8975-301e5e2b2c5b,E3,1,fec3a855-b8c5-4575-aec2-4d81633efa24
081fe4e0-fdf9-4d24-a8cd-a7024977418d,E5,1,fec3a855-b8c5-4575-aec2-4d81633efa24
ac2663bd-293a-4c49-a17a-ab51c78bf05c,E6,1,fec3a855-b8c5-4575-aec2-4d81633efa24
2a37b61e-3c4e-47f0-8b79-51fcfd206c30,E7,1,fec3a855-b8c5-4575-aec2-4d81633efa24
23e61274-b804-48ab-bc29-2b4b34c74069,E9,1,fec3a855-b8c5-4575-aec2-4d81633efa24
27d1831a-8c42-4377-ab64-da9738c7bc54,F0,1,fec3a855-b8c5-4575-aec2-4d81633efa24
102752ba-cd54-4e93-874f-600816e5b1d4,F3,1,fec3a855-b8c5-4575-aec2-4d81633efa24
2f16cf67-ad92-4386-8f52-e098d17e9e37,F5,1,fec3a855-b8c5-4575-aec2-4d81633efa24
4e8e8bcb-f6ab-478b-be59-969600d3331e,F6,1,fec3a855-b8c5-4575-aec2-4d81633efa24
eb729ea5-5ef7-45fe-8153-14ec41d39d14,F8 (S8),1,fec3a855-b8c5-4575-aec2-4d81633efa24
561304bf-381f-40e2-b856-2dddadeaf487,FangChengBao Leopard 5,1,fec3a855-b8c5-4575-aec2-4d81633efa24
d2b98e9d-6f7b-4847-b2ad-28b53b44d701,FangChengBao Leopard 8,1,fec3a855-b8c5-4575-aec2-4d81633efa24
ee9db433-18a7-4a9d-ad7c-dac5d1dcde53,FangChengBao Titanium 3,1,fec3a855-b8c5-4575-aec2-4d81633efa24
5fde7ed2-81f0-4951-bb5f-74b9e4707450,FangChengBao Titanium 7,1,fec3a855-b8c5-4575-aec2-4d81633efa24
aa26ceee-cdbe-48b3-908d-23fc271e28a5,Flyer,1,fec3a855-b8c5-4575-aec2-4d81633efa24
8e23847f-504a-49d6-8b96-b84048790679,Frigate 07,1,fec3a855-b8c5-4575-aec2-4d81633efa24
64b2a7da-2d4b-48f2-a843-f4781d26c2ce,G3,1,fec3a855-b8c5-4575-aec2-4d81633efa24
fb3f24d8-f70d-47b7-87be-85c122a1e3a4,G6,1,fec3a855-b8c5-4575-aec2-4d81633efa24
966d3fec-88ed-4ec2-9c3f-f0a3ee6aacf1,Han,1,fec3a855-b8c5-4575-aec2-4d81633efa24
dedc6686-79d9-4a5f-9163-e505627a6cd2,Han L,1,fec3a855-b8c5-4575-aec2-4d81633efa24
6d8fb541-84f7-4a5d-8f55-d61c82afd111,L3,1,fec3a855-b8c5-4575-aec2-4d81633efa24
d50b23fc-2e03-4c27-89a3-c039df7f11e6,M6,1,fec3a855-b8c5-4575-aec2-4d81633efa24
e55bbf22-28c5-4882-8a4b-1f8c71d0cd36,Qin,1,fec3a855-b8c5-4575-aec2-4d81633efa24
ee952fb4-62a1-417d-8a4c-0400b3747d8f,S6,1,fec3a855-b8c5-4575-aec2-4d81633efa24
60363b8a-0797-468b-8ced-d188e741682d,Seagull,1,fec3a855-b8c5-4575-aec2-4d81633efa24
a22b7e62-d205-4eb3-b2cc-35ba54798d50,Seal,1,fec3a855-b8c5-4575-aec2-4d81633efa24
c9c79c34-f0ce-47e2-80fc-4710c5211f95,Seal 05,1,fec3a855-b8c5-4575-aec2-4d81633efa24
635f82aa-2344-4f03-ae63-3323855bd8c5,Seal 06,1,fec3a855-b8c5-4575-aec2-4d81633efa24
d491104f-b640-4db9-936a-e240e4917c1d,Seal 06 GT,1,fec3a855-b8c5-4575-aec2-4d81633efa24
beb4eb81-42a0-443e-9c7d-b42dab35fd2b,Seal 07,1,fec3a855-b8c5-4575-aec2-4d81633efa24
76dee84c-e156-49b7-bbac-5f330bef6ec2,Sea Lion 05,1,fec3a855-b8c5-4575-aec2-4d81633efa24
61260ec9-2398-4ad9-83f2-0814846a7de0,Sea Lion 06,1,fec3a855-b8c5-4575-aec2-4d81633efa24
b733b56c-1c0f-4693-afb6-f65048f9f129,Sea Lion 07,1,fec3a855-b8c5-4575-aec2-4d81633efa24
fac9113f-9779-4e67-b304-ea569ae5bde6,Shark,1,fec3a855-b8c5-4575-aec2-4d81633efa24
6f35ea06-aade-4067-9105-6674f050a630,Song,1,fec3a855-b8c5-4575-aec2-4d81633efa24
8d0598c9-4edd-4bc0-a201-c8ae363eab2c,Song EV,1,fec3a855-b8c5-4575-aec2-4d81633efa24
6d3e549e-6801-4351-870b-0ccd9934de9c,Song L,1,fec3a855-b8c5-4575-aec2-4d81633efa24
60825328-c600-4e1b-b03d-d63df5605a15,Song Max,1,fec3a855-b8c5-4575-aec2-4d81633efa24
a0e034e7-e521-4fc0-a50d-a9c56bab1bc0,Song Plus,1,fec3a855-b8c5-4575-aec2-4d81633efa24
b1495b5f-84bb-458e-bef7-44245e9f9e6d,Song Pro,1,fec3a855-b8c5-4575-aec2-4d81633efa24
2b7504e9-22f9-489b-b4ef-adaac8e5904d,Tang,1,fec3a855-b8c5-4575-aec2-4d81633efa24
2ca977b6-a9e0-4b4d-96f6-78bbf7ceaedf,Tang L,1,fec3a855-b8c5-4575-aec2-4d81633efa24
1fdb8a31-182a-4bf2-b300-a2d83d4fab04,Xia,1,fec3a855-b8c5-4575-aec2-4d81633efa24
f9a166b9-665f-4f78-ab4b-49ba58b43ab2,Yangwang U7,1,fec3a855-b8c5-4575-aec2-4d81633efa24
28227185-e13a-4d94-84a1-da01113ea39f,Yangwang U8,1,fec3a855-b8c5-4575-aec2-4d81633efa24
461464e0-43fc-41bd-aa5a-0d3bdb86f464,Yangwang U9,1,fec3a855-b8c5-4575-aec2-4d81633efa24
80b17901-835c-45eb-be56-519b613e9de0,Yuan,1,fec3a855-b8c5-4575-aec2-4d81633efa24
06ec4dd1-e020-475e-9cf2-4d36aefa30ef,Yuan Plus,1,fec3a855-b8c5-4575-aec2-4d81633efa24
0be5d85f-a84e-4d75-b0c1-a19fd2c406f0,Yuan Up,1,fec3a855-b8c5-4575-aec2-4d81633efa24
e6e446d3-caef-443c-bb6e-523e26b3579d,BD132J (CoCo),1,8331f307-0e92-4730-855a-03fa7aeed91f
725fff76-f632-410c-9bf3-80666db102dc,BD326J (Moca),1,8331f307-0e92-4730-855a-03fa7aeed91f
471e5feb-e6da-473c-9bb5-3613f94fa42c,Allante,1,eb066c9b-dec5-40ad-91b3-ce3a8656c88e
15d720f8-2a66-413b-b165-bae84f2b51d2,ATS,1,eb066c9b-dec5-40ad-91b3-ce3a8656c88e
aaf6fb82-58b9-41e3-8179-79ea22e4cd24,ATS-V,1,eb066c9b-dec5-40ad-91b3-ce3a8656c88e
b777fafe-3f7b-4c51-975e-95b280f4e0a5,BLS,1,eb066c9b-dec5-40ad-91b3-ce3a8656c88e
f5adde16-21d8-4130-9483-4de73e1c9d19,Brougham,1,eb066c9b-dec5-40ad-91b3-ce3a8656c88e
fbde2fbd-9fca-4181-9b60-6102cd3cbe90,Catera,1,eb066c9b-dec5-40ad-91b3-ce3a8656c88e
bc770073-f3c4-46aa-b3d1-4cf9b0ca8eb2,Celestiq,1,eb066c9b-dec5-40ad-91b3-ce3a8656c88e
bc7710c0-8694-4d02-88fc-e8aa58439cf1,CT4,1,eb066c9b-dec5-40ad-91b3-ce3a8656c88e
ec84f83e-1912-486d-b10b-fd0f98933bb4,CT4-V,1,eb066c9b-dec5-40ad-91b3-ce3a8656c88e
d6afc2a6-e8bc-4314-9538-33bb4186a095,CT5,1,eb066c9b-dec5-40ad-91b3-ce3a8656c88e
c28e5722-a27e-4751-8b57-b518106cf49c,CT5-V,1,eb066c9b-dec5-40ad-91b3-ce3a8656c88e
93dbb5cf-02ed-4abc-943f-63b1f64d33c4,CT6,1,eb066c9b-dec5-40ad-91b3-ce3a8656c88e
90c0462f-a7c5-42a0-8354-c0dd7d0d80e3,CTS,1,eb066c9b-dec5-40ad-91b3-ce3a8656c88e
93e86ae1-01ae-41c5-a231-932386caaa06,CTS-V,1,eb066c9b-dec5-40ad-91b3-ce3a8656c88e
8461601f-10fb-4aae-946a-cd5b97111a82,DeVille,1,eb066c9b-dec5-40ad-91b3-ce3a8656c88e
38aedd16-4ede-41b7-9009-ea98a10e5299,DTS,1,eb066c9b-dec5-40ad-91b3-ce3a8656c88e
c3e606a5-7d70-4d52-842a-f65dfd2cb414,Eldorado,1,eb066c9b-dec5-40ad-91b3-ce3a8656c88e
ffd8d87c-6e51-4993-97f4-55401d3ebe49,ELR,1,eb066c9b-dec5-40ad-91b3-ce3a8656c88e
8b5b931d-406f-415f-af56-6f14ca012ebf,Escalade,1,eb066c9b-dec5-40ad-91b3-ce3a8656c88e
7734c0e2-d729-49c5-b5d1-0a635febc1be,Escalade iQ,1,eb066c9b-dec5-40ad-91b3-ce3a8656c88e
3c4632ec-309e-4653-bb1b-bff9d1e08bdc,Escalade-V,1,eb066c9b-dec5-40ad-91b3-ce3a8656c88e
986eb83a-bf7d-4b88-965f-680da291c4ae,Fleetwood,1,eb066c9b-dec5-40ad-91b3-ce3a8656c88e
24af1522-75a2-41fe-a996-2a86b0a4a70e,GT4,1,eb066c9b-dec5-40ad-91b3-ce3a8656c88e
331cf3ca-33ed-438f-85ca-1064ea63a710,Lyriq-V,1,eb066c9b-dec5-40ad-91b3-ce3a8656c88e
95235bf2-3f24-47d0-9c51-6da1d9ebb93f,LSE,1,eb066c9b-dec5-40ad-91b3-ce3a8656c88e
a2d57690-2e8b-43db-a1b5-aa5ca88c5150,Lyriq,1,eb066c9b-dec5-40ad-91b3-ce3a8656c88e
033b235e-9eeb-4477-9a07-745dbb90c33f,Model 30,1,eb066c9b-dec5-40ad-91b3-ce3a8656c88e
5d6c7f55-589c-4108-a808-ed61032b85af,Optiq,1,eb066c9b-dec5-40ad-91b3-ce3a8656c88e
c64c7792-de22-4b56-b98e-6d9e06cd56b2,Optiq-V,1,eb066c9b-dec5-40ad-91b3-ce3a8656c88e
7282c433-ed2b-495b-9634-221280d57188,Series 314,1,eb066c9b-dec5-40ad-91b3-ce3a8656c88e
19fbb291-30a1-4fb4-bc90-139106c5d1f0,Series 341,1,eb066c9b-dec5-40ad-91b3-ce3a8656c88e
54819bd7-1db8-4cdb-8401-b76b0e2bc7ee,Series 62,1,eb066c9b-dec5-40ad-91b3-ce3a8656c88e
4fe4fdf3-9249-4df8-a881-bed92755d475,Seville,1,eb066c9b-dec5-40ad-91b3-ce3a8656c88e
ce345ee4-6e06-4214-88bd-22b4c8f005b9,Sixty Special,1,eb066c9b-dec5-40ad-91b3-ce3a8656c88e
379df3dd-05d1-411f-8996-412b6aeb3e80,SRX,1,eb066c9b-dec5-40ad-91b3-ce3a8656c88e
ff171e15-2e69-4512-adf4-d3664e30f0cf,STS,1,eb066c9b-dec5-40ad-91b3-ce3a8656c88e
b87526fe-c87c-49c7-824c-89fffe3c5930,STS-V,1,eb066c9b-dec5-40ad-91b3-ce3a8656c88e
094cd78e-1cef-42a5-ba1f-61b59d60f421,Vistiq,1,eb066c9b-dec5-40ad-91b3-ce3a8656c88e
285e6ca6-ea6c-417a-b854-3c6e5fb66bc0,XLR,1,eb066c9b-dec5-40ad-91b3-ce3a8656c88e
de2766d4-4bb7-4957-a4c3-e96d899b91be,XT4,1,eb066c9b-dec5-40ad-91b3-ce3a8656c88e
e92b1f7a-1f2d-472e-b82b-56849f0846f2,XT5,1,eb066c9b-dec5-40ad-91b3-ce3a8656c88e
25524700-61e4-480b-bd9e-62e3c0da5e91,XT6,1,eb066c9b-dec5-40ad-91b3-ce3a8656c88e
f5f3ba77-7c59-4bb6-98b5-fabff538d91e,XTS,1,eb066c9b-dec5-40ad-91b3-ce3a8656c88e
fbff4dc3-5157-455b-905e-106d1b1d36b8,C12,1,69e76277-4647-4dae-9eeb-74fd131354cc
b1b82916-5035-407c-8799-42a8720ce0e1,FX4,1,40eaab78-344a-4703-8fc5-346bdb4538c9
ff322323-c893-4c47-bf21-357ab17eeca9,21,1,80784434-a7b6-427e-8e41-ccf50118e3ef
66c326ac-2888-4e16-878b-52dc7a4de226,CSR,1,80784434-a7b6-427e-8e41-ccf50118e3ef
6275ddda-9545-4ca4-81c5-2cbf920c69b6,Seven,1,80784434-a7b6-427e-8e41-ccf50118e3ef
ff282da4-a336-4663-8e4a-0d3ff17a299e,Benni,1,6cdf1550-e3af-45af-a2b9-403d58ce1174
18149178-706b-4981-b6a5-1cd5db2ab57e,SC6390,1,6cdf1550-e3af-45af-a2b9-403d58ce1174
c9d0d542-41c9-49b9-90ae-66ed5a11b299,Alsvin,1,ae10b686-eac5-4b47-a4ec-ce62131e1472
a766d84b-096c-4628-8d89-34386096fddd,Alsvin V7,1,ae10b686-eac5-4b47-a4ec-ce62131e1472
88732577-dac4-4ee1-a8e8-c111180304fc,Auchan A600 EV,1,ae10b686-eac5-4b47-a4ec-ce62131e1472
fee320a6-59ff-49bd-841c-5a04e4887ed8,Benben E-Star,1,ae10b686-eac5-4b47-a4ec-ce62131e1472
06b8d3d1-f29a-494a-8a1d-4ca05ba65115,Benni,1,ae10b686-eac5-4b47-a4ec-ce62131e1472
96f51e11-c7a9-4cb1-ab2b-979792750ef6,Benni EC/EV,1,ae10b686-eac5-4b47-a4ec-ce62131e1472
c9afa3d7-94ee-4d46-a2d7-312d02fbdf5c,CM-8,1,ae10b686-eac5-4b47-a4ec-ce62131e1472
fd8887cb-ac92-4fa6-82ed-f83e77adef9d,CS15,1,ae10b686-eac5-4b47-a4ec-ce62131e1472
8ecf63a6-bce6-4016-a439-c03d26fc3190,CS35,1,ae10b686-eac5-4b47-a4ec-ce62131e1472
7a18ac3e-699e-4e3a-a56e-769c4c887a48,CS35 Plus,1,ae10b686-eac5-4b47-a4ec-ce62131e1472
d89565a9-22bf-4310-a9f2-1f1a81a10749,CS55,1,ae10b686-eac5-4b47-a4ec-ce62131e1472
b5ddb01b-b694-4d07-bf14-12b1a8339fc2,CS55 Plus,1,ae10b686-eac5-4b47-a4ec-ce62131e1472
a330eb17-4c35-45f5-9532-567d1ef9bb12,CS75,1,ae10b686-eac5-4b47-a4ec-ce62131e1472
6588e99e-a7ea-47a9-881f-c955cede6644,CS75 Plus,1,ae10b686-eac5-4b47-a4ec-ce62131e1472
ef5d2dca-4469-4137-b9df-22c7dbd6770f,CS85,1,ae10b686-eac5-4b47-a4ec-ce62131e1472
11b69880-f027-466c-9b1d-d51e13c50bd2,CS95,1,ae10b686-eac5-4b47-a4ec-ce62131e1472
0945b343-7a95-4e8a-8933-67a676962b4f,CS95 Plus,1,ae10b686-eac5-4b47-a4ec-ce62131e1472
78852d42-7aa5-4100-9073-f3cfb44eb4eb,CX20,1,ae10b686-eac5-4b47-a4ec-ce62131e1472
4b15f407-6908-466e-847c-5c46b0b58755,Oshan CX70,1,ae10b686-eac5-4b47-a4ec-ce62131e1472
235f3dab-b875-4006-9fe3-594ea7217437,Deepal G318,1,ae10b686-eac5-4b47-a4ec-ce62131e1472
b2c4e426-e6df-489d-8a9c-6133daf396f9,Deepal L07,1,ae10b686-eac5-4b47-a4ec-ce62131e1472
a067d3e8-4c1c-44d8-80cf-63263d1dc43e,Deepal S05,1,ae10b686-eac5-4b47-a4ec-ce62131e1472
ef73f1de-5933-4c3d-b577-4ee0c7e55e22,Deepal S09,1,ae10b686-eac5-4b47-a4ec-ce62131e1472
9a243efd-87d7-4236-a95a-9031d3f1b754,Eado,1,ae10b686-eac5-4b47-a4ec-ce62131e1472
ce9f03b7-659c-424b-a361-ab4615334b3d,Eado Plus,1,ae10b686-eac5-4b47-a4ec-ce62131e1472
b1a3332b-e9bd-4a23-940a-a15e5a3f0dfb,Lantuozhe (Explorer),1,ae10b686-eac5-4b47-a4ec-ce62131e1472
42a1bf0c-4810-4dba-987c-f2a9813dc8a3,Hunter,1,ae10b686-eac5-4b47-a4ec-ce62131e1472
e896c75b-f45e-49ea-81e4-a3dd6833d24c,Hunter Plus,1,ae10b686-eac5-4b47-a4ec-ce62131e1472
84689ba4-2f1b-482c-aea4-6d3a6d081acb,Kaicene F70,1,ae10b686-eac5-4b47-a4ec-ce62131e1472
f5a055db-f058-4ad6-8418-7e12824e01f6,Lamore,1,ae10b686-eac5-4b47-a4ec-ce62131e1472
5d530f4f-e53e-41ef-86dc-50fe478d71e6,Linmax,1,ae10b686-eac5-4b47-a4ec-ce62131e1472
22b24acd-93df-4ef9-91f5-30eda29bb912,Lumin,1,ae10b686-eac5-4b47-a4ec-ce62131e1472
ff94e7d1-e8a9-4cda-9663-d786ec6dfcfb,Oushan Changxing,1,ae10b686-eac5-4b47-a4ec-ce62131e1472
44ac9cc1-b9a6-4966-90cd-789e6c278762,Raeton,1,ae10b686-eac5-4b47-a4ec-ce62131e1472
d0c827b1-c6b0-4568-a822-2b49fbd67f97,Raeton CC,1,ae10b686-eac5-4b47-a4ec-ce62131e1472
00d994a9-ba2c-4d9f-a740-055b05c8b79e,Raeton Plus,1,ae10b686-eac5-4b47-a4ec-ce62131e1472
9797b4cd-6efd-4c6c-bee5-d892d17dbb7f,Deepal S07 (S7),1,ae10b686-eac5-4b47-a4ec-ce62131e1472
38dd18c7-4d96-4b30-8c1f-439390860141,Deepal SL03,1,ae10b686-eac5-4b47-a4ec-ce62131e1472
fe6f110c-1922-4b2a-b4ef-8cf425b8763e,UNI-K,1,ae10b686-eac5-4b47-a4ec-ce62131e1472
1b16ce8a-ada9-41ec-b742-3c94411ebb06,UNI-S (CS55 Plus),1,ae10b686-eac5-4b47-a4ec-ce62131e1472
595ce127-803a-4464-8aa5-954b1f879dca,UNI-T,1,ae10b686-eac5-4b47-a4ec-ce62131e1472
f5abc21e-a304-4930-8be4-1b2c77fbb760,UNI-V,1,ae10b686-eac5-4b47-a4ec-ce62131e1472
26113773-8b01-4bd1-ad39-991c3481cc3e,UNI-Z,1,ae10b686-eac5-4b47-a4ec-ce62131e1472
60af6384-eded-412c-bf1f-85f36ffdd548,X5 Plus,1,ae10b686-eac5-4b47-a4ec-ce62131e1472
799a58cf-8e37-4866-89ac-4a22a77cdae8,X7 Plus,1,ae10b686-eac5-4b47-a4ec-ce62131e1472
3af46bf9-2560-435a-85ef-cd4d46bc8b73,Yida,1,ae10b686-eac5-4b47-a4ec-ce62131e1472
57bae5f8-c4dd-4856-a945-787241d6499e,Z-Shine,1,ae10b686-eac5-4b47-a4ec-ce62131e1472
452ca886-5939-4419-94af-7d23d2c88098,SUV (CS6),1,1f6a7c61-ae2f-44db-a061-5e6404bcd0f9
2a20db72-561c-4ba1-817c-579743ac8b98,Flying,1,1f6a7c61-ae2f-44db-a061-5e6404bcd0f9
c125d521-29ac-4ecb-978b-690e169a5744,Liebao Leopard,1,1f6a7c61-ae2f-44db-a061-5e6404bcd0f9
0606ddde-08c9-47f4-a916-d5f8364c0165,Ideal,1,dd7b03a8-2829-4980-a7b9-409b48931906
f83819b7-d5f8-40c7-995b-2d3eaa746074,Amulet (A15),1,d49afeb0-fd76-4f8b-88c8-9a6e85948f2c
aba16d69-1a9e-4077-bb0e-4ed8a5fc5017,Arrizo 6,1,d49afeb0-fd76-4f8b-88c8-9a6e85948f2c
7d2409ce-41f2-49b4-942b-de0567cf0a5d,Arrizo 7,1,d49afeb0-fd76-4f8b-88c8-9a6e85948f2c
e12ec632-850a-4c6d-9cfe-f3538af53218,Arrizo 3,1,d49afeb0-fd76-4f8b-88c8-9a6e85948f2c
7ca0700e-941e-49c5-9d5a-c15e8abc65cd,Arrizo 5,1,d49afeb0-fd76-4f8b-88c8-9a6e85948f2c
88299305-d152-426a-abce-967300f5b220,Arrizo 5 GT,1,d49afeb0-fd76-4f8b-88c8-9a6e85948f2c
722d9a08-d651-4c29-9bda-70f411aacdb4,Arrizo 5 Plus,1,d49afeb0-fd76-4f8b-88c8-9a6e85948f2c
adf1efe0-74ff-47cf-829c-73fffbba1685,Arrizo 8,1,d49afeb0-fd76-4f8b-88c8-9a6e85948f2c
000d2695-216e-49cb-b7d2-b96168f53a53,Arrizo 8 Pro,1,d49afeb0-fd76-4f8b-88c8-9a6e85948f2c
131306b7-066c-461d-bd4d-19605e2c26d4,B13,1,d49afeb0-fd76-4f8b-88c8-9a6e85948f2c
bbcbde46-45cd-4ff9-874f-3552cc1c8b4f,Bonus (A13),1,d49afeb0-fd76-4f8b-88c8-9a6e85948f2c
da6e83e4-31cf-469a-9d62-183075b1579e,Bonus 3 (E3/A19),1,d49afeb0-fd76-4f8b-88c8-9a6e85948f2c
42a19943-ab69-499b-859a-7d3c7c619664,CrossEastar (B14),1,d49afeb0-fd76-4f8b-88c8-9a6e85948f2c
963683ce-c4ac-4043-af80-c2e60dfabb55,Domi,1,d49afeb0-fd76-4f8b-88c8-9a6e85948f2c
030c67bd-a7f8-4d80-bdb0-3191fc664857,E5,1,d49afeb0-fd76-4f8b-88c8-9a6e85948f2c
f0891cd7-5cf7-4c61-b38f-48cccad41ea2,eQ1,1,d49afeb0-fd76-4f8b-88c8-9a6e85948f2c
f9f4f504-1cc5-4a93-8751-4e9576818be7,eQ5,1,d49afeb0-fd76-4f8b-88c8-9a6e85948f2c
16158dfd-cda2-447a-83b7-e9b454e801d9,eQ7,1,d49afeb0-fd76-4f8b-88c8-9a6e85948f2c
d1186df0-993a-49bb-a223-f975026f5c0f,Explore 06,1,d49afeb0-fd76-4f8b-88c8-9a6e85948f2c
774596aa-5ef4-41b2-95c6-b560f4e24f5e,Face,1,d49afeb0-fd76-4f8b-88c8-9a6e85948f2c
a208b5e5-9402-4e66-8420-28e44b35b2a4,Fora (A21),1,d49afeb0-fd76-4f8b-88c8-9a6e85948f2c
3d71cda0-6dd3-4355-a219-ad30eab38d56,Fulwin A8,1,d49afeb0-fd76-4f8b-88c8-9a6e85948f2c
d39d8a83-1106-4a73-a3c9-776ba50003fb,Fulwin A9L,1,d49afeb0-fd76-4f8b-88c8-9a6e85948f2c
9617b902-d159-4841-aa93-c75d1d1d9785,Fulwin T10,1,d49afeb0-fd76-4f8b-88c8-9a6e85948f2c
8ea57e44-8c89-4058-b3b4-366b4698d1a6,Fulwin T6,1,d49afeb0-fd76-4f8b-88c8-9a6e85948f2c
8cf013b5-ccd0-4340-8485-504e86d1ef3d,Fulwin T8,1,d49afeb0-fd76-4f8b-88c8-9a6e85948f2c
57a97e16-04a6-4bbd-8762-83921cddba54,Fulwin T9,1,d49afeb0-fd76-4f8b-88c8-9a6e85948f2c
0617048c-36b6-4764-9a0a-7c0a1040c0f5,IndiS (S18D),1,d49afeb0-fd76-4f8b-88c8-9a6e85948f2c
b3ac7b12-ff68-4749-a211-02ed2829684c,Karry,1,d49afeb0-fd76-4f8b-88c8-9a6e85948f2c
de756e7c-0e76-44d4-9c65-8600a94f2599,Kimo (A1),1,d49afeb0-fd76-4f8b-88c8-9a6e85948f2c
472e2555-1a8f-4f3d-b391-787ee4bafb11,M11 (A3),1,d49afeb0-fd76-4f8b-88c8-9a6e85948f2c
aaf24bee-a3be-4733-b0ba-8263b7a0c3af,Omoda 5,1,d49afeb0-fd76-4f8b-88c8-9a6e85948f2c
4b323cfb-d358-44cc-b66a-29711ac489c6,Oriental Son (B11),1,d49afeb0-fd76-4f8b-88c8-9a6e85948f2c
a20f929a-8d4f-4ffe-b172-1f785546d98a,Sweet (QQ),1,d49afeb0-fd76-4f8b-88c8-9a6e85948f2c
9dd524bc-a4d0-4a0f-bd03-60fa21c1ef3e,QQ6 (S21),1,d49afeb0-fd76-4f8b-88c8-9a6e85948f2c
a2062a13-82ca-4ec6-9369-55c84e7a33b4,QQme,1,d49afeb0-fd76-4f8b-88c8-9a6e85948f2c
a9f7001b-39a2-46b8-93a8-bb536c5ec4e7,QQ Ice Cream,1,d49afeb0-fd76-4f8b-88c8-9a6e85948f2c
f307d163-0a02-49c0-93c7-67b7fe94c80f,Tiggo (T11),1,d49afeb0-fd76-4f8b-88c8-9a6e85948f2c
0dd78a1a-a7a4-4b67-a0a6-a30251956dfa,Tiggo 2,1,d49afeb0-fd76-4f8b-88c8-9a6e85948f2c
a09a5e9f-dfec-411c-bf67-ecd719d44674,Tiggo 2 Pro,1,d49afeb0-fd76-4f8b-88c8-9a6e85948f2c
19a5bbe9-4600-4573-ae84-70103cf043fd,Tiggo 3,1,d49afeb0-fd76-4f8b-88c8-9a6e85948f2c
c93195a6-f577-402b-99b6-562729821a96,Tiggo 3x,1,d49afeb0-fd76-4f8b-88c8-9a6e85948f2c
82911f0d-533e-4273-80fb-eaa78f452a99,Tiggo 3xe,1,d49afeb0-fd76-4f8b-88c8-9a6e85948f2c
ffffb8c7-9108-484d-9b00-2b946226f404,Tiggo 4,1,d49afeb0-fd76-4f8b-88c8-9a6e85948f2c
43427ada-3c63-42c5-a2f7-a532f702e326,Tiggo 4 Pro,1,d49afeb0-fd76-4f8b-88c8-9a6e85948f2c
40e51546-3845-4c7e-ad78-32fe392fa80c,Tiggo 5,1,d49afeb0-fd76-4f8b-88c8-9a6e85948f2c
8c3d70f9-eac5-4f72-b56d-a11d20ac8b6e,Tiggo 5x,1,d49afeb0-fd76-4f8b-88c8-9a6e85948f2c
327761c9-d95b-4883-b329-0a7e0426c0a4,Tiggo 7,1,d49afeb0-fd76-4f8b-88c8-9a6e85948f2c
ed20fba4-f03a-49d8-bb51-a7357b009144,Tiggo 7L,1,d49afeb0-fd76-4f8b-88c8-9a6e85948f2c
45985362-d836-4448-a2ce-587909aad493,Tiggo 7 Plus,1,d49afeb0-fd76-4f8b-88c8-9a6e85948f2c
b1162df3-d08e-4a83-9acd-bd6b9a7f31ae,Tiggo 7 Pro,1,d49afeb0-fd76-4f8b-88c8-9a6e85948f2c
32811fc7-71b6-4eff-bc8f-e81f0dae4bbd,Tiggo 7 Pro Max,1,d49afeb0-fd76-4f8b-88c8-9a6e85948f2c
2e98b51c-6215-4537-8252-d883bee254d2,Tiggo 7 Pro Plug-in Hybrid,1,d49afeb0-fd76-4f8b-88c8-9a6e85948f2c
e05c7988-8f79-4cfe-8687-e8f584863ba2,Tiggo 8,1,d49afeb0-fd76-4f8b-88c8-9a6e85948f2c
5e03fbdd-6efc-4df1-8eec-0ab5e0965c9c,Tiggo 8L,1,d49afeb0-fd76-4f8b-88c8-9a6e85948f2c
14eb12c1-aa92-49e8-a891-9980064e4bba,Tiggo 8 Plus,1,d49afeb0-fd76-4f8b-88c8-9a6e85948f2c
d65ffab5-fc94-41bd-acb2-9e472dd019b7,Tiggo 8 Pro,1,d49afeb0-fd76-4f8b-88c8-9a6e85948f2c
f725d15c-50c4-4c24-ab18-ef7a66323ec2,Tiggo 8 Pro e+,1,d49afeb0-fd76-4f8b-88c8-9a6e85948f2c
6ad5167c-3e46-4941-af4e-70ef16a67cc8,Tiggo 8 Pro Max,1,d49afeb0-fd76-4f8b-88c8-9a6e85948f2c
49e2b96c-282d-45af-a301-6c97ebfaaa2a,Tiggo 8 Pro Plug-in Hybrid,1,d49afeb0-fd76-4f8b-88c8-9a6e85948f2c
dcfe70ad-830a-4740-b509-b923ea83241c,Tiggo 9,1,d49afeb0-fd76-4f8b-88c8-9a6e85948f2c
d427efd1-b98a-4086-9a53-83d479699c79,Very (A13),1,d49afeb0-fd76-4f8b-88c8-9a6e85948f2c
b8c80e4b-3d34-4d0e-adde-71b02cd13360,Windcloud (A11),1,d49afeb0-fd76-4f8b-88c8-9a6e85948f2c
046b48a0-d58c-496a-900f-241f496ca751,Sterra ES,1,c6dee0e8-21f4-4c72-ae02-6ea6552e740b
ebb47c53-e8d5-425b-93a0-84b04bb841ca,Exlantix ES,1,c6dee0e8-21f4-4c72-ae02-6ea6552e740b
c46f8e46-0ebb-4df6-99a1-204f016b59cb,Exlantix ET,1,c6dee0e8-21f4-4c72-ae02-6ea6552e740b
c285da0a-b457-4cf4-8907-36bdd93634c9,LX,1,c6dee0e8-21f4-4c72-ae02-6ea6552e740b
614c331d-d910-461a-a156-d1a06bd124f8,RX,1,c6dee0e8-21f4-4c72-ae02-6ea6552e740b
a49a8ece-e71d-4cc2-9f5a-60ba8b41a85a,Sterra ET,1,c6dee0e8-21f4-4c72-ae02-6ea6552e740b
080bf477-909b-49cc-9d26-143f876fdd4e,TX,1,c6dee0e8-21f4-4c72-ae02-6ea6552e740b
c1dda7a3-7dea-472d-be84-da941207e1f2,TXL,1,c6dee0e8-21f4-4c72-ae02-6ea6552e740b
e33c327b-d840-45a3-8c4e-64e0f9135f6c,VX,1,c6dee0e8-21f4-4c72-ae02-6ea6552e740b
d2819a00-9098-467a-a0f1-52bec4e3543e,Yaoguang,1,c6dee0e8-21f4-4c72-ae02-6ea6552e740b
206b86cc-6f39-4d74-b1e5-8e0a3beb0db6,3000-Series,1,31366774-e420-4a3d-8f18-27fc2af924f2
ef37c00c-09d7-44fa-bbea-5d2b3339cfbd,Alero,1,31366774-e420-4a3d-8f18-27fc2af924f2
02b6c27c-ad87-4b89-9ab3-0e0d5d198435,Apache,1,31366774-e420-4a3d-8f18-27fc2af924f2
13f192d5-1ce2-4791-9ce5-4522c7b7fa6a,Astra,1,31366774-e420-4a3d-8f18-27fc2af924f2
b0ad2d32-1eed-4277-b48d-1af38015f9c8,Astro,1,31366774-e420-4a3d-8f18-27fc2af924f2
c08fdeb5-07fa-4a26-b19c-ca5ec9785d01,Avalanche,1,31366774-e420-4a3d-8f18-27fc2af924f2
71b4cf4e-397a-494c-b1e1-c59efbf5df18,Aveo,1,31366774-e420-4a3d-8f18-27fc2af924f2
e874b005-3e0c-4f18-b08a-1c17820ad746,Bel Air,1,31366774-e420-4a3d-8f18-27fc2af924f2
8fba567b-de23-4b38-9246-dd059cb75f95,Beretta,1,31366774-e420-4a3d-8f18-27fc2af924f2
2a90fff6-4294-4674-9215-edd703362989,Blazer,1,31366774-e420-4a3d-8f18-27fc2af924f2
66e6688c-15c6-42e3-ad48-13748de2d15b,Blazer EV,1,31366774-e420-4a3d-8f18-27fc2af924f2
14200be6-d2dd-4e9d-bfa6-703364c8cd2a,Bolt,1,31366774-e420-4a3d-8f18-27fc2af924f2
bf403d46-05a6-4e06-aa12-e83fe1fbb3e4,Bolt EUV,1,31366774-e420-4a3d-8f18-27fc2af924f2
c5e19c32-e02e-4f53-b661-60d18d1cbe53,Camaro,1,31366774-e420-4a3d-8f18-27fc2af924f2
03977dfc-4c47-4180-8c9a-2b730c4d1e00,Caprice,1,31366774-e420-4a3d-8f18-27fc2af924f2
8d5db24c-d7c8-41d6-88a0-66da69a70fcd,Captiva,1,31366774-e420-4a3d-8f18-27fc2af924f2
309e88ff-0347-496b-b865-a8916e52f307,Captiva Sport,1,31366774-e420-4a3d-8f18-27fc2af924f2
47b3eb53-d1ff-434c-9320-93f9afba5557,Cavalier,1,31366774-e420-4a3d-8f18-27fc2af924f2
18ee04f5-6e84-45ab-8621-9754530fbb21,Celebrity,1,31366774-e420-4a3d-8f18-27fc2af924f2
8728359e-17ef-4d12-a232-0add0f18f8af,Celta,1,31366774-e420-4a3d-8f18-27fc2af924f2
e1c896b0-6dc9-4d9f-a90b-18a59aa28ce6,Chevelle,1,31366774-e420-4a3d-8f18-27fc2af924f2
a0b6e1e6-6ccc-4ee8-bbe2-37206fd31e28,Chevette,1,31366774-e420-4a3d-8f18-27fc2af924f2
8bc46538-3091-406d-ae68-65533233834a,Citation,1,31366774-e420-4a3d-8f18-27fc2af924f2
17b5a7f7-f17c-4da9-a3dd-cb59330ae6a3,C/K,1,31366774-e420-4a3d-8f18-27fc2af924f2
799473d2-ca05-453c-bcbe-f88cea6c6c4d,Classic,1,31366774-e420-4a3d-8f18-27fc2af924f2
35b53d1e-e9b6-4cbf-9c52-eca313f5ac4a,Matiz,1,31366774-e420-4a3d-8f18-27fc2af924f2
80b4d68f-e89b-473f-9ae9-88ea31b5c0fc,Cobalt,1,31366774-e420-4a3d-8f18-27fc2af924f2
f9789e52-fc0e-4e96-b46f-8cb1ace6e669,Colorado,1,31366774-e420-4a3d-8f18-27fc2af924f2
b314a621-af45-4f83-8c00-fdd943f3855b,Corsa,1,31366774-e420-4a3d-8f18-27fc2af924f2
3ccbfcc2-954a-4563-b700-232fd15435df,Corsica,1,31366774-e420-4a3d-8f18-27fc2af924f2
b31a7d2d-77b2-4c15-9467-73c37c054072,Corvair,1,31366774-e420-4a3d-8f18-27fc2af924f2
c674ba8f-1583-4c0a-b0be-1f986f7e988a,Corvette,1,31366774-e420-4a3d-8f18-27fc2af924f2
ce8125ee-3cc6-4f30-991e-7cf4a813a3f0,Cruze,1,31366774-e420-4a3d-8f18-27fc2af924f2
e9e43cbe-1dbd-493f-8c3d-5143b11561eb,Cruze (HR),1,31366774-e420-4a3d-8f18-27fc2af924f2
79e1d0ea-839f-474c-b6ff-c47beb69733f,CSV CR8,1,31366774-e420-4a3d-8f18-27fc2af924f2
86c7cb57-d987-43a2-a206-69921487527c,C-10,1,31366774-e420-4a3d-8f18-27fc2af924f2
2f2e939f-90af-4d8c-b153-8162edb79dd6,Damas,1,31366774-e420-4a3d-8f18-27fc2af924f2
2604771b-e607-411d-bbf6-e498e764efdf,Deluxe,1,31366774-e420-4a3d-8f18-27fc2af924f2
d9904a60-3c3b-4b8d-8bce-b25ad7c74049,El Camino,1,31366774-e420-4a3d-8f18-27fc2af924f2
4fde7e2f-39f5-4886-9a75-6806a3cee2d6,Epica,1,31366774-e420-4a3d-8f18-27fc2af924f2
a87ee775-e47e-4654-88e3-8448630b8089,Equinox,1,31366774-e420-4a3d-8f18-27fc2af924f2
5ad7eb2a-6754-4c7f-b729-877f8280e5e7,Evanda,1,31366774-e420-4a3d-8f18-27fc2af924f2
a1f0c70a-7a56-4ab8-9c8e-904a3320cfb8,Express,1,31366774-e420-4a3d-8f18-27fc2af924f2
433c9918-648e-461c-a65f-92825f52f9ce,Fleetmaster,1,31366774-e420-4a3d-8f18-27fc2af924f2
0f5d7270-a219-4b34-9cd1-e4f7301da811,Groove,1,31366774-e420-4a3d-8f18-27fc2af924f2
13e5e2c9-b52c-4f58-9b69-f67903faa777,HHR,1,31366774-e420-4a3d-8f18-27fc2af924f2
6909218b-5882-4f6e-9701-8956623ffb95,Impala,1,31366774-e420-4a3d-8f18-27fc2af924f2
dc2fef60-1d56-401f-a842-f87c54de0636,Blazer K5,1,31366774-e420-4a3d-8f18-27fc2af924f2
e7aa6e0e-3038-4fd5-8872-bdaf4430dece,Kalos,1,31366774-e420-4a3d-8f18-27fc2af924f2
e6d11d69-2f67-4b7f-862a-2de962c92144,Lacetti,1,31366774-e420-4a3d-8f18-27fc2af924f2
87bffbfd-5779-4952-b466-f7a7f300cec3,Lanos,1,31366774-e420-4a3d-8f18-27fc2af924f2
d4f857e4-2177-47e6-9aa8-d973e78ba236,Lumina,1,31366774-e420-4a3d-8f18-27fc2af924f2
c1adf710-d06c-46e4-9f0e-e4dd39914abd,Lumina APV,1,31366774-e420-4a3d-8f18-27fc2af924f2
931e5d3d-8714-4b14-8fef-9ec8406dc368,LUV D-MAX,1,31366774-e420-4a3d-8f18-27fc2af924f2
7a1ed241-5426-430a-a393-b85057562759,Malibu,1,31366774-e420-4a3d-8f18-27fc2af924f2
fb94ff2d-536e-43c6-8777-a7d88658195d,Master,1,31366774-e420-4a3d-8f18-27fc2af924f2
59edf38a-f2f5-4ffe-8676-6dad7fc99dbb,Menlo,1,31366774-e420-4a3d-8f18-27fc2af924f2
897402e1-32d0-4e05-b214-2e5e640f6d99,Metro,1,31366774-e420-4a3d-8f18-27fc2af924f2
4d864b25-7dba-4416-841a-69a7d6ca5069,Monte Carlo,1,31366774-e420-4a3d-8f18-27fc2af924f2
f2f28473-4008-4ff0-8e57-11761cca271a,Monza,1,31366774-e420-4a3d-8f18-27fc2af924f2
9248dc4b-baa2-492a-aa18-f581c3e288dc,MW,1,31366774-e420-4a3d-8f18-27fc2af924f2
3e84db10-1a26-4b21-b998-5b15a495d058,Nexia,1,31366774-e420-4a3d-8f18-27fc2af924f2
60fa9521-db0c-4d9e-a060-c1846fb1589c,Niva,1,31366774-e420-4a3d-8f18-27fc2af924f2
04bc413c-09db-4b2a-9d0b-d57fde273aa9,Nova,1,31366774-e420-4a3d-8f18-27fc2af924f2
365306dd-a826-4285-80db-341b47fcfe58,Nubira,1,31366774-e420-4a3d-8f18-27fc2af924f2
3334dcf2-e22f-4c37-a9d8-89d35651b5a5,Omega,1,31366774-e420-4a3d-8f18-27fc2af924f2
2ad3c9a6-4fa1-4b18-92da-c52850b3feb8,Onix,1,31366774-e420-4a3d-8f18-27fc2af924f2
c26bbdcb-19b4-43c0-b1fb-3f304dc57a61,Orlando,1,31366774-e420-4a3d-8f18-27fc2af924f2
5560e01e-3cc5-4509-bad7-4b2b3f796363,Prizm,1,31366774-e420-4a3d-8f18-27fc2af924f2
18a0d149-0221-47bc-9073-fbe2f890bde9,Rezzo,1,31366774-e420-4a3d-8f18-27fc2af924f2
21faa2df-4600-43bc-84ed-9fef367e3910,Sail,1,31366774-e420-4a3d-8f18-27fc2af924f2
f60af318-8f3f-458c-8b5e-34bfbee25249,Seeker,1,31366774-e420-4a3d-8f18-27fc2af924f2
764ee073-3ad6-4087-9923-7484dd6116bd,Silverado,1,31366774-e420-4a3d-8f18-27fc2af924f2
bb2f9533-0330-4bfc-b5b3-803354dd0284,Sonic,1,31366774-e420-4a3d-8f18-27fc2af924f2
71277389-22ed-4c01-82c8-a949ab0092cb,Spark,1,31366774-e420-4a3d-8f18-27fc2af924f2
c3eadaca-4b5b-442a-9ed7-409c9d90e63f,Spark EUV,1,31366774-e420-4a3d-8f18-27fc2af924f2
9af1767d-8f48-422a-8ff8-26620e9fd87a,Special DeLuxe,1,31366774-e420-4a3d-8f18-27fc2af924f2
24926d92-005b-44d0-97ae-b68ca415db74,Spin,1,31366774-e420-4a3d-8f18-27fc2af924f2
0c889fbb-bea5-408c-a237-df05e3a0b687,SS,1,31366774-e420-4a3d-8f18-27fc2af924f2
86fceb3e-9a8f-4202-bdc3-bafa0fe9a30d,SSR,1,31366774-e420-4a3d-8f18-27fc2af924f2
58fc3a3a-b19e-4b1b-91af-5f2c10cda5cd,Standard,1,31366774-e420-4a3d-8f18-27fc2af924f2
5891ac09-6786-416d-af54-03a8815c273e,Starcraft,1,31366774-e420-4a3d-8f18-27fc2af924f2
ae7b63f7-c0d8-4b89-b305-e2b9d59adfdf,Suburban,1,31366774-e420-4a3d-8f18-27fc2af924f2
a14cf817-7ef4-4630-825c-ba7b0dd8aab0,S-10 Pickup,1,31366774-e420-4a3d-8f18-27fc2af924f2
95ae846e-bcf0-4626-a953-4b861b59726b,Tacuma,1,31366774-e420-4a3d-8f18-27fc2af924f2
60d3fc47-aa05-4544-a74b-bbb3c6582168,Tahoe,1,31366774-e420-4a3d-8f18-27fc2af924f2
3125cbc5-9d85-43cc-929e-f45b5343e8c7,Tavera,1,31366774-e420-4a3d-8f18-27fc2af924f2
40b896e7-ee6b-414c-8bc9-2898176e0c92,Tracker,1,31366774-e420-4a3d-8f18-27fc2af924f2
981146a1-1299-43f9-bc26-89b599a93e26,TrailBlazer,1,31366774-e420-4a3d-8f18-27fc2af924f2
b5f5e834-fad0-4c01-a651-87fb1df9bced,Trans Sport,1,31366774-e420-4a3d-8f18-27fc2af924f2
eb794cbe-b1b5-48e5-9ea0-065b4b0eb104,Traverse,1,31366774-e420-4a3d-8f18-27fc2af924f2
87916141-4f34-4e05-9542-1d7033ad2550,Trax,1,31366774-e420-4a3d-8f18-27fc2af924f2
3c92c1ed-75bd-4912-b7e7-e6752179e6cd,Uplander,1,31366774-e420-4a3d-8f18-27fc2af924f2
5f44c285-834e-4a04-942a-0add4c5cc79b,Van,1,31366774-e420-4a3d-8f18-27fc2af924f2
c6b52186-3cea-4f61-8f51-99d6805052fc,Vectra,1,31366774-e420-4a3d-8f18-27fc2af924f2
519bcbfd-ec35-4320-9409-4c24ee3b657b,Venture,1,31366774-e420-4a3d-8f18-27fc2af924f2
a0ab9926-7fe9-441e-b25b-a0c8d8d127be,Viva,1,31366774-e420-4a3d-8f18-27fc2af924f2
725aafff-ecba-4960-befb-24cc0ff6fc90,Volt,1,31366774-e420-4a3d-8f18-27fc2af924f2
5391a232-27f5-409e-b8d6-2e8364778b4f,Zafira,1,31366774-e420-4a3d-8f18-27fc2af924f2
8e1148b9-69ed-43ff-9b3c-76901b36fbc5,180,1,5b779cef-19b7-4f96-b944-4fa2c0accc4c
dc7c4179-4819-44a0-a583-996c6cd1bce2,200,1,5b779cef-19b7-4f96-b944-4fa2c0accc4c
fb6d0028-ea1e-4e5e-9fe5-06ce1cde4d18,300,1,5b779cef-19b7-4f96-b944-4fa2c0accc4c
283b7b0e-2f3c-4598-b880-dedfaa43b3c3,300C,1,5b779cef-19b7-4f96-b944-4fa2c0accc4c
4d256c61-8a65-4b4a-abba-600c013f280a,300M,1,5b779cef-19b7-4f96-b944-4fa2c0accc4c
e31665ff-9050-4db9-be43-56bb21f0b487,300 Letter Series,1,5b779cef-19b7-4f96-b944-4fa2c0accc4c
3f65e712-f8b4-4bb5-911e-7735745b13da,Aspen,1,5b779cef-19b7-4f96-b944-4fa2c0accc4c
d804d0cf-f9fe-4ce5-9f7a-616e53d855ab,Cirrus,1,5b779cef-19b7-4f96-b944-4fa2c0accc4c
b8d03d97-abdb-4d4d-b3b1-e39d0c95c92b,Concorde,1,5b779cef-19b7-4f96-b944-4fa2c0accc4c
ec914a22-660a-40d7-ab20-5f7ed6fc9afc,Cordoba,1,5b779cef-19b7-4f96-b944-4fa2c0accc4c
3de606ee-caed-48d9-9995-d4941e3c6653,Crossfire,1,5b779cef-19b7-4f96-b944-4fa2c0accc4c
633a52b5-1ffd-487f-8218-79411ec365b7,Daytona,1,5b779cef-19b7-4f96-b944-4fa2c0accc4c
710b7c21-7925-41b3-a27f-160a6e7d63a5,Dynasty,1,5b779cef-19b7-4f96-b944-4fa2c0accc4c
2ac5357b-f342-41af-aadc-97ba59161f0e,ES,1,5b779cef-19b7-4f96-b944-4fa2c0accc4c
f06c1373-6eb5-4f6a-a34e-0146c129f2df,Fifth Avenue,1,5b779cef-19b7-4f96-b944-4fa2c0accc4c
a59c7da6-22c7-475c-bccb-8f56cd6a846d,Imperial,1,5b779cef-19b7-4f96-b944-4fa2c0accc4c
7e3e6a3c-6b58-427a-8ee3-04aff7bdd5e6,Imperial Crown,1,5b779cef-19b7-4f96-b944-4fa2c0accc4c
5c847734-5ccf-425c-ac6d-fb38358c5886,Intrepid,1,5b779cef-19b7-4f96-b944-4fa2c0accc4c
a876cae0-8488-4f2d-8b1f-3724e906bb2a,LeBaron,1,5b779cef-19b7-4f96-b944-4fa2c0accc4c
f859b1c0-98fa-4624-82a1-c0d56afe6a77,LHS,1,5b779cef-19b7-4f96-b944-4fa2c0accc4c
c423c181-279d-453e-8457-a8b0d9b66ccb,Nassau,1,5b779cef-19b7-4f96-b944-4fa2c0accc4c
b0a5b1e9-2a81-4d37-92ef-0123099fc51f,Neon,1,5b779cef-19b7-4f96-b944-4fa2c0accc4c
c6cb05d7-5f67-4e93-8dc5-d36e0fac5ecf,Newport,1,5b779cef-19b7-4f96-b944-4fa2c0accc4c
755aeb12-5af1-4dec-8afb-02f508d26fa2,New Yorker,1,5b779cef-19b7-4f96-b944-4fa2c0accc4c
308a363e-b4a3-4fe7-bf89-8880f96180d4,Pacifica,1,5b779cef-19b7-4f96-b944-4fa2c0accc4c
e4fe7b70-8a35-4804-bcac-4da386434af6,Prowler,1,5b779cef-19b7-4f96-b944-4fa2c0accc4c
dd81668c-4825-446a-a614-deafb9c378d7,PT Cruiser,1,5b779cef-19b7-4f96-b944-4fa2c0accc4c
648ae47a-ee26-4729-9a09-ea89504b83a6,Saratoga,1,5b779cef-19b7-4f96-b944-4fa2c0accc4c
a6aae984-a930-474e-9e8f-1e5513960f2e,Sebring,1,5b779cef-19b7-4f96-b944-4fa2c0accc4c
cfcacc5a-1086-4718-b46d-154c8b11aada,Six,1,5b779cef-19b7-4f96-b944-4fa2c0accc4c
302a81ec-602a-43ab-8c0c-c9f419786790,Stratus,1,5b779cef-19b7-4f96-b944-4fa2c0accc4c
2da85799-db75-4e3f-b63b-497f3941e32f,TC by Maserati,1,5b779cef-19b7-4f96-b944-4fa2c0accc4c
98c4d81f-f886-41fe-ae2f-b276ff038908,Town & Country,1,5b779cef-19b7-4f96-b944-4fa2c0accc4c
dd73078f-5447-4196-a97a-ca8816a5e223,Viper,1,5b779cef-19b7-4f96-b944-4fa2c0accc4c
bd9ab17e-76d5-41bb-a653-6850c3ea69d8,Vision,1,5b779cef-19b7-4f96-b944-4fa2c0accc4c
b974fb00-336a-4296-99ea-75997fbbc173,Voyager,1,5b779cef-19b7-4f96-b944-4fa2c0accc4c
1020b007-9834-42c3-b6a9-8e94a2742bc9,Windsor,1,5b779cef-19b7-4f96-b944-4fa2c0accc4c
6b1f2d79-9d5c-4c45-8b0e-9169c3def673,Ypsilon,1,5b779cef-19b7-4f96-b944-4fa2c0accc4c
9415ead3-1cb5-491e-bc93-f3721cdaa8a4,M-NV,1,237dcef0-e8c3-4bd7-b017-ef105de44c80
e3843236-d6a7-4c76-9e7f-b3cd4ad1d672,X-NV,1,237dcef0-e8c3-4bd7-b017-ef105de44c80
de24c1ee-7894-45d8-b873-5c5191f87af1,2 CV,1,c7f1521d-938b-4731-8188-cf02a3f0b990
056cc828-2b07-43b8-8a8a-fde5c2b674e6,Ami,1,c7f1521d-938b-4731-8188-cf02a3f0b990
644ae87c-07c0-4c58-8aeb-d3184708c3fd,Ami EV,1,c7f1521d-938b-4731-8188-cf02a3f0b990
b99f108b-ca6a-4c91-9a1d-26e35e8d802c,AX,1,c7f1521d-938b-4731-8188-cf02a3f0b990
70aa6ade-76cb-42c0-9fd0-405b85c19a00,Basalt,1,c7f1521d-938b-4731-8188-cf02a3f0b990
09a29440-81c1-4e95-a533-13db3ad7dea4,Berlingo,1,c7f1521d-938b-4731-8188-cf02a3f0b990
e016c420-5e2a-446a-b4f4-0e4c45e81d0d,BX,1,c7f1521d-938b-4731-8188-cf02a3f0b990
8150935d-c1c8-44f7-8e07-1c14c0f4b481,C1,1,c7f1521d-938b-4731-8188-cf02a3f0b990
bee222c8-ec0c-4ba5-8ab2-b22b02a3d293,C2,1,c7f1521d-938b-4731-8188-cf02a3f0b990
a2148498-de6a-4a26-827a-ab0f33928c71,C3,1,c7f1521d-938b-4731-8188-cf02a3f0b990
8dfa44fd-f223-42eb-9350-7c938acd5800,C3L,1,c7f1521d-938b-4731-8188-cf02a3f0b990
c50e3bf9-5a80-4cd3-966b-e38910186db5,C3 Aircross,1,c7f1521d-938b-4731-8188-cf02a3f0b990
12d3844d-cd94-42f5-86cc-3b74ba9b66d7,C3 Picasso,1,c7f1521d-938b-4731-8188-cf02a3f0b990
23077e26-87fa-4da7-95a6-25182a2b14bd,C3-XR,1,c7f1521d-938b-4731-8188-cf02a3f0b990
421c5db9-172f-46c3-8d93-a80efe3bfc2d,C4,1,c7f1521d-938b-4731-8188-cf02a3f0b990
b53f7f51-4278-431d-9b5a-31250a951a72,C4 Aircross,1,c7f1521d-938b-4731-8188-cf02a3f0b990
3185d279-d4a1-4e5a-a613-9e3e792317dc,C4 Cactus,1,c7f1521d-938b-4731-8188-cf02a3f0b990
abbbb43c-232c-4007-82d3-32787adb2f6f,C4 Picasso,1,c7f1521d-938b-4731-8188-cf02a3f0b990
979e1714-0be0-4a7e-92fa-acb95352e91b,C4 SpaceTourer,1,c7f1521d-938b-4731-8188-cf02a3f0b990
eada3292-cb56-4c10-b4ac-4aeefe48d896,C5,1,c7f1521d-938b-4731-8188-cf02a3f0b990
aa33fc7f-abda-4b84-8f30-fc9e0aa518d7,C5 Aircross,1,c7f1521d-938b-4731-8188-cf02a3f0b990
e67f55f9-8de9-4275-adc0-c14628dae86d,C5 X,1,c7f1521d-938b-4731-8188-cf02a3f0b990
d7412ff1-2ce8-41bc-b6dd-8136938c23db,C6,1,c7f1521d-938b-4731-8188-cf02a3f0b990
8d3c133e-349e-407c-a76a-9d89ab6bf765,C8,1,c7f1521d-938b-4731-8188-cf02a3f0b990
3cb8542e-298b-411f-9b6e-447724aec3fc,CX,1,c7f1521d-938b-4731-8188-cf02a3f0b990
4e0db2a9-7de0-4a29-86c2-56599fbdfd1f,C-Crosser,1,c7f1521d-938b-4731-8188-cf02a3f0b990
c5618d99-409f-447e-bbdb-e2fb557a4842,C-Elysee,1,c7f1521d-938b-4731-8188-cf02a3f0b990
29e6cb38-76c0-4bdd-9879-e128c657449f,C-Quatre,1,c7f1521d-938b-4731-8188-cf02a3f0b990
cfd0a041-d287-4c58-8eb7-1e034dab7182,C-Triomphe,1,c7f1521d-938b-4731-8188-cf02a3f0b990
d162cbe9-6eb5-4bd5-b6e9-9b3581e8225d,C-ZERO,1,c7f1521d-938b-4731-8188-cf02a3f0b990
8f6ccea9-fc17-4c54-a60a-b17c99d599ab,DS,1,c7f1521d-938b-4731-8188-cf02a3f0b990
681fbcce-1c1a-4e11-ab40-c68b1f137420,DS3,1,c7f1521d-938b-4731-8188-cf02a3f0b990
60f38776-a539-4571-9441-baeee9bbd428,DS4,1,c7f1521d-938b-4731-8188-cf02a3f0b990
b0918fba-0907-4193-ba04-7c5f27ad9920,DS5,1,c7f1521d-938b-4731-8188-cf02a3f0b990
684536a8-8eaa-4300-8949-53922b94b89e,Dyane,1,c7f1521d-938b-4731-8188-cf02a3f0b990
40053783-c292-4dd0-981d-672cf7c7d37e,Evasion,1,c7f1521d-938b-4731-8188-cf02a3f0b990
38d387ae-ce27-45c9-9269-e19973d53ff6,E-Mehari,1,c7f1521d-938b-4731-8188-cf02a3f0b990
2fd6bfed-37e0-4a19-b2b4-ed8d1e21dc64,GS,1,c7f1521d-938b-4731-8188-cf02a3f0b990
f36a1f03-caab-4290-b4c8-030bb0585f22,Jumpy,1,c7f1521d-938b-4731-8188-cf02a3f0b990
dc5d991a-c525-4c81-bdf7-f3a439ea2035,LN,1,c7f1521d-938b-4731-8188-cf02a3f0b990
25ffa04b-a3a0-495e-9295-a607d99a37d1,Nemo,1,c7f1521d-938b-4731-8188-cf02a3f0b990
0bca75b0-d958-433c-918f-ec9b15d31e61,Saxo,1,c7f1521d-938b-4731-8188-cf02a3f0b990
d00be316-6658-4aec-aa0a-964aa783863f,SM,1,c7f1521d-938b-4731-8188-cf02a3f0b990
3dd6bdbf-745a-4275-a0a6-9c12cc18501c,SpaceTourer,1,c7f1521d-938b-4731-8188-cf02a3f0b990
f4f0a12b-a683-4efa-9130-4476d618cc23,Traction Avant,1,c7f1521d-938b-4731-8188-cf02a3f0b990
7d3f60de-0ca2-4b3c-919b-7c692761127f,Visa,1,c7f1521d-938b-4731-8188-cf02a3f0b990
9568f10e-8d26-4fc0-9f37-e48fc821b251,Xantia,1,c7f1521d-938b-4731-8188-cf02a3f0b990
e03635df-cb21-4fa9-9d2d-b25f02300ea4,XM,1,c7f1521d-938b-4731-8188-cf02a3f0b990
aa3eeac2-3b75-4e65-8344-c624dd25cb5c,Xsara,1,c7f1521d-938b-4731-8188-cf02a3f0b990
d00eae06-b69e-4a7c-965c-fe6fb12d9db6,Xsara Picasso,1,c7f1521d-938b-4731-8188-cf02a3f0b990
9329581a-61db-48ab-9905-343644d52788,ZX,1,c7f1521d-938b-4731-8188-cf02a3f0b990
016cc5ee-44c6-4026-b5df-a2994c0cd1f2,V16t,1,840ad4ef-4c54-4a5f-9ea0-f130704ba584
7bfb6830-5317-4052-b360-fb0278006e3d,EV,1,640de6ca-a850-48e6-8558-4cd601c030f6
65da78f9-cf15-4aa1-af81-ce176d2f8421,T Rex,1,f29c0ff0-8528-4e8f-b53d-78bbec35b4e4
55feb1d0-d52a-497c-8afb-8effd8ae1cf9,L-29,1,ab3a5003-7e58-43e0-b813-35f1f1c89497
e6929557-8c34-4b0a-ae0a-3ac3932f0aa5,Showjet,1,9b1e3c3f-1a79-4270-b439-1eb7939d9d1e
defb440d-3411-4ca5-b81c-d3cd6b333bb0,Ateca,1,aed00153-9cd7-4d90-9cd7-8ae52fd5d37d
5852237b-cc50-4823-a352-950e3b4c95fb,Born,1,aed00153-9cd7-4d90-9cd7-8ae52fd5d37d
1307c56f-44f1-462e-a537-d6ae74a59eb4,Formentor,1,aed00153-9cd7-4d90-9cd7-8ae52fd5d37d
2a42f179-1c72-4bdd-9684-307c40dd69ec,Leon,1,aed00153-9cd7-4d90-9cd7-8ae52fd5d37d
d5df1de8-bde8-446e-90e2-c5aabeabc844,Tavascan,1,aed00153-9cd7-4d90-9cd7-8ae52fd5d37d
9a60fb91-e2ad-465f-a393-1cfd9dcbcaf4,Terramar,1,aed00153-9cd7-4d90-9cd7-8ae52fd5d37d
4ae1a288-8013-4bb2-8d82-b53c56b974a9,1300,1,bf8c1c6b-3ac1-4df2-9e4b-e3f86ffc0c04
b00aef28-4227-42e2-958b-aaad76e0d0ff,1310,1,bf8c1c6b-3ac1-4df2-9e4b-e3f86ffc0c04
725f6664-ee3e-4884-bf82-1b304bc96b47,1410,1,bf8c1c6b-3ac1-4df2-9e4b-e3f86ffc0c04
1981aebf-305f-4573-acea-8388332c3db8,Bigster,1,bf8c1c6b-3ac1-4df2-9e4b-e3f86ffc0c04
7a6e7422-6475-4274-9b8d-659d97d34ab9,Dokker,1,bf8c1c6b-3ac1-4df2-9e4b-e3f86ffc0c04
571301e4-111c-4fad-a260-730687224038,Duster,1,bf8c1c6b-3ac1-4df2-9e4b-e3f86ffc0c04
ac66f5a4-82e6-4781-be2d-2e943a443e05,Jogger,1,bf8c1c6b-3ac1-4df2-9e4b-e3f86ffc0c04
1de57465-a95b-4874-b86d-205d549ccd9d,Lodgy,1,bf8c1c6b-3ac1-4df2-9e4b-e3f86ffc0c04
a9239ae2-1cb8-41ad-aefb-6106361841c1,Logan,1,bf8c1c6b-3ac1-4df2-9e4b-e3f86ffc0c04
d37b4ed9-7cec-44a4-b085-870f38a5ea9d,Nova,1,bf8c1c6b-3ac1-4df2-9e4b-e3f86ffc0c04
467b3bfe-14ba-4fa6-89a5-b3d2f60dc20f,Pick-Up,1,bf8c1c6b-3ac1-4df2-9e4b-e3f86ffc0c04
f1067ddf-37c1-46bf-b0a9-5539bb1dfec2,Sandero,1,bf8c1c6b-3ac1-4df2-9e4b-e3f86ffc0c04
68570c84-0f36-4f76-a6e1-b51c08c062d5,Solenza,1,bf8c1c6b-3ac1-4df2-9e4b-e3f86ffc0c04
3ee41b1c-9659-4bd8-bfbd-3ad62311e07f,Spring,1,bf8c1c6b-3ac1-4df2-9e4b-e3f86ffc0c04
e550ba3f-9242-4f0b-bf07-dfc3623341a7,SuperNova,1,bf8c1c6b-3ac1-4df2-9e4b-e3f86ffc0c04
e1329ca4-2e31-4c3e-8a7d-00aaca0f19d0,City Leading,1,c07c6415-e41d-4e6e-a4f1-279e39ab48d4
e78ed962-3627-40cd-9b6b-3cdec5f5a2b2,Shuttle,1,c07c6415-e41d-4e6e-a4f1-279e39ab48d4
374488ac-dac2-4af8-97a1-cfebcd9925f8,Smoothing,1,c07c6415-e41d-4e6e-a4f1-279e39ab48d4
c4906be1-bf34-4ec1-b8b6-07d36f301fad,Alpheon,1,d88cfcfe-9bfa-42fe-aa75-a23b9b8d3337
50f601bc-7ef2-4a7c-911c-5306ddb38ecd,Arcadia,1,d88cfcfe-9bfa-42fe-aa75-a23b9b8d3337
39dc94ce-c9ac-424c-98ab-75a174efb68a,Chairman,1,d88cfcfe-9bfa-42fe-aa75-a23b9b8d3337
df330baf-d44b-4842-a0e9-9d89ae132cd7,Damas,1,d88cfcfe-9bfa-42fe-aa75-a23b9b8d3337
efeb41b0-0979-45fe-8ce6-34cdddc42e0d,Espero,1,d88cfcfe-9bfa-42fe-aa75-a23b9b8d3337
2697c0e3-182b-4e6e-8b2e-88748921cacc,Evanda,1,d88cfcfe-9bfa-42fe-aa75-a23b9b8d3337
bbba8d56-f4ea-4b23-b5bd-eeca382307bc,G2X,1,d88cfcfe-9bfa-42fe-aa75-a23b9b8d3337
94b6ae40-0a79-41ae-a3c6-bed47b33f1ef,Gentra,1,d88cfcfe-9bfa-42fe-aa75-a23b9b8d3337
4d592e00-431d-40eb-ad0a-f91ef7b22188,Kalos,1,d88cfcfe-9bfa-42fe-aa75-a23b9b8d3337
902d9999-b30e-4513-bd06-0f5fc8b0b1df,Korando,1,d88cfcfe-9bfa-42fe-aa75-a23b9b8d3337
8ed345ad-0fcf-4545-996d-e688397f8cee,Lacetti,1,d88cfcfe-9bfa-42fe-aa75-a23b9b8d3337
05f916dc-74bd-4a7e-9047-909ef4615dfe,Lacetti Premiere,1,d88cfcfe-9bfa-42fe-aa75-a23b9b8d3337
9bc673ce-c74d-4aed-b907-1942d296f94a,Lanos,1,d88cfcfe-9bfa-42fe-aa75-a23b9b8d3337
59578883-a97a-4f65-ad79-26375a7f7b02,Leganza,1,d88cfcfe-9bfa-42fe-aa75-a23b9b8d3337
5cb850ed-9e13-42e7-a34d-7d4d9d22a5e5,LeMans,1,d88cfcfe-9bfa-42fe-aa75-a23b9b8d3337
4baa89a6-5f3a-4ee0-889a-b328b8d96565,Magnus,1,d88cfcfe-9bfa-42fe-aa75-a23b9b8d3337
0f4d83df-dde7-4283-a852-4c1cb3f92758,Matiz,1,d88cfcfe-9bfa-42fe-aa75-a23b9b8d3337
2bd8d18e-791b-4b9f-b316-e82141ab6fa7,Matiz Creative,1,d88cfcfe-9bfa-42fe-aa75-a23b9b8d3337
d657484d-b690-4349-91cc-2c6ae9bfefa7,Musso,1,d88cfcfe-9bfa-42fe-aa75-a23b9b8d3337
7863d824-a20d-4d3c-bc31-0a99679405ee,Nexia,1,d88cfcfe-9bfa-42fe-aa75-a23b9b8d3337
6debc905-816b-48b6-9651-eb2acab744e3,Nubira,1,d88cfcfe-9bfa-42fe-aa75-a23b9b8d3337
fd108e9f-ba27-430f-87ae-fb1e412bf1a5,Prince,1,d88cfcfe-9bfa-42fe-aa75-a23b9b8d3337
47db1313-8366-4ba8-af15-fb77e9e94077,Racer,1,d88cfcfe-9bfa-42fe-aa75-a23b9b8d3337
ea9e0956-a72b-4c8e-86ed-f79790d593a3,Rezzo,1,d88cfcfe-9bfa-42fe-aa75-a23b9b8d3337
4fe7449b-ef57-47bd-90db-e07dd4309922,Royale,1,d88cfcfe-9bfa-42fe-aa75-a23b9b8d3337
24745b2e-4c85-4ac3-b011-fc173213109f,Sens,1,d88cfcfe-9bfa-42fe-aa75-a23b9b8d3337
47bd5019-117f-4c37-8cc0-13a413484b3e,Tacuma,1,d88cfcfe-9bfa-42fe-aa75-a23b9b8d3337
8d53f08e-daf7-48af-bdf7-659244c7e85d,Tico,1,d88cfcfe-9bfa-42fe-aa75-a23b9b8d3337
42df532b-b741-4a11-af9d-3ee514ddba39,Tosca,1,d88cfcfe-9bfa-42fe-aa75-a23b9b8d3337
2793d835-687e-4699-bd0c-5d0b199811e6,Winstorm,1,d88cfcfe-9bfa-42fe-aa75-a23b9b8d3337
0b554ac5-309d-4bf7-913a-ac3e2fc32979,Altis,1,5a4a5dd5-e6f0-4878-9780-ebc4f19d4bfc
7ce1b436-64d7-4e91-a479-e9872592e3f8,Applause,1,5a4a5dd5-e6f0-4878-9780-ebc4f19d4bfc
cc482d7d-f9dd-4856-83f6-27eaa06e8b6e,Atrai,1,5a4a5dd5-e6f0-4878-9780-ebc4f19d4bfc
5026b57f-3649-4e88-a2a7-c62165a0c9f5,Bee,1,5a4a5dd5-e6f0-4878-9780-ebc4f19d4bfc
3aaf8403-5286-4401-a28b-6a877cbf30cb,Be-go,1,5a4a5dd5-e6f0-4878-9780-ebc4f19d4bfc
44ee8f06-ea68-46ff-8cba-f8a830550986,Boon,1,5a4a5dd5-e6f0-4878-9780-ebc4f19d4bfc
82e6a77a-2ccd-4b18-8ed3-e9ce09c36447,Boon Luminas,1,5a4a5dd5-e6f0-4878-9780-ebc4f19d4bfc
49ec52e1-afea-4304-8be1-4213306c2c20,Cast,1,5a4a5dd5-e6f0-4878-9780-ebc4f19d4bfc
4e2ed1d2-6e8e-4bc7-a916-75d277707081,Ceria,1,5a4a5dd5-e6f0-4878-9780-ebc4f19d4bfc
f9186cdd-eb05-46a8-baeb-d35aaa26ffed,Charade,1,5a4a5dd5-e6f0-4878-9780-ebc4f19d4bfc
ab60cae8-c5d2-4dd5-a3cf-f30cfba9c2d8,Charmant,1,5a4a5dd5-e6f0-4878-9780-ebc4f19d4bfc
c71efdef-8a54-49fd-8223-afa0aa9478b5,Coo,1,5a4a5dd5-e6f0-4878-9780-ebc4f19d4bfc
d8b436cf-77ec-4b3a-9946-f062f2dff856,Copen,1,5a4a5dd5-e6f0-4878-9780-ebc4f19d4bfc
405129cc-98a0-46a1-8205-7895d5c75ae6,Cuore,1,5a4a5dd5-e6f0-4878-9780-ebc4f19d4bfc
cab661c4-c19d-47f5-8c93-551bd4e3f514,Delta Wagon,1,5a4a5dd5-e6f0-4878-9780-ebc4f19d4bfc
8cf489e0-cbcd-40b5-8a80-5416a9e8f1b2,Esse,1,5a4a5dd5-e6f0-4878-9780-ebc4f19d4bfc
a1bcae34-a67f-42f2-b68b-b941dedbb921,Extol,1,5a4a5dd5-e6f0-4878-9780-ebc4f19d4bfc
c9fb9eb6-0c24-4bbb-bbac-189ba9503534,Fellow,1,5a4a5dd5-e6f0-4878-9780-ebc4f19d4bfc
871cce28-ec07-47fb-b225-3009cfbf52eb,Feroza,1,5a4a5dd5-e6f0-4878-9780-ebc4f19d4bfc
c50bc5dd-00c3-400f-a741-5f7d588aff36,Gran Move,1,5a4a5dd5-e6f0-4878-9780-ebc4f19d4bfc
875258b1-f75e-4885-8863-4d5213b43c8d,Hijet,1,5a4a5dd5-e6f0-4878-9780-ebc4f19d4bfc
a2bbff90-581f-478b-b3aa-65a132212e19,Hijet Caddie,1,5a4a5dd5-e6f0-4878-9780-ebc4f19d4bfc
0bdda350-c5a9-47fb-b40e-5e7a596caaf0,Leeza,1,5a4a5dd5-e6f0-4878-9780-ebc4f19d4bfc
ed78516a-3a1d-440e-b083-1a202788bb11,Materia,1,5a4a5dd5-e6f0-4878-9780-ebc4f19d4bfc
8c8c1f69-abc4-4aca-8074-144b4b103c41,MAX,1,5a4a5dd5-e6f0-4878-9780-ebc4f19d4bfc
66d6b4c3-13fc-4ea1-b297-ac3ae884bff2,Mebius,1,5a4a5dd5-e6f0-4878-9780-ebc4f19d4bfc
5a4fb516-0d16-4076-a927-e0d1c15e1c7c,Midget,1,5a4a5dd5-e6f0-4878-9780-ebc4f19d4bfc
e2220b52-febc-4ad1-9a82-7c1a5b8c4355,Mira,1,5a4a5dd5-e6f0-4878-9780-ebc4f19d4bfc
7cbbd5c8-bfca-458a-904d-3b26b35cd70e,Mira Cocoa,1,5a4a5dd5-e6f0-4878-9780-ebc4f19d4bfc
913d2bae-1b84-473e-b11f-ed0330b50e01,Mira e:S,1,5a4a5dd5-e6f0-4878-9780-ebc4f19d4bfc
fbad4ac8-e688-40dd-a470-5346e3559587,Mira Gino,1,5a4a5dd5-e6f0-4878-9780-ebc4f19d4bfc
f16c5c61-986c-4bbb-a4b7-b0a3ae915e53,Mira Tocot,1,5a4a5dd5-e6f0-4878-9780-ebc4f19d4bfc
99cb2272-0028-4544-9bec-75959122ec74,Move,1,5a4a5dd5-e6f0-4878-9780-ebc4f19d4bfc
86f9f176-c7cb-4644-ae49-5638cfc33866,Move Canbus,1,5a4a5dd5-e6f0-4878-9780-ebc4f19d4bfc
d1f71478-8448-427a-b60f-1f49e4f59b30,Move Conte,1,5a4a5dd5-e6f0-4878-9780-ebc4f19d4bfc
4c8cde27-11d3-452c-b11e-97163ea9b885,Move Latte,1,5a4a5dd5-e6f0-4878-9780-ebc4f19d4bfc
b393ae00-c72b-479f-b856-1931dc9ba521,Naked,1,5a4a5dd5-e6f0-4878-9780-ebc4f19d4bfc
575dd51b-c535-4086-ae64-ec482e1e81d6,Opti,1,5a4a5dd5-e6f0-4878-9780-ebc4f19d4bfc
68de9b1f-26d7-4639-8925-4736baf95d2d,Pyzar,1,5a4a5dd5-e6f0-4878-9780-ebc4f19d4bfc
1b0b24b5-0c2b-4ca1-be9a-7f8e4310b935,Rocky,1,5a4a5dd5-e6f0-4878-9780-ebc4f19d4bfc
615183b7-dfd0-43e9-b6c1-f975e5f8001a,Rugger,1,5a4a5dd5-e6f0-4878-9780-ebc4f19d4bfc
3887d26c-39f4-402d-8b88-763831a42764,Sirion,1,5a4a5dd5-e6f0-4878-9780-ebc4f19d4bfc
4590c521-1c9d-4041-8679-697d06482be7,Sonica,1,5a4a5dd5-e6f0-4878-9780-ebc4f19d4bfc
3d0aed13-7e6f-42e9-be0f-c7a10ff41654,Storia,1,5a4a5dd5-e6f0-4878-9780-ebc4f19d4bfc
89b10f29-b664-4517-a5ef-bf83c7874ef9,Taft,1,5a4a5dd5-e6f0-4878-9780-ebc4f19d4bfc
a9c678c4-6373-4cad-a0ff-28124ce13853,Tanto,1,5a4a5dd5-e6f0-4878-9780-ebc4f19d4bfc
2be77a1c-954b-4dae-bee9-bcdb23e4821f,Tanto Exe,1,5a4a5dd5-e6f0-4878-9780-ebc4f19d4bfc
5b583acb-6181-4e80-bb91-6f183dc28e4d,Terios,1,5a4a5dd5-e6f0-4878-9780-ebc4f19d4bfc
a9546f45-68db-4e13-9794-45b0414b2823,Thor,1,5a4a5dd5-e6f0-4878-9780-ebc4f19d4bfc
85bc4477-7f29-4467-87d1-14002ef26154,Trevis,1,5a4a5dd5-e6f0-4878-9780-ebc4f19d4bfc
c84e2576-ce09-4b73-a2e1-52fcf306f09b,Wake,1,5a4a5dd5-e6f0-4878-9780-ebc4f19d4bfc
8edf236f-8b82-46d8-9a75-105c7b155ef9,Wildcat,1,5a4a5dd5-e6f0-4878-9780-ebc4f19d4bfc
7f6bfed3-a70c-4844-8ab8-2c3c919de6c3,Xenia,1,5a4a5dd5-e6f0-4878-9780-ebc4f19d4bfc
f9d27e3e-6ba1-4c1d-897e-d3528355755c,YRV,1,5a4a5dd5-e6f0-4878-9780-ebc4f19d4bfc
e1d5f71f-f932-45b9-95a6-42b25288292c,DS420,1,63730f16-1d3a-464d-bcab-dd3be9a7449f
dd6ca313-ba07-4efe-8a4e-439e35827cdf,Regency,1,63730f16-1d3a-464d-bcab-dd3be9a7449f
bcb001cf-350f-4b5d-bf45-5961b351576e,Sovereign (XJ6),1,63730f16-1d3a-464d-bcab-dd3be9a7449f
9381b0af-ce95-4193-a531-fedb280f1081,SP250,1,63730f16-1d3a-464d-bcab-dd3be9a7449f
05d7709a-5572-4620-9607-4ca99f349359,XJ40,1,63730f16-1d3a-464d-bcab-dd3be9a7449f
e0085e52-6ecd-4262-b0e3-6f4fda5df3b1,XJS,1,63730f16-1d3a-464d-bcab-dd3be9a7449f
51c137e4-e49a-4fde-a502-64670e75b2cb,X300,1,63730f16-1d3a-464d-bcab-dd3be9a7449f
0a6c2315-5f2a-454e-86ce-561440b0ae3d,X308,1,63730f16-1d3a-464d-bcab-dd3be9a7449f
d7d2040a-3c33-463f-b506-000771852ee6,X350,1,63730f16-1d3a-464d-bcab-dd3be9a7449f
9cffc13c-859c-41b7-b74f-d3ecb66751a8,Stradale,1,1fa6e3e1-d7d0-41ca-b205-2df7b64c1552
50cedd3b-03c2-43b3-8673-fdd20f065063,200/220/260/280C,1,828d8ed3-06f5-4906-b568-ba07d41210cb
f8041b40-8f98-4a95-ad70-4db1cd9e82fa,240Z,1,828d8ed3-06f5-4906-b568-ba07d41210cb
ae3e577b-66eb-4c3d-8b4c-91a6b022f405,280Z,1,828d8ed3-06f5-4906-b568-ba07d41210cb
c1d5b457-eed3-446f-a182-312d356c2a3b,280ZX,1,828d8ed3-06f5-4906-b568-ba07d41210cb
9a377b2a-573b-4f53-9189-786e1b5a5e38,620,1,828d8ed3-06f5-4906-b568-ba07d41210cb
40133c99-b4b3-4ffd-8dc1-6a44af815a20,720,1,828d8ed3-06f5-4906-b568-ba07d41210cb
8268eca0-b4c3-4c7f-bc45-572b674e5043,Bluebird,1,828d8ed3-06f5-4906-b568-ba07d41210cb
6168e445-ceac-4e14-85c3-7861f6cfabad,Cherry,1,828d8ed3-06f5-4906-b568-ba07d41210cb
1b81b669-5a8a-4b4f-991c-7bd2ba001856,GO,1,828d8ed3-06f5-4906-b568-ba07d41210cb
4fa1a61d-7803-403b-a8f5-a73094aab1d8,GO+,1,828d8ed3-06f5-4906-b568-ba07d41210cb
898d211b-26e1-40f6-9f47-fc221bd8ed11,Laurel,1,828d8ed3-06f5-4906-b568-ba07d41210cb
727ef7c7-da1b-48a9-aed4-3ae0ad0623a0,mi-DO,1,828d8ed3-06f5-4906-b568-ba07d41210cb
7f8a3932-7d27-4920-8dea-a6c3ac995613,on-DO,1,828d8ed3-06f5-4906-b568-ba07d41210cb
46161724-f844-46be-8115-8cc3af2ee83e,Stanza,1,828d8ed3-06f5-4906-b568-ba07d41210cb
71cdb8a5-3707-45ec-ad16-ee49b2755f9f,Sunny,1,828d8ed3-06f5-4906-b568-ba07d41210cb
8c3a0c9b-9e6e-4c01-9d08-510a5de5daba,Urvan,1,828d8ed3-06f5-4906-b568-ba07d41210cb
49aa66b9-f0d9-4614-8dcd-3bd7d068662f,Violet,1,828d8ed3-06f5-4906-b568-ba07d41210cb
377adec5-ae25-4ae1-a637-2f426dbe9977,Pickup,1,d5de57c1-b984-4015-951b-e3dc4c14053c
86910ab1-fb9c-4aaf-9657-c230739ef19d,Yuanzhi M1,1,d5de57c1-b984-4015-951b-e3dc4c14053c
e24e155d-30c3-46aa-bc35-2273e2072340,Yuehu,1,d5de57c1-b984-4015-951b-e3dc4c14053c
fd0aefae-a9e8-406c-b0c4-4be1d6e0fca7,Zephyr,1,90af3268-9502-47a4-af13-f924876afef0
e652d160-636a-4dba-bd07-0dc1996cbd2f,D12,1,d691e253-b27c-49a0-b228-e5d87a651d54
65934ff9-967b-4d71-aabc-6b30f61b954e,D6,1,d691e253-b27c-49a0-b228-e5d87a651d54
6aac6070-eeb5-43bc-b859-cf3a046300f7,DI,1,d691e253-b27c-49a0-b228-e5d87a651d54
69d83520-24c5-4245-ac1f-aa4763881c52,DMC-12,1,e70f679f-7f79-49e4-9cc1-543f488fd57b
d06e11e5-b0c9-4004-812c-4e5e22d420f5,500,1,2d6221fa-c41f-4e50-9530-d8045d5c81bc
ea67b689-8e61-4f31-9f04-d18986c4728d,D9,1,2d6221fa-c41f-4e50-9530-d8045d5c81bc
cdb30c03-5afd-484e-9369-38dbbfe86c17,N7,1,2d6221fa-c41f-4e50-9530-d8045d5c81bc
b56d3084-a1da-4ad8-b715-97444af483c1,N8,1,2d6221fa-c41f-4e50-9530-d8045d5c81bc
c7f8b418-a34a-4514-8c90-67c97e651482,N8L,1,2d6221fa-c41f-4e50-9530-d8045d5c81bc
3e31e949-9773-4d23-847d-b1a59a3faa79,N9,1,2d6221fa-c41f-4e50-9530-d8045d5c81bc
c027c182-c92b-411c-a42a-df62b51f5967,X,1,2d6221fa-c41f-4e50-9530-d8045d5c81bc
e8683f2f-4e8a-40ce-8db5-8556bedbefcc,Z9,1,2d6221fa-c41f-4e50-9530-d8045d5c81bc
52bb16cd-f92c-4634-b724-4b59f121c375,Antelope,1,f47fd79b-7aa8-4ccf-89e5-497e043c4465
ea34061b-bb62-4289-bae9-8f59adfa7bfa,Aurora,1,f47fd79b-7aa8-4ccf-89e5-497e043c4465
ae783f84-6ce0-42e6-8308-6e62c29ca894,Cowboy,1,f47fd79b-7aa8-4ccf-89e5-497e043c4465
b434a952-2121-4860-b32a-c259cb4b4fd1,Land Crown,1,f47fd79b-7aa8-4ccf-89e5-497e043c4465
22623cd6-3418-4065-bf27-7e61bbb06b83,Plutus,1,f47fd79b-7aa8-4ccf-89e5-497e043c4465
11274b06-3e46-48c5-bae4-dc98afa805a0,Saladin,1,f47fd79b-7aa8-4ccf-89e5-497e043c4465
24f1ea39-9903-427a-a671-147d60113cfe,Shuttle,1,f47fd79b-7aa8-4ccf-89e5-497e043c4465
45c104c7-9058-41ef-9094-7b58571a6bc4,Custom,1,1de3fe4e-6ab4-4032-b3cb-7dc78e0a2287
ccb2f452-1039-4dc4-8fa5-4b6fef5bf447,Deluxe,1,1de3fe4e-6ab4-4032-b3cb-7dc78e0a2287
3c19446d-2164-4c27-85ee-492b836add92,Firedome,1,1de3fe4e-6ab4-4032-b3cb-7dc78e0a2287
3e0225d3-f0a5-421c-a92b-bbe86a3c4464,Fireflite,1,1de3fe4e-6ab4-4032-b3cb-7dc78e0a2287
605670ec-f25b-4a7b-ad31-f0eca9b51873,Bigua,1,34d5b6f9-3f1c-4faa-9840-9319d9687df8
b45f94ca-ec3a-4efb-b12a-4bccc67c97bc,Guara,1,34d5b6f9-3f1c-4faa-9840-9319d9687df8
8f74f27b-be0b-4d2c-9a69-570bb1b63f45,Longchamp,1,34d5b6f9-3f1c-4faa-9840-9319d9687df8
6be2f770-b378-4922-9a2a-2492920c13bc,Mangusta,1,34d5b6f9-3f1c-4faa-9840-9319d9687df8
a7edabd1-c65b-4115-82bb-8b4bf4cbab71,Pantera,1,34d5b6f9-3f1c-4faa-9840-9319d9687df8
18cde162-1266-4589-b10e-38e8e4f32208,Vallelunga,1,34d5b6f9-3f1c-4faa-9840-9319d9687df8
de2c6c34-c052-4649-a4ce-ebc157cf4675,3=6,1,17e3ccc4-c13a-49dd-837e-03731247d3b7
85ac7215-1b8b-4c03-a228-6ca62a3fc442,600,1,a6e1b3fe-86c6-46d6-8169-7098c11c5aad
8e36b23f-62d3-4367-94a7-0f806013b8d9,Aries,1,a6e1b3fe-86c6-46d6-8169-7098c11c5aad
ccdd3a8f-0e60-420b-ba64-dac078202699,Avenger,1,a6e1b3fe-86c6-46d6-8169-7098c11c5aad
54e76807-0f23-406a-9807-6f0db48c39d8,Caliber,1,a6e1b3fe-86c6-46d6-8169-7098c11c5aad
091f4a42-8e9b-4a04-9f74-161bbcdae926,Caravan,1,a6e1b3fe-86c6-46d6-8169-7098c11c5aad
4390ad12-8684-4d64-8f0f-4affec36d42c,Challenger,1,a6e1b3fe-86c6-46d6-8169-7098c11c5aad
39726023-2e3e-4287-bd38-80e26342d186,Charger,1,a6e1b3fe-86c6-46d6-8169-7098c11c5aad
16314bf3-24ba-4b73-94cd-2164125b4765,Charger Daytona,1,a6e1b3fe-86c6-46d6-8169-7098c11c5aad
e4db51e4-d1e9-4470-a5b8-8f82a5c0e829,Colt,1,a6e1b3fe-86c6-46d6-8169-7098c11c5aad
2cf38a2f-4666-41dc-ba43-b8ff0f72e6c0,Coronet,1,a6e1b3fe-86c6-46d6-8169-7098c11c5aad
64b85851-40d0-448e-b642-89bbbe621cc0,Custom Royal,1,a6e1b3fe-86c6-46d6-8169-7098c11c5aad
91e0436f-c0f9-4e78-be7f-21fb8c5cc439,D8,1,a6e1b3fe-86c6-46d6-8169-7098c11c5aad
3f6a2bea-3cab-4ba6-9bfa-c3ba83577a99,Dakota,1,a6e1b3fe-86c6-46d6-8169-7098c11c5aad
611a19a0-dc6b-469e-9d48-126c3992babf,Dart,1,a6e1b3fe-86c6-46d6-8169-7098c11c5aad
c5a83cca-3fdd-4155-a01c-bcaf886cca6f,Daytona,1,a6e1b3fe-86c6-46d6-8169-7098c11c5aad
09dafdf2-65ce-42a8-bb82-a06de8a4a91b,Diplomat,1,a6e1b3fe-86c6-46d6-8169-7098c11c5aad
406614a2-728d-44c8-960f-e91fed634e74,Durango,1,a6e1b3fe-86c6-46d6-8169-7098c11c5aad
fe25e69e-2a53-4655-b736-f710c12f35db,D/W Series,1,a6e1b3fe-86c6-46d6-8169-7098c11c5aad
009ea37e-7b73-4cb7-ac5c-6faa14f97096,Dynasty,1,a6e1b3fe-86c6-46d6-8169-7098c11c5aad
39784b5f-9dea-4805-b280-109fe06071ca,Hornet,1,a6e1b3fe-86c6-46d6-8169-7098c11c5aad
a785a9aa-49fa-4af0-9b45-4f68dd6a6714,Intrepid,1,a6e1b3fe-86c6-46d6-8169-7098c11c5aad
fbdd965f-bdec-43b8-9a0f-aeda9050c07c,Journey,1,a6e1b3fe-86c6-46d6-8169-7098c11c5aad
e94263f1-b99a-4863-b1ab-4e16ff8c6626,Lancer,1,a6e1b3fe-86c6-46d6-8169-7098c11c5aad
a5684cba-0387-40a8-a384-3cfc8f63cf95,Magnum,1,a6e1b3fe-86c6-46d6-8169-7098c11c5aad
bef6c448-bd67-4493-bb82-ae6b01050000,Mayfair,1,a6e1b3fe-86c6-46d6-8169-7098c11c5aad
610cea83-692c-42f5-a735-ce53ff705882,Monaco,1,a6e1b3fe-86c6-46d6-8169-7098c11c5aad
094a2e1d-7c26-413a-a227-8c0ac8d850d9,Neon,1,a6e1b3fe-86c6-46d6-8169-7098c11c5aad
9f5ddfc2-7aec-4eea-a7d7-0a3faeed903b,Nitro,1,a6e1b3fe-86c6-46d6-8169-7098c11c5aad
e9b94689-062e-401c-a21b-161cbd9284e8,Omni,1,a6e1b3fe-86c6-46d6-8169-7098c11c5aad
9328a128-1ab6-4f58-85a7-db241ecf3fcf,Polara,1,a6e1b3fe-86c6-46d6-8169-7098c11c5aad
8065e9d0-8a09-4469-9f93-c817d662e241,Raider,1,a6e1b3fe-86c6-46d6-8169-7098c11c5aad
f1692348-6c12-43dd-bf0e-4829bbd7784c,RAM,1,a6e1b3fe-86c6-46d6-8169-7098c11c5aad
95e02ee3-0553-4cb3-ad78-febdd2a46edf,Ramcharger,1,a6e1b3fe-86c6-46d6-8169-7098c11c5aad
468f9d83-cefe-4871-81cd-e792384a5720,RAM Van,1,a6e1b3fe-86c6-46d6-8169-7098c11c5aad
790d2290-d2e5-4503-bdfc-df42f1a109e9,Shadow,1,a6e1b3fe-86c6-46d6-8169-7098c11c5aad
e2e7afa0-0f74-4fe5-8ae1-df9b79251b73,Spirit,1,a6e1b3fe-86c6-46d6-8169-7098c11c5aad
f7024996-4d8f-4b52-9a85-6b0a0eb0ef85,Stealth,1,a6e1b3fe-86c6-46d6-8169-7098c11c5aad
21c5267c-e4ee-45eb-9d39-5451bdd0a591,Stratus,1,a6e1b3fe-86c6-46d6-8169-7098c11c5aad
0c066348-5e13-4d16-88ce-dc1148dd2673,Super Bee,1,a6e1b3fe-86c6-46d6-8169-7098c11c5aad
07840c43-855d-4f35-95ba-2234a08958b7,Viper,1,a6e1b3fe-86c6-46d6-8169-7098c11c5aad
285695ab-a710-4024-b715-dd28961ddbe2,WC series,1,a6e1b3fe-86c6-46d6-8169-7098c11c5aad
a09867f1-a634-43d5-a8a5-0be2aba20ca9,370,1,3b738291-f051-40ea-bfb6-cc7e733bf4e6
77053af6-dcd7-4a60-a556-e64f8d426e18,580,1,3b738291-f051-40ea-bfb6-cc7e733bf4e6
99e8089f-9694-4e08-90b5-cd72fccb8fdf,A30,1,3b738291-f051-40ea-bfb6-cc7e733bf4e6
d3b847d3-a780-4c0c-9e00-42050b69e3f0,A9,1,3b738291-f051-40ea-bfb6-cc7e733bf4e6
97c0f5a8-1734-4f06-b454-0af90c3d7ecf,Aeolus E70,1,3b738291-f051-40ea-bfb6-cc7e733bf4e6
4580c3f3-2f70-4e4c-be74-00eaa67e8cb4,Aeolus Haohan,1,3b738291-f051-40ea-bfb6-cc7e733bf4e6
90e9d358-f152-49f0-bf03-a09e2a12d0a3,Aeolus Haoji,1,3b738291-f051-40ea-bfb6-cc7e733bf4e6
84d7e2d2-0123-4659-9e73-27d4c784e779,Aeolus L7,1,3b738291-f051-40ea-bfb6-cc7e733bf4e6
3f6e8741-4815-4813-84ee-dea4433623ab,Aeolus Yixuan,1,3b738291-f051-40ea-bfb6-cc7e733bf4e6
44c7ffd3-aea2-409d-9025-535458b9cdc8,Aeolus Yixuan Max,1,3b738291-f051-40ea-bfb6-cc7e733bf4e6
f4af1cff-f8f3-4e4e-9737-a40aca36d8c7,AX4,1,3b738291-f051-40ea-bfb6-cc7e733bf4e6
5a214198-8918-4c21-ada8-23aa33ba2352,AX7,1,3b738291-f051-40ea-bfb6-cc7e733bf4e6
792c6de3-8bab-4155-a363-7df2a569af35,Box,1,3b738291-f051-40ea-bfb6-cc7e733bf4e6
f573ed6b-5988-429a-928b-c1354f6dc761,C36,1,3b738291-f051-40ea-bfb6-cc7e733bf4e6
64d9336c-5c8b-4c8c-90c9-dd3a6496510c,DF6,1,3b738291-f051-40ea-bfb6-cc7e733bf4e6
601d709d-b2fc-4419-8b89-d5e1ae40b8cd,DFSK 500,1,3b738291-f051-40ea-bfb6-cc7e733bf4e6
d3fe820e-642a-4d26-af70-beb12c62ddf1,DFSK ix5,1,3b738291-f051-40ea-bfb6-cc7e733bf4e6
94a79065-759f-42ca-82ad-fbb897e067f6,DFSK ix7,1,3b738291-f051-40ea-bfb6-cc7e733bf4e6
927d596e-37da-4e89-b96e-a2eb9c93e42e,E11K,1,3b738291-f051-40ea-bfb6-cc7e733bf4e6
dc956696-fead-40a6-a321-3075144eb862,EC36,1,3b738291-f051-40ea-bfb6-cc7e733bf4e6
89fa7970-4fba-4046-a6eb-23072022891d,Fengon 500,1,3b738291-f051-40ea-bfb6-cc7e733bf4e6
1820bd95-5c63-400e-a7fd-e9ba8bd06c81,Fengon 560,1,3b738291-f051-40ea-bfb6-cc7e733bf4e6
1bd24277-9106-4264-ae87-cbd0d03aa135,Fengon E5,1,3b738291-f051-40ea-bfb6-cc7e733bf4e6
bc7421fc-6170-4bd3-9f72-9e20722e3e84,Fengon ix5,1,3b738291-f051-40ea-bfb6-cc7e733bf4e6
ee8ce219-8c3a-4309-bf7f-6326a98380c6,Fengon ix7,1,3b738291-f051-40ea-bfb6-cc7e733bf4e6
c315560b-2f57-4580-9c7c-6d69d7e62d9f,Fukang ES600,1,3b738291-f051-40ea-bfb6-cc7e733bf4e6
b312c246-8f5e-4ee2-8943-98fbbca6360d,H30 Cross,1,3b738291-f051-40ea-bfb6-cc7e733bf4e6
83e52c6e-7f60-4947-b886-7714d2d299b4,Huge,1,3b738291-f051-40ea-bfb6-cc7e733bf4e6
95bf637c-4118-4497-958c-3141c9e5bddb,Mage,1,3b738291-f051-40ea-bfb6-cc7e733bf4e6
de7947bd-d8e4-4f86-be10-8b018f80aea9,Mengshi M-Hero 800,1,3b738291-f051-40ea-bfb6-cc7e733bf4e6
d65a989a-b31d-4687-b09f-136399fa0630,Mengshi M-Hero 817,1,3b738291-f051-40ea-bfb6-cc7e733bf4e6
a35e2962-c02c-4d15-9007-3248da20a203,Mengshi M-Hero 917,1,3b738291-f051-40ea-bfb6-cc7e733bf4e6
b2342649-ce57-4ce6-953c-52f9ec88cf76,MPV,1,3b738291-f051-40ea-bfb6-cc7e733bf4e6
3292ae50-3962-4b51-92b1-92941bde3366,Nammi 01,1,3b738291-f051-40ea-bfb6-cc7e733bf4e6
1b301aea-21bf-4d27-b91a-f5d860ef2d77,Nammi 06,1,3b738291-f051-40ea-bfb6-cc7e733bf4e6
2992233d-cd37-463a-8315-08a721b53031,Nano EX1,1,3b738291-f051-40ea-bfb6-cc7e733bf4e6
c70acaf0-f03a-40b7-b810-356cf814130c,Oting,1,3b738291-f051-40ea-bfb6-cc7e733bf4e6
154aada4-ce04-4ee3-8fab-65e8e0fb9d89,Paladin,1,3b738291-f051-40ea-bfb6-cc7e733bf4e6
994ac673-5578-46d2-b463-6d37d21ab3c4,Rich,1,3b738291-f051-40ea-bfb6-cc7e733bf4e6
ebf1a66c-74a2-4acc-abdc-bfdf0e90e4a6,Rich 7,1,3b738291-f051-40ea-bfb6-cc7e733bf4e6
93bee8ca-e031-4580-902d-375c61e87aa9,S30,1,3b738291-f051-40ea-bfb6-cc7e733bf4e6
ccc9658a-41ac-49af-8e47-cb964e4787ec,Shine,1,3b738291-f051-40ea-bfb6-cc7e733bf4e6
26cbbec0-9b71-45b2-8ff6-57c06b1b2067,Shine GS,1,3b738291-f051-40ea-bfb6-cc7e733bf4e6
b530cbf7-f3f7-4489-8be1-3a44b9fc7956,Shine Max,1,3b738291-f051-40ea-bfb6-cc7e733bf4e6
5d61e095-e731-40c2-a747-4bfcb80256a0,Sky EV01,1,3b738291-f051-40ea-bfb6-cc7e733bf4e6
d5f55df6-ce86-4e0e-9443-41c56de164a7,Aeolus Yixuan GS,1,3b738291-f051-40ea-bfb6-cc7e733bf4e6
b0c43aff-ef86-4eda-aa90-6cf398ec907b,Z9,1,3b738291-f051-40ea-bfb6-cc7e733bf4e6
56c71db3-df4b-4bc3-8157-08b76788e30d,Assol,1,2ed2650c-a48e-4c7a-8606-9dc29e4046e6
8186e2fc-ec5a-4f80-b8e9-ad2486b0b7ed,Kondor,1,2ed2650c-a48e-4c7a-8606-9dc29e4046e6
8b742e48-9b0e-4540-b507-e8f5201b2afe,Orion,1,2ed2650c-a48e-4c7a-8606-9dc29e4046e6
1df64508-f0ef-4e34-9770-a42625fd86f2,Orion M,1,2ed2650c-a48e-4c7a-8606-9dc29e4046e6
2967073a-cc22-47bf-b6bf-d1b17894153f,D8,1,f1221349-82df-4e2f-8dc7-cf0da2868067
e02dd299-c372-4691-b6e4-bb04cc06224a,D8 Cosworth,1,f1221349-82df-4e2f-8dc7-cf0da2868067
efcc4156-f1fc-4c7f-8637-212dd1d7d296,D8 GT,1,f1221349-82df-4e2f-8dc7-cf0da2868067
28783b9e-83f8-4102-a177-14089d0765d0,D8 GTO,1,f1221349-82df-4e2f-8dc7-cf0da2868067
8f6230a0-2eed-47ec-b455-944f94dc3df8,D8 Zetec,1,f1221349-82df-4e2f-8dc7-cf0da2868067
2aacd6d1-fcc3-4b32-b0e2-1b0354e6d25c,F22,1,f1221349-82df-4e2f-8dc7-cf0da2868067
d8f98103-4ee9-44fb-a33a-c0a1b735d3cb,1.0,1,a4e66431-70f2-4f98-942d-a9422070aee6
6495ea71-0324-400a-8e26-71d3a33c8124,1.0 EV,1,a4e66431-70f2-4f98-942d-a9422070aee6
43ff7ddc-c0c8-4176-9bfb-58892b6dbd37,3.0,1,a4e66431-70f2-4f98-942d-a9422070aee6
ab8d6b4e-f1d3-4a15-963c-0df540df22bd,5.0,1,a4e66431-70f2-4f98-942d-a9422070aee6
77765002-1ff1-48ec-a3bf-ac30ea791a19,6.0,1,a4e66431-70f2-4f98-942d-a9422070aee6
39e20b4f-5322-45f4-a9ed-8c00d2fd617a,7.0,1,a4e66431-70f2-4f98-942d-a9422070aee6
f3d9a7c6-0412-420c-9c2b-ef48d1df3e50,PK8,1,a4e66431-70f2-4f98-942d-a9422070aee6
ebf09f35-2ba9-420a-ae25-d2df00996c79,3,1,324fb8b5-6f30-4e3f-9014-a1a700433cf0
e8358a7f-9ba9-4090-80f4-4c6fe2b038b4,3 Crossback,1,324fb8b5-6f30-4e3f-9014-a1a700433cf0
73aa5b80-f3dc-4217-af9c-4a4d2268d68f,4,1,324fb8b5-6f30-4e3f-9014-a1a700433cf0
a68a0b34-1938-4a3b-86a0-64d4fe954fde,5,1,324fb8b5-6f30-4e3f-9014-a1a700433cf0
8a03fc64-cf96-4894-a469-a765a1ee0ba3,7 Crossback,1,324fb8b5-6f30-4e3f-9014-a1a700433cf0
03905542-be64-47d5-ad20-d33bdc9c349a,9,1,324fb8b5-6f30-4e3f-9014-a1a700433cf0
0e97d522-a078-4f9a-818c-7f4fad793d16,No4,1,324fb8b5-6f30-4e3f-9014-a1a700433cf0
8888bac8-9096-400d-80cc-bb3367d55cdb,No8,1,324fb8b5-6f30-4e3f-9014-a1a700433cf0
b3a5381e-5362-43e7-9afc-400cf5e86af4,H3,1,83641c2d-ee1b-43b1-9d24-d668bda821e1
f7770d1f-4619-4dff-8c61-720972c962c6,H5,1,83641c2d-ee1b-43b1-9d24-d668bda821e1
393ff22b-28c4-4035-a4e7-f2fbbb89a325,Premier,1,6a80df73-1bef-4fbc-bdec-ff7213ec1ac8
c7846b02-b58e-472b-86c7-238fd38c5511,Summit,1,6a80df73-1bef-4fbc-bdec-ff7213ec1ac8
fc5dd52a-e7d4-4286-add0-ad8326acf773,Talon,1,6a80df73-1bef-4fbc-bdec-ff7213ec1ac8
e727c8f8-2143-44ff-a6be-34c4891b98c1,Vision,1,6a80df73-1bef-4fbc-bdec-ff7213ec1ac8
67e4d601-0d31-4322-b93f-a7dcc17ac667,Vista,1,6a80df73-1bef-4fbc-bdec-ff7213ec1ac8
de9b4066-756d-4768-96b9-51ad5fb4fc1e,SS,1,48a83c13-2ac6-4cee-9e33-9d03f8c10143
cff2c9a0-f2f6-480e-96f7-442a8ec86b01,ME5,1,3c91d950-30a2-4d8b-8e25-74a4d644194c
905ced43-8195-4e67-942b-c2f174288059,ME7,1,3c91d950-30a2-4d8b-8e25-74a4d644194c
321543ed-2f31-4341-8569-af8969a68cf8,M2,1,4d891c7a-fa2d-4113-ad21-64f1972830f9
6a0ace97-5de1-4188-ae26-02162ced616d,VE-1,1,8d0ccd21-5a45-4f06-b423-8249fc4d9adb
15e40c91-a141-4c37-a824-9e9b3be64c09,i-JET,1,b1df9193-997e-4f7e-b33a-9202ff032c95
9b80a285-749e-4d82-af0d-001d957e1697,i-JOY,1,b1df9193-997e-4f7e-b33a-9202ff032c95
267ed491-910a-4b2a-8963-69747ec407fc,i-PRO,1,b1df9193-997e-4f7e-b33a-9202ff032c95
9ebc4554-5c6b-4c03-bb8d-8d64c33671a6,i-SKY,1,b1df9193-997e-4f7e-b33a-9202ff032c95
40925e0f-822c-4f07-a637-e4947d1e0e16,i-SPACE,1,b1df9193-997e-4f7e-b33a-9202ff032c95
4ebede72-a1b6-4053-95ea-74ab06b51185,i-VAN,1,b1df9193-997e-4f7e-b33a-9202ff032c95
f8444c84-ccb6-4d07-8425-f9e6d19ed5c3,Series IV,1,fa4a67fd-88cb-4466-be51-7f90946ace9e
f5ee1314-a4a7-4e10-8b5f-d16affc9b90c,Series V,1,fa4a67fd-88cb-4466-be51-7f90946ace9e
f19b9de9-39ce-4bbb-9c62-ccdace904e95,GD04B,1,ec847a43-b6fc-45ce-9d65-a00d20f95308
ade1b4d8-6a18-4286-87e4-fa9d63c604da,Ё-Кроссовер,1,dc58449f-e178-4d31-a625-9fc7718f7963
2af517e0-aae1-4f32-9e4a-2db8a0c7c3b5,FV,1,e8ed77d6-2af6-4f7e-8ef1-bb3987b61798
90ec01f8-093c-44a1-8fee-604883b0b7ae,Bestune B70,1,f17c6606-1cf9-4b58-9516-d11844bac26b
7ecc600c-2dcb-4412-9ad8-36780eda9773,Bestune B70S,1,f17c6606-1cf9-4b58-9516-d11844bac26b
f3a052a3-c0c2-48ad-b8fa-44830f7af1e4,Bestune M9,1,f17c6606-1cf9-4b58-9516-d11844bac26b
7ad10dfc-4dbe-4bf5-8e84-9f7272cdc1bd,Bestune NAT,1,f17c6606-1cf9-4b58-9516-d11844bac26b
26d0bee2-8e29-43ee-b4f1-853033c07d15,Bestune Pony,1,f17c6606-1cf9-4b58-9516-d11844bac26b
1e59f2d3-3334-4de4-8706-e6fb5f68fbd5,Bestune T33,1,f17c6606-1cf9-4b58-9516-d11844bac26b
18d265c1-8ab6-46b7-ab4e-4e05378c9c5e,Bestune T55,1,f17c6606-1cf9-4b58-9516-d11844bac26b
57f63a6d-bcc3-403c-a9b2-8a76e23765bd,Bestune T77,1,f17c6606-1cf9-4b58-9516-d11844bac26b
a02a8809-fa2e-4bcf-a453-4d29f22546f5,Bestune T90,1,f17c6606-1cf9-4b58-9516-d11844bac26b
9c4cac8c-be18-4e3b-a928-8e8baac62078,Bestune T99,1,f17c6606-1cf9-4b58-9516-d11844bac26b
6b0ae827-9d29-441f-940c-a05f70ab561c,Bestune Yueyi 03,1,f17c6606-1cf9-4b58-9516-d11844bac26b
030c67de-79e8-4e7a-bd35-5d701e8cb9a1,Bestune Yueyi 07,1,f17c6606-1cf9-4b58-9516-d11844bac26b
095df15a-27ca-4d6f-af8b-a33835dedbf3,Besturn B30,1,f17c6606-1cf9-4b58-9516-d11844bac26b
87fcbf73-300b-4d11-af11-f597c7bd9766,Besturn B50,1,f17c6606-1cf9-4b58-9516-d11844bac26b
e98f1e21-8cfd-4617-831f-58e26adad1e2,Besturn B70,1,f17c6606-1cf9-4b58-9516-d11844bac26b
559f10f7-563c-4c5d-b001-b5ef9cf0437c,Besturn X40,1,f17c6606-1cf9-4b58-9516-d11844bac26b
d0ec1f5f-c4ab-4b01-ba9f-f639646b9740,D60,1,f17c6606-1cf9-4b58-9516-d11844bac26b
cc6e25e2-9509-4d16-9816-6de36a0f990e,Jinn,1,f17c6606-1cf9-4b58-9516-d11844bac26b
82d5a94d-8c65-4e39-b88c-3498c2b2c861,Oley,1,f17c6606-1cf9-4b58-9516-d11844bac26b
f6622c2e-1364-4b13-83a3-7e53b011e945,V2,1,f17c6606-1cf9-4b58-9516-d11844bac26b
5ef55241-fd4c-45ca-847c-be0781126b9b,V5,1,f17c6606-1cf9-4b58-9516-d11844bac26b
03520a80-0027-475e-8dda-a9662010ddb4,Vita,1,f17c6606-1cf9-4b58-9516-d11844bac26b
50937237-6b12-429e-90e0-2178e7d4c410,Besturn X80,1,f17c6606-1cf9-4b58-9516-d11844bac26b
4f6669d3-37c2-4f49-a3e3-7ebdb227556f,12Cilindri,1,0a742b93-092c-486e-814e-2f1f93ca75d4
52a8a41f-eb7d-41c0-9643-01bd3174b17e,208/308,1,0a742b93-092c-486e-814e-2f1f93ca75d4
32c4355e-4038-4212-8287-bfb8ca8b8b1f,250 GTO,1,0a742b93-092c-486e-814e-2f1f93ca75d4
38b419e4-e2ca-4a79-b9c0-9ddbd1d1c254,250 GT Berlinetta,1,0a742b93-092c-486e-814e-2f1f93ca75d4
3ca77b29-7d9b-4573-83ac-61514204eb82,288 GTO,1,0a742b93-092c-486e-814e-2f1f93ca75d4
baa68099-18e9-47ac-a6e7-dd05043fa166,296,1,0a742b93-092c-486e-814e-2f1f93ca75d4
07e9bff3-3ab9-4f6c-a076-fea49ebc4cd4,328,1,0a742b93-092c-486e-814e-2f1f93ca75d4
90b72a37-992e-4629-9bba-3fe8b2a6c3a3,348,1,0a742b93-092c-486e-814e-2f1f93ca75d4
33cb8e62-dcaf-47fc-a50f-22b9608fc29e,360,1,0a742b93-092c-486e-814e-2f1f93ca75d4
8db1351d-5fd0-4044-9ae4-80eefb9d7c34,365 GTC,1,0a742b93-092c-486e-814e-2f1f93ca75d4
acf881b9-cb69-44eb-b6f9-3b096bb08671,400,1,0a742b93-092c-486e-814e-2f1f93ca75d4
579a87fe-d31a-449b-921a-25cfd24c1c21,412,1,0a742b93-092c-486e-814e-2f1f93ca75d4
fc6eddc4-f503-44ff-852d-33dcaa3229d2,456,1,0a742b93-092c-486e-814e-2f1f93ca75d4
b7564808-2399-4354-af47-4fe1de9a61dc,458,1,0a742b93-092c-486e-814e-2f1f93ca75d4
a86801d4-eafd-4350-9afb-4faed7a310e2,488,1,0a742b93-092c-486e-814e-2f1f93ca75d4
cb14b784-7e56-4605-a56e-76b20b54755c,512 M,1,0a742b93-092c-486e-814e-2f1f93ca75d4
0497af20-bf58-4709-9d0b-4e6ddef2c163,512 BB,1,0a742b93-092c-486e-814e-2f1f93ca75d4
a67f82b0-a5bd-42ea-803e-f2518ba8281f,512 TR,1,0a742b93-092c-486e-814e-2f1f93ca75d4
539c6c8f-73fd-4ae5-8b02-2d79fb409d7a,550,1,0a742b93-092c-486e-814e-2f1f93ca75d4
724a42b2-c312-4c8f-9fe9-187e4f9ff92f,575M,1,0a742b93-092c-486e-814e-2f1f93ca75d4
d7023f54-d9fa-45a3-81e1-dc42d0f172ef,599,1,0a742b93-092c-486e-814e-2f1f93ca75d4
7f54ad6b-505f-4dc0-a706-c9bbbd9998c1,612,1,0a742b93-092c-486e-814e-2f1f93ca75d4
85c2c999-4bfb-42a0-981e-6f941fe4f880,812,1,0a742b93-092c-486e-814e-2f1f93ca75d4
4454e16b-b128-4e1e-a26b-1de3068120cb,Amalfi,1,0a742b93-092c-486e-814e-2f1f93ca75d4
b279e3ac-9281-4f70-9b31-f0b0cd22a108,California,1,0a742b93-092c-486e-814e-2f1f93ca75d4
ad3fd43e-3a3d-4403-bcf7-edea6c386935,Daytona SP3,1,0a742b93-092c-486e-814e-2f1f93ca75d4
3442463f-3365-496c-969c-ca1fa144a1f0,Dino 206 GT,1,0a742b93-092c-486e-814e-2f1f93ca75d4
287e9ca8-1961-484a-976f-c78468e1f3eb,Dino 208/308 GT4,1,0a742b93-092c-486e-814e-2f1f93ca75d4
590539d6-8ce3-45b8-899e-6ee39ce4811f,Dino 246 GT,1,0a742b93-092c-486e-814e-2f1f93ca75d4
49dcb957-8266-43df-afcc-dab72d3696cd,Enzo,1,0a742b93-092c-486e-814e-2f1f93ca75d4
41a76475-d892-4cde-be9b-25c8a7abc870,F12,1,0a742b93-092c-486e-814e-2f1f93ca75d4
d74bb83b-19cf-4ce1-8904-e7afd43db846,F355,1,0a742b93-092c-486e-814e-2f1f93ca75d4
69e87467-e987-4f1c-9485-89be94b2f03c,F40,1,0a742b93-092c-486e-814e-2f1f93ca75d4
11ac621a-4aa9-4e1b-af49-e803ef303670,F430,1,0a742b93-092c-486e-814e-2f1f93ca75d4
be861a42-df49-4144-8bde-de7dd2800f55,F50,1,0a742b93-092c-486e-814e-2f1f93ca75d4
7a0bcace-f998-4f9c-9f38-f88c57a28988,F80,1,0a742b93-092c-486e-814e-2f1f93ca75d4
b4ffcc78-62ef-484c-906a-d5e94142e192,F8,1,0a742b93-092c-486e-814e-2f1f93ca75d4
bd76f854-3c91-4fea-b046-9459ab070f26,FF,1,0a742b93-092c-486e-814e-2f1f93ca75d4
1a39230e-ed05-490f-b8d0-e5edea949bd8,FXX K,1,0a742b93-092c-486e-814e-2f1f93ca75d4
5fbfed61-ad79-4983-b5db-ab6bdd63a260,GTC4Lusso,1,0a742b93-092c-486e-814e-2f1f93ca75d4
e48a5a6c-1c29-4cba-91f0-63a463c8e6a7,LaFerrari,1,0a742b93-092c-486e-814e-2f1f93ca75d4
e361855f-64c9-437a-8465-1e35cc2f1b06,Mondial,1,0a742b93-092c-486e-814e-2f1f93ca75d4
b5e8377b-221b-42f5-b7c8-f101f7adda28,Monza SP,1,0a742b93-092c-486e-814e-2f1f93ca75d4
63a77b7d-85a0-4cfd-abb8-c53a39f84ad7,Portofino,1,0a742b93-092c-486e-814e-2f1f93ca75d4
1b9349ff-af9f-407d-b9b0-1404ce3c66dd,Purosangue,1,0a742b93-092c-486e-814e-2f1f93ca75d4
239b11bf-bb02-4926-83ae-44c27d270f84,Roma,1,0a742b93-092c-486e-814e-2f1f93ca75d4
3cbe59e4-1019-4883-82d0-76b873a3bee6,SF90,1,0a742b93-092c-486e-814e-2f1f93ca75d4
33604555-8c6c-4ef4-a2c0-b9aedf307da9,Testarossa,1,0a742b93-092c-486e-814e-2f1f93ca75d4
986a7f99-3020-47a1-910d-120c5d9dcc42,1100,1,209b6a94-5199-42f0-bc70-dad55aec2707
56399a8a-cf17-4ec4-bcb9-80d7f65684fc,124,1,209b6a94-5199-42f0-bc70-dad55aec2707
542f5bd3-b272-4c23-9383-02ce2aef0f36,124 Spider,1,209b6a94-5199-42f0-bc70-dad55aec2707
d997aae4-33fc-415e-9a96-b88fab31a52d,124 Sport Spider,1,209b6a94-5199-42f0-bc70-dad55aec2707
239d25cd-087a-43ac-80dd-93ac71af4775,125,1,209b6a94-5199-42f0-bc70-dad55aec2707
f7d1a4ad-434b-4af6-8f04-0d22f86b0a4c,126,1,209b6a94-5199-42f0-bc70-dad55aec2707
16d2c7a5-a5a6-4b2c-a42a-0295c8812187,127,1,209b6a94-5199-42f0-bc70-dad55aec2707
5dbda471-8ea6-4ee3-9ae9-3dd5e5798a31,128,1,209b6a94-5199-42f0-bc70-dad55aec2707
cd181afd-95e7-4e4b-a8f2-1c1f93cd471a,130,1,209b6a94-5199-42f0-bc70-dad55aec2707
043ba1be-ef22-44d4-93e4-12cff4ee29f6,131,1,209b6a94-5199-42f0-bc70-dad55aec2707
67d78973-ba89-442c-8d4a-74e2fcf755e1,132,1,209b6a94-5199-42f0-bc70-dad55aec2707
9d828684-b774-417f-bae4-63ed1f45c22f,1500,1,209b6a94-5199-42f0-bc70-dad55aec2707
83f7d93f-20db-494a-bd1f-0e9427e43309,2300,1,209b6a94-5199-42f0-bc70-dad55aec2707
c2f7c983-3706-4596-acfd-d069eb482df0,238,1,209b6a94-5199-42f0-bc70-dad55aec2707
d47cae07-001f-441b-a8b8-1f76d987de36,500,1,209b6a94-5199-42f0-bc70-dad55aec2707
aedc457b-08fa-4e4d-85e3-99f370c07af8,500L,1,209b6a94-5199-42f0-bc70-dad55aec2707
fd3cb4d6-0945-41e3-84eb-caf81448224c,500X,1,209b6a94-5199-42f0-bc70-dad55aec2707
bae5c6a1-8cad-4f9c-8fe2-e0118211e206,508,1,209b6a94-5199-42f0-bc70-dad55aec2707
d4a50419-0c6c-477e-bf14-765d421ecf25,600,1,209b6a94-5199-42f0-bc70-dad55aec2707
04eef8c5-c8de-485b-9da9-f7031282548f,600e,1,209b6a94-5199-42f0-bc70-dad55aec2707
6d8c8cc9-f795-4a9e-8f32-e92c1856740d,850,1,209b6a94-5199-42f0-bc70-dad55aec2707
ec8bf74f-7e4c-4c0f-9426-f0c469699921,900T,1,209b6a94-5199-42f0-bc70-dad55aec2707
681221c1-9c4a-4b94-8e2e-26167cb12a88,Albea,1,209b6a94-5199-42f0-bc70-dad55aec2707
66178a06-372e-4b85-80fd-a8ca45639876,Argenta,1,209b6a94-5199-42f0-bc70-dad55aec2707
24bb83e7-5b22-49c1-8b49-e3065ca6f473,Barchetta,1,209b6a94-5199-42f0-bc70-dad55aec2707
979234a3-9c07-4195-9856-2b0502010acd,Brava,1,209b6a94-5199-42f0-bc70-dad55aec2707
b7173a24-ef89-4a6f-a496-f5c16101b4b9,Bravo,1,209b6a94-5199-42f0-bc70-dad55aec2707
697b8673-c285-4000-9de6-090a541b1061,Cinquecento,1,209b6a94-5199-42f0-bc70-dad55aec2707
e1e8d1dc-1b1b-4d26-8ea5-7e35a85da4c5,Coupe,1,209b6a94-5199-42f0-bc70-dad55aec2707
8861a367-6241-48ff-8504-14ac7416cbdd,Croma,1,209b6a94-5199-42f0-bc70-dad55aec2707
ef70199f-a822-4b31-9c48-5601c382d0fb,Doblo,1,209b6a94-5199-42f0-bc70-dad55aec2707
9135416b-05ce-4dbc-982f-d43fb33d9dc3,Duna,1,209b6a94-5199-42f0-bc70-dad55aec2707
9eb6e503-7483-452a-8ac8-4afc3fad21ec,Egea,1,209b6a94-5199-42f0-bc70-dad55aec2707
fe70e5fd-e694-4813-8a32-9244e6a4253b,Fiorino,1,209b6a94-5199-42f0-bc70-dad55aec2707
789f5e41-208b-4a3d-9c00-98a48dc8bb98,Freemont,1,209b6a94-5199-42f0-bc70-dad55aec2707
99ae7b05-6e1f-44be-8a97-629133ad460e,Fullback,1,209b6a94-5199-42f0-bc70-dad55aec2707
85ae75fb-2b1e-443d-8e9d-42b74852dd08,Grande Panda,1,209b6a94-5199-42f0-bc70-dad55aec2707
209091cb-c2b1-4b3b-8e41-99f33a8bffdd,Idea,1,209b6a94-5199-42f0-bc70-dad55aec2707
82a2b842-2a87-4acd-aeb9-39c94d9a4cb2,Linea,1,209b6a94-5199-42f0-bc70-dad55aec2707
6761c599-ce6b-40e8-96cc-8d4bb7d434e3,Marea,1,209b6a94-5199-42f0-bc70-dad55aec2707
fcbd3d27-7dfe-47fb-93e6-df3363e2f3af,Multipla,1,209b6a94-5199-42f0-bc70-dad55aec2707
5e01b798-4a5b-4ec8-b507-6a0e1a855fe6,Palio,1,209b6a94-5199-42f0-bc70-dad55aec2707
41688047-4061-4a21-95f6-7fa2e7dbd24e,Panda,1,209b6a94-5199-42f0-bc70-dad55aec2707
37cfc2b6-9d03-4825-9944-cbaaa692cc0d,Punto,1,209b6a94-5199-42f0-bc70-dad55aec2707
f5beca4d-ff8b-46ab-bc30-94986a340a1f,Qubo,1,209b6a94-5199-42f0-bc70-dad55aec2707
526c9c88-8b01-4511-b58e-b382add5eb84,Regata,1,209b6a94-5199-42f0-bc70-dad55aec2707
6268bb48-314b-46c9-aedc-cdb698ec2d01,Ritmo,1,209b6a94-5199-42f0-bc70-dad55aec2707
c8e06e69-1d4d-4736-8e9e-133f20b979ba,Scudo,1,209b6a94-5199-42f0-bc70-dad55aec2707
1ef4f960-59fd-4c91-a06d-daf45c3ae472,Sedici,1,209b6a94-5199-42f0-bc70-dad55aec2707
8d55ea92-7ccf-4dea-b083-a1a986b7b13b,Seicento,1,209b6a94-5199-42f0-bc70-dad55aec2707
2543bdb2-936a-4f2e-bdbc-f4e89c6051a7,Siena,1,209b6a94-5199-42f0-bc70-dad55aec2707
dffae7a6-9a7b-4a49-b40c-103fb03a2b56,Stilo,1,209b6a94-5199-42f0-bc70-dad55aec2707
161c7a31-b4f4-43fb-88a9-c6ce646622d3,Strada,1,209b6a94-5199-42f0-bc70-dad55aec2707
ac64842e-999e-4ec9-8f97-94d3cc2809ee,Tempra,1,209b6a94-5199-42f0-bc70-dad55aec2707
e8fce2f1-6f7f-44f6-a6b6-23962f00a7e3,Tipo,1,209b6a94-5199-42f0-bc70-dad55aec2707
104edeb0-e231-4ee2-9947-cce87944e87d,Topolino,1,209b6a94-5199-42f0-bc70-dad55aec2707
dc204cf1-5e7e-4333-b316-f4e5d3d3ec32,Ulysse,1,209b6a94-5199-42f0-bc70-dad55aec2707
729e0aa9-bb3b-4088-b5d6-89fcedeacbe2,Uno,1,209b6a94-5199-42f0-bc70-dad55aec2707
62e7f075-81cf-4d02-9f85-22cb81d8d61b,X 1/9,1,209b6a94-5199-42f0-bc70-dad55aec2707
aa9ab3b5-72cb-4207-bb59-4baa05359522,Karma,1,9891ab26-2014-4563-9f5e-2994c0322b0d
7d7c49fe-686a-484c-b9a3-2e65837618d3,Ocean,1,9891ab26-2014-4563-9f5e-2994c0322b0d
b921c930-ff81-4009-9431-77513c4f6fe3,F,1,248af77b-2fca-4623-b3ea-45a247dfb44b
4b616b54-589e-43c6-80c4-00b6dc4ea3b9,300,1,1f8e2f68-9fa0-4094-9656-369bd379e684
680bca7b-2929-4e67-b52a-f5c2c3c272e4,Aerostar,1,1f8e2f68-9fa0-4094-9656-369bd379e684
70a22986-5b7b-49b6-89d8-a1e219fdea5a,Anglia,1,1f8e2f68-9fa0-4094-9656-369bd379e684
96d8ade2-d76b-4950-b0cf-6123b1664c06,Aspire,1,1f8e2f68-9fa0-4094-9656-369bd379e684
af13ad5c-e0ae-438e-a002-a7157f0121fa,Bronco,1,1f8e2f68-9fa0-4094-9656-369bd379e684
ed5e64b5-18fa-4674-baf6-07fc64f61b07,Bronco-II,1,1f8e2f68-9fa0-4094-9656-369bd379e684
a54e0363-0ee9-4adc-81f2-b3a6644eab2a,Bronco Sport,1,1f8e2f68-9fa0-4094-9656-369bd379e684
2d33f1e6-1f87-4a30-9dc3-e640e195f7c1,B-MAX,1,1f8e2f68-9fa0-4094-9656-369bd379e684
39e52d17-f5c5-4ea1-b71c-e737d8bcdd64,Capri,1,1f8e2f68-9fa0-4094-9656-369bd379e684
8ed70ea6-c3cb-414c-a232-7008f374f395,Consul,1,1f8e2f68-9fa0-4094-9656-369bd379e684
ce0ae75b-0062-4a15-bb65-8065e92137ec,Contour,1,1f8e2f68-9fa0-4094-9656-369bd379e684
93626b4b-2858-420a-977d-df17681c8ee3,Cortina,1,1f8e2f68-9fa0-4094-9656-369bd379e684
ca390bef-5cd8-456c-9c29-00363c4be210,Cougar,1,1f8e2f68-9fa0-4094-9656-369bd379e684
5c3dd37c-f3c7-471f-8bf1-7055724a16c5,Country Squire,1,1f8e2f68-9fa0-4094-9656-369bd379e684
55823d79-9b32-41a2-9fcb-c225f2be0540,Crown Victoria,1,1f8e2f68-9fa0-4094-9656-369bd379e684
1b4a4590-8878-4581-ab34-9de35c0aad88,Custom,1,1f8e2f68-9fa0-4094-9656-369bd379e684
54612a61-5f1c-4872-95c6-498d93f35aca,C-MAX,1,1f8e2f68-9fa0-4094-9656-369bd379e684
b62cce31-857f-41a3-b04d-3dcd5b653bc4,Econoline,1,1f8e2f68-9fa0-4094-9656-369bd379e684
d4da8617-5d35-4569-9dc2-91a7b6a258e8,Econovan,1,1f8e2f68-9fa0-4094-9656-369bd379e684
dde2f519-69b2-4cdf-8c30-0b66a427e7f9,EcoSport,1,1f8e2f68-9fa0-4094-9656-369bd379e684
3fc7144f-1455-4c07-bff5-979cca875609,Edge,1,1f8e2f68-9fa0-4094-9656-369bd379e684
8a83fdac-a6a3-45a9-98da-ae490a0d53a6,Equator,1,1f8e2f68-9fa0-4094-9656-369bd379e684
9ef8dc14-1727-474f-9c00-15240235fc2c,Equator Sport,1,1f8e2f68-9fa0-4094-9656-369bd379e684
afe9f206-96b9-48b3-a8da-14f88401ca14,Escape,1,1f8e2f68-9fa0-4094-9656-369bd379e684
473f9e10-0676-4773-9a7d-df327a71e738,Escort,1,1f8e2f68-9fa0-4094-9656-369bd379e684
ed7dc4fb-0ee2-4913-ae44-6aaf65bbfaed,Escort (North America),1,1f8e2f68-9fa0-4094-9656-369bd379e684
7633ff89-c8c3-4609-9cc3-dcaf659e1a91,Everest,1,1f8e2f68-9fa0-4094-9656-369bd379e684
2afcb443-70b1-4adc-a8ad-c090d0b007a4,Evos,1,1f8e2f68-9fa0-4094-9656-369bd379e684
c51fc1b7-eacc-4498-abf0-e60f3f026d96,Excursion,1,1f8e2f68-9fa0-4094-9656-369bd379e684
6b21f383-fdc0-4e10-ab34-6f8eaeee789c,Expedition,1,1f8e2f68-9fa0-4094-9656-369bd379e684
063872b4-5eb0-4cd0-b62b-7a40c504f32f,Explorer,1,1f8e2f68-9fa0-4094-9656-369bd379e684
fccc39bc-4ecb-4f8d-8eb2-c1907e1c5386,Explorer EV,1,1f8e2f68-9fa0-4094-9656-369bd379e684
ed7281e7-a5a1-4233-815b-a11bcb5e35d9,Explorer Sport Trac,1,1f8e2f68-9fa0-4094-9656-369bd379e684
1c3048c3-b9eb-4b20-bdbc-0e8e9e702453,Fairlane,1,1f8e2f68-9fa0-4094-9656-369bd379e684
80e9bc00-9784-4f0d-bb26-050856831f00,Fairmont,1,1f8e2f68-9fa0-4094-9656-369bd379e684
927fee29-2ad0-4494-a047-68eb658aef91,Falcon,1,1f8e2f68-9fa0-4094-9656-369bd379e684
33f748ec-fddd-4ff6-abfa-ad9dc9d7c1c2,Festiva,1,1f8e2f68-9fa0-4094-9656-369bd379e684
0c3b73f1-ea1a-4e62-b898-b27b7f8a88a9,Fiesta,1,1f8e2f68-9fa0-4094-9656-369bd379e684
7b47d5b2-999c-40cf-a138-eb9724ad2a0d,Fiesta ST,1,1f8e2f68-9fa0-4094-9656-369bd379e684
1abc7cae-c174-49fa-90c0-bb025ffcc254,Figo,1,1f8e2f68-9fa0-4094-9656-369bd379e684
ebf6d7e0-d762-4e88-9170-24710e78f618,Five Hundred,1,1f8e2f68-9fa0-4094-9656-369bd379e684
da43845d-254d-4f0e-8a84-2c1dbca65438,Flex,1,1f8e2f68-9fa0-4094-9656-369bd379e684
ecb2bb0c-42b8-4ee8-a44f-f147baec7472,Focus,1,1f8e2f68-9fa0-4094-9656-369bd379e684
466ba932-21df-414b-8e73-7e598dff331d,Focus RS,1,1f8e2f68-9fa0-4094-9656-369bd379e684
5666dcda-97f1-4537-958f-a524767d64c7,Focus ST,1,1f8e2f68-9fa0-4094-9656-369bd379e684
6f8f89fb-59ac-42d8-b8c5-3451c4da671a,Freda,1,1f8e2f68-9fa0-4094-9656-369bd379e684
3ad6cb7b-8d94-42e0-a515-8cda1bc943f6,Freestar,1,1f8e2f68-9fa0-4094-9656-369bd379e684
e6c95320-05a0-4117-b093-0f8d29ba38be,Freestyle,1,1f8e2f68-9fa0-4094-9656-369bd379e684
68c8d9d2-3592-451b-98d3-fa158b084af8,Fusion,1,1f8e2f68-9fa0-4094-9656-369bd379e684
8fffc4dc-5aae-4392-9bf3-88e0ea67d046,Fusion (North America),1,1f8e2f68-9fa0-4094-9656-369bd379e684
d702cd2f-c96b-4b83-b278-f0d9acaccde1,F-100,1,1f8e2f68-9fa0-4094-9656-369bd379e684
ee06ab03-c669-4a5b-82a1-f16e6f8bab8b,F-150,1,1f8e2f68-9fa0-4094-9656-369bd379e684
3ed7ba54-9675-42b9-bb83-765d666d8e38,F-2,1,1f8e2f68-9fa0-4094-9656-369bd379e684
49c7e690-edf5-41b1-aaa5-5b5dfcd792bf,Galaxie,1,1f8e2f68-9fa0-4094-9656-369bd379e684
8df07468-dfb8-4933-8044-76200189562c,Galaxy,1,1f8e2f68-9fa0-4094-9656-369bd379e684
478a8fbc-84ad-487a-9824-fbf1a70feea5,GPA,1,1f8e2f68-9fa0-4094-9656-369bd379e684
eb551295-ed52-4a1a-aa45-1c157b615a2e,Granada,1,1f8e2f68-9fa0-4094-9656-369bd379e684
94de4616-56ab-4a77-92e3-6af52a77fcd3,Granada (North America),1,1f8e2f68-9fa0-4094-9656-369bd379e684
02da6266-168c-41c5-ba41-0e3360aa96c7,GT,1,1f8e2f68-9fa0-4094-9656-369bd379e684
96aab39e-22b9-44cb-a4b6-9d889c53b992,GT40,1,1f8e2f68-9fa0-4094-9656-369bd379e684
6c9c6038-350c-40f8-9a69-5d066a0b68ac,Ikon,1,1f8e2f68-9fa0-4094-9656-369bd379e684
113795af-de54-4ced-85fe-8b6a93c8725f,Ixion,1,1f8e2f68-9fa0-4094-9656-369bd379e684
f9d804ec-d580-441c-a2a4-50caaf5e261c,KA,1,1f8e2f68-9fa0-4094-9656-369bd379e684
bc043fcd-921f-4f9d-a9bc-1c06fec98a43,Kuga,1,1f8e2f68-9fa0-4094-9656-369bd379e684
26e91c85-7246-4197-91aa-44221f4dc687,Laser,1,1f8e2f68-9fa0-4094-9656-369bd379e684
c4e781b8-7c57-42f5-9123-7dfd8abbe464,LTD,1,1f8e2f68-9fa0-4094-9656-369bd379e684
3943d7fa-325a-4256-b089-34f40dfc9244,LTD Country Squire,1,1f8e2f68-9fa0-4094-9656-369bd379e684
ac9d84cd-78c5-4aba-b46d-3c034df66214,LTD Crown Victoria,1,1f8e2f68-9fa0-4094-9656-369bd379e684
bee42e6e-d65d-4fdb-bae8-17f36f6579be,M151,1,1f8e2f68-9fa0-4094-9656-369bd379e684
6c914a79-9dbf-4faa-8c73-42ebe42ea66e,Mainline,1,1f8e2f68-9fa0-4094-9656-369bd379e684
5230e16c-fbce-4163-bc1a-27360a3be545,Maverick,1,1f8e2f68-9fa0-4094-9656-369bd379e684
f983cbbf-2976-4a09-8d09-60fa903ceac3,Model A,1,1f8e2f68-9fa0-4094-9656-369bd379e684
8e7d1749-9fd1-4c5a-9f6e-faf7d728ade5,Model T,1,1f8e2f68-9fa0-4094-9656-369bd379e684
97a17b98-2808-4c9a-80bd-e3b449a6260a,Mondeo,1,1f8e2f68-9fa0-4094-9656-369bd379e684
4895dc80-bdc3-4779-974f-a1e2e1527213,Mondeo ST,1,1f8e2f68-9fa0-4094-9656-369bd379e684
64012032-ea0b-4253-9d5b-7d1ae722cd0d,Mustang,1,1f8e2f68-9fa0-4094-9656-369bd379e684
7b4af100-c54a-4c09-b591-5e3bc7ffaac6,Mustang Mach-E,1,1f8e2f68-9fa0-4094-9656-369bd379e684
53a3ec04-dbf4-4b5e-9994-c7feec737b49,Orion,1,1f8e2f68-9fa0-4094-9656-369bd379e684
4232b40b-1968-44fc-a3ca-8721886bbb1d,Probe,1,1f8e2f68-9fa0-4094-9656-369bd379e684
5a7a1f0e-879b-482e-b063-008fc6c299c5,Puma,1,1f8e2f68-9fa0-4094-9656-369bd379e684
ca569890-2801-4105-b7e3-6843fd028344,Puma ST,1,1f8e2f68-9fa0-4094-9656-369bd379e684
a6a6b88f-2ef8-4f03-93a9-65323e7ddcfe,Ranchero,1,1f8e2f68-9fa0-4094-9656-369bd379e684
cfa266aa-b7be-431d-8e99-8d965e39f66b,Ranger,1,1f8e2f68-9fa0-4094-9656-369bd379e684
93cafa9e-ccc2-4b16-979f-c3b00f36223c,Ranger (North America),1,1f8e2f68-9fa0-4094-9656-369bd379e684
ffe1f5ae-60aa-4939-8496-fad1cd5fdb13,Scorpio,1,1f8e2f68-9fa0-4094-9656-369bd379e684
8312d64d-099f-4223-9ae1-e524ca979f31,Sierra,1,1f8e2f68-9fa0-4094-9656-369bd379e684
2d47c954-a414-4a30-9181-44dd33d3bc78,Spectron,1,1f8e2f68-9fa0-4094-9656-369bd379e684
01c0dde0-96aa-47a7-95e9-c56678226adb,S-MAX,1,1f8e2f68-9fa0-4094-9656-369bd379e684
eea5d20d-9676-4b3b-aacc-6eca2af01fde,Taunus,1,1f8e2f68-9fa0-4094-9656-369bd379e684
1fd4e9da-1034-4216-a174-e4da5220b29d,Taurus,1,1f8e2f68-9fa0-4094-9656-369bd379e684
c1d6bc27-e7ef-4a28-81b8-1b449830ec9b,Taurus X,1,1f8e2f68-9fa0-4094-9656-369bd379e684
f5f819cb-108b-4e32-8010-944895fd9251,Telstar,1,1f8e2f68-9fa0-4094-9656-369bd379e684
eb49cdad-7342-4754-8bb7-f57faaa97931,Tempo,1,1f8e2f68-9fa0-4094-9656-369bd379e684
94536276-2160-498b-a7f1-10caa5b13c5f,Territory,1,1f8e2f68-9fa0-4094-9656-369bd379e684
482e4752-69dd-476c-96ab-d8bc8f57df5f,Thunderbird,1,1f8e2f68-9fa0-4094-9656-369bd379e684
b45646e7-e23a-4088-a8cf-8b34e1bc2806,Torino,1,1f8e2f68-9fa0-4094-9656-369bd379e684
b7fe19ba-5d03-471c-a421-9a9e30e35873,Tourneo Connect,1,1f8e2f68-9fa0-4094-9656-369bd379e684
1a202c3a-b363-4cb9-8f0e-0ef868e43afa,Tourneo Courier,1,1f8e2f68-9fa0-4094-9656-369bd379e684
72ab5aeb-834f-47a2-8e2d-a4cff1f6b6ec,Tourneo Custom,1,1f8e2f68-9fa0-4094-9656-369bd379e684
86969255-18d6-4a85-ae69-107e5cbde472,Transit,1,1f8e2f68-9fa0-4094-9656-369bd379e684
16f162ec-657c-4bdd-afb4-5f5de21034a8,Transit Connect,1,1f8e2f68-9fa0-4094-9656-369bd379e684
9a244f31-afa9-4040-a026-94dff4342546,Transit Custom,1,1f8e2f68-9fa0-4094-9656-369bd379e684
c4766845-4423-43ea-aab4-3b9f74c70ae3,V8,1,1f8e2f68-9fa0-4094-9656-369bd379e684
f0ebeef2-3e02-4b4f-883b-b5402ec8d0f7,Windstar,1,1f8e2f68-9fa0-4094-9656-369bd379e684
3220ecb7-2881-4990-9c5e-9c90ea83e9cd,Zephyr,1,1f8e2f68-9fa0-4094-9656-369bd379e684
4b217c6a-245d-434f-9186-fe59d46f492d,CM7,1,c768f64b-8207-46db-844e-ba664a738442
f540179f-14b4-4bdd-bd48-85862312710d,Friday,1,c768f64b-8207-46db-844e-ba664a738442
17998e59-761a-4c44-8228-a28dce9a959d,Lingzhi M5,1,c768f64b-8207-46db-844e-ba664a738442
1989b393-be04-40f5-bd3f-b8a433a7e3df,Lingzhi Plus,1,c768f64b-8207-46db-844e-ba664a738442
25cf2cfb-1f91-4d9c-a4a2-a2385fd58db3,M7,1,c768f64b-8207-46db-844e-ba664a738442
a89a1739-6a17-41a3-9374-8d99e20c9ae0,T5,1,c768f64b-8207-46db-844e-ba664a738442
6dd8c015-82f5-4cf3-87e0-fab62f5b2d2f,T5L,1,c768f64b-8207-46db-844e-ba664a738442
ba3ab1e1-6a0a-45ba-aa49-bfd75bc2513e,T5 EVO,1,c768f64b-8207-46db-844e-ba664a738442
9225c8a2-ad96-4404-9af4-aab0c5cf978c,Thunder,1,c768f64b-8207-46db-844e-ba664a738442
6a442647-05e3-498f-921e-7c726125594c,Xinghai S7,1,c768f64b-8207-46db-844e-ba664a738442
79e0f9f4-615c-4f2d-95f1-a449bc01af44,Yacht,1,c768f64b-8207-46db-844e-ba664a738442
28d46011-1b4a-4b77-8158-c03833b7ec0d,Mars 7,1,62634b3a-9acb-4241-98c7-19f9b3a0ea8c
4914c16d-da3c-4375-b154-fa14503e7528,Mars 9,1,62634b3a-9acb-4241-98c7-19f9b3a0ea8c
ef6bf733-90cd-4e82-9044-bf7aa418929c,Midi,1,62634b3a-9acb-4241-98c7-19f9b3a0ea8c
97447d00-6c69-4926-b1ba-4c75e7b4b63b,Sauvana,1,62634b3a-9acb-4241-98c7-19f9b3a0ea8c
0114a741-f7a3-44ba-b568-2ecad11bb74d,Tunland,1,62634b3a-9acb-4241-98c7-19f9b3a0ea8c
9c6c95fc-53e0-4368-b825-18eb534cb574,Tunland G7,1,62634b3a-9acb-4241-98c7-19f9b3a0ea8c
614f764a-342e-409b-979b-a051b6c10f9e,Tunland G9,1,62634b3a-9acb-4241-98c7-19f9b3a0ea8c
db99177f-3f9a-4804-9db4-4ff9969758f4,Tunland V7,1,62634b3a-9acb-4241-98c7-19f9b3a0ea8c
b2d420de-0e75-4de7-97ea-7f4be73f7f3e,Tunland V9,1,62634b3a-9acb-4241-98c7-19f9b3a0ea8c
2ce3650c-ab53-4d1a-bf60-f054db911b7e,Series 15,1,d64d11ca-8b96-43f1-8019-e4341bd0b897
cd92e32e-5946-4a90-b909-5adf935a7db9,125p,1,71aa1976-34ca-47c6-934f-18bc85937584
fbe94d0a-340e-467b-b765-057af891ab3e,126p,1,71aa1976-34ca-47c6-934f-18bc85937584
6790722a-6625-4d36-be39-5f45b32202f8,127p,1,71aa1976-34ca-47c6-934f-18bc85937584
ed08d730-54a4-4b29-9917-5a0fd231687f,132p,1,71aa1976-34ca-47c6-934f-18bc85937584
5a6768a2-0753-4ed6-a806-b76a5038807e,Lanos,1,71aa1976-34ca-47c6-934f-18bc85937584
b9088035-1a3c-455e-a2d2-88c921b8e7ef,Polonez,1,71aa1976-34ca-47c6-934f-18bc85937584
2e596ee1-5fe6-43cd-9f93-cb508a9eaf40,Warszawa,1,71aa1976-34ca-47c6-934f-18bc85937584
b8a33ef0-7dec-4948-b76c-f0208cfba320,Tarpan,1,cb93b9d2-4bf4-4500-9530-de1eac7189d8
249c2b3d-f537-4cf9-87a9-031ac36b23db,6500 (Land King),1,2617de1d-81b6-49d4-aff1-ab59acaca25c
abd73627-adc1-4943-8447-2befe69cff37,Empow,1,d6c62057-8f7c-4f41-8b3c-33e12f53cb09
96976e92-141f-4e4b-a6e4-e5bc0fd1d5f3,GN8,1,d6c62057-8f7c-4f41-8b3c-33e12f53cb09
6ba02546-f47f-485e-a2a7-3f8b7d5e0ae5,GS3,1,d6c62057-8f7c-4f41-8b3c-33e12f53cb09
070f2688-8cec-4568-8a2f-83eb3794daaa,GS4,1,d6c62057-8f7c-4f41-8b3c-33e12f53cb09
dd9508c3-b3b0-4665-a459-dd3991a69e06,GS5,1,d6c62057-8f7c-4f41-8b3c-33e12f53cb09
02cfcf34-d26c-44a7-9389-6b0da4c1d1a7,GS8,1,d6c62057-8f7c-4f41-8b3c-33e12f53cb09
3e340290-c3ae-4795-a3f5-98334980f538,iA5,1,d6c62057-8f7c-4f41-8b3c-33e12f53cb09
f388ee79-c9fe-4144-88ab-d10a61fbd06b,M8,1,d6c62057-8f7c-4f41-8b3c-33e12f53cb09
e07798a4-5d1d-436a-b8fa-57a38f2fe8dd,12 ЗИМ,1,201fa3c4-519d-4a7f-833a-60534cb730f7
fbe2f94c-97a4-4607-a7f9-ae572b519bbc,13 «Чайка»,1,201fa3c4-519d-4a7f-833a-60534cb730f7
c9847708-964e-4b74-9a26-baca26122a56,14 «Чайка»,1,201fa3c4-519d-4a7f-833a-60534cb730f7
73564f6a-6694-4f7b-8e11-13ad40f7f82d,18,1,201fa3c4-519d-4a7f-833a-60534cb730f7
f7d7ff53-3d9d-4f26-abf0-0aa90c122a65,21 «Волга»,1,201fa3c4-519d-4a7f-833a-60534cb730f7
fdfd06a8-5fe5-4b38-bbb2-ad2c0d503544,22 «Волга»,1,201fa3c4-519d-4a7f-833a-60534cb730f7
491ead32-8484-4c2c-8b1d-31e108c00db8,2308 «Атаман»,1,201fa3c4-519d-4a7f-833a-60534cb730f7
3d0953cd-ada6-4b39-b70d-22b891f0ef9b,2330 «Тигр»,1,201fa3c4-519d-4a7f-833a-60534cb730f7
a143d2df-e4bb-4d0e-acfc-0c9600337924,24 «Волга»,1,201fa3c4-519d-4a7f-833a-60534cb730f7
52014345-5be8-494b-a3c0-c3986a9d7067,25,1,201fa3c4-519d-4a7f-833a-60534cb730f7
b250ddc8-b985-4d9d-8bfa-27ae16946a22,3102 «Волга»,1,201fa3c4-519d-4a7f-833a-60534cb730f7
531d2339-be4d-4d12-b4c4-1f568de808d3,31022 «Волга»,1,201fa3c4-519d-4a7f-833a-60534cb730f7
fe2e1cbd-fd8b-4cdb-9a91-8f2422a857b4,310221 «Волга»,1,201fa3c4-519d-4a7f-833a-60534cb730f7
83af179e-c2e5-42e6-b179-99eb4b4fab9b,31029 «Волга»,1,201fa3c4-519d-4a7f-833a-60534cb730f7
3bbeff41-2a8b-4ecc-aa64-3f554dd6adc3,3103 «Волга»,1,201fa3c4-519d-4a7f-833a-60534cb730f7
ef86c012-e42f-48b9-8b0b-4b9c2c588743,3105 «Волга»,1,201fa3c4-519d-4a7f-833a-60534cb730f7
8f36f80b-4b57-4029-9b6d-2c25cf0166d1,3110 «Волга»,1,201fa3c4-519d-4a7f-833a-60534cb730f7
29973cc7-bc4f-45ba-a99a-be03ff688260,31105 «Волга»,1,201fa3c4-519d-4a7f-833a-60534cb730f7
4267a588-8722-49b1-b757-efd615d53283,3111 «Волга»,1,201fa3c4-519d-4a7f-833a-60534cb730f7
9c8286c7-58a7-49ca-bfc4-01201daa5ccf,46,1,201fa3c4-519d-4a7f-833a-60534cb730f7
58da858c-39f0-47f7-b062-f151078d8fa3,61,1,201fa3c4-519d-4a7f-833a-60534cb730f7
2e2a1fbe-a945-46c6-888d-33494311426e,64,1,201fa3c4-519d-4a7f-833a-60534cb730f7
3752546c-b742-4dc1-9b6d-526bfe4046c4,ГАЗ 67,1,201fa3c4-519d-4a7f-833a-60534cb730f7
aa3c5cfa-c687-4d8d-b52f-229cc3cde69e,69,1,201fa3c4-519d-4a7f-833a-60534cb730f7
8d981f13-b368-4027-96a7-5e356063b00c,А,1,201fa3c4-519d-4a7f-833a-60534cb730f7
11f564ac-92d8-4b62-b885-c6698574bb76,М1,1,201fa3c4-519d-4a7f-833a-60534cb730f7
76a98c9b-bae4-4a0a-8f5e-9f6f07446518,М-20 «Победа»,1,201fa3c4-519d-4a7f-833a-60534cb730f7
9595fa08-fa47-41d5-9c7c-12294a2a12da,М-72,1,201fa3c4-519d-4a7f-833a-60534cb730f7
00f2b223-6927-487f-b354-3bc1dfb4ce8c,Volga Siber,1,201fa3c4-519d-4a7f-833a-60534cb730f7
b5986b3f-6dd2-4351-b61d-48bf26ca7287,Atlas,1,4a358b56-ee14-4a12-a2b7-dddd7d9ecf63
0e47e239-5fdd-49a3-9bc3-fa7cff040397,Atlas Pro,1,4a358b56-ee14-4a12-a2b7-dddd7d9ecf63
05f89732-1873-4112-9fae-5b58fd822fd7,Azkarra,1,4a358b56-ee14-4a12-a2b7-dddd7d9ecf63
99bb6326-770d-47b9-8b55-f1e813bbe80f,Beauty Leopard,1,4a358b56-ee14-4a12-a2b7-dddd7d9ecf63
8e800228-b330-4fc0-9e7a-16e8c20b4851,Binrui,1,4a358b56-ee14-4a12-a2b7-dddd7d9ecf63
09d13ba0-eb74-4438-af64-823dccb8d5f3,Binrui Cool,1,4a358b56-ee14-4a12-a2b7-dddd7d9ecf63
ed807453-ccf9-46e9-8bc2-68bea8595bef,Binyue,1,4a358b56-ee14-4a12-a2b7-dddd7d9ecf63
9b633f78-bdff-45a6-8d85-d8e1d3dfd853,Binyue Cool,1,4a358b56-ee14-4a12-a2b7-dddd7d9ecf63
d0f1a164-6cd4-4323-95f6-5992b5a66e4a,Binyue L,1,4a358b56-ee14-4a12-a2b7-dddd7d9ecf63
0f90c604-c591-4071-9fdd-ae495c04fb5e,Boyue,1,4a358b56-ee14-4a12-a2b7-dddd7d9ecf63
9e19a93c-03b9-4579-b349-d38cd325d433,Boyue Cool,1,4a358b56-ee14-4a12-a2b7-dddd7d9ecf63
57282bc2-1974-4500-925e-5882d6536ecf,Boyue Pro,1,4a358b56-ee14-4a12-a2b7-dddd7d9ecf63
2844a1c2-cbc7-4646-85d2-920681c864dc,Cityray,1,4a358b56-ee14-4a12-a2b7-dddd7d9ecf63
8e756820-7941-41fc-a7fa-5caf205ee4e5,CK (Otaka),1,4a358b56-ee14-4a12-a2b7-dddd7d9ecf63
1412e508-0679-411d-8e93-c3e0d4a533cc,Coolray,1,4a358b56-ee14-4a12-a2b7-dddd7d9ecf63
66c6a3d0-b84a-4de6-9a7e-1cc95249c511,Cowboy,1,4a358b56-ee14-4a12-a2b7-dddd7d9ecf63
a3735ddb-5116-420e-af1f-67f33c67aa14,Emgrand,1,4a358b56-ee14-4a12-a2b7-dddd7d9ecf63
cd1b6c98-3466-4388-ad60-706567b47335,Emgrand 7,1,4a358b56-ee14-4a12-a2b7-dddd7d9ecf63
40a2cca1-d17a-4504-8c44-e435e70c38a8,Emgrand EC8,1,4a358b56-ee14-4a12-a2b7-dddd7d9ecf63
ec5d5e25-c6bf-4570-9b14-0750571e259d,Emgrand EC7,1,4a358b56-ee14-4a12-a2b7-dddd7d9ecf63
de62649b-bc4a-4875-837d-cc3a95b7af7b,Emgrand GL,1,4a358b56-ee14-4a12-a2b7-dddd7d9ecf63
542838f7-9f38-4826-b840-f445603441ab,Emgrand GT,1,4a358b56-ee14-4a12-a2b7-dddd7d9ecf63
c22a5894-4d72-467f-ab40-676ff2addf3b,Emgrand L,1,4a358b56-ee14-4a12-a2b7-dddd7d9ecf63
8553efa4-bc8d-45f9-950f-0964ede0efe6,Emgrand S,1,4a358b56-ee14-4a12-a2b7-dddd7d9ecf63
3afc9dab-43ef-49d5-bb3d-af881a1ccedb,Emgrand X7,1,4a358b56-ee14-4a12-a2b7-dddd7d9ecf63
979f23ee-14b4-4974-a573-151b4f37c4a0,EX5,1,4a358b56-ee14-4a12-a2b7-dddd7d9ecf63
92748618-5292-465b-ab8b-79381e17e647,Galaxy A7,1,4a358b56-ee14-4a12-a2b7-dddd7d9ecf63
7f4dad37-c954-4ab4-9634-9d1721b40870,Galaxy E5,1,4a358b56-ee14-4a12-a2b7-dddd7d9ecf63
3fc9ee90-50ab-41e8-ab7a-f74a613205fc,Galaxy E8,1,4a358b56-ee14-4a12-a2b7-dddd7d9ecf63
43b8745b-bfb9-4780-8a0b-ff746ca06a1b,Galaxy L6,1,4a358b56-ee14-4a12-a2b7-dddd7d9ecf63
56a5a91d-c787-4302-b38c-8db9e539709c,Galaxy L7,1,4a358b56-ee14-4a12-a2b7-dddd7d9ecf63
951d9f3f-5789-4165-8480-acc4264b7d19,Galaxy LEVC L380,1,4a358b56-ee14-4a12-a2b7-dddd7d9ecf63
e544457e-5d66-42f3-9615-bcdd6eebd2ad,Galaxy M9,1,4a358b56-ee14-4a12-a2b7-dddd7d9ecf63
93b0ebd8-fc47-404c-bf84-8efb98764334,Galaxy Starshine 8,1,4a358b56-ee14-4a12-a2b7-dddd7d9ecf63
c90cf779-2e0f-4361-a2b5-1c6d9c7208a6,Galaxy Starship 7,1,4a358b56-ee14-4a12-a2b7-dddd7d9ecf63
8e114fa1-9d6b-4ff2-a876-59428d2769ae,GC5,1,4a358b56-ee14-4a12-a2b7-dddd7d9ecf63
575e4364-9661-4cde-9303-1e5c35971539,GC6,1,4a358b56-ee14-4a12-a2b7-dddd7d9ecf63
33a5793f-158e-4874-8519-12ed0bea9031,GC7,1,4a358b56-ee14-4a12-a2b7-dddd7d9ecf63
238aa3fb-4f15-400c-9e29-59e995baf82a,GC9,1,4a358b56-ee14-4a12-a2b7-dddd7d9ecf63
9f6b3c5e-ae27-4fcd-9c60-ef741d3483fd,Geometry A,1,4a358b56-ee14-4a12-a2b7-dddd7d9ecf63
420b5d69-4fe6-4eeb-959b-3a936e2cfd1d,Geometry C,1,4a358b56-ee14-4a12-a2b7-dddd7d9ecf63
d71f541d-58a3-4738-9722-c611a0209d4c,Geometry E,1,4a358b56-ee14-4a12-a2b7-dddd7d9ecf63
fac6ca3c-9896-4b22-bd21-9da780e24f86,Geometry G6,1,4a358b56-ee14-4a12-a2b7-dddd7d9ecf63
50753fb3-ab4c-4203-9f7b-2e8465e91408,Geometry M6,1,4a358b56-ee14-4a12-a2b7-dddd7d9ecf63
3d470ea9-828a-4aa9-abf6-62c5d795a5be,Geome Xingyuan,1,4a358b56-ee14-4a12-a2b7-dddd7d9ecf63
c563abb8-7e87-4e98-bcbf-294dc8a4b199,GS,1,4a358b56-ee14-4a12-a2b7-dddd7d9ecf63
4b2a0b6b-6c45-447d-81f3-608bada40215,GX3 Pro,1,4a358b56-ee14-4a12-a2b7-dddd7d9ecf63
78985b6d-2b1e-4062-afd2-90be560e89b9,Haoqing,1,4a358b56-ee14-4a12-a2b7-dddd7d9ecf63
7940dfeb-5b46-4474-a240-f9afd894faa7,Haoyue,1,4a358b56-ee14-4a12-a2b7-dddd7d9ecf63
1d9c7df9-3698-4d72-9ac4-2cbfd1e7e3dd,Haoyue L,1,4a358b56-ee14-4a12-a2b7-dddd7d9ecf63
0ca748f8-b352-4f45-9a1a-cb9c858835de,Haoyue Pro,1,4a358b56-ee14-4a12-a2b7-dddd7d9ecf63
074822c3-72a2-49fb-908e-a1dc3b24e47e,Icon,1,4a358b56-ee14-4a12-a2b7-dddd7d9ecf63
2e0e14d9-7939-490a-84d3-a8c5b3f6f784,Jiaji,1,4a358b56-ee14-4a12-a2b7-dddd7d9ecf63
84eaec27-9a2a-4998-a421-9aadc3402746,Kandi EX3,1,4a358b56-ee14-4a12-a2b7-dddd7d9ecf63
25133c1b-d764-478b-946b-496996449a11,LC (Panda),1,4a358b56-ee14-4a12-a2b7-dddd7d9ecf63
c497a327-cc83-4c5f-8a85-ed6f7ee697d9,LC (Panda) Cross,1,4a358b56-ee14-4a12-a2b7-dddd7d9ecf63
2d5fa866-816b-4f66-abce-b852578b1f86,MK,1,4a358b56-ee14-4a12-a2b7-dddd7d9ecf63
a8b1b687-5469-4c7f-9869-31a2befaab28,MK Cross,1,4a358b56-ee14-4a12-a2b7-dddd7d9ecf63
43cd50b5-20fc-4bd9-85e0-58a94ca9095d,Monjaro,1,4a358b56-ee14-4a12-a2b7-dddd7d9ecf63
4d41cfd6-e7e9-40e3-9233-35df8322a535,MR,1,4a358b56-ee14-4a12-a2b7-dddd7d9ecf63
ea594591-2c74-4a02-9c4d-def3d052f244,Okavango,1,4a358b56-ee14-4a12-a2b7-dddd7d9ecf63
4bb7fd81-8491-4ae3-b408-8a159561dd0a,Panda,1,4a358b56-ee14-4a12-a2b7-dddd7d9ecf63
45e6c6fb-775b-4839-94b3-660df4c98624,Preface,1,4a358b56-ee14-4a12-a2b7-dddd7d9ecf63
a5ff34cd-a64e-4d50-8f62-7e50c78d801c,Radar King Kong,1,4a358b56-ee14-4a12-a2b7-dddd7d9ecf63
83f66234-c136-4a97-ac8b-45c4c1d3f965,SC7,1,4a358b56-ee14-4a12-a2b7-dddd7d9ecf63
d94ab981-62f5-4028-8c6b-7ed8ca47737e,Tugella,1,4a358b56-ee14-4a12-a2b7-dddd7d9ecf63
951263bd-c05b-4553-817a-dd6c8f09ef24,TX4,1,4a358b56-ee14-4a12-a2b7-dddd7d9ecf63
0c65a2e2-c840-4ead-b53b-9a3130da05f6,FC (Vision),1,4a358b56-ee14-4a12-a2b7-dddd7d9ecf63
02693951-fa77-4b1d-91bd-7cf5530fc688,Vision X3,1,4a358b56-ee14-4a12-a2b7-dddd7d9ecf63
6bab46d6-c461-4d9d-9650-a909a82a6d30,Vision X3 Pro,1,4a358b56-ee14-4a12-a2b7-dddd7d9ecf63
97d1e210-5590-4500-beaf-0f8bc9c919a3,Vision X6,1,4a358b56-ee14-4a12-a2b7-dddd7d9ecf63
f275fa52-ffcd-4f0e-94fd-c2daead1cc97,Vision X6 Pro,1,4a358b56-ee14-4a12-a2b7-dddd7d9ecf63
43472786-efd2-4057-92e3-2307ff518fcd,Xingyue,1,4a358b56-ee14-4a12-a2b7-dddd7d9ecf63
e9316faa-4c09-4372-9247-9246b44362de,Xingyue L,1,4a358b56-ee14-4a12-a2b7-dddd7d9ecf63
e5361d8f-52b0-41bd-b78d-4c975be9a5af,Yuancheng (Farizon) FX,1,4a358b56-ee14-4a12-a2b7-dddd7d9ecf63
e53a7b6f-ac3b-4c64-987f-5dadfe81c0b5,G70,1,2915fa70-f840-496d-a8db-cb475d5d9db4
4bcc134d-ec2d-47b1-a925-2d67d48bdc6d,G80,1,2915fa70-f840-496d-a8db-cb475d5d9db4
d005df10-c98f-4e5a-845c-c1746d43d709,G90,1,2915fa70-f840-496d-a8db-cb475d5d9db4
ef427281-cf89-466e-b315-38aaae0c5679,GV60,1,2915fa70-f840-496d-a8db-cb475d5d9db4
f18cb4d1-e48e-4aec-a0c9-d42715a07093,GV70,1,2915fa70-f840-496d-a8db-cb475d5d9db4
7b945749-5d57-442e-a79d-1711407ea766,GV80,1,2915fa70-f840-496d-a8db-cb475d5d9db4
d2636d63-0422-4cbe-b2df-0a62f9e3c5fa,GV80 Coupe,1,2915fa70-f840-496d-a8db-cb475d5d9db4
3d8ba468-72ec-4489-9e0c-67de2224b42f,Metro,1,20c78062-e8ce-4a8d-aae8-8d3dfc40925e
997fbce6-f2d3-4ac5-a1a3-478b718d3ee4,Prizm,1,20c78062-e8ce-4a8d-aae8-8d3dfc40925e
85cf3fa2-48a0-47be-b189-dc87fcc9049f,Spectrum,1,20c78062-e8ce-4a8d-aae8-8d3dfc40925e
f9e6127f-c076-4c75-8214-a6d087b179e3,Storm,1,20c78062-e8ce-4a8d-aae8-8d3dfc40925e
3a97e755-1118-4aea-9cf7-dc088b9d5f34,Tracker,1,20c78062-e8ce-4a8d-aae8-8d3dfc40925e
b63f4e03-fae3-4e5a-a334-a4a5da8a4247,T.33,1,99c00fe4-bbe5-4018-a688-9c8c289ee0f4
34200372-0360-4a6f-8533-c7fc83f45af6,T.50,1,99c00fe4-bbe5-4018-a688-9c8c289ee0f4
d9e2670a-b410-4aa1-86e2-f248eecc70b1,100,1,0fd90f01-a8d0-4a88-8f38-67b8b44bb2ba
6e26ed59-6543-4c5e-a4d1-248518a382ff,Acadia,1,0fd90f01-a8d0-4a88-8f38-67b8b44bb2ba
ad3f1392-25e0-43b5-b0d6-63cd6c7c160a,Canyon,1,0fd90f01-a8d0-4a88-8f38-67b8b44bb2ba
c6aff378-5ff3-4ff5-9736-3918f43e2fa7,C/K,1,0fd90f01-a8d0-4a88-8f38-67b8b44bb2ba
784b1f34-9c52-46e8-ba85-1d2ef898a450,Envoy,1,0fd90f01-a8d0-4a88-8f38-67b8b44bb2ba
64f9bca8-c8da-4b79-8331-5a09a5b12e41,Hummer EV,1,0fd90f01-a8d0-4a88-8f38-67b8b44bb2ba
f117ac41-f2d5-424b-8f08-08d656252ec6,Jimmy,1,0fd90f01-a8d0-4a88-8f38-67b8b44bb2ba
41d646a4-1134-402f-bd9c-4c1d7720835b,Safari,1,0fd90f01-a8d0-4a88-8f38-67b8b44bb2ba
7fb8d1c4-e936-4487-a4e5-3b2d80739c69,Savana,1,0fd90f01-a8d0-4a88-8f38-67b8b44bb2ba
fc7c2a7c-1a81-4886-9902-fa1fc895f4ad,Sierra,1,0fd90f01-a8d0-4a88-8f38-67b8b44bb2ba
9f82f202-a00c-488b-afa2-3cc9205533db,Sonoma,1,0fd90f01-a8d0-4a88-8f38-67b8b44bb2ba
59ed1e8a-9621-486c-90b3-826fd0428eae,Suburban,1,0fd90f01-a8d0-4a88-8f38-67b8b44bb2ba
1b18e0f6-f702-4d9c-b720-0a1c0a6156a3,Syclone,1,0fd90f01-a8d0-4a88-8f38-67b8b44bb2ba
375da5b5-bb6a-480f-aaed-912de603c58f,Terrain,1,0fd90f01-a8d0-4a88-8f38-67b8b44bb2ba
f3aa6b8c-2718-4360-9a3b-6e0ce430259b,Typhoon,1,0fd90f01-a8d0-4a88-8f38-67b8b44bb2ba
49aa627f-63c5-4175-940f-fcb768ada343,Vandura,1,0fd90f01-a8d0-4a88-8f38-67b8b44bb2ba
f0581a93-ebe2-48c8-ad09-7eae6a585310,Yukon,1,0fd90f01-a8d0-4a88-8f38-67b8b44bb2ba
e859fdf6-2a96-4404-ac6c-83ecbf8a871a,T,1,3cd20681-fc32-4999-ac14-96e07de91ffd
87c9c636-43ba-4b70-8062-e6c9af842793,TS,1,3cd20681-fc32-4999-ac14-96e07de91ffd
d98f1358-e18b-4af8-8e2c-fcf850730c89,Aoosed G5,1,19247151-31a3-46b6-bc87-a5265f4c124c
4fa10e68-e60d-44a9-bd00-366d00a379b4,GX6,1,19247151-31a3-46b6-bc87-a5265f4c124c
47cfca86-8b82-4b51-9a57-436d7163140f,Troy,1,19247151-31a3-46b6-bc87-a5265f4c124c
45b747be-8834-4621-b01c-6d2dbc3f8eca,Roadster,1,a2e93fb7-c802-476f-be97-a5de21d4c687
f87e0edb-97ed-4b9e-be8c-868e5f0c4f53,Madison,1,0df63c65-63d1-4b2a-843b-d00b860c680f
3e2669b3-d06c-4d2b-bd98-2823d7ea9bb4,Coolbear,1,4378bd7f-cb59-4336-a316-f3086b6c965a
1518b305-9e1b-402f-bea1-75f717529ec1,Cowry (V80),1,4378bd7f-cb59-4336-a316-f3086b6c965a
8805287c-24bb-467d-bc37-8a3623211f46,Deer,1,4378bd7f-cb59-4336-a316-f3086b6c965a
4eade35c-b84d-4613-a2b9-f4f330a37211,Florid,1,4378bd7f-cb59-4336-a316-f3086b6c965a
40f04f1e-bbf5-4cd5-ac2c-e61c995823a2,Hover H3,1,4378bd7f-cb59-4336-a316-f3086b6c965a
9bd47bc6-be6b-406e-a069-5bd6aafe940b,Hover H5,1,4378bd7f-cb59-4336-a316-f3086b6c965a
7858b920-754a-414e-b331-17998b3353e2,Hover H6,1,4378bd7f-cb59-4336-a316-f3086b6c965a
1519248c-957e-4b9c-9810-c8f84f601f9e,Hover,1,4378bd7f-cb59-4336-a316-f3086b6c965a
0044dcfb-ba23-4276-8694-7a3db981bbb9,Hover M1 (Peri 4x4),1,4378bd7f-cb59-4336-a316-f3086b6c965a
ff6d1bad-cd10-4a9d-9e53-4b7609f2bfab,Hover M2,1,4378bd7f-cb59-4336-a316-f3086b6c965a
9bfa21f7-a786-498f-a7ff-465d9fc47c78,Hover M4,1,4378bd7f-cb59-4336-a316-f3086b6c965a
cf2da77b-03d9-4844-a90c-ef987c0062de,Hover Pi,1,4378bd7f-cb59-4336-a316-f3086b6c965a
9752b893-97c9-461a-885a-358522300e22,Pegasus,1,4378bd7f-cb59-4336-a316-f3086b6c965a
6237d73d-e3c6-4729-a736-40406b2f363f,Peri,1,4378bd7f-cb59-4336-a316-f3086b6c965a
cc3350b3-f457-4341-be9e-f72e52af2e94,Poer,1,4378bd7f-cb59-4336-a316-f3086b6c965a
e1d43eb1-0b10-42f4-afc8-0e5c035ea9b8,Poer King Kong,1,4378bd7f-cb59-4336-a316-f3086b6c965a
8bf31c75-6f0c-4ee1-8b1e-cd5cd330aa8b,Safe,1,4378bd7f-cb59-4336-a316-f3086b6c965a
836c817c-1e81-43f0-8076-bebb8dcbc579,Sailor,1,4378bd7f-cb59-4336-a316-f3086b6c965a
43e4259d-b820-4815-a7b1-14217e86543b,Shanhai Poer,1,4378bd7f-cb59-4336-a316-f3086b6c965a
d4bab66c-e52e-472a-b49d-ec71e4bc6ed0,Sing RUV,1,4378bd7f-cb59-4336-a316-f3086b6c965a
29b791ba-495b-450e-b640-a50b8307e58f,Socool,1,4378bd7f-cb59-4336-a316-f3086b6c965a
e28d7a64-4759-414a-8e13-5f6e3427cf23,Voleex C10 (Phenom),1,4378bd7f-cb59-4336-a316-f3086b6c965a
aca64a6a-af47-4e35-bd97-1d641b94abe2,Voleex C30,1,4378bd7f-cb59-4336-a316-f3086b6c965a
98ce1ad9-0210-40c5-81c3-d06a362b38f7,Voleex C50,1,4378bd7f-cb59-4336-a316-f3086b6c965a
840cf7a8-3b3f-4ee7-8346-034631d9466d,Wingle 7,1,4378bd7f-cb59-4336-a316-f3086b6c965a
b5c754f1-680e-47bf-899e-d35023dfc4ad,Wingle,1,4378bd7f-cb59-4336-a316-f3086b6c965a
605e9243-dae1-4cf2-ada7-98236eacb8f6,Brio,1,d54c7e21-51c2-4a9d-be14-fda5dc462f85
c8ff2aad-36b9-474c-8a14-62d36685666e,Minyi,1,d54c7e21-51c2-4a9d-be14-fda5dc462f85
1bcbcd75-c703-49ea-bf93-112fdd8b005e,Princip,1,d54c7e21-51c2-4a9d-be14-fda5dc462f85
b50f5f28-c010-4196-849c-d030236a5b65,Saibao,1,d54c7e21-51c2-4a9d-be14-fda5dc462f85
47bcaf04-a2f3-48e7-bbad-4ea536664405,Sigma,1,d54c7e21-51c2-4a9d-be14-fda5dc462f85
538b0b97-c2a5-4270-ad4e-240e797e78e6,Simbo,1,d54c7e21-51c2-4a9d-be14-fda5dc462f85
b2441cca-61e7-4fa7-a0db-e36a9e7907d3,2,1,00947f10-0663-4077-bde3-def2895dd3b5
c81a8f41-6bbc-4ac7-ad4e-dfaac69f6c58,3,1,00947f10-0663-4077-bde3-def2895dd3b5
9b4fadf9-4ebc-498e-a992-23d2ce357734,6P,1,00947f10-0663-4077-bde3-def2895dd3b5
8eb4307f-1bc9-4e72-92ac-0fc1936555d9,7,1,00947f10-0663-4077-bde3-def2895dd3b5
ebf84716-cd20-4514-8cd6-369c17c29a03,7X,1,00947f10-0663-4077-bde3-def2895dd3b5
e99152fa-27f5-4a53-bf01-47c27e1961a7,8S,1,00947f10-0663-4077-bde3-def2895dd3b5
14f5357f-01d4-4214-99c9-668cf9b583a3,Aishang EV,1,00947f10-0663-4077-bde3-def2895dd3b5
f7951464-a5dd-4112-ab34-f122c54693aa,E3,1,00947f10-0663-4077-bde3-def2895dd3b5
2d64c2ec-5882-4cdd-9ad0-e664e529d0e3,Family,1,00947f10-0663-4077-bde3-def2895dd3b5
e4b83d9d-eb04-4587-b4c0-ab6bdff347ee,Family F7,1,00947f10-0663-4077-bde3-def2895dd3b5
c68143a6-0758-4b4c-b03f-81cfc7aa287e,Freema,1,00947f10-0663-4077-bde3-def2895dd3b5
9360adf7-4b84-4785-87d2-80cb1ba5dc09,M3,1,00947f10-0663-4077-bde3-def2895dd3b5
5a76c44c-74ce-43f7-b4b6-10eaf1f42bfb,S5,1,00947f10-0663-4077-bde3-def2895dd3b5
63566bab-3380-4d11-8bac-4d4ce3ee69fe,S5 Young,1,00947f10-0663-4077-bde3-def2895dd3b5
65f192c3-007a-46e9-a7f2-6466ed313d7a,Rekord,1,3124f2d1-48a2-4ae3-830d-068162279859
939bbe9f-465f-4ef5-9733-134ec1184c90,Typ 13,1,3124f2d1-48a2-4ae3-830d-068162279859
085a9e27-076b-4ef0-ac15-f7c37f2387ef,X7,1,57266029-dc65-4eb2-b9f5-a22fd76522a3
4e881082-646b-453c-9e6a-a84c87a73949,Chitu,1,b9d4502f-2d2b-4ec8-8c3e-85456157d975
6138156c-c295-47f6-b8f4-cb54a339fe51,DaGou (Big Dog),1,b9d4502f-2d2b-4ec8-8c3e-85456157d975
d1e5041e-c02b-45d8-afb7-7f36ba844c48,Dargo,1,b9d4502f-2d2b-4ec8-8c3e-85456157d975
407d2f7e-a764-42d3-91a7-757025159293,F5,1,b9d4502f-2d2b-4ec8-8c3e-85456157d975
2f00f4b0-66ab-494a-8586-7cc7e1ea0bd4,F7,1,b9d4502f-2d2b-4ec8-8c3e-85456157d975
71e52ce4-70f7-4f8c-be4c-56fd623685cc,F7x,1,b9d4502f-2d2b-4ec8-8c3e-85456157d975
deb8b4f3-13af-4a28-8209-f82339a8b887,F8,1,b9d4502f-2d2b-4ec8-8c3e-85456157d975
355de788-73af-412a-ac07-c80af1bb8f0b,H1,1,b9d4502f-2d2b-4ec8-8c3e-85456157d975
ba978ba4-e92e-402c-9206-66a3faff09b1,H2,1,b9d4502f-2d2b-4ec8-8c3e-85456157d975
df7c9f92-f43c-4a6f-88ba-ecaa11488c71,H2s,1,b9d4502f-2d2b-4ec8-8c3e-85456157d975
fca323ef-7bbf-44d6-97d3-e9fceb0a9cf0,H3,1,b9d4502f-2d2b-4ec8-8c3e-85456157d975
dce06d50-1617-4dac-ae14-7df78d3fb9ee,H4,1,b9d4502f-2d2b-4ec8-8c3e-85456157d975
120fbe16-b2e5-4cf6-b486-7cd77369e456,H5,1,b9d4502f-2d2b-4ec8-8c3e-85456157d975
02117f93-c835-4c2a-82c2-98ba33b5b821,H6,1,b9d4502f-2d2b-4ec8-8c3e-85456157d975
98b503f4-b80a-4e99-baac-059158439d5b,H6S,1,b9d4502f-2d2b-4ec8-8c3e-85456157d975
5626d74a-0133-4560-a7a2-7dfb8c0f2b9f,H6 Coupe,1,b9d4502f-2d2b-4ec8-8c3e-85456157d975
62d9d826-a7cb-4e66-92d5-fe15989b4ab8,H7,1,b9d4502f-2d2b-4ec8-8c3e-85456157d975
b9c3a5c5-9a7a-45a1-a14e-d6100b2628c3,H8,1,b9d4502f-2d2b-4ec8-8c3e-85456157d975
40693057-cd9f-4c65-8d66-817eaeec7fac,H9,1,b9d4502f-2d2b-4ec8-8c3e-85456157d975
7ef19eb2-f105-4ebf-bada-a206b105c92a,Jolion,1,b9d4502f-2d2b-4ec8-8c3e-85456157d975
650bc9e7-53b8-4526-896d-4965a395254a,KuGou,1,b9d4502f-2d2b-4ec8-8c3e-85456157d975
f237a491-1b04-4d9f-bc0a-0c0446fb784e,M6,1,b9d4502f-2d2b-4ec8-8c3e-85456157d975
3f936988-89f4-4208-bbb0-8e67cef35517,Menglong (Raptor),1,b9d4502f-2d2b-4ec8-8c3e-85456157d975
d16e6bf9-c537-41e0-bea6-abc017502fa5,Shenshou,1,b9d4502f-2d2b-4ec8-8c3e-85456157d975
fb863b16-745d-4a00-b314-27f32ce1d2cb,Xiaolong,1,b9d4502f-2d2b-4ec8-8c3e-85456157d975
948d74f2-aaaf-4909-be7d-aa97529df1b8,Xiaolong Max,1,b9d4502f-2d2b-4ec8-8c3e-85456157d975
d1f549c8-a080-45c0-a342-3a0c6567bd8a,Boliger,1,42e109eb-aa87-440e-b7a0-4ebd2cba9484
ee753652-82f7-4429-8970-12d027e85159,B21,1,42e109eb-aa87-440e-b7a0-4ebd2cba9484
6d078010-b6c3-4eff-803b-93685eb693cb,Laville,1,42e109eb-aa87-440e-b7a0-4ebd2cba9484
c3fecedb-7c6a-4669-9b46-3c7aff61df32,6,1,2a9f969c-7e4e-4a6d-8e6a-4d163813a541
aed1a7ef-07f2-4a51-809c-97945a6abb82,Typ 154,1,12b1b2ec-70a7-4504-8b46-3501d3d93aa1
12857b8c-e513-4831-89bf-570c9c90b159,Venom F5,1,f7960d8b-e2a9-4d92-874a-7b4fe0ae832a
966a866d-99e6-42e2-ba2a-d94bb8341a6f,Venom GT,1,f7960d8b-e2a9-4d92-874a-7b4fe0ae832a
d1e32afe-a48a-49d8-8d4a-8500d7c33a26,Ambassador,1,9242f49b-2f27-4a5b-b43c-82764c29b45f
3e11b51f-4aef-4d88-98d4-e048d971ed6d,Contessa,1,9242f49b-2f27-4a5b-b43c-82764c29b45f
d889e1ee-a4b4-4ae1-9bf5-b0dfb6e3148b,X,1,2a73558e-c19a-4e96-a306-32a33215b9f2
87b46834-89d9-4040-9b25-d80ce1e84fe3,Y,1,2a73558e-c19a-4e96-a306-32a33215b9f2
65eaaddc-ad24-43d5-89d2-181cf1a8c407,Z,1,2a73558e-c19a-4e96-a306-32a33215b9f2
e19bca74-4f13-44ae-851a-0b1312466a98,K6,1,517834af-680f-4fda-aa24-f3946153dfe6
ddde339c-b62b-487f-b3ac-0ddf4437ba22,Apollo,1,7a0d838c-ac28-4472-b7e5-484696f8c172
bccdf2d6-c97a-4f44-9838-b7181a1d0d39,Astra,1,7a0d838c-ac28-4472-b7e5-484696f8c172
4f7a0a2b-f235-4bd6-aca4-c38ffb978ed6,Barina,1,7a0d838c-ac28-4472-b7e5-484696f8c172
6a0e3f27-86ec-4c7f-b9cc-81380ce03cb3,Calais,1,7a0d838c-ac28-4472-b7e5-484696f8c172
955428b7-60b0-49ee-ba20-dd08427c6c2a,Caprice,1,7a0d838c-ac28-4472-b7e5-484696f8c172
00d01d84-131b-4b2a-a2e8-d0621b1ef030,Commodore,1,7a0d838c-ac28-4472-b7e5-484696f8c172
36e62ab4-e576-4778-a86d-2a828d6cc1a1,Cruze,1,7a0d838c-ac28-4472-b7e5-484696f8c172
2ede5509-ceb6-4633-80a3-7566da946265,Frontera,1,7a0d838c-ac28-4472-b7e5-484696f8c172
3f73b6bd-d24d-4508-82cd-e146b4fbbbf6,Jackaroo,1,7a0d838c-ac28-4472-b7e5-484696f8c172
78dd8a26-eb0b-4429-8b0b-b09c68f111b2,Monaro,1,7a0d838c-ac28-4472-b7e5-484696f8c172
dd093e51-da4f-4ed7-8387-2a557969bc92,Rodeo,1,7a0d838c-ac28-4472-b7e5-484696f8c172
b3d22e55-3fa6-4651-ae16-ccab60f04592,Statesman,1,7a0d838c-ac28-4472-b7e5-484696f8c172
56e5c881-dd63-46ce-9468-8e0ef75b80e7,UTE,1,7a0d838c-ac28-4472-b7e5-484696f8c172
3ad21c96-ca43-4a73-b5f4-259bf6dc02cb,Vectra,1,7a0d838c-ac28-4472-b7e5-484696f8c172
98ea3fc9-8cfe-4a2e-b0b1-86e55ca56b58,Zafira,1,7a0d838c-ac28-4472-b7e5-484696f8c172
6ab0a193-f9ad-4bb8-a241-f7a0e4e7b5cc,145,1,e0a15176-ea8f-4ce3-97a2-afd0430ef93f
d5a067db-9466-4f97-b72c-a7aef71fafbe,Accord,1,e0a15176-ea8f-4ce3-97a2-afd0430ef93f
3e7ad86b-797e-4d6f-9419-587cf0752982,Acty,1,e0a15176-ea8f-4ce3-97a2-afd0430ef93f
80e56389-ed63-4288-a363-0ae7d34c8c95,Airwave,1,e0a15176-ea8f-4ce3-97a2-afd0430ef93f
5b052362-34c1-43c2-bda5-62109c955c9b,Ascot,1,e0a15176-ea8f-4ce3-97a2-afd0430ef93f
07b69631-195a-4474-a703-abe7829b3d2c,Ascot Innova,1,e0a15176-ea8f-4ce3-97a2-afd0430ef93f
cca0ead5-32a9-48c1-95ca-460f8816b33f,Avancier,1,e0a15176-ea8f-4ce3-97a2-afd0430ef93f
63ea5759-fe0c-4234-b36f-826755103810,Ballade,1,e0a15176-ea8f-4ce3-97a2-afd0430ef93f
6d64164f-cf5d-4c4a-a037-d53356f27dc1,Beat,1,e0a15176-ea8f-4ce3-97a2-afd0430ef93f
0fece317-e910-4e47-aa9d-44b5c1a67cdc,Breeze,1,e0a15176-ea8f-4ce3-97a2-afd0430ef93f
63db87c1-32f0-42ee-87f7-a60717f62753,Brio,1,e0a15176-ea8f-4ce3-97a2-afd0430ef93f
945eeadd-22d9-4af9-ba55-43c82156d7db,Capa,1,e0a15176-ea8f-4ce3-97a2-afd0430ef93f
759a98da-1acb-43f5-a7ca-dfb4eee5549a,City,1,e0a15176-ea8f-4ce3-97a2-afd0430ef93f
3400e23a-688d-40fd-a25a-5c257ce6f04e,Civic,1,e0a15176-ea8f-4ce3-97a2-afd0430ef93f
d3fd1777-fad6-4377-993a-9552287d1e23,Civic Ferio,1,e0a15176-ea8f-4ce3-97a2-afd0430ef93f
175317e8-22e9-4212-a64c-89eb02eb9425,Civic Type R,1,e0a15176-ea8f-4ce3-97a2-afd0430ef93f
f767994b-8fa8-4d75-84a3-f3449e5abde0,Concerto,1,e0a15176-ea8f-4ce3-97a2-afd0430ef93f
3c6411a0-019d-408b-ac2c-c0ecfc97f041,Crider,1,e0a15176-ea8f-4ce3-97a2-afd0430ef93f
a574fbe3-4ddf-4708-9092-23300c8e8da2,Crossroad,1,e0a15176-ea8f-4ce3-97a2-afd0430ef93f
c22090e6-9b76-42e0-8c6e-849705e48949,Crosstour,1,e0a15176-ea8f-4ce3-97a2-afd0430ef93f
7dfac987-ce1c-4b8c-a824-b9a6e12119e1,CR-V,1,e0a15176-ea8f-4ce3-97a2-afd0430ef93f
2a5dce73-8088-47dc-ac12-9aa17b933622,CR-X,1,e0a15176-ea8f-4ce3-97a2-afd0430ef93f
8d92eaa3-89ce-46fe-b6a7-945cf5b97061,CR-Z,1,e0a15176-ea8f-4ce3-97a2-afd0430ef93f
d44c2066-7f32-48de-b131-1caaecb79066,Domani,1,e0a15176-ea8f-4ce3-97a2-afd0430ef93f
6e6d7ec1-2481-454f-87da-645b09756272,e,1,e0a15176-ea8f-4ce3-97a2-afd0430ef93f
97895364-ddef-46b3-88ea-6af4f6addebc,Edix,1,e0a15176-ea8f-4ce3-97a2-afd0430ef93f
57ac84b0-c463-4e31-8343-3cacd450ec02,Element,1,e0a15176-ea8f-4ce3-97a2-afd0430ef93f
76f98ca7-7120-460c-bc80-c6ab070479ec,Elevate,1,e0a15176-ea8f-4ce3-97a2-afd0430ef93f
b055fe54-af11-4fce-81c4-5e33867a818c,Elysion,1,e0a15176-ea8f-4ce3-97a2-afd0430ef93f
0a259a6b-3ea0-465b-9113-f01362e5c915,Envix,1,e0a15176-ea8f-4ce3-97a2-afd0430ef93f
5e00ccc1-cbcd-4007-b8b8-037bde5c84a8,e:NP1,1,e0a15176-ea8f-4ce3-97a2-afd0430ef93f
d326194b-94a1-45f3-957e-815d405216d6,e:NP2,1,e0a15176-ea8f-4ce3-97a2-afd0430ef93f
8b0ff362-d079-4c6a-b130-307b91b03f63,e:NS1,1,e0a15176-ea8f-4ce3-97a2-afd0430ef93f
4efafce0-099d-4b58-bf59-e657fbcf3eb6,e:NS2,1,e0a15176-ea8f-4ce3-97a2-afd0430ef93f
ea29d03a-72c2-45f3-81f0-687c18384c83,e:Ny1,1,e0a15176-ea8f-4ce3-97a2-afd0430ef93f
2d716c84-57d1-430a-8e67-bd796929f395,Clarity,1,e0a15176-ea8f-4ce3-97a2-afd0430ef93f
b5def952-ed9d-4756-901d-1c9c07f3ed57,Fit,1,e0a15176-ea8f-4ce3-97a2-afd0430ef93f
15735314-4aef-4c74-a23a-28fcf153be34,Fit Aria,1,e0a15176-ea8f-4ce3-97a2-afd0430ef93f
400ca6da-f557-4901-8ac8-37c194a72282,Fit Shuttle,1,e0a15176-ea8f-4ce3-97a2-afd0430ef93f
a1679ae6-f023-45ac-87b8-539cec8cbccd,Freed,1,e0a15176-ea8f-4ce3-97a2-afd0430ef93f
bf76dc7e-6f94-43b3-a036-a5b4a3f62b70,FR-V,1,e0a15176-ea8f-4ce3-97a2-afd0430ef93f
97519683-b87f-4012-9bc5-9eb8a3d74e6e,Grace,1,e0a15176-ea8f-4ce3-97a2-afd0430ef93f
5c8bb268-cb1f-4482-b1b4-7accd8502a84,Horizon,1,e0a15176-ea8f-4ce3-97a2-afd0430ef93f
fb7711e9-91f7-4c25-886c-55ba3497c6a1,HR-V,1,e0a15176-ea8f-4ce3-97a2-afd0430ef93f
5afb9ae4-a80f-4979-9bce-b38fb4157bdc,Insight,1,e0a15176-ea8f-4ce3-97a2-afd0430ef93f
aac61a08-7f21-4a91-b343-fed55d532e66,Inspire,1,e0a15176-ea8f-4ce3-97a2-afd0430ef93f
6e4c9f7b-5246-4ef9-bec8-12cf0d6e8c44,Integra,1,e0a15176-ea8f-4ce3-97a2-afd0430ef93f
d962ace7-1938-44cf-a699-c03c8f345bc3,Integra SJ,1,e0a15176-ea8f-4ce3-97a2-afd0430ef93f
2e0aa282-e021-4f4d-aebf-4be8b3d21b5e,Jade,1,e0a15176-ea8f-4ce3-97a2-afd0430ef93f
1250434c-8050-43dd-9f9f-bbe5b1c9bf1c,Jazz,1,e0a15176-ea8f-4ce3-97a2-afd0430ef93f
3e779e54-49d0-4c16-a893-02f979b92b9a,Lagreat,1,e0a15176-ea8f-4ce3-97a2-afd0430ef93f
7612207f-7836-4ed9-9674-fb6b9c3a4aa7,Legend,1,e0a15176-ea8f-4ce3-97a2-afd0430ef93f
0a0b87c7-d11c-482e-a752-eb081f2d7e35,Life,1,e0a15176-ea8f-4ce3-97a2-afd0430ef93f
912ae5ec-77b0-4298-abbb-d885756785c5,Logo,1,e0a15176-ea8f-4ce3-97a2-afd0430ef93f
d9351d59-03fd-4b05-816f-0edaa1a393db,MDX,1,e0a15176-ea8f-4ce3-97a2-afd0430ef93f
f06260fe-2dcc-4d66-ba1e-c5bb0a25240b,Mobilio,1,e0a15176-ea8f-4ce3-97a2-afd0430ef93f
4882c85e-c9ba-499c-b480-3d54e41ab9e4,Mobilio Spike,1,e0a15176-ea8f-4ce3-97a2-afd0430ef93f
97b4bec0-1d2c-4a7a-9d8d-f9c5e3a71a3c,N360,1,e0a15176-ea8f-4ce3-97a2-afd0430ef93f
9bd3d0c1-7c35-46e6-9e40-6c4f82404531,NSX,1,e0a15176-ea8f-4ce3-97a2-afd0430ef93f
b1484399-f699-4861-b229-1b517e174f19,N-BOX,1,e0a15176-ea8f-4ce3-97a2-afd0430ef93f
19fec973-0e10-41d3-9b28-a5b1dc10ad82,N-BOX+,1,e0a15176-ea8f-4ce3-97a2-afd0430ef93f
cbbd8671-ac04-49bc-9679-816fafcf5106,N-BOX Slash,1,e0a15176-ea8f-4ce3-97a2-afd0430ef93f
bc314dfa-98eb-4855-9c2d-74db5dfa7cbc,N-One,1,e0a15176-ea8f-4ce3-97a2-afd0430ef93f
17e8d56f-5c1f-49b8-870e-c9d75757b7d5,N-VAN,1,e0a15176-ea8f-4ce3-97a2-afd0430ef93f
aec5ce4c-d53a-4f34-8b4c-fa7789e0d676,N-WGN,1,e0a15176-ea8f-4ce3-97a2-afd0430ef93f
54fff421-cfbd-4e92-8430-f0ddffe87691,Odyssey,1,e0a15176-ea8f-4ce3-97a2-afd0430ef93f
bf5bdbf3-b56e-432a-aa3b-d95b98a1e6ae,Odyssey (North America),1,e0a15176-ea8f-4ce3-97a2-afd0430ef93f
8696d165-a75c-4466-a443-d5afa86479a8,Orthia,1,e0a15176-ea8f-4ce3-97a2-afd0430ef93f
ca890c89-fc75-469c-a17d-0ccd628b00e0,Partner,1,e0a15176-ea8f-4ce3-97a2-afd0430ef93f
50216b0b-f611-4a49-8b51-d5e8015405a4,Passport,1,e0a15176-ea8f-4ce3-97a2-afd0430ef93f
172557a8-91ce-4607-bb4d-46df488139d7,Pilot,1,e0a15176-ea8f-4ce3-97a2-afd0430ef93f
bfd92519-19f1-4984-a735-fc3f440d50ea,Prelude,1,e0a15176-ea8f-4ce3-97a2-afd0430ef93f
92d09ce2-d212-49fe-8f42-cdcab7149e00,Prologue,1,e0a15176-ea8f-4ce3-97a2-afd0430ef93f
3e8ef1a4-2ed2-4f55-a68b-309ebdeafdd0,Quint,1,e0a15176-ea8f-4ce3-97a2-afd0430ef93f
a44542af-ccc4-4e65-89c5-5198f76ad31a,Rafaga,1,e0a15176-ea8f-4ce3-97a2-afd0430ef93f
454bbf60-4f23-48a2-827d-a9f052f9d7cf,Ridgeline,1,e0a15176-ea8f-4ce3-97a2-afd0430ef93f
22292a0a-cdbc-4efa-86c2-5be5b3394a19,S2000,1,e0a15176-ea8f-4ce3-97a2-afd0430ef93f
3dad598c-b78d-4ece-9e2b-1f1977aa290d,S500,1,e0a15176-ea8f-4ce3-97a2-afd0430ef93f
e2081233-a7b1-4ec6-a358-58a924bfb714,S600,1,e0a15176-ea8f-4ce3-97a2-afd0430ef93f
8afc3d0f-68bf-4f34-8049-c1109d2835f9,S660,1,e0a15176-ea8f-4ce3-97a2-afd0430ef93f
fea856b9-8492-4ae6-82fb-08260b4ea738,Saber,1,e0a15176-ea8f-4ce3-97a2-afd0430ef93f
e6475dad-c316-43c2-9b1a-0bddace91250,Shuttle,1,e0a15176-ea8f-4ce3-97a2-afd0430ef93f
6e1b9ce6-b740-43ae-87cf-e90bd8cbb725,Stepwgn,1,e0a15176-ea8f-4ce3-97a2-afd0430ef93f
1bec6399-5503-4a6d-aa97-bb7005d7c406,Stream,1,e0a15176-ea8f-4ce3-97a2-afd0430ef93f
3d299b57-ed30-4393-9cb8-05443a57b972,Street,1,e0a15176-ea8f-4ce3-97a2-afd0430ef93f
53882097-03a7-49d5-8aba-76c4d2852f42,S-MX,1,e0a15176-ea8f-4ce3-97a2-afd0430ef93f
7a592195-e754-45bd-93bb-975ba2ca455c,That'S,1,e0a15176-ea8f-4ce3-97a2-afd0430ef93f
b8088fdd-d203-41b4-8a9a-b162ed6a7df3,Today,1,e0a15176-ea8f-4ce3-97a2-afd0430ef93f
cf2b6a03-20a6-47b0-a4de-d92ade1a080f,Torneo,1,e0a15176-ea8f-4ce3-97a2-afd0430ef93f
db3c7491-81ff-40f1-afe4-d5663c5a4ca0,UR-V,1,e0a15176-ea8f-4ce3-97a2-afd0430ef93f
7ce69022-d1a3-42e6-bbf1-ab170ddaea2d,Vamos,1,e0a15176-ea8f-4ce3-97a2-afd0430ef93f
48901371-3525-4c12-981b-7acd9736a28f,Vezel,1,e0a15176-ea8f-4ce3-97a2-afd0430ef93f
33970872-5dfa-43a7-95de-785bc5dfd2a3,Vigor,1,e0a15176-ea8f-4ce3-97a2-afd0430ef93f
b44898e8-618f-4922-93cf-d84df4530df1,WR-V,1,e0a15176-ea8f-4ce3-97a2-afd0430ef93f
5e0826fb-a77d-4183-9402-75a01c1107b0,XR-V,1,e0a15176-ea8f-4ce3-97a2-afd0430ef93f
e8de75b9-cbb8-4113-aed9-f09a18cd80f3,Ye P7,1,e0a15176-ea8f-4ce3-97a2-afd0430ef93f
a2dd990a-ca0d-46c0-84c4-ca0872d5b58a,Ye S7,1,e0a15176-ea8f-4ce3-97a2-afd0430ef93f
3e6411b5-f50f-4833-b35e-44ff191be408,Z,1,e0a15176-ea8f-4ce3-97a2-afd0430ef93f
a61b50eb-c65f-4cc8-a28a-1702923caaf8,Zest,1,e0a15176-ea8f-4ce3-97a2-afd0430ef93f
2afa576c-af97-488b-9276-d28c57ee59ba,ZR-V,1,e0a15176-ea8f-4ce3-97a2-afd0430ef93f
f90c718b-6ea3-4b54-addd-645017992fa9,EH7,1,dfc5497e-5fa2-435f-9930-118c4412a995
2ea69f64-539e-4d30-ade9-caecd092d6d7,E-HS3,1,dfc5497e-5fa2-435f-9930-118c4412a995
d951019a-a19e-45f7-a431-a3802c3a44e7,E-HS7,1,dfc5497e-5fa2-435f-9930-118c4412a995
36319f92-ac86-4155-982e-d3669f561625,E-HS9,1,dfc5497e-5fa2-435f-9930-118c4412a995
72f6bd63-85ac-49ac-860e-632274adb857,E-QM5,1,dfc5497e-5fa2-435f-9930-118c4412a995
d34b7cf6-6ae1-4e8d-862a-26581eaa2cef,H5,1,dfc5497e-5fa2-435f-9930-118c4412a995
ffbec4b7-d1d1-444a-b598-88420ae00dbc,H6,1,dfc5497e-5fa2-435f-9930-118c4412a995
d1582e3d-8ead-4892-b09e-a368877a25f7,H7,1,dfc5497e-5fa2-435f-9930-118c4412a995
2d8fcec6-1e86-4b06-bc4c-dcc58390bb32,H9,1,dfc5497e-5fa2-435f-9930-118c4412a995
5a29d42a-4cb8-4535-9dfd-84488983169b,HQ9,1,dfc5497e-5fa2-435f-9930-118c4412a995
70b573ac-a540-408f-ac2a-7a5da29ac99f,HS3,1,dfc5497e-5fa2-435f-9930-118c4412a995
64072fdc-bf80-4d93-8fa0-6ce273de59f6,HS5,1,dfc5497e-5fa2-435f-9930-118c4412a995
cfdddd6c-abf2-45ef-b1c8-67417f16af5a,HS7,1,dfc5497e-5fa2-435f-9930-118c4412a995
fee39c80-243e-4a9d-a953-a59b8719ecf3,L1 (Guoya),1,dfc5497e-5fa2-435f-9930-118c4412a995
ee6bd7fd-fc7c-4367-a3c3-3b2d603a10ca,L5,1,dfc5497e-5fa2-435f-9930-118c4412a995
421aa409-c9fe-446d-aadd-b0b55f2e36c2,LS7,1,dfc5497e-5fa2-435f-9930-118c4412a995
5ac0a6bc-7ea4-439e-a633-e96623ab2794,Tiangong 05,1,dfc5497e-5fa2-435f-9930-118c4412a995
d6b3f6d1-a54a-466a-847d-648751ac690d,Tiangong 06,1,dfc5497e-5fa2-435f-9930-118c4412a995
9ec270ed-f195-4c0a-8c68-22903fff8fec,Tiangong 08,1,dfc5497e-5fa2-435f-9930-118c4412a995
1f90ec7e-caf8-4609-bc5d-759b66d747d9,830,1,da4be817-fcc9-4b0e-b5a0-3c42352b1112
bb8e3e36-0ac4-465b-ac45-3e779f191331,853,1,da4be817-fcc9-4b0e-b5a0-3c42352b1112
580d8824-5aa5-4ef4-bd13-13e6595b1369,901,1,da4be817-fcc9-4b0e-b5a0-3c42352b1112
7b1636e2-d211-45e8-a5e5-bc9260c2f82b,Neta GT,1,8a9b6b39-e39c-4699-a079-feb5d0645ee1
a56d6887-a0c0-4a28-bca4-08eb6629e2d2,Neta L,1,8a9b6b39-e39c-4699-a079-feb5d0645ee1
d3ac9161-447d-400e-a515-cb4c164a33d3,Neta S,1,8a9b6b39-e39c-4699-a079-feb5d0645ee1
41a4084c-386e-40b6-a3e2-ae419e0620c3,Neta U,1,8a9b6b39-e39c-4699-a079-feb5d0645ee1
e661edba-5287-4f76-8c73-92c9d59ad821,Neta U-II,1,8a9b6b39-e39c-4699-a079-feb5d0645ee1
a90051c7-b055-4241-abd2-1b0db5b6027b,Neta V,1,8a9b6b39-e39c-4699-a079-feb5d0645ee1
c4289575-4248-4c38-9015-87e3352df7c5,Neta X,1,8a9b6b39-e39c-4699-a079-feb5d0645ee1
27646bff-31d9-4c09-a58b-57d8aa8adcb3,Maloo,1,ed99df40-11f5-48fd-b0f2-e21151fbdc03
98dd2088-4f5c-4862-908c-2f7632006cad,EK01,1,68da232e-5d0b-4206-8b0a-81ac380a31f5
be1c7d05-d81a-4831-98d6-f002b5bc7e7f,Antelope,1,b3eb7cae-628d-4bf3-9a9c-5cebf64eb06b
66364490-3282-41bb-9a90-4d90cc8aaf5e,Landscape,1,b3eb7cae-628d-4bf3-9a9c-5cebf64eb06b
29e4fd9f-4ff7-4aee-89c1-eb26a77a0b8c,N1,1,b3eb7cae-628d-4bf3-9a9c-5cebf64eb06b
21e07c65-753c-4660-8bc2-ee1cb12272a9,N7,1,b3eb7cae-628d-4bf3-9a9c-5cebf64eb06b
408ca65c-311a-423e-90be-cf734c941f7f,Plutus,1,b3eb7cae-628d-4bf3-9a9c-5cebf64eb06b
bc7841f8-910f-4a40-8a98-7f7480d26c35,Omega,1,bbd7f641-9562-417b-ab6b-b3e945f43b10
23207bb4-559e-4390-ba47-0e14e65e34e8,Deluxe Eight,1,c7ab0da8-5677-402f-860d-6564e02d4a67
09f5e460-4126-4e2a-9602-039f8d575f6b,Super Six,1,c7ab0da8-5677-402f-860d-6564e02d4a67
2d782e9a-7850-4c0c-a958-89a0a49149c1,Hawk,1,0c04f925-4c2d-41f9-af47-0088d0b044ff
f2722ba2-606d-4ddc-a018-d565cb3be2c1,H1,1,102b3a31-256f-4e3a-8bbb-cd693d6d18b4
80fbe8c3-a1ff-4dde-86dc-39404a51c434,H2,1,102b3a31-256f-4e3a-8bbb-cd693d6d18b4
954fb8ae-69cd-4ec5-8c7d-40c2c5d51426,H3,1,102b3a31-256f-4e3a-8bbb-cd693d6d18b4
1317ea9b-b2c9-45dc-8ca0-3e6ec64b35ea,7,1,5980fd3b-4fcb-4b5d-9b13-30ce816ff388
c9c00138-80f5-449e-a019-57c7da1f9951,A06,1,5980fd3b-4fcb-4b5d-9b13-30ce816ff388
eb035340-a0bd-41e3-851b-f9cf1d21468d,V09,1,5980fd3b-4fcb-4b5d-9b13-30ce816ff388
4e5f8073-3e06-4601-9a31-5498c1c4203a,Z03,1,5980fd3b-4fcb-4b5d-9b13-30ce816ff388
782ad618-a4dc-4ef6-97df-5f3159e881c8,XP-1,1,13372f49-a8d2-41b1-b20f-c06eb3994820
60785ca9-4074-4fcf-ba0c-1a66c011932e,Accent,1,968edded-cfcf-49bb-a2e9-71c934b62acd
521235ad-f9a7-4e4f-bfab-c2f4f1c17ab9,Alcazar,1,968edded-cfcf-49bb-a2e9-71c934b62acd
c7c179f6-c868-49bb-8a50-bd562d62e94f,Aslan,1,968edded-cfcf-49bb-a2e9-71c934b62acd
40d3d0e8-5e38-4a36-8f3c-7f3af808d8dc,Atos,1,968edded-cfcf-49bb-a2e9-71c934b62acd
c5759709-cd3a-4465-be16-654e328b122e,Avante,1,968edded-cfcf-49bb-a2e9-71c934b62acd
90254d2e-cfad-4e00-ac5f-600ef5c8fc46,Avante N,1,968edded-cfcf-49bb-a2e9-71c934b62acd
e16f2ecb-52ed-4df2-9d00-61bf6cbe113c,Azera,1,968edded-cfcf-49bb-a2e9-71c934b62acd
65459751-d693-43c8-839a-c275bee11177,Bayon,1,968edded-cfcf-49bb-a2e9-71c934b62acd
2cf7f75b-3f75-4c11-a01b-ffc27acd1114,Casper,1,968edded-cfcf-49bb-a2e9-71c934b62acd
adba03bb-f6b4-4da4-9017-7ca8398da398,Celesta,1,968edded-cfcf-49bb-a2e9-71c934b62acd
6ebe78b1-db9f-4997-98ad-df1572914146,Centennial,1,968edded-cfcf-49bb-a2e9-71c934b62acd
723e9f0b-6bf8-45b4-b4bc-dec717b3521c,Click,1,968edded-cfcf-49bb-a2e9-71c934b62acd
eff4497e-8d2b-4b0b-85e0-85fe9b0accba,Coupe,1,968edded-cfcf-49bb-a2e9-71c934b62acd
21bbdcaf-a600-493f-b24e-fed0b79e4b1a,Creta,1,968edded-cfcf-49bb-a2e9-71c934b62acd
742a28e2-073e-47d0-8d1b-50e1cc211230,Custin,1,968edded-cfcf-49bb-a2e9-71c934b62acd
bdc8d84c-f052-4e78-bc81-faab3b5e7015,Custo,1,968edded-cfcf-49bb-a2e9-71c934b62acd
6f7e1a80-d1cb-4479-bac0-ea0b96857a9b,Dynasty,1,968edded-cfcf-49bb-a2e9-71c934b62acd
b1918511-bb48-441a-83c1-cec6c689d9fd,Elantra,1,968edded-cfcf-49bb-a2e9-71c934b62acd
4dfabdaf-f252-433c-93db-65be1afa51f4,Elantra N,1,968edded-cfcf-49bb-a2e9-71c934b62acd
95a74c76-3ae9-4fb1-9238-66db082369be,Elexio,1,968edded-cfcf-49bb-a2e9-71c934b62acd
adb65930-b3a2-4d60-9641-bdf1cf30bc1f,Encino,1,968edded-cfcf-49bb-a2e9-71c934b62acd
b8972276-76e8-4128-afb3-4eb215c708f4,Entourage,1,968edded-cfcf-49bb-a2e9-71c934b62acd
8d9c95eb-f6f6-400f-a069-920e5e821ece,EON,1,968edded-cfcf-49bb-a2e9-71c934b62acd
b84d358e-d0ac-4835-b77d-7efd0188d6b1,Equus,1,968edded-cfcf-49bb-a2e9-71c934b62acd
8cf252f3-8e3d-49bc-a8f5-d14584df447a,Excel,1,968edded-cfcf-49bb-a2e9-71c934b62acd
ba488d65-f7bb-4e34-8ce2-8b4f8b00192f,Exter,1,968edded-cfcf-49bb-a2e9-71c934b62acd
687fd02a-5364-49bf-b7ab-d5c07ea7d3fb,Galloper,1,968edded-cfcf-49bb-a2e9-71c934b62acd
63f25ac5-5b01-48c0-9890-0ea0da682790,Genesis,1,968edded-cfcf-49bb-a2e9-71c934b62acd
dba0fbfe-12b1-4839-a9ab-19c8edd68846,Genesis Coupe,1,968edded-cfcf-49bb-a2e9-71c934b62acd
c56c186e-36ed-4a06-8f75-e7ad719c6f56,Getz,1,968edded-cfcf-49bb-a2e9-71c934b62acd
1ed2c448-2434-4b37-906f-16a92353bfc8,Grace,1,968edded-cfcf-49bb-a2e9-71c934b62acd
c8f9d5f2-cacb-432a-b5f3-85d20cae159c,Grandeur,1,968edded-cfcf-49bb-a2e9-71c934b62acd
e172db3f-955b-4a48-963f-72edb55ebd3f,Grand Starex,1,968edded-cfcf-49bb-a2e9-71c934b62acd
e6eddce0-37d6-46b6-ba99-eacd23f77f20,H200,1,968edded-cfcf-49bb-a2e9-71c934b62acd
8c78c82b-621f-47d2-9ea7-4d904d4af962,HB20,1,968edded-cfcf-49bb-a2e9-71c934b62acd
bd9c1e1e-2fef-4303-802e-067200b6d679,H-1,1,968edded-cfcf-49bb-a2e9-71c934b62acd
fe4995c4-4b85-4c04-a3c7-ed8a292164de,i10,1,968edded-cfcf-49bb-a2e9-71c934b62acd
9308959e-8b1e-4dc9-bf91-ee3b59899db8,i20,1,968edded-cfcf-49bb-a2e9-71c934b62acd
122beb0b-e3c9-485c-a4a3-6ea296341bce,i20 N,1,968edded-cfcf-49bb-a2e9-71c934b62acd
8ef1c523-a5c8-451b-aef9-7304f3eac4a4,i30,1,968edded-cfcf-49bb-a2e9-71c934b62acd
fa94ff14-0fbf-4757-9ae5-8d0688ba7c47,i30 N,1,968edded-cfcf-49bb-a2e9-71c934b62acd
55087bc6-a224-4455-ae5c-0cf407e3aa3a,i40,1,968edded-cfcf-49bb-a2e9-71c934b62acd
5c4e682e-3e60-4b1e-aaf3-cf9c8d879291,Inster,1,968edded-cfcf-49bb-a2e9-71c934b62acd
328a6752-5809-40bd-9cfe-d34a53d4dbc8,IONIQ,1,968edded-cfcf-49bb-a2e9-71c934b62acd
bf7b71a9-4c0c-4635-a629-d43b620da21e,IONIQ 5,1,968edded-cfcf-49bb-a2e9-71c934b62acd
742fba09-8cf1-47bf-999d-9f04a61571a6,IONIQ 5 N,1,968edded-cfcf-49bb-a2e9-71c934b62acd
b5c40caa-4963-491b-b3a3-c06a9f2b9971,IONIQ 6,1,968edded-cfcf-49bb-a2e9-71c934b62acd
053d7580-00ff-4e03-a7ea-598554d7e39b,IONIQ 9,1,968edded-cfcf-49bb-a2e9-71c934b62acd
c467f3db-69d4-4dbb-9ed3-e02ebee2332f,ix20,1,968edded-cfcf-49bb-a2e9-71c934b62acd
908b108b-f1ea-4c43-9f75-9d4fd384e4ed,ix25,1,968edded-cfcf-49bb-a2e9-71c934b62acd
2662ebb0-f37b-4e7a-a143-cb1ae2e5de40,ix35,1,968edded-cfcf-49bb-a2e9-71c934b62acd
a1375dcd-ab52-47cc-93a0-9a2379421c6d,ix55,1,968edded-cfcf-49bb-a2e9-71c934b62acd
1066e02e-0fe5-4475-a871-fd61755f1c26,Kona,1,968edded-cfcf-49bb-a2e9-71c934b62acd
602a846b-7217-4c10-a70f-f78754a313ac,Kona N,1,968edded-cfcf-49bb-a2e9-71c934b62acd
36dc3d29-d721-4279-ae84-5f4d0865582d,Lafesta,1,968edded-cfcf-49bb-a2e9-71c934b62acd
5a473969-c903-4598-85a3-b9eec2f1d846,Lantra,1,968edded-cfcf-49bb-a2e9-71c934b62acd
782838fd-e8ad-48e7-9487-ad5a84e9535d,Lavita,1,968edded-cfcf-49bb-a2e9-71c934b62acd
20b625b4-4d08-4689-ae83-dd41cb2a6c82,Marcia,1,968edded-cfcf-49bb-a2e9-71c934b62acd
68c8b3dd-9247-4e66-9651-31bcc7ede09d,Matrix,1,968edded-cfcf-49bb-a2e9-71c934b62acd
bbcbfe2b-2143-4ba6-b962-b08e0aafbf61,Maxcruz,1,968edded-cfcf-49bb-a2e9-71c934b62acd
bdbde952-675a-4f01-bd1f-3587a5148460,Mistra,1,968edded-cfcf-49bb-a2e9-71c934b62acd
0cce12d3-6d48-44f1-8838-0063c3024437,Mufasa,1,968edded-cfcf-49bb-a2e9-71c934b62acd
12fb1549-e530-4078-a1f6-905725a09b51,Nexo,1,968edded-cfcf-49bb-a2e9-71c934b62acd
09607c1c-0cb4-4d19-8514-d36b01c1f233,Palisade,1,968edded-cfcf-49bb-a2e9-71c934b62acd
dfd4378a-bd12-493a-a908-3ab3a061f1f4,Pony,1,968edded-cfcf-49bb-a2e9-71c934b62acd
d7224137-4e90-4f04-b534-145be5103822,Santamo,1,968edded-cfcf-49bb-a2e9-71c934b62acd
ba785540-1718-416d-9c1f-4a5382b78aae,Santa Cruz,1,968edded-cfcf-49bb-a2e9-71c934b62acd
4e904916-2544-42f3-8811-f55ce517c410,Santa Fe,1,968edded-cfcf-49bb-a2e9-71c934b62acd
57fd7846-9be1-4150-b7e0-ced880d56ced,Santro,1,968edded-cfcf-49bb-a2e9-71c934b62acd
288cbe04-2a07-4b5f-8421-38047c71aa3e,Scoupe,1,968edded-cfcf-49bb-a2e9-71c934b62acd
43490e59-3fa0-41d2-9ec6-a2f315f020d7,Solaris,1,968edded-cfcf-49bb-a2e9-71c934b62acd
c3b5d054-9857-40bd-838f-02f2665fbc37,Sonata,1,968edded-cfcf-49bb-a2e9-71c934b62acd
a6cab3f4-42b4-48fa-8ddb-960991348015,Starex,1,968edded-cfcf-49bb-a2e9-71c934b62acd
8413c0f0-4d5d-4deb-963d-de057b3a8242,Stargazer,1,968edded-cfcf-49bb-a2e9-71c934b62acd
0f92e41f-03c0-4c5e-aaff-a36a662591cf,Staria,1,968edded-cfcf-49bb-a2e9-71c934b62acd
b9a6f26a-d69a-4d72-8b53-d7a53b42b013,Stellar,1,968edded-cfcf-49bb-a2e9-71c934b62acd
01a5d2f5-33ac-406f-a119-f9f11ac9e8e5,Terracan,1,968edded-cfcf-49bb-a2e9-71c934b62acd
9cb5989a-8fda-4b23-a3f0-b2e4a9953146,Tiburon,1,968edded-cfcf-49bb-a2e9-71c934b62acd
a6eec853-eb23-4439-9a9d-e0849f5d2d42,Trajet,1,968edded-cfcf-49bb-a2e9-71c934b62acd
c6dfbc06-ce69-438b-9773-679601a9e4c2,Tucson,1,968edded-cfcf-49bb-a2e9-71c934b62acd
48b100ff-09e4-4363-8ae1-0195c1be0fef,Tuscani,1,968edded-cfcf-49bb-a2e9-71c934b62acd
b4a075d7-74eb-47d8-bc1a-9e09e45127a6,Veloster,1,968edded-cfcf-49bb-a2e9-71c934b62acd
4ebcf7c3-a930-4d56-a027-6229c33d71c3,Venue,1,968edded-cfcf-49bb-a2e9-71c934b62acd
df134937-847c-40c8-9781-67f05c82c48e,Veracruz,1,968edded-cfcf-49bb-a2e9-71c934b62acd
cd782f52-1c64-474f-b616-71ff7367ace7,Verna,1,968edded-cfcf-49bb-a2e9-71c934b62acd
38d43bd7-0999-4c71-ab8a-57602ea9c0c2,XG,1,968edded-cfcf-49bb-a2e9-71c934b62acd
3a6884d4-2155-4a98-bcfb-af780a8d8958,3,1,09787235-de7b-449a-b12d-1e360ff602cd
93224314-990a-4f06-b42e-c3f7feaa81de,V23,1,09787235-de7b-449a-b12d-1e360ff602cd
8cb5b23b-f007-45e9-820c-370dae053205,V27,1,b763789d-32a6-46f5-bf38-94d3c0bae1c4
fc96683f-e56d-4663-a4bb-35503d71c8fb,2125 «Комби»,1,043b4bef-c995-4da2-906b-106e44879f57
0957cea3-36c9-401e-9ba1-35de64f8c2c9,2126 «Ода»,1,043b4bef-c995-4da2-906b-106e44879f57
713f8c8d-7670-4d9e-9ed0-102066abfa3e,21261 «Фабула»,1,043b4bef-c995-4da2-906b-106e44879f57
de8b7e14-b0de-40c6-bcf5-5b61c9318993,2715,1,043b4bef-c995-4da2-906b-106e44879f57
f6b405d1-cf3d-4387-90cb-5a847bdf0f5b,2717,1,043b4bef-c995-4da2-906b-106e44879f57
546fc764-55ef-44c4-9c61-530ef7c6efc4,27175,1,043b4bef-c995-4da2-906b-106e44879f57
7d8393f4-6822-4c75-8c2a-1868530f9f86,Москвич-412,1,043b4bef-c995-4da2-906b-106e44879f57
82aa970a-a052-4e65-9d46-ae28ff32da65,L6,1,22c56c49-ef38-4832-bbee-db5cd65e4ada
e72ae2d7-e8db-44e6-a36c-18da8d9e3ae1,L7,1,22c56c49-ef38-4832-bbee-db5cd65e4ada
3848e9d3-13dd-45e9-9929-3d2f075b34ea,LS6,1,22c56c49-ef38-4832-bbee-db5cd65e4ada
66444f22-d4e1-42f5-a713-46cd40393e84,LS7,1,22c56c49-ef38-4832-bbee-db5cd65e4ada
21205457-bdf2-4a21-ad5a-84d02b4c4223,Grenadier,1,2c894d94-911a-4fd8-be10-6d45de9d9d2c
4d5c3c78-fbfa-4913-b5f0-09160d879b50,EX,1,713fd1ca-13b7-4810-9efa-dc9ffaa0a3d2
5099d484-7a11-4c76-95b8-489333c1f3a8,FX,1,713fd1ca-13b7-4810-9efa-dc9ffaa0a3d2
2fac05c0-d9d6-42e2-b038-617386479cf3,G,1,713fd1ca-13b7-4810-9efa-dc9ffaa0a3d2
7024c421-eb32-487a-aecd-3ecc27876d93,I,1,713fd1ca-13b7-4810-9efa-dc9ffaa0a3d2
3e77ebb2-df15-48f8-8b6f-71002fe797f6,J,1,713fd1ca-13b7-4810-9efa-dc9ffaa0a3d2
9e06743a-3098-419a-8049-8bddf03ba5a1,JX,1,713fd1ca-13b7-4810-9efa-dc9ffaa0a3d2
6d5e55a5-8593-4bc1-a657-5097a2c3f86f,M,1,713fd1ca-13b7-4810-9efa-dc9ffaa0a3d2
8751dc21-4eed-4764-9626-0668fd41f765,Q,1,713fd1ca-13b7-4810-9efa-dc9ffaa0a3d2
011db66a-15f4-4fde-9d17-238558e35b82,Q30,1,713fd1ca-13b7-4810-9efa-dc9ffaa0a3d2
986148f7-3027-4d12-89fd-aaac057f14b8,Q40,1,713fd1ca-13b7-4810-9efa-dc9ffaa0a3d2
41084e7f-3c0d-45f4-ab65-34da16052952,Q50,1,713fd1ca-13b7-4810-9efa-dc9ffaa0a3d2
c0ce97c9-cdaf-4514-bbf5-e4a800438fc8,Q60,1,713fd1ca-13b7-4810-9efa-dc9ffaa0a3d2
f6a3f120-9cda-44e0-9d44-ac66f2ade5e7,Q70,1,713fd1ca-13b7-4810-9efa-dc9ffaa0a3d2
83f55b14-55e2-438c-a8f9-e752ab6807d5,QX30,1,713fd1ca-13b7-4810-9efa-dc9ffaa0a3d2
96f0f257-f4e0-46f7-b68d-2d1a1edec7c8,QX4,1,713fd1ca-13b7-4810-9efa-dc9ffaa0a3d2
c410ff0a-b9f1-404a-9fd5-0e2b6da3ac2e,QX50,1,713fd1ca-13b7-4810-9efa-dc9ffaa0a3d2
ff4b0aa3-0474-4935-a9ce-94e56e69c107,QX55,1,713fd1ca-13b7-4810-9efa-dc9ffaa0a3d2
237b9226-ee96-4010-8c14-aa0e8555bfc3,QX56,1,713fd1ca-13b7-4810-9efa-dc9ffaa0a3d2
7d5e09c8-c90c-4a2c-be85-c8e6786fe465,QX60,1,713fd1ca-13b7-4810-9efa-dc9ffaa0a3d2
a3275044-5bac-4120-93ec-c6b3aec02b6f,QX70,1,713fd1ca-13b7-4810-9efa-dc9ffaa0a3d2
ec19c633-82fb-45b7-a2f3-ad04ae67fa18,QX80,1,713fd1ca-13b7-4810-9efa-dc9ffaa0a3d2
7e518431-c19b-4cbb-9dd8-ad8f2698ef20,Elba,1,a5cff9fb-b0ba-4335-ac3b-7526b5424562
e62cd491-8b6a-42cb-bc14-3d322f471a8f,Mille,1,a5cff9fb-b0ba-4335-ac3b-7526b5424562
2b2c17cc-6f1c-46e7-b0dd-156d4a587d85,Mini,1,a5cff9fb-b0ba-4335-ac3b-7526b5424562
266edfa7-e06a-4be2-a2b4-948debacb73b,Scout,1,e9d8f3ec-6080-457a-b190-d5c5fd562f3b
7839171f-a610-4d48-b9fe-ca1b58e0c2e2,Travelall,1,e9d8f3ec-6080-457a-b190-d5c5fd562f3b
f3c635f7-6813-4bbf-9836-180a83713220,S1,1,99478d79-9884-4d52-8df1-3028c2f8da02
f4423cdd-1091-48a4-8a63-255ed6e46059,Arisun,1,7a90825b-241a-4cc6-8754-2d37f248d335
3d6566de-c5ff-43dd-a69b-9f68a88f3dcb,Dena,1,7a90825b-241a-4cc6-8754-2d37f248d335
c3e3598a-6a80-4622-bfd8-fb8524d18066,Paykan,1,7a90825b-241a-4cc6-8754-2d37f248d335
9657631c-aa6c-47e1-a70a-c589ad1696e4,Runna,1,7a90825b-241a-4cc6-8754-2d37f248d335
4ad61941-1ab0-4b8d-b576-f58bf393c98b,Sahra,1,7a90825b-241a-4cc6-8754-2d37f248d335
c0e23eed-7db1-408b-9796-122759df4ed2,Samand,1,7a90825b-241a-4cc6-8754-2d37f248d335
13563823-2c96-4f57-828d-73a2f56674a8,Sarir,1,7a90825b-241a-4cc6-8754-2d37f248d335
989b1092-ad54-4062-9a28-1f4860f546c0,Soren,1,7a90825b-241a-4cc6-8754-2d37f248d335
e90dcf95-03b5-40a9-9744-85baa32059e0,Tara,1,7a90825b-241a-4cc6-8754-2d37f248d335
3c7bf045-0af0-4924-a474-17f99e791a45,Commendatore 112i,1,135f9184-e9d7-412f-b07b-0fa9bfbf42e8
2a9a8550-9130-45aa-8d23-c9f2321b110d,Imperator 108i,1,135f9184-e9d7-412f-b07b-0fa9bfbf42e8
4b576e9c-a531-40a5-b92f-1769a8813978,Spyder,1,135f9184-e9d7-412f-b07b-0fa9bfbf42e8
ed42e8fb-5636-47b5-9e21-7dacbc794286,117,1,e2440330-27e9-40e5-91e2-19504ac1cc63
a7901613-eb07-415d-a56c-8b08d298496d,Amigo,1,e2440330-27e9-40e5-91e2-19504ac1cc63
494692c0-555a-4c3d-912e-10c2296c06aa,Ascender,1,e2440330-27e9-40e5-91e2-19504ac1cc63
0f321f18-ec96-4fb1-932a-43d2c700ad1b,Aska,1,e2440330-27e9-40e5-91e2-19504ac1cc63
d3bdbc84-0d8a-4892-a8a0-b0b03504d51b,Axiom,1,e2440330-27e9-40e5-91e2-19504ac1cc63
0beabda8-982a-4e92-87c3-e4bce07b0ad1,Bellett,1,e2440330-27e9-40e5-91e2-19504ac1cc63
f674bf22-9a63-48a0-b463-9879659f35da,Bighorn,1,e2440330-27e9-40e5-91e2-19504ac1cc63
d33ee3b5-beb6-4664-a12f-92e5c101b4b5,D-Max,1,e2440330-27e9-40e5-91e2-19504ac1cc63
e1e74809-d691-4a48-8c87-a988040152f2,Fargo,1,e2440330-27e9-40e5-91e2-19504ac1cc63
d96ec00e-b391-40de-8863-6809e0e4758c,Fargo Filly,1,e2440330-27e9-40e5-91e2-19504ac1cc63
1433b448-9086-4dff-9689-450553afbe94,Florian,1,e2440330-27e9-40e5-91e2-19504ac1cc63
9f21acba-16aa-4aba-a7d1-4d5c5ca0c5fa,Gemini,1,e2440330-27e9-40e5-91e2-19504ac1cc63
43505938-adc1-400f-9f97-7a314bc60179,Hombre,1,e2440330-27e9-40e5-91e2-19504ac1cc63
9b5bb7d9-c97c-4ef4-87f2-600eb67dc891,Impulse,1,e2440330-27e9-40e5-91e2-19504ac1cc63
d5e1988d-45df-4f9b-92ca-9418ec5cc5ce,KB,1,e2440330-27e9-40e5-91e2-19504ac1cc63
784de849-2616-48be-b4b8-34f9b89a0ec4,Lingtuo,1,e2440330-27e9-40e5-91e2-19504ac1cc63
d81b5c8b-64e6-4f7a-b1d8-02369fa51303,Midi,1,e2440330-27e9-40e5-91e2-19504ac1cc63
bd527916-676f-4066-bde8-aac3ae233b4e,MU,1,e2440330-27e9-40e5-91e2-19504ac1cc63
3d291ffb-3a7e-4161-968f-2cd3914a24ef,MU-7,1,e2440330-27e9-40e5-91e2-19504ac1cc63
89241bfa-e6a7-497d-bdfb-c96395d6a2f9,MU-X,1,e2440330-27e9-40e5-91e2-19504ac1cc63
0b6e6295-dcc0-4e40-af3b-0a14fa3f4af7,Oasis,1,e2440330-27e9-40e5-91e2-19504ac1cc63
ccc277bb-1ae0-4f93-99a0-f09c46872209,Piazza,1,e2440330-27e9-40e5-91e2-19504ac1cc63
6b09ace2-6024-4885-84aa-48b1b1ec0c8c,Rodeo,1,e2440330-27e9-40e5-91e2-19504ac1cc63
53a67398-4cb5-4f5d-b18a-2a04bab5bb45,Stylus,1,e2440330-27e9-40e5-91e2-19504ac1cc63
d5442533-e44e-4758-9c99-65cc4cbb41dd,T17,1,e2440330-27e9-40e5-91e2-19504ac1cc63
cb596f0b-bdf3-42a3-ad6c-00fbc6a134a9,T30 Explorer,1,e2440330-27e9-40e5-91e2-19504ac1cc63
56075a68-e275-459f-8f4e-d55f8147da66,TF (Pickup),1,e2440330-27e9-40e5-91e2-19504ac1cc63
32c24b6b-6636-455d-9ec4-767a82517a07,Trooper,1,e2440330-27e9-40e5-91e2-19504ac1cc63
864f84aa-1530-49dc-b594-ab5ac529d53a,VehiCross,1,e2440330-27e9-40e5-91e2-19504ac1cc63
e93c53c2-542e-40c0-a0d0-6eecac25195a,Wizard,1,e2440330-27e9-40e5-91e2-19504ac1cc63
78e9348f-4d8f-49d2-9af3-d4afa6c3de35,Massif,1,7083572b-716f-46e9-857d-f212960bf4ae
1c7e4ca1-1e18-41a7-9882-ebed128b9e2a,A5,1,3252ed59-13d6-4a75-a3d4-68e111f5f0e8
f613b8de-5c56-49f7-b511-f543f69306a8,E30X,1,3252ed59-13d6-4a75-a3d4-68e111f5f0e8
486be62d-2423-4364-85c0-e8c5fbed75d4,Hunter,1,3252ed59-13d6-4a75-a3d4-68e111f5f0e8
da539d69-337e-4bba-8546-66ef2e540232,iEV7L,1,3252ed59-13d6-4a75-a3d4-68e111f5f0e8
534b9ea5-be35-4f66-abe3-1dc917d13443,iEV7S,1,3252ed59-13d6-4a75-a3d4-68e111f5f0e8
4a375bb8-60d8-4486-962e-bfe588a0caf8,iEVA50,1,3252ed59-13d6-4a75-a3d4-68e111f5f0e8
b96eca25-ec2e-4020-a0a5-42a4de2df6fc,iEVS4,1,3252ed59-13d6-4a75-a3d4-68e111f5f0e8
4d1198ef-9750-4b3a-a73b-345f29300d52,J2 (Yueyue),1,3252ed59-13d6-4a75-a3d4-68e111f5f0e8
53dc7859-1b0b-424a-897c-da1b4404d957,"J3 (Tongyue,Tojoy)",1,3252ed59-13d6-4a75-a3d4-68e111f5f0e8
4811542c-ae80-4b1f-94aa-5b57ef8ba2ea,J4 (Heyue A30),1,3252ed59-13d6-4a75-a3d4-68e111f5f0e8
1172e490-2299-4e14-bdf8-8e0fce1962fd,J5 (Heyue),1,3252ed59-13d6-4a75-a3d4-68e111f5f0e8
169cb1cd-684f-4e1b-ba23-3bad4109efca,J6 (Heyue RS),1,3252ed59-13d6-4a75-a3d4-68e111f5f0e8
82a338de-b8d6-459c-80bf-8869cde8ddd7,J7,1,3252ed59-13d6-4a75-a3d4-68e111f5f0e8
7965468c-2ee8-4e43-9c78-f16af8c9ae8a,J7 (Binyue),1,3252ed59-13d6-4a75-a3d4-68e111f5f0e8
aaad05e9-3639-4d2d-b3f5-fedd4afdd20a,Jiayue X7,1,3252ed59-13d6-4a75-a3d4-68e111f5f0e8
e4b5c675-7d8c-4f07-af84-a4956e94f9b6,JS2,1,3252ed59-13d6-4a75-a3d4-68e111f5f0e8
5195f7a6-3e3c-49a0-ad33-117e483d50eb,JS2 Pro,1,3252ed59-13d6-4a75-a3d4-68e111f5f0e8
c21ee83f-2fe0-4d51-a958-0a8c33ec441a,JS3,1,3252ed59-13d6-4a75-a3d4-68e111f5f0e8
f3453987-34b6-4a27-b363-ec2b08487b48,JS4,1,3252ed59-13d6-4a75-a3d4-68e111f5f0e8
51ee4a5c-1881-43ef-98a1-b629d82bd2c4,JS5,1,3252ed59-13d6-4a75-a3d4-68e111f5f0e8
0406abe8-2abf-4585-bf35-609dae980f4d,JS6,1,3252ed59-13d6-4a75-a3d4-68e111f5f0e8
6ec7fed6-db61-4c11-aa48-72cf57afd957,JS9,1,3252ed59-13d6-4a75-a3d4-68e111f5f0e8
e992daa4-533b-4406-ba48-ed7a6842b906,M4,1,3252ed59-13d6-4a75-a3d4-68e111f5f0e8
91cdb4ab-38b6-42b6-a711-b5a6bd46e7db,M5,1,3252ed59-13d6-4a75-a3d4-68e111f5f0e8
18d243d3-1389-4046-94a6-c5eee0ef0704,M1 (Refine),1,3252ed59-13d6-4a75-a3d4-68e111f5f0e8
1de8cab3-f664-4ccf-93a3-193ff77ad1b4,Refine M3,1,3252ed59-13d6-4a75-a3d4-68e111f5f0e8
88d7639a-d6a7-4d0f-abff-e364e7de6aea,Refine RF8,1,3252ed59-13d6-4a75-a3d4-68e111f5f0e8
7d216968-1cfe-42b1-a9b8-205ad4da14cc,S1 (Rein),1,3252ed59-13d6-4a75-a3d4-68e111f5f0e8
56026626-f7ca-43cf-b8dd-ebd56fdd4071,S3 Pro,1,3252ed59-13d6-4a75-a3d4-68e111f5f0e8
db576a7c-7316-42f9-9f2c-3c1c6d840bce,S4,1,3252ed59-13d6-4a75-a3d4-68e111f5f0e8
763ee660-6278-48a7-a164-19cdf42b6e0b,S5 (Eagle),1,3252ed59-13d6-4a75-a3d4-68e111f5f0e8
22be6665-5358-4dab-882d-791cea2271f8,S6,1,3252ed59-13d6-4a75-a3d4-68e111f5f0e8
411a0769-494b-4ba6-ae4b-7aa1ac4028ff,S7,1,3252ed59-13d6-4a75-a3d4-68e111f5f0e8
b4328758-018a-4043-898e-aabc15185b35,Sehol A5 Plus,1,3252ed59-13d6-4a75-a3d4-68e111f5f0e8
9acef2c2-3181-44ef-8f89-40535a4a65c2,Sehol Aipao,1,3252ed59-13d6-4a75-a3d4-68e111f5f0e8
9d6598c3-17ae-4549-952f-349d941d7820,Sehol E20X,1,3252ed59-13d6-4a75-a3d4-68e111f5f0e8
243001cf-b424-4763-a3f7-313d2eacf8a7,Sehol X6,1,3252ed59-13d6-4a75-a3d4-68e111f5f0e8
51a0d447-5183-4ec2-a4e8-ca176c0641c6,Sehol X8,1,3252ed59-13d6-4a75-a3d4-68e111f5f0e8
b2a41372-7749-4a72-8d3d-2e5c28049e9f,Sehol X8 Plus,1,3252ed59-13d6-4a75-a3d4-68e111f5f0e8
ef17aa25-f1b8-4c06-9f6f-9039493ad49d,S2,1,3252ed59-13d6-4a75-a3d4-68e111f5f0e8
28fc23b9-4d27-489d-af82-42107792d2c5,S3,1,3252ed59-13d6-4a75-a3d4-68e111f5f0e8
207cc492-db8c-4ed2-84fc-ba857f0ebf7e,T6,1,3252ed59-13d6-4a75-a3d4-68e111f5f0e8
0d136654-4d31-4f4a-9740-90ac987626e8,T8,1,3252ed59-13d6-4a75-a3d4-68e111f5f0e8
5c1c35a3-e745-4e75-9241-674538bdbdb0,T8 Pro,1,3252ed59-13d6-4a75-a3d4-68e111f5f0e8
c98c49cc-3e48-485b-90f3-fe22d90c3908,T9,1,3252ed59-13d6-4a75-a3d4-68e111f5f0e8
8206feae-0e03-4a3a-bf77-b5a9a3d7caad,J5,1,3c28ac93-fd3e-478f-a9f5-ede31685ea7e
793011eb-facc-4cf8-8416-9658d6232ed7,J7,1,3c28ac93-fd3e-478f-a9f5-ede31685ea7e
7a50a9a8-a039-4574-beb8-bcbcc4c8799e,J8,1,3c28ac93-fd3e-478f-a9f5-ede31685ea7e
a76c2b30-03b9-4da3-8ee0-a24fcfc01040,E-Pace,1,2d0d46d1-d48a-4f44-92dc-8c2ae8431790
c9245b65-8d15-4d83-979e-cd6f8a589f72,E-type,1,2d0d46d1-d48a-4f44-92dc-8c2ae8431790
7a684fa3-79ec-4762-9cec-15de09b81be7,F-Pace,1,2d0d46d1-d48a-4f44-92dc-8c2ae8431790
14d5e2ae-4097-4e3e-a61b-6499e52b33e4,F-Type,1,2d0d46d1-d48a-4f44-92dc-8c2ae8431790
b68112d3-ce75-477f-9ba8-1ed0cacadece,I-Pace,1,2d0d46d1-d48a-4f44-92dc-8c2ae8431790
c9b875d2-d77d-47d6-80f9-d8b9549385cb,Mark 2,1,2d0d46d1-d48a-4f44-92dc-8c2ae8431790
34ecd88e-a9b4-42d9-8b13-fdbf0af24854,Mark IX,1,2d0d46d1-d48a-4f44-92dc-8c2ae8431790
5b5275ba-3d96-45f1-a5df-465573a827bb,S-Type,1,2d0d46d1-d48a-4f44-92dc-8c2ae8431790
35879932-9de1-4d1c-9ab3-52750e390702,XE,1,2d0d46d1-d48a-4f44-92dc-8c2ae8431790
3b11a09b-968c-4054-a21f-1a80683918d9,XF,1,2d0d46d1-d48a-4f44-92dc-8c2ae8431790
0de0213b-448f-435f-80e7-31a89f070188,XFR,1,2d0d46d1-d48a-4f44-92dc-8c2ae8431790
b1f6be99-6418-410b-9871-557cd4e37b99,XJ,1,2d0d46d1-d48a-4f44-92dc-8c2ae8431790
4abed6e6-b311-49a4-bda7-dc18d2157c9e,XJ220,1,2d0d46d1-d48a-4f44-92dc-8c2ae8431790
03100088-805b-4afb-ad5a-5d325cb2805e,XJR,1,2d0d46d1-d48a-4f44-92dc-8c2ae8431790
30872e31-1752-4faa-bc1d-3349c56395d4,XJS,1,2d0d46d1-d48a-4f44-92dc-8c2ae8431790
196f35bc-4d10-442a-b2fc-4070ec39cc56,XK,1,2d0d46d1-d48a-4f44-92dc-8c2ae8431790
beedf31d-33e0-4bfb-9d24-42f7880b5597,XKR,1,2d0d46d1-d48a-4f44-92dc-8c2ae8431790
c3913d3e-cfce-486c-a96f-497c05a3798b,X-Type,1,2d0d46d1-d48a-4f44-92dc-8c2ae8431790
fd8e76dd-6d20-4591-b684-47fc89fe9cca,Avenger,1,29bdb2ad-56e0-4d77-8394-d352ba38ae18
9e898087-c9f5-406d-b675-a0265015e045,Cherokee,1,29bdb2ad-56e0-4d77-8394-d352ba38ae18
28bfd411-86e0-468a-8765-fd9fa5df2c23,CJ,1,29bdb2ad-56e0-4d77-8394-d352ba38ae18
0e2a1bd9-084d-4fc8-b288-c7c0de537469,Comanche,1,29bdb2ad-56e0-4d77-8394-d352ba38ae18
caf13955-66cf-469d-8452-0932259266db,Commander,1,29bdb2ad-56e0-4d77-8394-d352ba38ae18
facca916-3eb6-4bfc-aa14-cbe633019df6,Compass,1,29bdb2ad-56e0-4d77-8394-d352ba38ae18
e351f91c-d2a0-414c-99b8-b3f42f43c114,Gladiator,1,29bdb2ad-56e0-4d77-8394-d352ba38ae18
583e4eba-a6e8-41d4-bdf7-214ad9964c0a,Grand Cherokee,1,29bdb2ad-56e0-4d77-8394-d352ba38ae18
60b02291-76e8-4f4d-887c-683ae92b83ce,Grand Commander,1,29bdb2ad-56e0-4d77-8394-d352ba38ae18
dd9c0244-93ad-4cda-8222-19383092d5a7,Wagoneer,1,29bdb2ad-56e0-4d77-8394-d352ba38ae18
54cdd120-557e-40cc-9e9b-da5dfb7f0576,Liberty (North America),1,29bdb2ad-56e0-4d77-8394-d352ba38ae18
015fb8a3-5953-4ddb-8295-b4bd0bcab8b4,Liberty (Patriot),1,29bdb2ad-56e0-4d77-8394-d352ba38ae18
29edbba4-a29c-4f57-8118-572b35c726b9,Renegade,1,29bdb2ad-56e0-4d77-8394-d352ba38ae18
a5659096-aaef-414b-ab05-e3abe606fbf9,Wagoneer S,1,29bdb2ad-56e0-4d77-8394-d352ba38ae18
ca4cc392-7688-4eb1-a9fa-296d2b025b77,Wrangler,1,29bdb2ad-56e0-4d77-8394-d352ba38ae18
120939d2-6cd6-4fcc-9e6b-40a22c29d42f,Interceptor,1,166afb82-d10a-4813-b91d-91939296956f
6124610b-6be8-4e1f-aece-98b556ca37f7,S-V8,1,166afb82-d10a-4813-b91d-91939296956f
9aad9ca0-ce27-4923-973d-e0eae547435b,DASHING,1,41219301-803d-4aa2-b504-6fccc9a3f878
61729433-96bf-44a9-852c-843e25c502a3,Freedom,1,41219301-803d-4aa2-b504-6fccc9a3f878
b546a29d-f648-403a-8312-ea717f5263cd,Shanhai L6,1,41219301-803d-4aa2-b504-6fccc9a3f878
8ad9b864-55bf-4869-b630-cb7cc379ab12,Shanhai L7,1,41219301-803d-4aa2-b504-6fccc9a3f878
10462668-7d0c-4563-8c4e-187589d94133,Shanhai L9,1,41219301-803d-4aa2-b504-6fccc9a3f878
c0b0bf66-ac28-4dbb-8f69-6aeeb4aab7ce,Shanhai T1,1,41219301-803d-4aa2-b504-6fccc9a3f878
80b2cee4-a873-49cf-8f55-4e509096f4b8,Shanhai T2,1,41219301-803d-4aa2-b504-6fccc9a3f878
0286d030-ce37-486f-a26b-240d9579218a,T2,1,41219301-803d-4aa2-b504-6fccc9a3f878
cda484eb-1e31-4d08-92b6-3955ee78f045,Traveller,1,41219301-803d-4aa2-b504-6fccc9a3f878
b4eb3744-8409-47de-8aef-d1fc6b780969,X50,1,41219301-803d-4aa2-b504-6fccc9a3f878
a00b93a4-d81d-4122-95d4-4d4aaeb34d98,X70,1,41219301-803d-4aa2-b504-6fccc9a3f878
d88ac534-63a9-4cef-9523-986767306640,X70 PLUS,1,41219301-803d-4aa2-b504-6fccc9a3f878
2e3f9cd3-57ee-402b-9c81-e04b6e4c3c40,X70 Pro,1,41219301-803d-4aa2-b504-6fccc9a3f878
e33ad3e8-a003-4025-a69c-15fb12cd7b91,X90,1,41219301-803d-4aa2-b504-6fccc9a3f878
2d48568e-39cf-44be-bd3c-225d0c3bc1b8,X90 PLUS,1,41219301-803d-4aa2-b504-6fccc9a3f878
0f2a2bce-51fb-4d81-a881-e6c0c5e56d1b,X90 Pro,1,41219301-803d-4aa2-b504-6fccc9a3f878
9bd3a295-4324-41a5-94b7-3991fa4e6d9c,X95,1,41219301-803d-4aa2-b504-6fccc9a3f878
028804b3-f60d-4fb8-a686-f07ebe999a7a,VA3,1,fa4c9d7a-dc07-4242-ad5c-be04931f99ea
eadd7057-b952-4e37-8fbb-9d347e201ff2,VA7,1,fa4c9d7a-dc07-4242-ad5c-be04931f99ea
bfebae44-e49a-4619-a064-151abd43fdc3,VS5,1,fa4c9d7a-dc07-4242-ad5c-be04931f99ea
355d72a8-ddac-406e-81a1-f3e87b82167a,VS7,1,fa4c9d7a-dc07-4242-ad5c-be04931f99ea
bb7caca7-5c68-46ef-91c8-c90dc999f528,VS8,1,fa4c9d7a-dc07-4242-ad5c-be04931f99ea
a5dc6e47-5996-4356-ab7b-9bf98d4591a9,Chuanqi,1,8c47004b-1256-4940-ba33-1db8e9e8c67e
e92c6edc-4adc-4d0d-ae37-7cd39ad2558e,1,1,46ee4b6c-71b1-4cd3-b6e1-abaabe9f3650
eeffefaa-bda6-4573-9cd1-e6372a2aa573,7,1,46ee4b6c-71b1-4cd3-b6e1-abaabe9f3650
94ae91a8-1d98-46ee-9bc8-a088793fd5c8,Haise,1,c3646010-90f6-4cdf-a960-bdd1ff163a1e
64ea82ba-a913-4c2e-a27d-696ffd933d76,Haise S,1,c3646010-90f6-4cdf-a960-bdd1ff163a1e
15a17811-7852-4f97-ba8e-4751d471165e,Baodian,1,d9068a4d-31a9-46a5-8707-ea3514260506
2527dc97-d80e-486b-b2ce-da9ca304b720,Dadao,1,d9068a4d-31a9-46a5-8707-ea3514260506
11d8b405-7c85-4e61-847b-13eed5f4c128,Vigus,1,d9068a4d-31a9-46a5-8707-ea3514260506
00fea6f0-864d-4df2-80d4-48c23a702a52,Vigus Work,1,d9068a4d-31a9-46a5-8707-ea3514260506
3a18ecee-c259-437b-801e-37e86cae202c,Yuhu 7,1,d9068a4d-31a9-46a5-8707-ea3514260506
caa2ef15-ba78-4ff0-ba6b-c81e98f05455,1,1,65faaffb-017b-4fc7-863a-7f0b3e194053
49b0141e-83f2-49bc-b928-4ae651c4254f,EV3,1,65faaffb-017b-4fc7-863a-7f0b3e194053
f93c7c72-ad55-435e-8e6e-6bf42f7c21b9,GSE (Yi),1,65faaffb-017b-4fc7-863a-7f0b3e194053
f6dfe9a7-5884-453d-8d34-ecf36781ba94,UFO A380,1,d04afd38-ee75-4e8a-83f4-efc7dccec7f3
4e2f2a2d-b1d4-43c3-9693-6e3fa2f12dd0,E5,1,dbddda70-ca69-4a84-93b2-a7b60b659240
a57a86db-12c9-4bf3-ba4d-9d59cdb8dc04,Shiyue,1,dbddda70-ca69-4a84-93b2-a7b60b659240
cc9b1c3e-0b83-4a32-bd62-5f37d361cbbf,X3,1,dbddda70-ca69-4a84-93b2-a7b60b659240
3bddbba8-c2e1-49f3-bbc2-0c2dd8fd2748,X3 Pro,1,dbddda70-ca69-4a84-93b2-a7b60b659240
0cbf3595-c624-46bf-8d7b-3b0b26e3c294,X7 Kunlun,1,dbddda70-ca69-4a84-93b2-a7b60b659240
c2286931-a781-440d-b359-4f42359c7bfc,2317,1,2e4afe94-baf4-4e00-b7bd-9fef8917b5f4
7727b71a-b7ee-400c-adfb-bf2a60117cf3,Revero,1,707df6de-ff36-4c9d-b36e-d6358bb5323a
4990da41-653b-46f6-8e5a-3834863e0294,Revero GT,1,707df6de-ff36-4c9d-b36e-d6358bb5323a
c1e2db60-a3ec-4868-b503-4fa5434f0d86,K1,1,d4fafcf7-6305-423c-a337-5546e790cc65
f66ffce8-bfc8-463e-925c-af478d41b8de,K150,1,d4fafcf7-6305-423c-a337-5546e790cc65
62a6bff3-ade3-4182-af9f-8c803fa46f71,K150GT,1,d4fafcf7-6305-423c-a337-5546e790cc65
27784fad-a29d-492f-96dd-567c5ec6f4f5,Actyon,1,536a5f18-fcbb-4b44-a6ad-2babaa8f4535
1ba92f4c-fe78-474c-a8e1-f1cc89be0119,Korando,1,536a5f18-fcbb-4b44-a6ad-2babaa8f4535
ad932101-d45b-4c6d-9915-eb61a96af216,Rexton,1,536a5f18-fcbb-4b44-a6ad-2babaa8f4535
2c99d737-ea76-461c-91ff-d4fcf24c35f8,Rexton Sports,1,536a5f18-fcbb-4b44-a6ad-2babaa8f4535
5147b5ac-4d0d-42ac-b6cf-97460a4e16c7,Tivoli,1,536a5f18-fcbb-4b44-a6ad-2babaa8f4535
a76c5629-c75f-43ff-ae74-e41bb8b7cb90,Torres,1,536a5f18-fcbb-4b44-a6ad-2babaa8f4535
a59bdf1d-e5b6-4734-af02-459e8d05e093,Avella,1,5e9d92a3-da41-4c2c-b862-1c23f160f47a
9b8e10fb-af3a-4858-8e4a-7703c092ae75,Borrego,1,5e9d92a3-da41-4c2c-b862-1c23f160f47a
ae8b3dae-b10d-4333-a403-b82f382a779f,Cachet,1,5e9d92a3-da41-4c2c-b862-1c23f160f47a
662f4995-7683-4d81-b2ae-526acf28607d,Cadenza,1,5e9d92a3-da41-4c2c-b862-1c23f160f47a
2f765382-d056-49e8-9d15-b12a71c82787,Capital,1,5e9d92a3-da41-4c2c-b862-1c23f160f47a
e9205eb0-9ef7-4f95-afa9-ea85566d0029,Carens,1,5e9d92a3-da41-4c2c-b862-1c23f160f47a
0feee044-cc72-4352-8949-56f8f45ce085,Carnival,1,5e9d92a3-da41-4c2c-b862-1c23f160f47a
cc89ab3a-ab27-4565-9442-a947d81d201f,Carstar,1,5e9d92a3-da41-4c2c-b862-1c23f160f47a
618c117b-326a-45cb-9729-8b9b06670930,Ceed,1,5e9d92a3-da41-4c2c-b862-1c23f160f47a
a363c2dd-2a64-4eca-b839-60a6d09d173f,Ceed GT,1,5e9d92a3-da41-4c2c-b862-1c23f160f47a
c7067e27-f9ab-4b4c-a66c-0f3c62a49b83,Cerato,1,5e9d92a3-da41-4c2c-b862-1c23f160f47a
e07d62a5-d2f3-4f23-856a-cf7933728dc6,Clarus,1,5e9d92a3-da41-4c2c-b862-1c23f160f47a
d500b11e-fd6c-439b-853c-731e4b52ca5e,Concord,1,5e9d92a3-da41-4c2c-b862-1c23f160f47a
04191ac8-38da-430e-be83-091dcc483154,Elan,1,5e9d92a3-da41-4c2c-b862-1c23f160f47a
365a98b2-fe91-4755-8f79-3846f91fae58,Enterprise,1,5e9d92a3-da41-4c2c-b862-1c23f160f47a
5358b1ba-daeb-4bc9-9e27-3fb5d989b2fd,EV3,1,5e9d92a3-da41-4c2c-b862-1c23f160f47a
22e457ef-51a3-4372-9164-a67b7d164f89,EV4,1,5e9d92a3-da41-4c2c-b862-1c23f160f47a
4c3c3d7d-e4f5-469b-bf15-a1375f655574,EV5,1,5e9d92a3-da41-4c2c-b862-1c23f160f47a
e9217207-9fae-4729-a96e-0d5995e08120,EV6,1,5e9d92a3-da41-4c2c-b862-1c23f160f47a
77ed393c-b6c8-4bd0-8956-444268e4af38,EV9,1,5e9d92a3-da41-4c2c-b862-1c23f160f47a
d775e0b5-a2ef-4108-94a4-20385a1dce96,Forte,1,5e9d92a3-da41-4c2c-b862-1c23f160f47a
5717a61a-6c09-42ff-b479-5ed363ac0b9b,Joice,1,5e9d92a3-da41-4c2c-b862-1c23f160f47a
86e48968-b02c-4c0a-acdc-b0b3f78e5d31,K3,1,5e9d92a3-da41-4c2c-b862-1c23f160f47a
ba89c3ab-5211-4856-9ceb-b1a0b15208fb,K4,1,5e9d92a3-da41-4c2c-b862-1c23f160f47a
7ac1593f-3915-43b6-a622-fc94373b2712,K5,1,5e9d92a3-da41-4c2c-b862-1c23f160f47a
21d5aec4-28e9-492c-bce0-8d9918eba6b7,K7,1,5e9d92a3-da41-4c2c-b862-1c23f160f47a
cc5f5417-2ef2-4703-85b7-f1fc8f8bd6ba,K8,1,5e9d92a3-da41-4c2c-b862-1c23f160f47a
87a1995a-563c-4a39-b485-86a1a892900e,K9,1,5e9d92a3-da41-4c2c-b862-1c23f160f47a
536a2f2b-3eb6-4ef8-b75d-f7a190b34ab3,K900,1,5e9d92a3-da41-4c2c-b862-1c23f160f47a
31ec327a-1300-40dd-93e6-a2974c79af31,KX1,1,5e9d92a3-da41-4c2c-b862-1c23f160f47a
fd4840c4-f02f-4c1e-a51c-c6090a9a96d1,KX3,1,5e9d92a3-da41-4c2c-b862-1c23f160f47a
3c55b89e-3508-479d-98ad-ddeb569e6399,KX5,1,5e9d92a3-da41-4c2c-b862-1c23f160f47a
a78c594a-4743-4a79-9486-f429ea819cc5,KX7,1,5e9d92a3-da41-4c2c-b862-1c23f160f47a
6a9d56de-533a-4f58-b23b-3efb8df683a9,Lotze,1,5e9d92a3-da41-4c2c-b862-1c23f160f47a
13448f23-92d9-4f16-bd30-194e3ce25f67,Magentis,1,5e9d92a3-da41-4c2c-b862-1c23f160f47a
b6e9f922-a6fd-43fc-af04-928b157bc0b9,Mentor,1,5e9d92a3-da41-4c2c-b862-1c23f160f47a
d77b30bd-43fb-4f3c-9079-363f9eb6b65f,Mohave,1,5e9d92a3-da41-4c2c-b862-1c23f160f47a
1317212d-0d3e-4cfa-ada3-2076500f864f,Morning,1,5e9d92a3-da41-4c2c-b862-1c23f160f47a
a576239b-20b4-42c8-99d3-6c532de0fc2e,Niro,1,5e9d92a3-da41-4c2c-b862-1c23f160f47a
542da52b-fb00-4ce1-911b-6a91f57c66b3,Opirus,1,5e9d92a3-da41-4c2c-b862-1c23f160f47a
cee493db-fedd-43d8-8e71-ac531c36d881,Optima,1,5e9d92a3-da41-4c2c-b862-1c23f160f47a
06cf5445-5330-4ded-b926-98d31f83646a,Pegas,1,5e9d92a3-da41-4c2c-b862-1c23f160f47a
5ed5be47-8459-43bd-952b-bb8f4b3b82d1,Picanto,1,5e9d92a3-da41-4c2c-b862-1c23f160f47a
8f1744e1-bde4-40e6-adee-25c4eb59c435,Potentia,1,5e9d92a3-da41-4c2c-b862-1c23f160f47a
7b950dfe-71fd-4735-84f8-6bb20cd51d7e,Pregio,1,5e9d92a3-da41-4c2c-b862-1c23f160f47a
45bf5348-88b7-4ca4-abd4-163b349f39df,Pride,1,5e9d92a3-da41-4c2c-b862-1c23f160f47a
6904ef6f-8ae2-4ccb-bb7e-71f33ea89661,Proceed,1,5e9d92a3-da41-4c2c-b862-1c23f160f47a
be9e00bc-f8ce-479c-a011-648e0d7cca8d,PV5,1,5e9d92a3-da41-4c2c-b862-1c23f160f47a
7e5173eb-82f6-49f3-a79b-2d566d87460c,Quanlima,1,5e9d92a3-da41-4c2c-b862-1c23f160f47a
f0e18d37-c33b-4fe8-9017-11ffa9ce361a,Quoris,1,5e9d92a3-da41-4c2c-b862-1c23f160f47a
586ec7c7-1cac-401b-9e04-0a17be296f7f,Ray,1,5e9d92a3-da41-4c2c-b862-1c23f160f47a
f534c888-93ad-4f24-8303-9042cac70255,Retona,1,5e9d92a3-da41-4c2c-b862-1c23f160f47a
b1cb3764-33b9-4a12-92bd-b4ea6674cf6d,Rio,1,5e9d92a3-da41-4c2c-b862-1c23f160f47a
7639cf91-a978-403d-b009-3087261a2945,Sedona,1,5e9d92a3-da41-4c2c-b862-1c23f160f47a
f9c28168-4883-4be8-8952-eafd6d551403,Seltos,1,5e9d92a3-da41-4c2c-b862-1c23f160f47a
ed2fb193-1459-4fb7-9bd5-32683464850d,Sephia,1,5e9d92a3-da41-4c2c-b862-1c23f160f47a
cd312972-7ae3-496e-9e64-05ec51a5f6b4,Shuma,1,5e9d92a3-da41-4c2c-b862-1c23f160f47a
cfa53120-ec2e-4080-920f-629183dd36ac,Sonet,1,5e9d92a3-da41-4c2c-b862-1c23f160f47a
b93e29c9-c94c-44ce-9efd-ef733cff7988,Sorento,1,5e9d92a3-da41-4c2c-b862-1c23f160f47a
4e123d0c-eedf-49c9-8ec1-5c225972fe4c,Soul,1,5e9d92a3-da41-4c2c-b862-1c23f160f47a
0f3c6520-6669-4a74-9573-43c6d68bb989,Soul EV,1,5e9d92a3-da41-4c2c-b862-1c23f160f47a
c947222e-fa21-4ef4-b653-648dc63923ec,Spectra,1,5e9d92a3-da41-4c2c-b862-1c23f160f47a
23ccdd83-94fb-4708-b91c-f955659cb97f,Sportage,1,5e9d92a3-da41-4c2c-b862-1c23f160f47a
f4e83845-3512-4a50-877e-071a986082bb,Sportage (China),1,5e9d92a3-da41-4c2c-b862-1c23f160f47a
da2b4421-40b6-47a4-b9ff-cf6cef70a512,Stinger,1,5e9d92a3-da41-4c2c-b862-1c23f160f47a
85a3e922-480c-413c-aabd-2feefb43de09,Stonic,1,5e9d92a3-da41-4c2c-b862-1c23f160f47a
1b0ebe7c-430c-47e5-9240-9761592f4bb5,Syros,1,5e9d92a3-da41-4c2c-b862-1c23f160f47a
058e49bb-5783-40f6-a9f1-94d81ca629e7,Tasman,1,5e9d92a3-da41-4c2c-b862-1c23f160f47a
ce66f0ec-edc2-4d23-bb88-cdf21510b232,Telluride,1,5e9d92a3-da41-4c2c-b862-1c23f160f47a
d7d34fb4-4e20-41e4-b079-61bab89a6a4d,Towner,1,5e9d92a3-da41-4c2c-b862-1c23f160f47a
896797f4-8e86-49f8-b726-9e9f9af1e9f5,Venga,1,5e9d92a3-da41-4c2c-b862-1c23f160f47a
ccbf7e61-9040-475d-9a19-33f195ebb17b,Visto,1,5e9d92a3-da41-4c2c-b862-1c23f160f47a
6ee2aad1-a2b3-473d-a83a-737ce89c7791,XCeed,1,5e9d92a3-da41-4c2c-b862-1c23f160f47a
6814b595-df5b-4c92-b361-3ec8d6866f4a,X-Trek,1,5e9d92a3-da41-4c2c-b862-1c23f160f47a
4dce7e26-aeee-4857-80e7-271177bf649d,1,1,3766ade7-c465-4d46-9f7e-a75c08bda174
08fa0074-604e-44d2-81bb-a345d6fd94ea,Agera,1,a9eeb1fb-413d-42e8-857d-81717d3b858b
ad1ff638-933a-4afb-8c33-9cedad663271,CC850,1,a9eeb1fb-413d-42e8-857d-81717d3b858b
c9f5e8eb-5296-4c19-9efb-556d36818c14,CC8S,1,a9eeb1fb-413d-42e8-857d-81717d3b858b
fee764ee-aa16-4e47-8ed2-7f907e003054,CCR,1,a9eeb1fb-413d-42e8-857d-81717d3b858b
363851ed-7809-4f71-9ef4-488bd5b06b0c,CCX,1,a9eeb1fb-413d-42e8-857d-81717d3b858b
2995b81d-3cfb-4f24-97ac-2accc5669633,Gemera,1,a9eeb1fb-413d-42e8-857d-81717d3b858b
47fad8b0-769a-4d0b-afdf-bc213b22de7b,Jesko,1,a9eeb1fb-413d-42e8-857d-81717d3b858b
36aa413c-c086-44ef-8bed-da095bc273d9,One:1,1,a9eeb1fb-413d-42e8-857d-81717d3b858b
fd619229-5616-4614-9afe-501006858620,Regera,1,a9eeb1fb-413d-42e8-857d-81717d3b858b
f84a1345-4303-416f-9e79-79259bd72cb2,Т98,1,1b4d8866-3fde-468d-b09e-6383d0e9efae
c87ff6cf-545e-4c41-9d2d-6e45090b2632,X-Bow,1,a3ae6d3c-a85f-4f01-8f93-1f6b57fe0890
a5e1bb48-d0ff-4658-a2d6-0f3818997ad4,F3,1,99a7cef9-fab8-4b13-a0c0-4077c200420d
93fb6411-c6de-4ca8-a141-4a4de487a925,350/400 GT,1,64bbcd65-39b6-4841-b4ed-c12bbc09ac50
9907c4c3-7194-4315-8586-2ba6e56689ca,Aventador,1,64bbcd65-39b6-4841-b4ed-c12bbc09ac50
4a87ec44-f44f-4441-9437-6499c483cfbc,Centenario,1,64bbcd65-39b6-4841-b4ed-c12bbc09ac50
f0e1fa62-73e4-47e6-82ee-80e5fe987fff,Countach,1,64bbcd65-39b6-4841-b4ed-c12bbc09ac50
ead6033a-26d6-4c2e-964b-e7a6c7f87c4e,Countach LPI 800-4,1,64bbcd65-39b6-4841-b4ed-c12bbc09ac50
bc5d806d-906d-4192-8493-cb0ad3d9e9af,Diablo,1,64bbcd65-39b6-4841-b4ed-c12bbc09ac50
b66905ef-2cc2-4602-a307-212b3e8ec670,Egoista,1,64bbcd65-39b6-4841-b4ed-c12bbc09ac50
dc4aba9c-fcb8-4c93-b9b0-86c5bc0a9e43,Espada,1,64bbcd65-39b6-4841-b4ed-c12bbc09ac50
30cda4fe-6866-46fd-81ec-ff40f6de2204,Gallardo,1,64bbcd65-39b6-4841-b4ed-c12bbc09ac50
587fc2db-6ecb-46c2-b938-71f3691f9b6e,Huracán,1,64bbcd65-39b6-4841-b4ed-c12bbc09ac50
467f874e-b8d6-420c-92ed-ba158c0dcf91,Islero,1,64bbcd65-39b6-4841-b4ed-c12bbc09ac50
dee2223f-3bd4-43f7-b466-ce91f73f7c5a,Jalpa,1,64bbcd65-39b6-4841-b4ed-c12bbc09ac50
1f4ab4fb-ea0c-4d01-8477-12bec847765b,Jarama,1,64bbcd65-39b6-4841-b4ed-c12bbc09ac50
4f4bfeb3-10f9-4b9d-9950-7ff99e251ddc,LM001,1,64bbcd65-39b6-4841-b4ed-c12bbc09ac50
9e9f26f1-4dba-4be9-b5f3-4a9745be311f,LM002,1,64bbcd65-39b6-4841-b4ed-c12bbc09ac50
a1bd0e8c-4507-4077-9357-8e8fc0c62019,Miura,1,64bbcd65-39b6-4841-b4ed-c12bbc09ac50
5d3713a9-a7fe-4bb4-9503-39c3c214c17d,Murcielago,1,64bbcd65-39b6-4841-b4ed-c12bbc09ac50
0b7d4d48-d569-4a84-a9ba-ee16422205f9,Reventon,1,64bbcd65-39b6-4841-b4ed-c12bbc09ac50
37c772b6-0525-4c9e-b218-6cc709807915,Revuelto,1,64bbcd65-39b6-4841-b4ed-c12bbc09ac50
9b03bfac-815c-4c5c-9f58-2f056ca0fd91,Sesto Elemento,1,64bbcd65-39b6-4841-b4ed-c12bbc09ac50
b0a0e7b0-53d8-4dd3-b61f-7b100fcf2a77,Sián,1,64bbcd65-39b6-4841-b4ed-c12bbc09ac50
eb7388a7-34e1-4bf6-90b1-66aa89c6efec,Silhouette,1,64bbcd65-39b6-4841-b4ed-c12bbc09ac50
5c5cf286-5cd0-48a1-b97c-d5f62965df1c,Temerario,1,64bbcd65-39b6-4841-b4ed-c12bbc09ac50
fb9ecf02-c62e-4484-ba94-1e345a576639,Urraco,1,64bbcd65-39b6-4841-b4ed-c12bbc09ac50
656289bb-fd0c-4cf0-ac5c-389209da63bc,Urus,1,64bbcd65-39b6-4841-b4ed-c12bbc09ac50
3ad118f1-9d2e-4d84-ba1e-368ee487304e,Veneno,1,64bbcd65-39b6-4841-b4ed-c12bbc09ac50
e2cdd607-3997-4035-b060-13129ff1b620,Appia,1,86d59f28-4d1e-4117-bf4a-18401735163c
2d207c9f-9482-48c4-9319-5e7e43e106bc,Aurelia,1,86d59f28-4d1e-4117-bf4a-18401735163c
fe07c056-32af-41f3-9d01-793305425286,A 112,1,86d59f28-4d1e-4117-bf4a-18401735163c
e3ceb956-9bfb-4a7b-823c-f8cddd276856,Beta,1,86d59f28-4d1e-4117-bf4a-18401735163c
f5edff9d-c4ed-48fa-acdc-f158bc3d952c,Dedra,1,86d59f28-4d1e-4117-bf4a-18401735163c
deedfcc2-dcdd-4c27-b9f4-054854d851fa,Delta,1,86d59f28-4d1e-4117-bf4a-18401735163c
b9a37a69-3a20-43b6-9f9c-52181a941d04,Flaminia,1,86d59f28-4d1e-4117-bf4a-18401735163c
a772e5be-5e68-4811-9036-0e13fc1c8e1d,Flavia,1,86d59f28-4d1e-4117-bf4a-18401735163c
0f95b5ec-2ca4-4541-b787-8b484f7e44ff,Fulvia,1,86d59f28-4d1e-4117-bf4a-18401735163c
60000a3c-2733-4f95-911b-f187dcf1fe20,Gamma,1,86d59f28-4d1e-4117-bf4a-18401735163c
aa362be2-7897-4bd9-8f1d-732af40cd9ea,Hyena,1,86d59f28-4d1e-4117-bf4a-18401735163c
bf64e13d-ef70-490a-b557-98557b99d1a1,Kappa,1,86d59f28-4d1e-4117-bf4a-18401735163c
2de1457e-c8aa-4c16-bd81-26c3dd24687b,Lambda,1,86d59f28-4d1e-4117-bf4a-18401735163c
e43f94ea-29da-4ba6-84eb-7523217e490a,Lybra,1,86d59f28-4d1e-4117-bf4a-18401735163c
c7243de8-c466-4c99-902e-0293213c36b3,Monte Carlo,1,86d59f28-4d1e-4117-bf4a-18401735163c
ea9c6b13-48e7-4813-9628-917704b40296,Musa,1,86d59f28-4d1e-4117-bf4a-18401735163c
ea55b2d6-1368-4037-99e0-247490e59505,Phedra,1,86d59f28-4d1e-4117-bf4a-18401735163c
770ed26c-23dd-4c1b-b328-5d3e6fd69212,Prisma,1,86d59f28-4d1e-4117-bf4a-18401735163c
7354da9f-4a0d-411e-86e2-8507338923db,Rally 037,1,86d59f28-4d1e-4117-bf4a-18401735163c
0ad0fd2e-91df-430a-af6d-c9de360fc21b,Stratos,1,86d59f28-4d1e-4117-bf4a-18401735163c
af311c6d-7921-4914-9e5c-8382120329aa,Thema,1,86d59f28-4d1e-4117-bf4a-18401735163c
a49d310e-cc90-410f-991b-08d31655966d,Thesis,1,86d59f28-4d1e-4117-bf4a-18401735163c
69e95330-18be-4bde-bc50-785f42644808,Trevi,1,86d59f28-4d1e-4117-bf4a-18401735163c
b9d4cf15-cb44-412f-8e70-2b0f8b07a7b2,Voyager,1,86d59f28-4d1e-4117-bf4a-18401735163c
2d68709a-e00d-40f1-a999-8c50830f1881,Y10,1,86d59f28-4d1e-4117-bf4a-18401735163c
2f89a0c6-f621-4b27-b1e9-20ca35327cea,Ypsilon,1,86d59f28-4d1e-4117-bf4a-18401735163c
c13dc16b-f0ae-417b-b947-87cf91f77ebb,Zeta,1,86d59f28-4d1e-4117-bf4a-18401735163c
4ef7c8e6-a775-42cf-8dfe-8fe006e6605b,Fashion (CV9),1,88a9292b-1d97-404b-b823-8060c94a10fd
2a5f1941-7875-4009-8323-4d94e86e817d,Forward,1,88a9292b-1d97-404b-b823-8060c94a10fd
5ee78c8b-684b-4215-8dfa-69cc95869551,Х9,1,88a9292b-1d97-404b-b823-8060c94a10fd
a901d0e3-3bbb-4d25-8935-c30586890a3d,X5,1,88a9292b-1d97-404b-b823-8060c94a10fd
81357ad2-a341-4224-9259-086d45987e3b,X6,1,88a9292b-1d97-404b-b823-8060c94a10fd
8408fe94-cd3f-4a27-a3d1-fb850b48084b,X7,1,88a9292b-1d97-404b-b823-8060c94a10fd
298da3a2-7f07-43a7-be9b-07aa8a0d1346,Defender,1,03e8b02b-6a09-43dd-8b10-a43d52f5b329
a98e0174-4705-415a-ab51-d93e1a95ffab,Discovery,1,03e8b02b-6a09-43dd-8b10-a43d52f5b329
3b89b945-8994-461c-91c2-696527c5eace,Discovery Sport,1,03e8b02b-6a09-43dd-8b10-a43d52f5b329
fcc2723d-529b-4a24-83b9-f7ab7ae288c0,Range Rover Evoque,1,03e8b02b-6a09-43dd-8b10-a43d52f5b329
95357268-2036-40c3-b285-93f607dad7e1,Freelander,1,03e8b02b-6a09-43dd-8b10-a43d52f5b329
858936c6-560a-48f2-b857-1558febcd3fd,Range Rover,1,03e8b02b-6a09-43dd-8b10-a43d52f5b329
7f753a0f-d70c-44be-9d72-7420e5e17df6,Range Rover Sport,1,03e8b02b-6a09-43dd-8b10-a43d52f5b329
d44a1093-88b8-41f6-899e-6b469cd872bc,Range Rover Velar,1,03e8b02b-6a09-43dd-8b10-a43d52f5b329
e08b6376-93d4-4f13-9c0a-62209fc13b0d,Series I,1,03e8b02b-6a09-43dd-8b10-a43d52f5b329
d3fc1f2a-3e8d-461a-9004-fca362db04ae,Series II,1,03e8b02b-6a09-43dd-8b10-a43d52f5b329
c4280540-bdbb-4274-a1ef-4abb342f4e25,Series III,1,03e8b02b-6a09-43dd-8b10-a43d52f5b329
fb077673-927a-4410-816b-5912ada6e9e5,B01,1,e32b1535-7ad7-409f-917f-4a848e1d1c80
6837f6e5-21dc-409e-ae4c-da619fc13df4,B10,1,e32b1535-7ad7-409f-917f-4a848e1d1c80
2f1ae222-1fd6-4dfb-83f7-c4826ba26d61,C01,1,e32b1535-7ad7-409f-917f-4a848e1d1c80
a28a3a47-e7f7-4d27-ba98-0be2a4b750e8,C10,1,e32b1535-7ad7-409f-917f-4a848e1d1c80
835b7744-910b-4f84-8a2b-b14fd03c0f20,C11,1,e32b1535-7ad7-409f-917f-4a848e1d1c80
57060510-20de-49c3-8ea2-4d0827450b28,C16,1,e32b1535-7ad7-409f-917f-4a848e1d1c80
7da9c11c-dc94-4f80-8457-a2c9a4d8e88d,S01,1,e32b1535-7ad7-409f-917f-4a848e1d1c80
51a8515a-5283-4b8d-833a-3205e16633fe,T03,1,e32b1535-7ad7-409f-917f-4a848e1d1c80
74e1d4d0-7350-49cc-8fb9-ab2328125d73,Mengo,1,1b3497f6-f4da-43e5-a271-3d6a972e0de6
7a46a648-4b90-4d8b-a3ba-76f495e7a780,Mengo Pro,1,1b3497f6-f4da-43e5-a271-3d6a972e0de6
26931b21-2254-4691-88f3-ce7de863e7db,L380,1,4dd276b2-9eef-46b2-85c7-f0175953f1db
fca23917-a8f3-4ba4-a182-4ebae6e03c0d,TX,1,4dd276b2-9eef-46b2-85c7-f0175953f1db
664ebbb6-0554-4a55-b9c9-460303d0b84d,CT,1,f05def21-43cb-4007-bca2-81f3846677a7
1545887c-226e-489c-af36-957d37353ffb,ES,1,f05def21-43cb-4007-bca2-81f3846677a7
2c9082b2-2ce5-43d9-8f3b-0d40f8e8ce55,GS,1,f05def21-43cb-4007-bca2-81f3846677a7
dbac615e-550c-4481-a454-b9524b23488e,GS F,1,f05def21-43cb-4007-bca2-81f3846677a7
7a3c0acf-ceef-4644-8562-271dc94b29fc,GX,1,f05def21-43cb-4007-bca2-81f3846677a7
89739eb6-e84c-4aed-82d3-f1d292cfa493,HS,1,f05def21-43cb-4007-bca2-81f3846677a7
0cf79a8b-9be4-47fd-872b-7f38ddb3dc0a,IS,1,f05def21-43cb-4007-bca2-81f3846677a7
38c772eb-e224-4bc4-a8c7-6fa413a99d7b,IS F,1,f05def21-43cb-4007-bca2-81f3846677a7
704d73a1-5803-4a0f-91a4-f1fb65975eca,LBX,1,f05def21-43cb-4007-bca2-81f3846677a7
cbab52ee-32a8-455d-8d13-96372f9129e6,LC,1,f05def21-43cb-4007-bca2-81f3846677a7
61a62c56-436c-4982-a4b6-e399ceadb8c7,LFA,1,f05def21-43cb-4007-bca2-81f3846677a7
6ac428cd-87e6-4101-9a65-1cbb8ad2c048,LM,1,f05def21-43cb-4007-bca2-81f3846677a7
941ffe00-f199-48e6-aa9e-b3c3f20b1473,LS,1,f05def21-43cb-4007-bca2-81f3846677a7
d097d475-faae-4b82-a047-65478d9bb462,LX,1,f05def21-43cb-4007-bca2-81f3846677a7
91f44d63-c380-4a0c-9d02-0867a7981951,NX,1,f05def21-43cb-4007-bca2-81f3846677a7
3ca92b04-5dc3-460d-9cff-4b2932b3b818,RC,1,f05def21-43cb-4007-bca2-81f3846677a7
2170cc95-ddbe-475f-bea4-38e2053a8790,RC F,1,f05def21-43cb-4007-bca2-81f3846677a7
98423dc7-6a8f-44c7-9476-7f131e632be5,RX,1,f05def21-43cb-4007-bca2-81f3846677a7
f18868ce-6346-4bc7-b35d-eda1cfbf764c,RZ,1,f05def21-43cb-4007-bca2-81f3846677a7
81e05662-5a71-40e4-9c70-25b914f78578,SC,1,f05def21-43cb-4007-bca2-81f3846677a7
267b0ad7-b837-48c1-b9ee-1c3598c3aff0,TX,1,f05def21-43cb-4007-bca2-81f3846677a7
5589ec2b-bf87-4719-9559-c2dbb11dcf53,UX,1,f05def21-43cb-4007-bca2-81f3846677a7
2d4fca5e-ba9e-466d-a985-932ced673ed8,Leopard,1,245dc82e-03f4-417a-b00d-fdcdb8843c58
aa327cc0-0b08-45e9-8d50-179cfe8d1b87,650 EV,1,2f37d090-1067-44f3-8181-4ed9510426ee
749b54df-0dae-4afe-8117-13ff0848e0f0,Breez (520),1,2f37d090-1067-44f3-8181-4ed9510426ee
97217d5e-614a-406a-bcf4-076159a17de5,Cebrium (720),1,2f37d090-1067-44f3-8181-4ed9510426ee
f668226f-2a46-4a2d-81bd-a5be0470fd52,Celliya (530),1,2f37d090-1067-44f3-8181-4ed9510426ee
d66697dc-fcce-4946-b208-8961b34c5523,Murman (820),1,2f37d090-1067-44f3-8181-4ed9510426ee
c54b41b1-2225-49da-a2b4-81b7b60e6861,Myway,1,2f37d090-1067-44f3-8181-4ed9510426ee
6bf23930-8f3f-40f8-8952-aa96a6ede7cf,Smily,1,2f37d090-1067-44f3-8181-4ed9510426ee
331d580c-5e43-4144-a3b1-f52d50562fc7,Solano,1,2f37d090-1067-44f3-8181-4ed9510426ee
902e4522-5fb3-4313-94f0-5876cbd4efeb,X50,1,2f37d090-1067-44f3-8181-4ed9510426ee
d32d297b-5d7d-4e71-91e4-c6259d314f01,X60,1,2f37d090-1067-44f3-8181-4ed9510426ee
6e825a06-522d-41f7-a7a9-9bc3185242b5,X70,1,2f37d090-1067-44f3-8181-4ed9510426ee
cc7efc1d-5d27-493d-82ee-76718bf37bf1,JS 51,1,6306aa63-c278-48d4-8c03-17d1e50b6880
1a24d510-fddd-45c7-84b8-26e00962b9fe,Aviator,1,e76eafef-a918-456e-8e97-f3ff8b049958
cfefb96a-f7af-4e59-9b94-f193e947bb08,Blackwood,1,e76eafef-a918-456e-8e97-f3ff8b049958
139f284e-266b-4552-8538-a255d70cefd9,Capri,1,e76eafef-a918-456e-8e97-f3ff8b049958
968d856c-846e-47c4-aa43-0846f4598bea,Continental,1,e76eafef-a918-456e-8e97-f3ff8b049958
18e77338-733a-4ce0-8368-247a915275ac,Corsair,1,e76eafef-a918-456e-8e97-f3ff8b049958
9b8ba274-2db2-4358-adf9-1dcbd4ca3450,LS,1,e76eafef-a918-456e-8e97-f3ff8b049958
8cd06766-850f-41d7-9eeb-da4d6dc364fc,Mark III,1,e76eafef-a918-456e-8e97-f3ff8b049958
00f965e8-f6c2-4c12-90c3-264b1ca4ea3e,Mark IV,1,e76eafef-a918-456e-8e97-f3ff8b049958
004f61d7-39fc-4195-b375-ff60158ba30d,Mark LT,1,e76eafef-a918-456e-8e97-f3ff8b049958
7dadb005-2a8a-49a2-b690-5dd4487e9982,Mark VII,1,e76eafef-a918-456e-8e97-f3ff8b049958
457bd36b-739c-4437-b80c-0b0010986f32,Mark VIII,1,e76eafef-a918-456e-8e97-f3ff8b049958
2dfba904-8ee1-46d1-801a-c6c848824b70,MKC,1,e76eafef-a918-456e-8e97-f3ff8b049958
957bce4f-4dfd-4612-8dc4-dd536f8e12be,MKS,1,e76eafef-a918-456e-8e97-f3ff8b049958
d95cc673-d1d8-4ff3-8557-e102f1062df6,MKT,1,e76eafef-a918-456e-8e97-f3ff8b049958
6a858b38-9025-4386-a592-98670329359b,MKX,1,e76eafef-a918-456e-8e97-f3ff8b049958
69c99954-a1ad-4214-b4d0-2be1e10f7e83,MKZ,1,e76eafef-a918-456e-8e97-f3ff8b049958
747cb722-a7df-40cb-92c1-428e00c0d477,Nautilus,1,e76eafef-a918-456e-8e97-f3ff8b049958
38d71df5-03df-4a9b-a0a9-9586ff2da368,Navigator,1,e76eafef-a918-456e-8e97-f3ff8b049958
dddb1d6d-92e5-4e71-bd8b-07d88b6a12ed,Premiere,1,e76eafef-a918-456e-8e97-f3ff8b049958
9588b290-0feb-4996-bf17-539be7687f96,Town Car,1,e76eafef-a918-456e-8e97-f3ff8b049958
875fe9c3-0dde-4791-a9a7-138297e7774b,Versailles,1,e76eafef-a918-456e-8e97-f3ff8b049958
96b92af2-e422-4d23-875a-31e465df3646,Z,1,e76eafef-a918-456e-8e97-f3ff8b049958
5ca1093a-3bb0-44f7-acff-94f97cba00ea,Zephyr,1,e76eafef-a918-456e-8e97-f3ff8b049958
fb63ab9a-68ca-4a14-889c-32e3ce1175af,L,1,e94c809a-4f3c-442c-b740-fe7b91ef3fb2
6b68b0c2-a90c-4294-a4d7-afb105de8f2d,7,1,8d93d8c1-92c9-4c39-a221-2f1d851f33ff
85e75fb9-ecbd-4d64-b194-000842a236a4,9,1,8d93d8c1-92c9-4c39-a221-2f1d851f33ff
457b51ad-047f-4c39-84cc-520dbc54aa4a,S6 Pro,1,8d93d8c1-92c9-4c39-a221-2f1d851f33ff
7dd2e606-d9b1-4937-a3a9-e8efc0f9d123,Smurf,1,8d93d8c1-92c9-4c39-a221-2f1d851f33ff
58b0923e-a41c-42d2-99fb-1b9b5aa36ff6,X3 Pro,1,8d93d8c1-92c9-4c39-a221-2f1d851f33ff
def8d2bb-032c-408e-9670-c9db26d4bec3,X6 Pro,1,8d93d8c1-92c9-4c39-a221-2f1d851f33ff
83d02fed-00d6-4d8d-a4e8-1cc6003e87d8,i6,1,e21746db-ae83-4182-b95e-1a30cf010c62
49c0fd59-02ca-4c7d-9780-c3be115691a6,i8,1,e21746db-ae83-4182-b95e-1a30cf010c62
d5587154-4f66-465c-8fad-ed96c085be66,L6,1,e21746db-ae83-4182-b95e-1a30cf010c62
e05846ab-979c-46c8-a22b-67ca0063a8ab,L7,1,e21746db-ae83-4182-b95e-1a30cf010c62
c5d7fd1d-ece8-484c-b592-b4df897ac4f0,L8,1,e21746db-ae83-4182-b95e-1a30cf010c62
07c33c11-3718-4f95-b450-d3d39ff630b3,L9,1,e21746db-ae83-4182-b95e-1a30cf010c62
be3626f2-c513-4a3c-bb8a-3dd3247e316a,Mega,1,e21746db-ae83-4182-b95e-1a30cf010c62
54523f15-7b62-4df2-81ed-2529dda9dac5,One,1,e21746db-ae83-4182-b95e-1a30cf010c62
808407ee-b69c-492d-953b-c8e1037733bd,EC30,1,928685e7-a5ae-458d-b2cc-57b811e044ff
ce51a367-de8c-49bc-bc9b-595032cbb1c6,2-Eleven,1,bb65b2bb-60b6-40c4-b91e-87b594cac26a
776fb4a3-cb13-4fa6-bd61-2b8f3b328e0e,340R,1,bb65b2bb-60b6-40c4-b91e-87b594cac26a
7b21b494-e817-4ee3-b578-adf4bc84fb4d,3-Eleven,1,bb65b2bb-60b6-40c4-b91e-87b594cac26a
21d0b4cd-4196-44dc-b28a-52c8d5d6c972,Eclat,1,bb65b2bb-60b6-40c4-b91e-87b594cac26a
695fbabc-da9c-4acf-b0ba-03f5e7465792,Elan,1,bb65b2bb-60b6-40c4-b91e-87b594cac26a
d7c22b40-7cdd-4ecb-a02c-ff6550f3b04b,Eletre,1,bb65b2bb-60b6-40c4-b91e-87b594cac26a
6b2de882-69f0-4afa-b1f5-1d5702dd2dc8,Elise,1,bb65b2bb-60b6-40c4-b91e-87b594cac26a
c40dc197-a745-4936-938b-836e154c1745,Elite,1,bb65b2bb-60b6-40c4-b91e-87b594cac26a
5b887edf-af10-44c5-bde0-17c794772b95,Emeya,1,bb65b2bb-60b6-40c4-b91e-87b594cac26a
41a16bd1-55a3-43d6-82e1-fda76961674c,Emira,1,bb65b2bb-60b6-40c4-b91e-87b594cac26a
117e2993-e52a-4976-82a8-3db5b7d15a8c,Esprit,1,bb65b2bb-60b6-40c4-b91e-87b594cac26a
6f3cc152-0c50-4c0f-b965-6c4670f7020e,Europa,1,bb65b2bb-60b6-40c4-b91e-87b594cac26a
f6f76fc3-0282-41ff-9d6f-d31fea04ed29,Europa S,1,bb65b2bb-60b6-40c4-b91e-87b594cac26a
267871b0-53f5-4536-bf5e-97dd33c3bd93,Evija,1,bb65b2bb-60b6-40c4-b91e-87b594cac26a
3615b04c-bd3e-4300-bd4a-47968afaf670,Evora,1,bb65b2bb-60b6-40c4-b91e-87b594cac26a
fb97d311-dcc6-456f-a756-dc23a5528fdc,Excel,1,bb65b2bb-60b6-40c4-b91e-87b594cac26a
5b1c0dce-785f-4a0a-a0eb-2179fb53edf2,Exige,1,bb65b2bb-60b6-40c4-b91e-87b594cac26a
f33dbca0-7f66-416c-9bce-f084cb694d83,FX4,1,52e047b0-c893-42ac-a982-a9366fe1bbb7
37e350e0-81db-4f9a-b619-c5e8287f2542,TX,1,52e047b0-c893-42ac-a982-a9366fe1bbb7
05717dd6-8e6f-4ae5-aa2f-c78793316995,1302 Волынь,1,6e4ae84f-6796-4d19-ae0e-071e096d407b
acbf5996-c1a0-4f34-8d3e-7c7476696ab9,967,1,6e4ae84f-6796-4d19-ae0e-071e096d407b
c5473132-eda9-4484-98ac-7be06dffd58f,969,1,6e4ae84f-6796-4d19-ae0e-071e096d407b
3fddddff-eec5-4b98-ac7a-74e2cd2634ca,Air,1,6a58b4c9-e9c6-41a4-88b7-017e30fc3f86
31d843f3-f221-4007-9edd-30ae8f1d3f9a,Gravity,1,6a58b4c9-e9c6-41a4-88b7-017e30fc3f86
9086a676-1aaf-4bbe-9206-f48368ccca44,R7,1,84eb7ad0-3a1e-41a6-9ca4-e1e0d5c4e591
d03bf350-ea98-4d8c-a49f-bb91038250c3,S7,1,84eb7ad0-3a1e-41a6-9ca4-e1e0d5c4e591
9f654a0c-2756-4754-bb16-032a9be274ca,Luxgen7 MPV,1,970740ff-d306-47d9-bca6-f4d02e352256
21ccb0b6-eb26-48be-b885-e2d57162122f,Luxgen7 SUV,1,970740ff-d306-47d9-bca6-f4d02e352256
93d9eef0-406f-4a87-9cd4-f96632ca14c5,Luxgen5,1,970740ff-d306-47d9-bca6-f4d02e352256
6d4ebf25-827c-4aaf-be9d-480a4f122084,U6 Turbo,1,970740ff-d306-47d9-bca6-f4d02e352256
b7230f0a-09b6-498e-bcc6-602eff41958a,U7 Turbo,1,970740ff-d306-47d9-bca6-f4d02e352256
64b00af6-92a2-433d-bbac-f6d7d3938d7a,1,1,2fa7cad0-a234-4724-8c6e-d1dc062aa03d
fd85ccb2-5024-4efa-8395-3e3b82f9afa1,2,1,2fa7cad0-a234-4724-8c6e-d1dc062aa03d
7108616e-2582-415f-b6c0-99f71abf4cd2,3,1,2fa7cad0-a234-4724-8c6e-d1dc062aa03d
0a1fe0f2-eee1-4d0b-98c4-8793e057404b,5,1,2fa7cad0-a234-4724-8c6e-d1dc062aa03d
cce1d68a-dabb-446d-a74c-d38225e486e7,6,1,2fa7cad0-a234-4724-8c6e-d1dc062aa03d
2a520b07-6ecf-4d40-9049-ebd41ab274db,7,1,2fa7cad0-a234-4724-8c6e-d1dc062aa03d
26e21acf-3651-415c-a6fd-7dd31c10f92f,8,1,2fa7cad0-a234-4724-8c6e-d1dc062aa03d
1c40e838-979f-4854-abf2-01cc0a2f8067,9,1,2fa7cad0-a234-4724-8c6e-d1dc062aa03d
a586de40-860a-4f8a-974f-97f184f73207,900,1,2fa7cad0-a234-4724-8c6e-d1dc062aa03d
2e2eb936-af45-4882-8a02-25a544ff596a,Z10,1,2fa7cad0-a234-4724-8c6e-d1dc062aa03d
d3b98d20-01ae-4242-9a21-32b81eb42863,Z20,1,2fa7cad0-a234-4724-8c6e-d1dc062aa03d
bfa504ed-d528-4778-9a25-65012cea99c6,S800,1,1ad9ce39-6df8-478f-aa80-0a82bc9735b2
fbfdf319-f729-42f8-b0c2-d4186814ef85,Armada,1,6d705ed3-a107-4b0e-a9f2-7fee8044c31d
78519f96-d489-4a7a-bb7b-86e623284770,Bolero,1,6d705ed3-a107-4b0e-a9f2-7fee8044c31d
cc01e94a-ac3c-4a3f-87e9-85a146ffa904,CJ-3,1,6d705ed3-a107-4b0e-a9f2-7fee8044c31d
d30a4ac0-fe5b-442b-adf2-67cdf7aa4121,CL,1,6d705ed3-a107-4b0e-a9f2-7fee8044c31d
eb79a430-79fb-4f29-903d-aeb5e5523c42,Commander,1,6d705ed3-a107-4b0e-a9f2-7fee8044c31d
ddab0230-eb7f-494a-8a3f-4d458b85f0bd,Marshal,1,6d705ed3-a107-4b0e-a9f2-7fee8044c31d
6a743d77-ee4a-4d48-bf31-19d498a484fd,MM,1,6d705ed3-a107-4b0e-a9f2-7fee8044c31d
07b92bc7-0ab6-46e2-8ac9-e94a50a050ac,NC 640 DP,1,6d705ed3-a107-4b0e-a9f2-7fee8044c31d
21b02650-d8af-408f-b081-d383234d6664,Scorpio,1,6d705ed3-a107-4b0e-a9f2-7fee8044c31d
a33d2f70-46ca-4374-b668-634cb3efa41e,Thar,1,6d705ed3-a107-4b0e-a9f2-7fee8044c31d
8a0c68ac-10ec-4ef7-b9c5-9f0f28a9b5c3,Verito,1,6d705ed3-a107-4b0e-a9f2-7fee8044c31d
6fcb5b07-c49b-4433-8214-3803973b4571,Voyager,1,6d705ed3-a107-4b0e-a9f2-7fee8044c31d
a2b84e40-b606-4a4d-b1c3-8b609096703b,Xylo,1,6d705ed3-a107-4b0e-a9f2-7fee8044c31d
5d808c6f-b5e1-44f3-82d8-c4a0c5f5413c,30X,1,3dda9e7a-67f4-4222-823d-fecc8080a759
af23630f-17aa-4ae5-8900-db3e4ac4e066,X3 Pro,1,3dda9e7a-67f4-4222-823d-fecc8080a759
af2135b6-4b2d-46fc-a0a0-ddc217e77746,GTS,1,5e93614a-20a2-413d-8f0e-0d770b291a9a
6ebd98ac-94bd-4230-a0bd-9fba07b1d28e,LM 400,1,5e93614a-20a2-413d-8f0e-0d770b291a9a
b5fa34fc-c95c-4dba-9bf5-621230097b79,LM 500,1,5e93614a-20a2-413d-8f0e-0d770b291a9a
ce4fe77c-cebf-4662-8c89-4bb2b876a1eb,Mantis,1,5e93614a-20a2-413d-8f0e-0d770b291a9a
8fff6f2c-51fc-4e18-9770-4fabd6b4e897,Marcasite,1,5e93614a-20a2-413d-8f0e-0d770b291a9a
bb590370-4c90-4c1d-8076-e70766f9ac37,5EXi,1,d19643a6-71b3-4deb-b8a5-1500be4d525a
a564e47e-9b35-447b-9125-87be6ea2bdb9,Sportster,1,d19643a6-71b3-4deb-b8a5-1500be4d525a
595aac8c-e15b-437b-8e83-19ff2734a26d,B1,1,c2824adc-dcbb-401d-ac76-220ad47a29e0
0f53930f-9862-4c42-89fd-a336cf6908be,B2,1,c2824adc-dcbb-401d-ac76-220ad47a29e0
7dcb295d-d9a7-4f45-9659-ae1dd74a0aa0,1000,1,10dc5f44-d15b-4675-882c-a31ad5ca020a
b9f84cd5-5636-4c60-a99f-0478c148f0fe,800,1,10dc5f44-d15b-4675-882c-a31ad5ca020a
97d36af1-c596-4bd3-a407-d90a0d9d489c,Alto,1,10dc5f44-d15b-4675-882c-a31ad5ca020a
a612bd5b-942f-4508-9160-c940cdb36fcd,Baleno,1,10dc5f44-d15b-4675-882c-a31ad5ca020a
7472b6dc-6dce-4bd1-a192-c9a62e3d5f64,Esteem,1,10dc5f44-d15b-4675-882c-a31ad5ca020a
faa0477a-6754-43e8-85b7-1960e1795c04,Gypsy,1,10dc5f44-d15b-4675-882c-a31ad5ca020a
9ccb1064-2454-49c8-8630-a40cc01f83e8,Omni,1,10dc5f44-d15b-4675-882c-a31ad5ca020a
de6b2060-b398-4c51-a412-fae8c57fad7c,Versa,1,10dc5f44-d15b-4675-882c-a31ad5ca020a
683c01aa-2940-495d-880b-5129e5d9523a,Wagon R,1,10dc5f44-d15b-4675-882c-a31ad5ca020a
eeee905f-615b-48a2-8457-1137e92ac706,Zen,1,10dc5f44-d15b-4675-882c-a31ad5ca020a
5f6cc304-79a7-443c-b255-e8be91c3cf60,228,1,931c468e-0184-4c90-8cf4-0f0b5c7f98f4
9b9edb2d-b0a5-4da0-8234-d59f07f549fc,3200 GT,1,931c468e-0184-4c90-8cf4-0f0b5c7f98f4
942fec0c-a1ec-40a8-91fd-8c832d957316,420,1,931c468e-0184-4c90-8cf4-0f0b5c7f98f4
34647cd1-f5ac-441f-9098-eb9c52b89dee,4200 GT,1,931c468e-0184-4c90-8cf4-0f0b5c7f98f4
28e70627-6b9b-4b0b-b6fb-6202ef836f2c,Barchetta Stradale,1,931c468e-0184-4c90-8cf4-0f0b5c7f98f4
cb86c2fb-985b-4a92-a0ac-94cf589d1d52,Biturbo,1,931c468e-0184-4c90-8cf4-0f0b5c7f98f4
9f026d20-1601-4a87-97cd-ee1783468c77,Bora,1,931c468e-0184-4c90-8cf4-0f0b5c7f98f4
04b97936-cc95-408b-918f-643d7a98e2e6,Chubasco,1,931c468e-0184-4c90-8cf4-0f0b5c7f98f4
779191e7-8ded-4004-bd26-8c8a21e9f967,Ghibli,1,931c468e-0184-4c90-8cf4-0f0b5c7f98f4
60ac49ce-2672-4f9b-8e21-c2486a5c8d1e,GranCabrio,1,931c468e-0184-4c90-8cf4-0f0b5c7f98f4
702b36af-eec0-4332-ba99-3e118530572b,GranTurismo,1,931c468e-0184-4c90-8cf4-0f0b5c7f98f4
9be86e7d-9df0-47ee-a8f2-ed378bd117d2,Grecale,1,931c468e-0184-4c90-8cf4-0f0b5c7f98f4
ffa19d40-ba75-49bc-96a5-694cbaff9b22,GT2 Stradale,1,931c468e-0184-4c90-8cf4-0f0b5c7f98f4
8352e532-c924-4eb7-92b1-949968d4337b,Indy,1,931c468e-0184-4c90-8cf4-0f0b5c7f98f4
0ca08819-13de-4523-b2bd-0685a47afdc5,Karif,1,931c468e-0184-4c90-8cf4-0f0b5c7f98f4
50cdfe21-4bc6-4f21-819f-87620403f5e2,Khamsin,1,931c468e-0184-4c90-8cf4-0f0b5c7f98f4
ed2d5694-f9e1-4b53-b591-b391eb32c55a,Kyalami,1,931c468e-0184-4c90-8cf4-0f0b5c7f98f4
6113a5c7-4395-4b42-82cb-4f4f7b00801f,Levante,1,931c468e-0184-4c90-8cf4-0f0b5c7f98f4
487c8cd2-23b6-4d34-829d-58f4725ccc26,MC12,1,931c468e-0184-4c90-8cf4-0f0b5c7f98f4
4788f176-9967-4bcf-839e-eda1aae9ea9f,MC20,1,931c468e-0184-4c90-8cf4-0f0b5c7f98f4
25f27641-7e45-4572-a4de-0a4fa4b9ae6b,MCPura,1,931c468e-0184-4c90-8cf4-0f0b5c7f98f4
46d43640-e000-4dfc-a8f3-21c42f5e3465,Merak,1,931c468e-0184-4c90-8cf4-0f0b5c7f98f4
1d6b4c5e-23db-4500-9c1b-a363131da5f9,Mexico,1,931c468e-0184-4c90-8cf4-0f0b5c7f98f4
a8164aa4-c46a-497e-826a-1c579eee5d65,Quattroporte,1,931c468e-0184-4c90-8cf4-0f0b5c7f98f4
1cfc5651-7bec-4fac-b82a-d81a2e5b0498,Royale,1,931c468e-0184-4c90-8cf4-0f0b5c7f98f4
147e80b8-2642-4231-9999-d927ae5c1e8c,Shamal,1,931c468e-0184-4c90-8cf4-0f0b5c7f98f4
e8f8eaf6-9bb4-4016-b3d1-207fa65f93db,Murena,1,3411d000-0c1a-4641-90d2-fc28b918d976
f26e104e-4d1e-406f-ac1c-21f8a46f3f0f,D60,1,36c8684d-4dcd-48fa-a430-10d3f2eb98d3
d2e35a6e-3099-4811-883a-cfe25a0c755c,D90,1,36c8684d-4dcd-48fa-a430-10d3f2eb98d3
c520d9c4-f9cc-4a70-b8e8-3b50efe6783f,EUNIQ 5,1,36c8684d-4dcd-48fa-a430-10d3f2eb98d3
72086297-e90e-4591-8c70-be9e317b6cec,EUNIQ 6,1,36c8684d-4dcd-48fa-a430-10d3f2eb98d3
27e2341a-2b45-460d-ba9a-1c83eaef8321,G10,1,36c8684d-4dcd-48fa-a430-10d3f2eb98d3
473ca595-219d-40a2-86cb-bbd4af3d4b21,G20,1,36c8684d-4dcd-48fa-a430-10d3f2eb98d3
1b0d5670-5a9a-4961-bccb-4ca8980807a4,G50,1,36c8684d-4dcd-48fa-a430-10d3f2eb98d3
58cd3b45-b826-4e8b-a79b-bd01facddd0c,G50 Max,1,36c8684d-4dcd-48fa-a430-10d3f2eb98d3
6c0e260e-a572-4e07-b0c6-a7a7639edb16,G50 Plus,1,36c8684d-4dcd-48fa-a430-10d3f2eb98d3
f8c57a09-3eb6-4244-a3e4-520afc0769a5,G70,1,36c8684d-4dcd-48fa-a430-10d3f2eb98d3
a1cfdb45-2bf0-4215-b644-9330440af64b,G90,1,36c8684d-4dcd-48fa-a430-10d3f2eb98d3
65518ad6-62c8-4e50-b024-07abe41306e9,Interstellar,1,36c8684d-4dcd-48fa-a430-10d3f2eb98d3
e1e91c44-edc4-4b49-832b-8f12e1ce7531,MIFA 5,1,36c8684d-4dcd-48fa-a430-10d3f2eb98d3
c7f98364-ac48-489c-ad30-4568800a5732,MIFA 7,1,36c8684d-4dcd-48fa-a430-10d3f2eb98d3
5100ea0d-f7ba-4456-a293-a897e0c9a587,MIFA 9,1,36c8684d-4dcd-48fa-a430-10d3f2eb98d3
2f30bcf6-1c1e-40ee-ba48-939ae5013e70,T70,1,36c8684d-4dcd-48fa-a430-10d3f2eb98d3
b5626c6e-07a7-401e-bf6f-8cb3b63002c3,T90,1,36c8684d-4dcd-48fa-a430-10d3f2eb98d3
a7b222a7-5232-4390-952c-f6563812ddbe,Territory,1,36c8684d-4dcd-48fa-a430-10d3f2eb98d3
aa142fa5-5fb6-40e9-8878-1e43449f1817,V70,1,36c8684d-4dcd-48fa-a430-10d3f2eb98d3
41e96629-98b9-402f-b1d9-80749bc6a871,57,1,0ed5f1cf-1290-4981-b71d-24975d25b386
cf6420e8-63ea-46f2-a233-45bf4a6b95e8,62,1,0ed5f1cf-1290-4981-b71d-24975d25b386
79f676af-0f08-4df5-8f50-72d202226d7e,Exelero,1,0ed5f1cf-1290-4981-b71d-24975d25b386
8592e9fb-ed05-4b47-8e17-cdd82964feea,1000,1,42805fe7-dd74-46aa-b8ba-7321c8f31f0a
fee380a0-c980-4656-b3f2-69ed05c7af61,121,1,42805fe7-dd74-46aa-b8ba-7321c8f31f0a
d11dd89f-1806-4cd6-a0dd-b497b090dc6e,1300,1,42805fe7-dd74-46aa-b8ba-7321c8f31f0a
a2523e87-1ce9-4a78-bd67-623d76a1e081,2,1,42805fe7-dd74-46aa-b8ba-7321c8f31f0a
794a29c7-6f6f-41c3-9ad3-39835a342e71,3,1,42805fe7-dd74-46aa-b8ba-7321c8f31f0a
073b2700-7c3d-4105-82d7-7f77287612ad,323,1,42805fe7-dd74-46aa-b8ba-7321c8f31f0a
ff23c61e-7617-458b-9f60-aaa656480940,3 MPS,1,42805fe7-dd74-46aa-b8ba-7321c8f31f0a
282197be-6336-4424-ae25-4146e3ba27a6,5,1,42805fe7-dd74-46aa-b8ba-7321c8f31f0a
4de07773-6b71-4854-8df4-3caa453c8e26,6,1,42805fe7-dd74-46aa-b8ba-7321c8f31f0a
0f50a389-56e7-4e2a-8795-6c72e72cdfd6,616,1,42805fe7-dd74-46aa-b8ba-7321c8f31f0a
94d16422-e22c-4a2c-ad4e-dec144d5355d,626,1,42805fe7-dd74-46aa-b8ba-7321c8f31f0a
1e1cb675-6ccf-498d-98a3-d7d6080acf9e,6e,1,42805fe7-dd74-46aa-b8ba-7321c8f31f0a
9d333de1-5d7e-4fda-a9f7-8b25914b7a36,6 MPS,1,42805fe7-dd74-46aa-b8ba-7321c8f31f0a
6b214bda-7bcf-4fd8-9c4f-1a9512a2fd80,818,1,42805fe7-dd74-46aa-b8ba-7321c8f31f0a
b0fda021-0ebe-4768-a431-c722ce468b4f,929,1,42805fe7-dd74-46aa-b8ba-7321c8f31f0a
ed50ee8a-ace9-48d5-a3d1-ffc53c0c8df9,Atenza,1,42805fe7-dd74-46aa-b8ba-7321c8f31f0a
84aa3900-74fe-4d4f-a552-9a1bd456e608,Autozam AZ-1,1,42805fe7-dd74-46aa-b8ba-7321c8f31f0a
ce7f266a-93d2-4de8-9f24-f777fc53d489,Autozam AZ-3,1,42805fe7-dd74-46aa-b8ba-7321c8f31f0a
b6896ee4-c7cb-4154-8a40-fca73345bfaf,Autozam Clef,1,42805fe7-dd74-46aa-b8ba-7321c8f31f0a
c842c96b-f3b0-45b5-8ad9-67c1a0a811d7,Axela,1,42805fe7-dd74-46aa-b8ba-7321c8f31f0a
bdd7df8f-25fc-48f7-babb-4644aad007cd,AZ-Offroad,1,42805fe7-dd74-46aa-b8ba-7321c8f31f0a
97d18a97-307b-4535-b075-9f7b12fb0d5d,AZ-Wagon,1,42805fe7-dd74-46aa-b8ba-7321c8f31f0a
07598a3a-230f-415a-a955-a76891626b8d,Biante,1,42805fe7-dd74-46aa-b8ba-7321c8f31f0a
f3abbc9c-e23a-4dff-a4f4-8cb101ca6a4f,Bongo,1,42805fe7-dd74-46aa-b8ba-7321c8f31f0a
83f0a9ca-4e06-4004-8a15-780891b02b30,Bongo Friendee,1,42805fe7-dd74-46aa-b8ba-7321c8f31f0a
1c60f3b3-526f-4754-8a30-28bf252b62b3,BT-50,1,42805fe7-dd74-46aa-b8ba-7321c8f31f0a
4cfe53f2-b495-455c-bde2-36f5cb7c74be,B-series,1,42805fe7-dd74-46aa-b8ba-7321c8f31f0a
3955f2ca-b057-4f88-b7dc-6b05da6a6db7,Capella,1,42805fe7-dd74-46aa-b8ba-7321c8f31f0a
371b89e6-57f0-4456-a325-81dbc944bc53,Carol,1,42805fe7-dd74-46aa-b8ba-7321c8f31f0a
9d5985ad-5c0d-450b-99c0-0fc2667a7944,Chantez,1,42805fe7-dd74-46aa-b8ba-7321c8f31f0a
c2a9f465-dc59-4d4c-ae1f-194d580d87c3,Cosmo,1,42805fe7-dd74-46aa-b8ba-7321c8f31f0a
9350ea61-686b-4439-a445-a32c700abec4,Cronos,1,42805fe7-dd74-46aa-b8ba-7321c8f31f0a
ff1564d7-b00e-4bad-aa7c-8267584e898c,CX-90,1,42805fe7-dd74-46aa-b8ba-7321c8f31f0a
a7688f4f-6790-45e6-a8ea-4668c394b0b6,CX-3,1,42805fe7-dd74-46aa-b8ba-7321c8f31f0a
7c1da5e1-de77-4c72-8b81-86799194bba6,CX-30,1,42805fe7-dd74-46aa-b8ba-7321c8f31f0a
60e94272-8ae8-4559-a5be-c6b121e52ccb,CX-4,1,42805fe7-dd74-46aa-b8ba-7321c8f31f0a
ed58544b-b054-4ba0-9938-22acb2a6831c,CX-5,1,42805fe7-dd74-46aa-b8ba-7321c8f31f0a
7c8309f4-9faa-47ec-a4e6-3223d9f969a4,CX-50,1,42805fe7-dd74-46aa-b8ba-7321c8f31f0a
edeebe21-e865-443b-827f-9a8216c3e4de,CX-60,1,42805fe7-dd74-46aa-b8ba-7321c8f31f0a
8d98e51e-fc46-4dfa-a734-fed2084f94a4,CX-7,1,42805fe7-dd74-46aa-b8ba-7321c8f31f0a
036fb79c-91dd-4ed0-bb85-a9530f90c354,CX-70,1,42805fe7-dd74-46aa-b8ba-7321c8f31f0a
b38e1663-a4af-4501-bfa1-b9dffcde24f8,CX-8,1,42805fe7-dd74-46aa-b8ba-7321c8f31f0a
e5540aea-4527-434e-9911-3b48679f54c2,CX-80,1,42805fe7-dd74-46aa-b8ba-7321c8f31f0a
eaccd2d4-c261-4a4c-9d27-ced4473644f9,CX-9,1,42805fe7-dd74-46aa-b8ba-7321c8f31f0a
1e2f6505-683c-456a-ada8-f0d9fea5dc85,Demio,1,42805fe7-dd74-46aa-b8ba-7321c8f31f0a
0b5ca9e1-bf8a-4f87-8f7f-e897b9e80b85,Efini MS-6,1,42805fe7-dd74-46aa-b8ba-7321c8f31f0a
8fc36a25-7241-4bcd-a535-7baafe9edd72,Efini MS-8,1,42805fe7-dd74-46aa-b8ba-7321c8f31f0a
f9fbed70-4668-4a2e-a6d0-59397d3d28c0,Efini MS-9,1,42805fe7-dd74-46aa-b8ba-7321c8f31f0a
d6eb236c-1beb-4e8c-a4c7-e27e91711b50,Etude,1,42805fe7-dd74-46aa-b8ba-7321c8f31f0a
5abffb17-c694-4400-ae50-9016f6e9aeb4,Eunos 100,1,42805fe7-dd74-46aa-b8ba-7321c8f31f0a
8561d826-2464-4e3e-b931-4ffb20a9f2cd,Eunos 300,1,42805fe7-dd74-46aa-b8ba-7321c8f31f0a
bdd2d961-1b7a-4e1d-a638-6e28c55b8c5a,Eunos 500,1,42805fe7-dd74-46aa-b8ba-7321c8f31f0a
b1ae7d5a-02aa-482c-9389-0b79bed6531b,Eunos 800,1,42805fe7-dd74-46aa-b8ba-7321c8f31f0a
c03ec7e2-1a7e-4252-b013-43e4c6e56dba,Eunos Cosmo,1,42805fe7-dd74-46aa-b8ba-7321c8f31f0a
91120202-9535-40c4-b454-0ae5095e40de,Eunos Presso,1,42805fe7-dd74-46aa-b8ba-7321c8f31f0a
757ff375-145c-4981-831f-8b8eaace633e,EZ-6,1,42805fe7-dd74-46aa-b8ba-7321c8f31f0a
700c5b69-f873-4051-81e6-c9e94fa56018,EZ-60,1,42805fe7-dd74-46aa-b8ba-7321c8f31f0a
8e4c61d7-b726-47aa-8cc2-1cd9cd5ea2d5,E-Series,1,42805fe7-dd74-46aa-b8ba-7321c8f31f0a
0e0900f8-d9aa-4b79-8003-b86651efd29e,Familia,1,42805fe7-dd74-46aa-b8ba-7321c8f31f0a
34ead697-a4f1-4294-8b45-7453c83e7e62,Flair,1,42805fe7-dd74-46aa-b8ba-7321c8f31f0a
2595df91-4674-4ef3-b549-4c145a6d063f,Flair Crossover,1,42805fe7-dd74-46aa-b8ba-7321c8f31f0a
30c24335-6947-4c5e-8fd3-9993ac11c3ec,Flair Wagon,1,42805fe7-dd74-46aa-b8ba-7321c8f31f0a
065ce542-b0ce-4f82-8194-68959735b273,Lantis,1,42805fe7-dd74-46aa-b8ba-7321c8f31f0a
b9bfd360-dab8-427d-a358-4e64b1981fc9,Laputa,1,42805fe7-dd74-46aa-b8ba-7321c8f31f0a
c7ac23c1-c5ba-41b5-b251-3d255c59886e,Luce,1,42805fe7-dd74-46aa-b8ba-7321c8f31f0a
80b8c61f-fb3b-4322-a1fc-b86a969b4059,Millenia,1,42805fe7-dd74-46aa-b8ba-7321c8f31f0a
9e78edb9-acbe-4456-a6fe-c2931603cc68,MPV,1,42805fe7-dd74-46aa-b8ba-7321c8f31f0a
4a1aac10-aefb-449a-ac34-fb2e5c808a1d,MX-3,1,42805fe7-dd74-46aa-b8ba-7321c8f31f0a
5cb9f815-2d20-4211-827e-11158d077973,MX-30,1,42805fe7-dd74-46aa-b8ba-7321c8f31f0a
efa38a04-79da-43af-98ce-db4b2b69806c,MX-5,1,42805fe7-dd74-46aa-b8ba-7321c8f31f0a
6daecf54-7f64-46f0-b7ad-bd5b2bb6322e,MX-6,1,42805fe7-dd74-46aa-b8ba-7321c8f31f0a
e6372384-f06b-4bbe-9cb0-fb550cf49d98,Navajo,1,42805fe7-dd74-46aa-b8ba-7321c8f31f0a
4d3550da-d01a-45f1-8bdd-c56a3e89d5bb,Persona,1,42805fe7-dd74-46aa-b8ba-7321c8f31f0a
93e01baf-5eef-42d0-aef4-451582be9138,Premacy,1,42805fe7-dd74-46aa-b8ba-7321c8f31f0a
7a4902b5-87ba-4c98-ba0d-886f32ba0dfd,Proceed,1,42805fe7-dd74-46aa-b8ba-7321c8f31f0a
18dd57e6-e012-4b51-92e6-2d0f4d2a7901,Proceed Levante,1,42805fe7-dd74-46aa-b8ba-7321c8f31f0a
b3f2abc8-0671-445e-96c0-433b7c4c488b,Proceed Marvie,1,42805fe7-dd74-46aa-b8ba-7321c8f31f0a
5036899c-7212-443d-9fe6-2220a305c5f6,Protege,1,42805fe7-dd74-46aa-b8ba-7321c8f31f0a
56ef2117-30db-4a95-aa85-e8a133141f5f,Revue,1,42805fe7-dd74-46aa-b8ba-7321c8f31f0a
ceae8e05-1760-4d47-ad8f-dda8d5074a72,Roadster,1,42805fe7-dd74-46aa-b8ba-7321c8f31f0a
8c36dd6c-1283-49d2-a79a-465de8ecb374,RX-5,1,42805fe7-dd74-46aa-b8ba-7321c8f31f0a
4513cd81-0018-4adf-bb0a-299135a673c0,RX-7,1,42805fe7-dd74-46aa-b8ba-7321c8f31f0a
60e976ed-fb6b-4a0a-a8db-96fc78a490b0,RX-8,1,42805fe7-dd74-46aa-b8ba-7321c8f31f0a
9a674367-a1c6-4287-b89e-b7ff87479a75,R360,1,42805fe7-dd74-46aa-b8ba-7321c8f31f0a
bb413bc2-1c53-44b0-85bd-e9bca817618e,Savanna RX-7,1,42805fe7-dd74-46aa-b8ba-7321c8f31f0a
8e2a5728-a4e5-405e-a4f8-1dff093454e3,Scrum,1,42805fe7-dd74-46aa-b8ba-7321c8f31f0a
eafd5233-e0be-4d5f-b968-1a86997979f7,Sentia,1,42805fe7-dd74-46aa-b8ba-7321c8f31f0a
36712a57-fde5-4669-a779-e56f22ed488c,Spiano,1,42805fe7-dd74-46aa-b8ba-7321c8f31f0a
7b25fb1e-e883-4bbf-bbc2-87a8ef971dad,Tribute,1,42805fe7-dd74-46aa-b8ba-7321c8f31f0a
e5733b16-337a-4d8d-a5f4-73e999c14f94,Verisa,1,42805fe7-dd74-46aa-b8ba-7321c8f31f0a
bc9859d7-f724-4751-83fd-6b80fa3d934e,Xedos 6,1,42805fe7-dd74-46aa-b8ba-7321c8f31f0a
f994ba9a-8181-44d7-88ec-ce02e016653d,Xedos 9,1,42805fe7-dd74-46aa-b8ba-7321c8f31f0a
f3318657-4c8f-4995-9499-1fa1e969d1bc,MP4-12C,1,20986c2a-4d8f-496d-b198-a383a199ca33
685a67aa-49e0-4155-98bd-ee3c8af4e103,540C,1,20986c2a-4d8f-496d-b198-a383a199ca33
5246f619-ddfe-4840-8648-f750983ee009,570GT,1,20986c2a-4d8f-496d-b198-a383a199ca33
3456f638-a70f-4dbc-8bc9-b1dc1607fcdc,570S,1,20986c2a-4d8f-496d-b198-a383a199ca33
f6b0c568-d29f-4822-8787-680be71012a7,600LT,1,20986c2a-4d8f-496d-b198-a383a199ca33
6482ed96-c5f3-4839-821f-9eb19ec88bd4,650S,1,20986c2a-4d8f-496d-b198-a383a199ca33
83c193e1-0fef-48eb-be9f-d368be4cfcd2,675LT,1,20986c2a-4d8f-496d-b198-a383a199ca33
a195dc5b-a59e-40ea-b0b7-e61d948bc218,720S,1,20986c2a-4d8f-496d-b198-a383a199ca33
001b2386-750e-4c68-ace9-1c3bb601a7b9,750S,1,20986c2a-4d8f-496d-b198-a383a199ca33
c4297c08-a26d-4465-8187-dd931ece6a62,765LT,1,20986c2a-4d8f-496d-b198-a383a199ca33
b393bbb7-f8c8-44cb-9487-4cc36fc7ea03,Artura,1,20986c2a-4d8f-496d-b198-a383a199ca33
655ee774-8f53-41a1-9ed3-e310fa9afec0,Elva,1,20986c2a-4d8f-496d-b198-a383a199ca33
3a1177d8-c523-450e-bd15-9213ef46e360,F1,1,20986c2a-4d8f-496d-b198-a383a199ca33
94cbaae4-c41c-40e3-b0f4-860c9b19d3ba,GT,1,20986c2a-4d8f-496d-b198-a383a199ca33
c0e0f789-3fa6-467e-8b1c-7f6bd96f15d2,GTS,1,20986c2a-4d8f-496d-b198-a383a199ca33
847a17f2-4ff7-424c-af92-7a4c7000061e,P1,1,20986c2a-4d8f-496d-b198-a383a199ca33
f521f2ad-4bd0-4c40-bd4e-df5b3573d4c5,Senna,1,20986c2a-4d8f-496d-b198-a383a199ca33
60d8697d-7220-4d29-96d4-d2d0279f4a4f,W1,1,20986c2a-4d8f-496d-b198-a383a199ca33
1ed80dc1-f119-4f60-8559-fdd8ff634963,Club,1,008e50a0-777d-41f0-b0bc-6b12edc9e1d3
a3ef0f9f-d681-4378-aba8-6bf38e9f7652,Monte Carlo,1,008e50a0-777d-41f0-b0bc-6b12edc9e1d3
7f62e767-2407-4012-8448-5af10650d1a7,Track,1,008e50a0-777d-41f0-b0bc-6b12edc9e1d3
1701c0f4-c53b-44e2-8f1a-5ad74a2f9201,190 SL,1,fa7c5354-2306-48c9-a81c-30b03694b817
635e5cb7-8007-4ab5-99fb-a8bb5c55b874,220 (W187),1,fa7c5354-2306-48c9-a81c-30b03694b817
e57b339d-2e1a-47b6-a0ff-edae18ce3df0,300 SLR,1,fa7c5354-2306-48c9-a81c-30b03694b817
c31d9b2f-bd57-4f70-8244-46fb46711218,GLC Coupe AMG,1,fa7c5354-2306-48c9-a81c-30b03694b817
2312cb75-e9d4-4ddf-be99-e2c1351124b2,AMG GT,1,fa7c5354-2306-48c9-a81c-30b03694b817
390d0aa5-f669-461e-871d-6abb91634761,AMG ONE,1,fa7c5354-2306-48c9-a81c-30b03694b817
d9635ff6-05bb-4d1b-81c6-23c1ce4968a9,AMG PureSpeed,1,fa7c5354-2306-48c9-a81c-30b03694b817
56c06ce0-286b-45e3-95e3-030144098606,A-Класс,1,fa7c5354-2306-48c9-a81c-30b03694b817
68d42581-db44-46e8-8ab9-484e54077b61,A-Класс AMG,1,fa7c5354-2306-48c9-a81c-30b03694b817
d63fd3cb-4905-41f4-bd5c-9b30099382db,B-Класс,1,fa7c5354-2306-48c9-a81c-30b03694b817
17e24c58-6f36-4844-9720-ca4d8975d177,Citan,1,fa7c5354-2306-48c9-a81c-30b03694b817
a3c42871-e642-4f69-987b-9b0919b74f1c,CLA,1,fa7c5354-2306-48c9-a81c-30b03694b817
39506f5e-13d8-4e9e-b9ff-36868d970fae,CLA AMG,1,fa7c5354-2306-48c9-a81c-30b03694b817
53a13a5b-046d-4afe-983c-31026721b2b8,CLC-Класс,1,fa7c5354-2306-48c9-a81c-30b03694b817
aad4ccbd-dff5-4ac0-8a4f-c5f1bad7073a,CLE,1,fa7c5354-2306-48c9-a81c-30b03694b817
8acde09b-d1a4-46fb-b9de-96fbd03a20a0,CLE AMG,1,fa7c5354-2306-48c9-a81c-30b03694b817
820ec3be-066b-40cf-995c-167c9f6bec15,CLK AMG GTR,1,fa7c5354-2306-48c9-a81c-30b03694b817
b1842f4c-b99b-4fc5-b805-feb0b71b9534,CLK-Класс,1,fa7c5354-2306-48c9-a81c-30b03694b817
13910eb8-8be2-4cfe-a4ed-1a21306a51ca,CLK-Класс AMG,1,fa7c5354-2306-48c9-a81c-30b03694b817
96fc1b31-a5ae-4024-8d9b-4a0cc7b5bf14,CLS,1,fa7c5354-2306-48c9-a81c-30b03694b817
1a67b6f2-39d6-4dd3-bda8-153b77fb6e90,CLS AMG,1,fa7c5354-2306-48c9-a81c-30b03694b817
6cd94ecd-6bfd-4d8e-a46e-b71820bc8a5a,CL-Класс,1,fa7c5354-2306-48c9-a81c-30b03694b817
f7932fc9-9741-4439-b365-77322d00e772,CL-Класс AMG,1,fa7c5354-2306-48c9-a81c-30b03694b817
d81080f8-e84d-4ee8-ad6e-a305d3558873,C-Класс,1,fa7c5354-2306-48c9-a81c-30b03694b817
49371bc0-dd25-4d00-8717-a7bba625f04d,C-Класс AMG,1,fa7c5354-2306-48c9-a81c-30b03694b817
f353b9ef-66de-422b-8256-00f8fec19cef,EQA,1,fa7c5354-2306-48c9-a81c-30b03694b817
44c2a2bf-47c8-492d-8f2c-5169abdef76d,EQB,1,fa7c5354-2306-48c9-a81c-30b03694b817
5e03a56a-acf9-414d-942f-8b3a98ef2b0d,EQC,1,fa7c5354-2306-48c9-a81c-30b03694b817
42f82708-4497-4651-82b5-211e1460f886,EQE,1,fa7c5354-2306-48c9-a81c-30b03694b817
27972457-7cd0-43dc-94f8-58da64dfc204,EQE AMG,1,fa7c5354-2306-48c9-a81c-30b03694b817
f493893f-9774-4aa1-8ec1-38db5fb91ced,EQE SUV,1,fa7c5354-2306-48c9-a81c-30b03694b817
a290b7dd-c3ad-4a53-aa24-95f335f59597,EQE SUV AMG,1,fa7c5354-2306-48c9-a81c-30b03694b817
d2ebc335-d899-40d1-8636-1107f07e0dfa,EQS,1,fa7c5354-2306-48c9-a81c-30b03694b817
0e43bf0c-27b7-4ac7-87c5-d6612c1f2f7d,EQS AMG,1,fa7c5354-2306-48c9-a81c-30b03694b817
f22e07df-686e-486e-8079-021b3e344216,EQS SUV,1,fa7c5354-2306-48c9-a81c-30b03694b817
35e9b0ee-481b-441b-9457-4df76394dba2,EQT,1,fa7c5354-2306-48c9-a81c-30b03694b817
d1a2da2c-c176-4a96-bfee-cfb6c3386dc4,EQV,1,fa7c5354-2306-48c9-a81c-30b03694b817
ede0718e-f738-4799-8a0e-d0d2e8403a11,E-Класс,1,fa7c5354-2306-48c9-a81c-30b03694b817
c4465a7b-0956-4c5a-8d60-b886a25e56e1,E-Класс AMG,1,fa7c5354-2306-48c9-a81c-30b03694b817
be235453-8fd3-4a22-976a-97d5dfc2e712,GLA,1,fa7c5354-2306-48c9-a81c-30b03694b817
a4b84ed1-c456-421a-9c88-5bdb8f6c45f1,GLA AMG,1,fa7c5354-2306-48c9-a81c-30b03694b817
60bd8b57-d06c-453d-a64a-9218b114a5c2,GLB AMG,1,fa7c5354-2306-48c9-a81c-30b03694b817
b26440a9-1c2f-4cc4-8b9d-3247044a8bda,GLB,1,fa7c5354-2306-48c9-a81c-30b03694b817
609c9a05-b421-4cdc-bb10-fd86a5843199,GLC Coupe,1,fa7c5354-2306-48c9-a81c-30b03694b817
1d180a66-9d86-437a-ba28-a13920b0cf9e,GLC,1,fa7c5354-2306-48c9-a81c-30b03694b817
cd0078ef-aa6d-4208-8be4-bb9b2d63435e,GLC AMG,1,fa7c5354-2306-48c9-a81c-30b03694b817
e833509b-153e-4df3-a138-1b1b50226a3a,GLE,1,fa7c5354-2306-48c9-a81c-30b03694b817
98e744cd-cded-4383-91c0-e02f216c6372,GLE AMG,1,fa7c5354-2306-48c9-a81c-30b03694b817
f4e7e273-98ae-4e09-9736-ae87d2b45440,GLE Coupe,1,fa7c5354-2306-48c9-a81c-30b03694b817
1fd26eb1-46b7-4d90-8357-eae6ae0eebae,GLE Coupe AMG,1,fa7c5354-2306-48c9-a81c-30b03694b817
52faa3f5-ce3a-4bd2-b588-e85c2733a9e9,GLK-Класс,1,fa7c5354-2306-48c9-a81c-30b03694b817
5dc13be3-de40-41ee-a725-a35f47495aab,GLS,1,fa7c5354-2306-48c9-a81c-30b03694b817
d683b8c1-9f6a-4c52-9ae7-c620802dedad,GLS AMG,1,fa7c5354-2306-48c9-a81c-30b03694b817
72965c53-dd84-49e6-b039-353c11c8403b,GL-Класс,1,fa7c5354-2306-48c9-a81c-30b03694b817
4b175988-284d-4a38-a4e4-9f0a5b57d762,GL-Класс AMG,1,fa7c5354-2306-48c9-a81c-30b03694b817
fa5b7596-482d-4953-a9e2-3f1e4ed2eb79,G-Класс,1,fa7c5354-2306-48c9-a81c-30b03694b817
7bada08e-c49d-4f4b-bcd5-0c0e41ee1164,G-Класс AMG,1,fa7c5354-2306-48c9-a81c-30b03694b817
1d232db7-42b8-4a07-aa89-33a66b8137e8,G-Класс AMG 6x6,1,fa7c5354-2306-48c9-a81c-30b03694b817
3997bacb-a161-4c26-a46b-9cc4480f5684,Marco Polo,1,fa7c5354-2306-48c9-a81c-30b03694b817
a9e5cfd8-e115-44ff-bc01-7bbb80776cc8,Maybach EQS SUV,1,fa7c5354-2306-48c9-a81c-30b03694b817
1018da1d-a23a-486b-8225-58006655e4e4,Maybach GLS,1,fa7c5354-2306-48c9-a81c-30b03694b817
434fd5cf-e872-46e2-9e6c-21d9fedbbe46,Maybach G 650 Landaulet,1,fa7c5354-2306-48c9-a81c-30b03694b817
521dfc6a-a861-43df-9883-476162fd5b4c,Maybach SL,1,fa7c5354-2306-48c9-a81c-30b03694b817
8e146bd4-911d-417f-82a4-5315d554eb4d,Metris,1,fa7c5354-2306-48c9-a81c-30b03694b817
15501533-38e1-41c0-901d-e2718906448d,M-Класс,1,fa7c5354-2306-48c9-a81c-30b03694b817
86df8e73-eba5-44bc-bb41-941c1addeb1a,M-Класс AMG,1,fa7c5354-2306-48c9-a81c-30b03694b817
a8259572-ebdb-4a52-a7ce-df6d8c4fa68b,R-Класс,1,fa7c5354-2306-48c9-a81c-30b03694b817
52d7cd18-34a7-45f2-93a0-b53b60f19c55,R-Класс AMG,1,fa7c5354-2306-48c9-a81c-30b03694b817
fe736e2b-b3fd-4a6e-a39b-7e4a0a656544,Simplex,1,fa7c5354-2306-48c9-a81c-30b03694b817
fd3b2050-355b-41e5-9242-91ec17ea0e17,SLC,1,fa7c5354-2306-48c9-a81c-30b03694b817
e8e52091-249d-4d33-8705-d0c018b58a7e,SLC AMG,1,fa7c5354-2306-48c9-a81c-30b03694b817
ed0e6e2f-e1fb-4f1e-b517-f16d9b85ca09,SLK-Класс,1,fa7c5354-2306-48c9-a81c-30b03694b817
731040d7-7ece-49d6-ab73-d1ba959ede14,SLK-Класс AMG,1,fa7c5354-2306-48c9-a81c-30b03694b817
1297adef-aa60-4dd3-a012-84ec80a8c96b,SLR McLaren,1,fa7c5354-2306-48c9-a81c-30b03694b817
7a43b19d-d015-4957-80fb-69ea7e193139,SLS AMG,1,fa7c5354-2306-48c9-a81c-30b03694b817
4a7bad49-81d8-4ed5-84ae-e0d58d842ad6,SL-Класс,1,fa7c5354-2306-48c9-a81c-30b03694b817
c0c84b06-2bae-434b-ad6d-a5877bd74b8b,SL-Класс AMG,1,fa7c5354-2306-48c9-a81c-30b03694b817
daba9058-6e8e-4b4c-96f7-d9007fde83ad,Maybach S-Класс,1,fa7c5354-2306-48c9-a81c-30b03694b817
74614369-d5c0-4af3-a1d9-4feb3c62abe3,S-Класс,1,fa7c5354-2306-48c9-a81c-30b03694b817
10dd325d-78fc-42cd-ac3b-a4fa64100fc0,S-Класс AMG,1,fa7c5354-2306-48c9-a81c-30b03694b817
89cc425a-2fc6-4583-b437-b6885fbc793c,T-Класс,1,fa7c5354-2306-48c9-a81c-30b03694b817
311b1ea7-5c62-4c15-b885-c80d90b0db38,Vaneo,1,fa7c5354-2306-48c9-a81c-30b03694b817
665fe09f-0095-4d50-b427-f11e58acbf68,Viano,1,fa7c5354-2306-48c9-a81c-30b03694b817
09cd52b9-dabb-4467-953a-a32c54a8d5c2,Vito,1,fa7c5354-2306-48c9-a81c-30b03694b817
de11cfd0-38fd-481d-bda2-81037e8c6680,V-Класс,1,fa7c5354-2306-48c9-a81c-30b03694b817
b0d2107a-f3e5-4675-bda0-77d9bae3a67d,W100,1,fa7c5354-2306-48c9-a81c-30b03694b817
66f417f8-dd29-492a-a56c-0ed5d69c8ca4,W105,1,fa7c5354-2306-48c9-a81c-30b03694b817
00ff97c1-af80-4784-b092-aa37b7f79041,W108,1,fa7c5354-2306-48c9-a81c-30b03694b817
05a67a8a-7527-4388-8fd2-8a34e6a5945b,W110,1,fa7c5354-2306-48c9-a81c-30b03694b817
09692f81-a565-4075-a603-4673f1fabe8b,W111,1,fa7c5354-2306-48c9-a81c-30b03694b817
a4356321-5507-4cbe-90a2-dc7a794eced7,W114,1,fa7c5354-2306-48c9-a81c-30b03694b817
b3f18cf8-f35c-423d-8f4f-1b46c14b64c9,W115,1,fa7c5354-2306-48c9-a81c-30b03694b817
c6815557-86b1-44a1-92af-5a60c00e51ee,W120,1,fa7c5354-2306-48c9-a81c-30b03694b817
e378192e-099f-4b0f-b5a1-86e84ba0616b,W121,1,fa7c5354-2306-48c9-a81c-30b03694b817
787e103d-ac51-4e4a-90eb-cc88c7938ae1,W123,1,fa7c5354-2306-48c9-a81c-30b03694b817
6ce9a76a-a667-4539-be64-2ab77022424c,W124,1,fa7c5354-2306-48c9-a81c-30b03694b817
a64adda6-fdeb-4c01-b687-187f7296239e,W128,1,fa7c5354-2306-48c9-a81c-30b03694b817
ece14007-503a-48c8-bedc-c8cf62010ad5,W136,1,fa7c5354-2306-48c9-a81c-30b03694b817
f45751fb-e9b2-40d0-9c9c-d09e261ecb97,W138,1,fa7c5354-2306-48c9-a81c-30b03694b817
370152ae-59e5-48a7-939a-eb1929988618,W142,1,fa7c5354-2306-48c9-a81c-30b03694b817
07996c3a-8ae6-4409-97ff-da9713550884,W180,1,fa7c5354-2306-48c9-a81c-30b03694b817
f5bba75a-e46a-49fa-aef6-d2504ce299c0,W186,1,fa7c5354-2306-48c9-a81c-30b03694b817
070d7df9-6838-48d6-87fc-e296e3e562d3,W188,1,fa7c5354-2306-48c9-a81c-30b03694b817
9cb478fa-84e3-41e3-8619-7abc3cc0c353,W189,1,fa7c5354-2306-48c9-a81c-30b03694b817
d262b220-64be-44ac-bcff-a25fe42d1531,W191,1,fa7c5354-2306-48c9-a81c-30b03694b817
6f1afd6d-3a7c-431c-8cb3-8117225a91a1,190 (W201),1,fa7c5354-2306-48c9-a81c-30b03694b817
9e3e11b3-8912-403b-9857-7c13588c7808,W21,1,fa7c5354-2306-48c9-a81c-30b03694b817
a0432761-a7e2-457d-b6b0-ace75d3cd4a3,W29,1,fa7c5354-2306-48c9-a81c-30b03694b817
8fdd2884-d229-4c6f-ba88-2f8a7207ee20,X-Класс,1,fa7c5354-2306-48c9-a81c-30b03694b817
b780eb08-4163-4ca8-88e5-24d30e1b2d52,Capri,1,2b34b053-14ea-4f68-a44a-f7f901130f3a
9fc40a25-4d24-48ce-903d-1bbd251b64d8,Colony Park,1,2b34b053-14ea-4f68-a44a-f7f901130f3a
62d977f0-a1ef-42fe-a7d9-bbad8dca81fd,Cougar,1,2b34b053-14ea-4f68-a44a-f7f901130f3a
455ab779-28be-404e-8396-ed49a603ef1b,Eight,1,2b34b053-14ea-4f68-a44a-f7f901130f3a
e4d44da7-45e3-4c18-8fae-ed0aecf46b20,Grand Marquis,1,2b34b053-14ea-4f68-a44a-f7f901130f3a
e56baf90-fbb6-4c31-bdcc-3db299f92ba5,Marauder,1,2b34b053-14ea-4f68-a44a-f7f901130f3a
e124fa4d-ed75-4a08-9db1-4fcfe8cb8c00,Mariner,1,2b34b053-14ea-4f68-a44a-f7f901130f3a
8375f2f0-1e88-4ef6-aa3e-091ebd282e06,Marquis,1,2b34b053-14ea-4f68-a44a-f7f901130f3a
c5e5ef02-0f34-46df-bc79-16984af7c536,Milan,1,2b34b053-14ea-4f68-a44a-f7f901130f3a
8a9a2112-7413-4275-b97c-e66e29cf910b,Montego,1,2b34b053-14ea-4f68-a44a-f7f901130f3a
cae3642d-d00b-4d03-aa57-2091eb78856d,Monterey,1,2b34b053-14ea-4f68-a44a-f7f901130f3a
1da812eb-6ab9-4f92-9711-d4e55a16de02,Mountaineer,1,2b34b053-14ea-4f68-a44a-f7f901130f3a
a80392b6-80e6-4649-92fb-af8fff3156d0,Mystique,1,2b34b053-14ea-4f68-a44a-f7f901130f3a
b332178d-e0ee-4b3c-9524-2bd88eb8d64e,Sable,1,2b34b053-14ea-4f68-a44a-f7f901130f3a
8752a5e5-b878-470e-b203-223949637669,Topaz,1,2b34b053-14ea-4f68-a44a-f7f901130f3a
8f0ed7a7-efda-4bb7-bd2d-912444eeac3f,Tracer,1,2b34b053-14ea-4f68-a44a-f7f901130f3a
0e425cb4-4cda-416f-8ac3-b510a7ccc117,Villager,1,2b34b053-14ea-4f68-a44a-f7f901130f3a
50ad2646-d191-408a-a85d-2c08c8cd9fa3,XR4Ti,1,7430fb93-b321-436d-b1bb-459b916fe7a9
255b4f38-8cda-4a74-ad11-c99d242f27b1,KR200,1,563287c9-2387-42ec-a83e-f326e5c59710
e7a04821-8d31-4453-a6f1-9eb44d2b0808,Metrocab I,1,2c9d3541-e6dc-4f53-ab6f-11633252ce8b
ae4eecbe-dcd3-4b4f-b7fd-26ce07f74391,Metrocab II (TTT),1,2c9d3541-e6dc-4f53-ab6f-11633252ce8b
0e691f38-fee4-47c8-9283-da4d4a691a89,3,1,9ed4a46d-79ba-43da-8179-51721cf08dc3
540cda13-44c2-405d-8497-365ab286b808,350,1,9ed4a46d-79ba-43da-8179-51721cf08dc3
fd15a384-fccb-491b-a7c2-8827b5d7ae65,4 EV,1,9ed4a46d-79ba-43da-8179-51721cf08dc3
09137ee8-3fca-4a58-83a3-6ff6c3c4ce20,5,1,9ed4a46d-79ba-43da-8179-51721cf08dc3
ee6fc3ee-3733-466c-aa02-015de9e31007,550,1,9ed4a46d-79ba-43da-8179-51721cf08dc3
436c1652-cc4e-437f-b4bb-31e1e9fe52df,5 EV,1,9ed4a46d-79ba-43da-8179-51721cf08dc3
1061c222-c95a-425f-8851-140f5c68daf8,5 Scorpio,1,9ed4a46d-79ba-43da-8179-51721cf08dc3
b3fd21db-fafd-430e-89aa-274d6df9c55f,6,1,9ed4a46d-79ba-43da-8179-51721cf08dc3
f8a68d2a-5dbc-43d4-8433-b80e10cfb96c,6 Pro,1,9ed4a46d-79ba-43da-8179-51721cf08dc3
821261d3-c048-427f-805c-6b485250ac6f,7,1,9ed4a46d-79ba-43da-8179-51721cf08dc3
b6eaed6a-c032-4958-aaf3-36ef66ea3ac3,750,1,9ed4a46d-79ba-43da-8179-51721cf08dc3
ffa47735-1345-4ada-bce9-edfeee9df196,Cyberster,1,9ed4a46d-79ba-43da-8179-51721cf08dc3
f3f58607-d7af-463a-9cca-ae0991863658,ES5,1,9ed4a46d-79ba-43da-8179-51721cf08dc3
ba65fb08-18f0-4019-b812-28c702006d8e,F,1,9ed4a46d-79ba-43da-8179-51721cf08dc3
f8f9d03f-8139-4597-b53f-7d608174cb8b,GS,1,9ed4a46d-79ba-43da-8179-51721cf08dc3
7f09c1dc-dfec-4076-9513-a8827344b230,HS,1,9ed4a46d-79ba-43da-8179-51721cf08dc3
0f5a12b2-0a52-4fc4-929b-885255ef9dd6,Maestro,1,9ed4a46d-79ba-43da-8179-51721cf08dc3
f860f612-82d5-4b0d-8cba-0c5828d3a15c,Metro,1,9ed4a46d-79ba-43da-8179-51721cf08dc3
af774ef4-b856-46ce-bbe7-0451a4cb4820,MGA,1,9ed4a46d-79ba-43da-8179-51721cf08dc3
fb0ba8a3-b98a-4cbf-a508-32023463d92a,MGB,1,9ed4a46d-79ba-43da-8179-51721cf08dc3
447764ee-5b92-48a0-8fe1-95e502e1f290,Midget,1,9ed4a46d-79ba-43da-8179-51721cf08dc3
c4013c7b-eb48-4f5c-80bb-05d88fc50cf0,Montego,1,9ed4a46d-79ba-43da-8179-51721cf08dc3
1e2d69cf-5360-46c3-8c2c-8b5e3c78677e,Mulan,1,9ed4a46d-79ba-43da-8179-51721cf08dc3
85dfb848-1b63-45d5-a1fc-bd75730e19f2,One,1,9ed4a46d-79ba-43da-8179-51721cf08dc3
1b0ad79c-13d2-4b3f-8c8f-a2ba93253651,Pilot,1,9ed4a46d-79ba-43da-8179-51721cf08dc3
7c4d1016-848a-4778-a0a4-04da79132593,RV8,1,9ed4a46d-79ba-43da-8179-51721cf08dc3
afadb331-e29d-469c-97b4-f604c9db2023,RX5,1,9ed4a46d-79ba-43da-8179-51721cf08dc3
dfa23819-a538-4117-8f8c-0373ce241d27,RX8,1,9ed4a46d-79ba-43da-8179-51721cf08dc3
499153e3-e0ae-4fe2-a369-18be9182ffdd,RX9,1,9ed4a46d-79ba-43da-8179-51721cf08dc3
2ff589fc-afd0-4077-ac39-e49b794ce2df,T60,1,9ed4a46d-79ba-43da-8179-51721cf08dc3
756c1d12-fa51-4b06-bc73-58341aa300a0,TD Midget,1,9ed4a46d-79ba-43da-8179-51721cf08dc3
4c9295fd-1a6e-412a-ad6c-0e08945e3147,TF,1,9ed4a46d-79ba-43da-8179-51721cf08dc3
363c3850-8c23-4e73-8100-aea02ae42e3e,Xpower SV,1,9ed4a46d-79ba-43da-8179-51721cf08dc3
af370752-3a69-4fcd-a48e-873353a83937,ZR,1,9ed4a46d-79ba-43da-8179-51721cf08dc3
eec8f7bb-c6fa-40f1-9dc9-ff4ac355d956,ZS,1,9ed4a46d-79ba-43da-8179-51721cf08dc3
dceace1d-bd7d-4d01-8aad-7808a2c1669a,ZT,1,9ed4a46d-79ba-43da-8179-51721cf08dc3
2fa01bcc-4b5a-433f-a261-a82f5b166c0d,Microlino,1,f52b759c-3608-4845-ab4c-1d52f5501518
08c51ab0-d488-4e1f-b259-0bd0efcc0b16,F8C,1,d02e4a2d-f351-4e79-a40b-dcda6f850317
12aa8ea2-add9-46be-ad16-0a7f0a721e82,M8,1,d02e4a2d-f351-4e79-a40b-dcda6f850317
0656755e-c0d0-43cc-ba00-cc8ffcd7dae5,MC,1,d02e4a2d-f351-4e79-a40b-dcda6f850317
44f56f5c-6d29-493c-8e0d-08eb8ec1bbff,M.Go,1,d02e4a2d-f351-4e79-a40b-dcda6f850317
124ac14b-1623-47be-bdd8-7227b25de510,Virgo,1,d02e4a2d-f351-4e79-a40b-dcda6f850317
3cc02c0f-c1db-4719-91bb-2e04babcd9cc,TF 1800,1,1508e921-9de4-49ff-a1d4-a947aea0d974
5827069e-e8e4-4c74-bd68-3886ba486a6d,Aceman,1,690bd4c3-4de7-49c0-9041-c4a76bea287d
51365161-0a21-405b-a0b0-5a5aee140be9,Cabrio,1,690bd4c3-4de7-49c0-9041-c4a76bea287d
fdd2d7fb-70db-4f74-b4c4-194871faa68b,Clubman,1,690bd4c3-4de7-49c0-9041-c4a76bea287d
d4fb5cd0-b343-47fa-b39d-db79e7bebc45,Countryman,1,690bd4c3-4de7-49c0-9041-c4a76bea287d
1780e3dc-0536-4f04-ba22-074aa8911453,Coupe,1,690bd4c3-4de7-49c0-9041-c4a76bea287d
47883212-807d-41b8-b811-fe7a23eca212,Hatch,1,690bd4c3-4de7-49c0-9041-c4a76bea287d
4c2300ca-e748-4d2e-ba27-6ae46c4d3c75,Paceman,1,690bd4c3-4de7-49c0-9041-c4a76bea287d
717606a2-06d9-4b08-90f8-d2f962ffc623,Roadster,1,690bd4c3-4de7-49c0-9041-c4a76bea287d
e0c333d2-eaff-42d4-98da-db59961075c6,3000 GT,1,019b82f0-518f-4edc-a5b9-c62f812057f2
5c05f7e7-5ccc-4dc2-9696-5cc524f70d8f,500,1,019b82f0-518f-4edc-a5b9-c62f812057f2
ec64166d-4401-465e-af4e-7c34755c17c5,Airtrek,1,019b82f0-518f-4edc-a5b9-c62f812057f2
c96eea8f-e3a5-4548-9e6f-2ae15eb92d58,Aspire,1,019b82f0-518f-4edc-a5b9-c62f812057f2
e51412e0-9dd4-4873-94d8-4ae99b5ef5ea,ASX,1,019b82f0-518f-4edc-a5b9-c62f812057f2
d2164b28-a7de-40d6-8ca9-f78916cbfede,Attrage,1,019b82f0-518f-4edc-a5b9-c62f812057f2
7fff0c0c-a545-4c14-afbb-7cbc8dc5acc4,Bravo,1,019b82f0-518f-4edc-a5b9-c62f812057f2
922979c9-7115-4168-a0dc-da71a54aa4f0,Carisma,1,019b82f0-518f-4edc-a5b9-c62f812057f2
65b2d985-c8af-4ea9-8982-b3e28332d0e3,Celeste,1,019b82f0-518f-4edc-a5b9-c62f812057f2
7ca391b9-0ca9-415c-8b11-3f05f00ac423,Challenger,1,019b82f0-518f-4edc-a5b9-c62f812057f2
02dc5ef6-06f4-48dc-a088-ee899da22478,Chariot,1,019b82f0-518f-4edc-a5b9-c62f812057f2
1a367774-0a69-4ac3-9809-8fac69f5ef1f,Colt,1,019b82f0-518f-4edc-a5b9-c62f812057f2
b59933fb-70f0-4d68-b493-1cb1eadeaf07,Cordia,1,019b82f0-518f-4edc-a5b9-c62f812057f2
13a44ae6-edc2-45c5-a124-99636fdc5054,Debonair,1,019b82f0-518f-4edc-a5b9-c62f812057f2
0cf3b023-32a1-4868-8974-0f051cc7b947,Delica,1,019b82f0-518f-4edc-a5b9-c62f812057f2
b9281d21-151f-4248-aad6-255c5a34f582,Delica D:2,1,019b82f0-518f-4edc-a5b9-c62f812057f2
727d1b1f-1c5f-49e6-bef2-5d196315728e,Delica D:3,1,019b82f0-518f-4edc-a5b9-c62f812057f2
c487a525-9502-4e57-89f0-14f71ed4dc36,Delica D:5,1,019b82f0-518f-4edc-a5b9-c62f812057f2
a0917997-c9f9-4ddc-8d09-1a767332e725,Delica Mini,1,019b82f0-518f-4edc-a5b9-c62f812057f2
0ed43267-f4ea-4fe6-be88-0b65030d2312,Destinator,1,019b82f0-518f-4edc-a5b9-c62f812057f2
ce4ecfd6-ca36-454d-8f01-a47cbdcc7647,Diamante,1,019b82f0-518f-4edc-a5b9-c62f812057f2
8cdded63-d269-4e75-87f7-5e8d8f30a0ed,Dignity,1,019b82f0-518f-4edc-a5b9-c62f812057f2
531a9114-5df3-4449-9394-c80e69e52a35,Dingo,1,019b82f0-518f-4edc-a5b9-c62f812057f2
57796ca1-9c65-4cc0-88a8-4984b0300038,Dion,1,019b82f0-518f-4edc-a5b9-c62f812057f2
0630c0fb-9125-4aa3-8321-a6f640abbbef,Eclipse,1,019b82f0-518f-4edc-a5b9-c62f812057f2
15632f02-e387-45c8-8ac1-0756aa29ea66,Eclipse Cross,1,019b82f0-518f-4edc-a5b9-c62f812057f2
19505e61-6d28-406a-878d-8364daa94af6,eK Active,1,019b82f0-518f-4edc-a5b9-c62f812057f2
59c1efeb-020f-4155-a8bb-4bc3d3fdbde6,eK Classic,1,019b82f0-518f-4edc-a5b9-c62f812057f2
cbb43e3d-e33b-4bfb-bb12-647d8a7afca7,eK Custom,1,019b82f0-518f-4edc-a5b9-c62f812057f2
65ad30ec-2d72-4484-a82b-29d978f4b8e1,eK Space,1,019b82f0-518f-4edc-a5b9-c62f812057f2
2b3776eb-f7a1-4287-a0a4-f763d62636ba,eK Sport,1,019b82f0-518f-4edc-a5b9-c62f812057f2
da63aa23-6831-45d6-80bc-fda81f8c16f4,eK Wagon,1,019b82f0-518f-4edc-a5b9-c62f812057f2
ea763bd9-49d0-46de-a158-d338dbf23a8e,Emeraude,1,019b82f0-518f-4edc-a5b9-c62f812057f2
25b01a49-4b1d-402c-9182-d61cd9d4569f,Endeavor,1,019b82f0-518f-4edc-a5b9-c62f812057f2
36667957-4da5-4713-886e-bae4e5e7d9ab,Eterna,1,019b82f0-518f-4edc-a5b9-c62f812057f2
d24d3c00-2c0b-4dd6-b69c-bd3d1e8974bd,Freeca,1,019b82f0-518f-4edc-a5b9-c62f812057f2
1ecf57c2-040f-46e4-92e3-c477ee5110c0,FTO,1,019b82f0-518f-4edc-a5b9-c62f812057f2
7788b43a-3adf-4d64-9684-97a24f2c67bc,Galant,1,019b82f0-518f-4edc-a5b9-c62f812057f2
3e72b974-4bef-4f97-bbe3-77f1c44e878e,Galant Fortis,1,019b82f0-518f-4edc-a5b9-c62f812057f2
5eed9689-8439-41b8-a5c4-2bea9a70faf2,Grandis,1,019b82f0-518f-4edc-a5b9-c62f812057f2
ac47b88b-3b16-4ce3-a9ec-9fd9d0f20750,GTO,1,019b82f0-518f-4edc-a5b9-c62f812057f2
8c200780-b24d-4349-819d-79b0c6b97f84,i,1,019b82f0-518f-4edc-a5b9-c62f812057f2
d0483980-b0f9-4a35-9a31-b4ea49b1e418,i-MiEV,1,019b82f0-518f-4edc-a5b9-c62f812057f2
36fdc996-afee-4090-afea-3363fc23647b,Jeep J,1,019b82f0-518f-4edc-a5b9-c62f812057f2
e7b15eca-0da2-4db2-9061-af75fb5e9fc8,L200,1,019b82f0-518f-4edc-a5b9-c62f812057f2
fc954560-7aa7-45eb-8050-44e4359b9f7e,L300,1,019b82f0-518f-4edc-a5b9-c62f812057f2
9a4c2b4a-2f4a-4102-a434-f43c9d9077c2,L400,1,019b82f0-518f-4edc-a5b9-c62f812057f2
752fc969-5c2d-430e-a560-7a6131515f24,Lancer,1,019b82f0-518f-4edc-a5b9-c62f812057f2
c897acdf-2e32-4050-be79-8ba70bb95e92,Lancer Cargo,1,019b82f0-518f-4edc-a5b9-c62f812057f2
ed9e5596-f24b-4b48-9070-7837ded94bda,Lancer Evolution,1,019b82f0-518f-4edc-a5b9-c62f812057f2
2e1d1c2b-d6ba-4b3d-ad95-c84937b62d4e,Lancer Ralliart,1,019b82f0-518f-4edc-a5b9-c62f812057f2
15a4b49a-0fcc-4bc7-a977-a676b2835a67,Legnum,1,019b82f0-518f-4edc-a5b9-c62f812057f2
746a632d-8b85-49e2-82d5-1d0c5da5ce15,Libero,1,019b82f0-518f-4edc-a5b9-c62f812057f2
6e6cf2a2-bd29-463b-9828-1559d5769796,Minica,1,019b82f0-518f-4edc-a5b9-c62f812057f2
aefdea8e-bea2-4b07-add3-f687fc199fdd,Minicab,1,019b82f0-518f-4edc-a5b9-c62f812057f2
df7d1d22-8667-4a4b-b353-f8ad9076bd2f,Mirage,1,019b82f0-518f-4edc-a5b9-c62f812057f2
2e142444-3ffa-496a-af90-2a7717ac78e7,Montero,1,019b82f0-518f-4edc-a5b9-c62f812057f2
c314c2ba-a6d2-481c-9ecd-cbb30919a9b7,Montero Sport,1,019b82f0-518f-4edc-a5b9-c62f812057f2
cb46950b-e8ae-404f-8f81-3f657f76f7af,Outlander,1,019b82f0-518f-4edc-a5b9-c62f812057f2
e91f3461-0e27-4694-8501-1c131bdddddc,Outlander Sport,1,019b82f0-518f-4edc-a5b9-c62f812057f2
df952bbf-3ce4-4c13-a99e-e6c03420b8fb,Pajero,1,019b82f0-518f-4edc-a5b9-c62f812057f2
dca3c190-d9a0-4548-aa1b-132184fd6cc5,Pajero iO,1,019b82f0-518f-4edc-a5b9-c62f812057f2
9d6ccf45-b233-42f2-b046-4b1ba79d0011,Pajero Junior,1,019b82f0-518f-4edc-a5b9-c62f812057f2
f5f48295-1b2b-4c83-b5e1-84cde00c5445,Pajero Mini,1,019b82f0-518f-4edc-a5b9-c62f812057f2
5a7595a3-5ae7-42c3-8613-4f3e6039fde3,Pajero Pinin,1,019b82f0-518f-4edc-a5b9-c62f812057f2
89659458-8c6a-4789-a93a-f2c6ce0376fc,Pajero Sport,1,019b82f0-518f-4edc-a5b9-c62f812057f2
4a045f85-6fa4-4a54-9976-b0d4c4a607cd,Pistachio,1,019b82f0-518f-4edc-a5b9-c62f812057f2
3b7868ed-2030-41a2-bec7-aeb4c152cd0e,Proudia,1,019b82f0-518f-4edc-a5b9-c62f812057f2
948dbaaf-3344-4565-ac08-5ea161736766,Raider,1,019b82f0-518f-4edc-a5b9-c62f812057f2
f41937fd-c59e-4935-9c52-9e74eb70bc88,RVR,1,019b82f0-518f-4edc-a5b9-c62f812057f2
e919faac-8a0c-45a4-a21d-28773456814e,Sapporo,1,019b82f0-518f-4edc-a5b9-c62f812057f2
6da48f57-8c8c-4945-8935-21c30c10db5e,Savrin,1,019b82f0-518f-4edc-a5b9-c62f812057f2
af70e177-30af-4046-b3ac-12ec1d6c7d0c,Sigma,1,019b82f0-518f-4edc-a5b9-c62f812057f2
fb3402d9-5785-4eef-80c0-15977f7d1ac6,Space Gear,1,019b82f0-518f-4edc-a5b9-c62f812057f2
dde86bf5-e63a-42f8-b04f-ccf29feb5e79,Space Runner,1,019b82f0-518f-4edc-a5b9-c62f812057f2
d4e3117f-e1c6-49d3-a06e-ffe4e63a971b,Space Star,1,019b82f0-518f-4edc-a5b9-c62f812057f2
2c8b549b-97d3-4603-a7ee-cc3b80c87b06,Space Wagon,1,019b82f0-518f-4edc-a5b9-c62f812057f2
0958fdff-7e17-420d-a6e2-1203e6310e41,Starion,1,019b82f0-518f-4edc-a5b9-c62f812057f2
92224864-8754-4500-9295-b7217179218d,Strada,1,019b82f0-518f-4edc-a5b9-c62f812057f2
f962da42-f290-47b4-9605-8732d3267aff,Toppo,1,019b82f0-518f-4edc-a5b9-c62f812057f2
0d473321-19c5-4d2a-b351-7746ac258fe8,Town Box,1,019b82f0-518f-4edc-a5b9-c62f812057f2
0fc01818-a1d1-4d73-b1c8-81d19bcf61e5,Tredia,1,019b82f0-518f-4edc-a5b9-c62f812057f2
06926e98-2f6b-4927-ae7f-095d4a6082f2,Triton,1,019b82f0-518f-4edc-a5b9-c62f812057f2
da8e7e83-567d-433e-883a-ebe7afd52a86,Xforce,1,019b82f0-518f-4edc-a5b9-c62f812057f2
74664940-c4a7-478e-8387-464a8dfc08c3,Xpander,1,019b82f0-518f-4edc-a5b9-c62f812057f2
c145eef0-3fb4-45e1-81ad-b6af680a2cd1,Bubu Classic SSK,1,60d5054b-a9e1-4e69-9287-66b751e9a2f4
6fc7a119-241c-4d67-a054-9cb2d51ebee1,Buddy,1,60d5054b-a9e1-4e69-9287-66b751e9a2f4
8f672104-9228-4a68-93ed-7d85a9891d29,Galue,1,60d5054b-a9e1-4e69-9287-66b751e9a2f4
4bea1d7e-2663-4e91-8b67-5878ed9dadc0,Galue 204,1,60d5054b-a9e1-4e69-9287-66b751e9a2f4
dc9cb6c4-b92a-45e4-a684-4955787ea446,Himiko,1,60d5054b-a9e1-4e69-9287-66b751e9a2f4
d673e0cb-fa32-4eba-85ce-c4cf09ba86cb,Le-Seyde,1,60d5054b-a9e1-4e69-9287-66b751e9a2f4
200ca429-9e0e-4cba-b8fe-61470b6e069f,Like,1,60d5054b-a9e1-4e69-9287-66b751e9a2f4
54c583e7-75ab-4419-87ff-e7513bbf525b,M55,1,60d5054b-a9e1-4e69-9287-66b751e9a2f4
8d237087-7d9d-4949-9463-733abeefe888,MC-1,1,60d5054b-a9e1-4e69-9287-66b751e9a2f4
11902551-401c-4dff-9373-2df694e6d551,Nouera,1,60d5054b-a9e1-4e69-9287-66b751e9a2f4
e16ecff0-4796-4021-a45b-89491d275d68,Orochi,1,60d5054b-a9e1-4e69-9287-66b751e9a2f4
82782132-2956-4cf2-b1e6-0845e5969be7,Ray,1,60d5054b-a9e1-4e69-9287-66b751e9a2f4
60676bf5-8f3f-4b3c-bcf2-a24fc54201a2,Rock Star,1,60d5054b-a9e1-4e69-9287-66b751e9a2f4
35ef5f9a-72f0-4d6e-bbeb-022bce52753c,Ryoga,1,60d5054b-a9e1-4e69-9287-66b751e9a2f4
79f75a2b-a4ed-44b3-8297-c399a6483040,Ryugi,1,60d5054b-a9e1-4e69-9287-66b751e9a2f4
563014d4-9d3c-4d61-9639-103daa080ed3,Viewt,1,60d5054b-a9e1-4e69-9287-66b751e9a2f4
64d7dcd4-58e2-45ca-8f22-0ad918d4a55c,Yuga,1,60d5054b-a9e1-4e69-9287-66b751e9a2f4
df53e96b-a923-4318-9f01-ca148cad9332,Zero 1,1,60d5054b-a9e1-4e69-9287-66b751e9a2f4
cd740ec5-7e8e-4333-a43d-2f8b9d34fc8a,Limo,1,c25fb6a2-34b9-44d5-a351-f171dc084792
fc243acd-b6d3-404b-bb3e-eab4e1c11a4a,3 Wheeler,1,f17e28d0-c68e-4cd6-b75c-21b5c2bb7f61
3ec32486-d55b-4953-afde-0cbe0ecb010c,4/4,1,f17e28d0-c68e-4cd6-b75c-21b5c2bb7f61
c8aaefd2-b580-4ae7-aca4-27d5fa64bfc4,4 Seater,1,f17e28d0-c68e-4cd6-b75c-21b5c2bb7f61
c2b63271-ea69-4420-8b3c-b676fb11f41e,AeroMax,1,f17e28d0-c68e-4cd6-b75c-21b5c2bb7f61
8794c756-58e9-40f5-ba53-d9486e51052d,Aero 8,1,f17e28d0-c68e-4cd6-b75c-21b5c2bb7f61
bc6030cf-1834-418e-a86c-2b200b8ac49a,Aero Coupe,1,f17e28d0-c68e-4cd6-b75c-21b5c2bb7f61
b5b2ef44-3d67-4677-a4cd-704d941b85c4,Aero SuperSports,1,f17e28d0-c68e-4cd6-b75c-21b5c2bb7f61
2edf356a-a007-4968-b2ea-f1c1de0477fb,Plus 4,1,f17e28d0-c68e-4cd6-b75c-21b5c2bb7f61
7f601bd2-37f3-4008-accd-9c31bb3021a3,Plus 8,1,f17e28d0-c68e-4cd6-b75c-21b5c2bb7f61
c721b326-e824-4b0f-8084-87c1d23789c8,Plus Six,1,f17e28d0-c68e-4cd6-b75c-21b5c2bb7f61
808a57d7-75f1-4757-92d3-a81c1ee7ec75,Roadster,1,f17e28d0-c68e-4cd6-b75c-21b5c2bb7f61
4995dbb8-297a-4e62-8a3f-f1ed92065e6e,Supersport,1,f17e28d0-c68e-4cd6-b75c-21b5c2bb7f61
db66d7c6-07eb-4000-9080-7a4592aa814c,Eight,1,9ee5af97-27de-4475-81ab-91539f3f1c63
54e7d8b9-0820-4080-90f4-edcce4a9b947,Marina,1,9ee5af97-27de-4475-81ab-91539f3f1c63
13ea904f-898a-41a2-b26b-dc50d8d93c11,2136,1,f21be602-e4fa-487f-ae50-2ef539ed0fc0
11fdab9d-8ad0-4a6d-aa60-eb4945c830c7,2137,1,f21be602-e4fa-487f-ae50-2ef539ed0fc0
857e81b5-dea7-47b1-9ff9-5f75657b7234,2138,1,f21be602-e4fa-487f-ae50-2ef539ed0fc0
7415e36a-e2e3-44b1-921e-bd4db51b5b9a,2140,1,f21be602-e4fa-487f-ae50-2ef539ed0fc0
b4f364cc-86d1-4fdc-b57c-7958c21d9fe2,2141,1,f21be602-e4fa-487f-ae50-2ef539ed0fc0
dde41ed8-7ab3-410c-ada5-68dba9e807ba,2142,1,f21be602-e4fa-487f-ae50-2ef539ed0fc0
9874a9db-fe52-4ccf-837d-a098e49051e3,3,1,f21be602-e4fa-487f-ae50-2ef539ed0fc0
d6ba44fc-7763-46b7-a013-d726a42c3c61,3е,1,f21be602-e4fa-487f-ae50-2ef539ed0fc0
429232aa-10fd-4df5-9948-8c3af01dcfbb,400,1,f21be602-e4fa-487f-ae50-2ef539ed0fc0
52185f1e-cb21-4301-8323-2b0b0f33f42d,401,1,f21be602-e4fa-487f-ae50-2ef539ed0fc0
16c8c8e7-310f-449d-a8cd-2862167b2fd5,402,1,f21be602-e4fa-487f-ae50-2ef539ed0fc0
bc324235-8922-4394-a2ef-0d77a206e31f,403,1,f21be602-e4fa-487f-ae50-2ef539ed0fc0
7f793ff1-092a-49c6-8327-1d9146204d9e,407,1,f21be602-e4fa-487f-ae50-2ef539ed0fc0
2f444037-cc9e-4e65-a0db-77545a935e20,408,1,f21be602-e4fa-487f-ae50-2ef539ed0fc0
56b4e133-9eaf-4a34-b196-5306d43027ef,410,1,f21be602-e4fa-487f-ae50-2ef539ed0fc0
0a0a13e3-486d-457e-8b32-17c6abe6809a,411,1,f21be602-e4fa-487f-ae50-2ef539ed0fc0
9c5c7fc8-7f35-44ca-b09b-119b89f9b4e4,412,1,f21be602-e4fa-487f-ae50-2ef539ed0fc0
d7d644c1-3fb1-48e5-9789-1330332cb39e,423,1,f21be602-e4fa-487f-ae50-2ef539ed0fc0
545761df-97e4-4ff7-89dd-18e66dd7ad7d,424,1,f21be602-e4fa-487f-ae50-2ef539ed0fc0
f0b281d6-1f96-4956-aa81-3225f2071fdd,426,1,f21be602-e4fa-487f-ae50-2ef539ed0fc0
f8844917-ff47-4ff1-9ef2-774b45ab91c3,427,1,f21be602-e4fa-487f-ae50-2ef539ed0fc0
619522fa-40e7-4cab-be24-e461883bf662,430,1,f21be602-e4fa-487f-ae50-2ef539ed0fc0
7af945ae-6885-4e17-9d5d-b42cf2e157f4,434П,1,f21be602-e4fa-487f-ae50-2ef539ed0fc0
7663de24-a214-43a0-bd4d-3bb4876c4bbf,5,1,f21be602-e4fa-487f-ae50-2ef539ed0fc0
90c34743-da9d-4702-bfb5-0f2a88673383,6,1,f21be602-e4fa-487f-ae50-2ef539ed0fc0
c5c7d72c-1714-4f9d-a23f-359aabf2769a,8,1,f21be602-e4fa-487f-ae50-2ef539ed0fc0
cc8ff268-1890-4bef-8870-88efd7a70cd6,Дуэт,1,f21be602-e4fa-487f-ae50-2ef539ed0fc0
f9030203-ee8a-426d-9d7a-3edf41ab6b87,Иван Калита,1,f21be602-e4fa-487f-ae50-2ef539ed0fc0
32553bea-7bd5-46c1-bc3d-0bf87070a79f,Князь Владимир,1,f21be602-e4fa-487f-ae50-2ef539ed0fc0
36e96c29-8837-4aa6-a907-3a92ccb56f40,Святогор,1,f21be602-e4fa-487f-ae50-2ef539ed0fc0
ca83a54d-2033-4189-b840-369a5177a298,Юрий Долгорукий,1,f21be602-e4fa-487f-ae50-2ef539ed0fc0
d2da0456-46b2-426a-a8e0-f40290976854,I,1,42191fca-6881-496b-bae4-dc8d011a1f99
23e46ab4-6613-49c0-98ca-e9f70ae70eca,Ambassador,1,e276504e-fec2-4b27-90c8-625faeff73ad
1049c35f-66d0-43e7-b292-ca365e4ff885,A05,1,67be418f-16f0-4398-be6a-2a9dda324cfa
a62826d6-6369-479c-ac98-53b0af695564,A06,1,67be418f-16f0-4398-be6a-2a9dda324cfa
759b63ff-e800-45e2-b6e9-56b001d6854e,A07,1,67be418f-16f0-4398-be6a-2a9dda324cfa
bcdd9b1c-ab38-4a2b-8652-339c742b2c7e,E07,1,67be418f-16f0-4398-be6a-2a9dda324cfa
8d5175e6-fca2-4312-b199-87adfae430ac,Hunter K50,1,67be418f-16f0-4398-be6a-2a9dda324cfa
880c6bc4-de61-43fc-892a-8b6cebdd19cf,Q05,1,67be418f-16f0-4398-be6a-2a9dda324cfa
15f9dbde-12d1-40b1-bf2a-a33337347fbc,Q07,1,67be418f-16f0-4398-be6a-2a9dda324cfa
18651490-fd88-4b95-9ceb-109fdde640be,EC6,1,8a576038-f9d4-4498-999c-e73b4a4fbd84
73168511-87a6-4b85-a930-41365a0c339a,EC7,1,8a576038-f9d4-4498-999c-e73b4a4fbd84
abb4b12a-79b0-47c7-93ac-968a398963e2,EL6,1,8a576038-f9d4-4498-999c-e73b4a4fbd84
6f4a174d-c6f4-4836-bac2-0e042ed80804,ES6,1,8a576038-f9d4-4498-999c-e73b4a4fbd84
40eba423-df7a-4b1a-be5f-586dbdd32f2d,ES7,1,8a576038-f9d4-4498-999c-e73b4a4fbd84
c1cb945d-238f-41bf-9bc2-c6b7017915ca,ES8,1,8a576038-f9d4-4498-999c-e73b4a4fbd84
b57bf8a7-3195-4cb6-a608-f0dc9c14362e,ET5,1,8a576038-f9d4-4498-999c-e73b4a4fbd84
1f00e71b-1dc1-4a60-a2bc-b7aa5f7c8be8,ET7,1,8a576038-f9d4-4498-999c-e73b4a4fbd84
ba230b71-ac4c-4e47-be70-6678c56968ae,ET9,1,8a576038-f9d4-4498-999c-e73b4a4fbd84
68085ce3-f5e0-40c2-b894-8ba213730a72,Firefly,1,8a576038-f9d4-4498-999c-e73b4a4fbd84
17656891-8898-44e8-89f8-72ea1ef2c5d5,Onvo L60,1,8a576038-f9d4-4498-999c-e73b4a4fbd84
622d4d73-052a-4cdf-9a18-52fa55fb7eca,Onvo L90,1,8a576038-f9d4-4498-999c-e73b4a4fbd84
dc599f98-84c3-4cf6-ac63-afd09afcc317,100NX,1,0d3d5d9e-023f-4b96-a217-fd28bd596a71
3d1ff3a3-e3ca-42a9-a759-dcb911f05297,180SX,1,0d3d5d9e-023f-4b96-a217-fd28bd596a71
055c1739-ccfb-4105-ad15-6c86118b1777,200SX,1,0d3d5d9e-023f-4b96-a217-fd28bd596a71
149ca607-0043-4dcf-ae09-5103d241edb4,240SX,1,0d3d5d9e-023f-4b96-a217-fd28bd596a71
e940c2d5-d7d6-48bd-847a-cc3133f7cee4,280ZX,1,0d3d5d9e-023f-4b96-a217-fd28bd596a71
5a191fcd-463d-4ceb-bd77-d7f55e5c6da9,300ZX,1,0d3d5d9e-023f-4b96-a217-fd28bd596a71
62453feb-e8ee-47da-9a6b-5f1ed94be88c,350Z,1,0d3d5d9e-023f-4b96-a217-fd28bd596a71
23670cd1-5b62-45a8-b09c-1221cc9c24db,370Z,1,0d3d5d9e-023f-4b96-a217-fd28bd596a71
79bce064-505c-418e-9166-d5c60f4a773f,AD,1,0d3d5d9e-023f-4b96-a217-fd28bd596a71
8f240f57-bd1d-4991-9378-37f76acf64f2,Almera,1,0d3d5d9e-023f-4b96-a217-fd28bd596a71
d7224468-afdb-485d-9ed2-c6b9fb55160a,Almera Classic,1,0d3d5d9e-023f-4b96-a217-fd28bd596a71
c44deafa-3330-4c5b-a6cd-40759a512975,Almera Tino,1,0d3d5d9e-023f-4b96-a217-fd28bd596a71
451be146-ec54-440b-adeb-2d3126588adc,Altima,1,0d3d5d9e-023f-4b96-a217-fd28bd596a71
e5c58014-da57-4ba8-83c3-c1fd0e878872,Ariya,1,0d3d5d9e-023f-4b96-a217-fd28bd596a71
bc218140-d03b-4651-a6d5-846fb595ed38,Armada,1,0d3d5d9e-023f-4b96-a217-fd28bd596a71
61075f5b-190b-4e66-9882-a259cdd8de81,Auster,1,0d3d5d9e-023f-4b96-a217-fd28bd596a71
5224dc9f-9b65-4b39-9729-4639ce57f95f,Avenir,1,0d3d5d9e-023f-4b96-a217-fd28bd596a71
8a962335-c6cb-4cce-8bb2-95c5a11214ee,Bassara,1,0d3d5d9e-023f-4b96-a217-fd28bd596a71
84db610e-2893-4d16-8097-c6b9ab2fcd9d,BE-1,1,0d3d5d9e-023f-4b96-a217-fd28bd596a71
a0d1636e-bad2-4746-b1ab-d400a9873581,Bluebird,1,0d3d5d9e-023f-4b96-a217-fd28bd596a71
e8a971ff-9280-4b39-b3c1-01f490d30d49,Bluebird Maxima,1,0d3d5d9e-023f-4b96-a217-fd28bd596a71
e1f85f10-4267-4d37-b17c-140018a2fcaf,Bluebird Sylphy,1,0d3d5d9e-023f-4b96-a217-fd28bd596a71
1c1ee054-d570-4fb0-8818-9bbd20abb701,Caravan,1,0d3d5d9e-023f-4b96-a217-fd28bd596a71
5e7755f0-d705-4f2d-aafc-83ba4c6eae97,Cedric,1,0d3d5d9e-023f-4b96-a217-fd28bd596a71
077e4935-1c41-4dd9-8c6d-251e27ac9a16,Cefiro,1,0d3d5d9e-023f-4b96-a217-fd28bd596a71
8402a7d6-60a2-4dfa-b56b-4b57be66ac97,Cherry,1,0d3d5d9e-023f-4b96-a217-fd28bd596a71
8c823aa0-163e-4c03-8b3b-cb6f4dbd9684,Cima,1,0d3d5d9e-023f-4b96-a217-fd28bd596a71
aa2eacc1-cfca-4b0a-ac69-5a97ebd056d2,NV100 Clipper,1,0d3d5d9e-023f-4b96-a217-fd28bd596a71
0ecca71c-6cb1-4cb4-8d78-1993ebb8acc9,Clipper Rio,1,0d3d5d9e-023f-4b96-a217-fd28bd596a71
f8ee098d-d865-4313-9e6d-0b43d6c4aeb9,Crew,1,0d3d5d9e-023f-4b96-a217-fd28bd596a71
ff7db353-c8a9-4512-8255-735ea6d0f50c,Cube,1,0d3d5d9e-023f-4b96-a217-fd28bd596a71
1feea557-1871-4af5-b7de-2c6a17a690a2,Datsun,1,0d3d5d9e-023f-4b96-a217-fd28bd596a71
a3df5cda-9034-4ef4-8d2f-f505ec22dc23,Dayz,1,0d3d5d9e-023f-4b96-a217-fd28bd596a71
5f72f167-7351-4e7e-a7b4-07a6980ee534,Dayz Roox,1,0d3d5d9e-023f-4b96-a217-fd28bd596a71
7867816a-8bb7-4e04-a848-e16bd71e1688,Dualis,1,0d3d5d9e-023f-4b96-a217-fd28bd596a71
c81a217f-0137-41de-9439-7c0e51d55773,Elgrand,1,0d3d5d9e-023f-4b96-a217-fd28bd596a71
dcbb30ff-786f-414b-a42d-a5e8ac5ed983,Exa,1,0d3d5d9e-023f-4b96-a217-fd28bd596a71
f57a9a18-6ad7-45ed-84cf-01853490f026,Expert,1,0d3d5d9e-023f-4b96-a217-fd28bd596a71
a72a903a-6cc0-41b7-938d-0bc18bb8037d,Fairlady Z,1,0d3d5d9e-023f-4b96-a217-fd28bd596a71
29415859-5908-4f4c-bd42-6d3716e4dbb3,Figaro,1,0d3d5d9e-023f-4b96-a217-fd28bd596a71
ec0ed56b-5297-4716-a6dc-b055e73db896,Frontier,1,0d3d5d9e-023f-4b96-a217-fd28bd596a71
9c431d67-f886-4925-b000-6120fa2c418c,Fuga,1,0d3d5d9e-023f-4b96-a217-fd28bd596a71
c04f3c9e-7950-4469-93a8-a66e8384e5db,Gloria,1,0d3d5d9e-023f-4b96-a217-fd28bd596a71
89984a9d-d7e2-45d2-9059-2b9e99b49dba,GT-R,1,0d3d5d9e-023f-4b96-a217-fd28bd596a71
c374c523-7afd-45f0-85b3-85db8d875467,Homy,1,0d3d5d9e-023f-4b96-a217-fd28bd596a71
1689351e-c947-4a21-88fa-0aa16a301e2d,Hypermini,1,0d3d5d9e-023f-4b96-a217-fd28bd596a71
bd285fc5-06ee-4ea6-a558-feecd2170dc1,Juke,1,0d3d5d9e-023f-4b96-a217-fd28bd596a71
59d0c900-9bc7-460c-bc44-2efe80b11d0c,Juke Nismo,1,0d3d5d9e-023f-4b96-a217-fd28bd596a71
1fd190f7-beeb-4875-ba7a-75488d91d8d7,Kicks,1,0d3d5d9e-023f-4b96-a217-fd28bd596a71
41af61db-a91a-44b6-928d-9d2f36e644cb,Kix,1,0d3d5d9e-023f-4b96-a217-fd28bd596a71
66d1dcab-b635-4885-a1df-c5d10a77300d,Lafesta,1,0d3d5d9e-023f-4b96-a217-fd28bd596a71
8bc1eb94-1889-44e1-9453-3a05aa4c4ca5,Langley,1,0d3d5d9e-023f-4b96-a217-fd28bd596a71
fecb3e1a-0555-440f-951c-b08e25996154,Lannia,1,0d3d5d9e-023f-4b96-a217-fd28bd596a71
69f53fa8-eb9a-493e-bce6-b051f3f617ac,Largo,1,0d3d5d9e-023f-4b96-a217-fd28bd596a71
99cd20d6-f6e6-47e5-89c3-0c5f1a184586,Latio,1,0d3d5d9e-023f-4b96-a217-fd28bd596a71
94cf4d4b-591c-407a-a140-cd1accade948,Laurel,1,0d3d5d9e-023f-4b96-a217-fd28bd596a71
0cf47f56-3643-4104-9ada-a72c1a933d3d,Laurel Spirit,1,0d3d5d9e-023f-4b96-a217-fd28bd596a71
573d8567-082a-445a-8776-32de34b6c22e,Leaf,1,0d3d5d9e-023f-4b96-a217-fd28bd596a71
bd867e60-4907-4ec8-8274-37705a1b966b,Leopard,1,0d3d5d9e-023f-4b96-a217-fd28bd596a71
40ea7174-3d4d-4efe-ac03-fca5057f4d03,Liberta Villa,1,0d3d5d9e-023f-4b96-a217-fd28bd596a71
48ecd185-904d-4b65-b1d3-8294c2619377,Liberty,1,0d3d5d9e-023f-4b96-a217-fd28bd596a71
031a6d23-dde7-4c94-8701-7d889f98726c,Livina,1,0d3d5d9e-023f-4b96-a217-fd28bd596a71
fee325f8-4f0c-420b-94bf-78380dd7cf98,Lucino,1,0d3d5d9e-023f-4b96-a217-fd28bd596a71
3374fd5c-32e8-443d-bc48-847720d8679e,Magnite,1,0d3d5d9e-023f-4b96-a217-fd28bd596a71
d6fb6032-a4bc-4de2-b498-305080bf007f,March,1,0d3d5d9e-023f-4b96-a217-fd28bd596a71
bdbdd529-d359-4ddb-96a8-f91c7fa4d1c3,Maxima,1,0d3d5d9e-023f-4b96-a217-fd28bd596a71
77c27a9f-ad3b-4416-858d-3fd27d0bfbe5,Micra,1,0d3d5d9e-023f-4b96-a217-fd28bd596a71
508611f1-514d-492e-af13-f19e489d2696,Mistral,1,0d3d5d9e-023f-4b96-a217-fd28bd596a71
3136b521-c1db-4c4d-9757-759287116063,Moco,1,0d3d5d9e-023f-4b96-a217-fd28bd596a71
9894bc0a-37de-4ef3-9ef8-4d08e3a8f785,Murano,1,0d3d5d9e-023f-4b96-a217-fd28bd596a71
d77dd302-6533-40ac-99dd-d0f4f19d73b9,N7,1,0d3d5d9e-023f-4b96-a217-fd28bd596a71
32f5670b-fef4-476c-986e-85091f5c10e4,Navara (Frontier),1,0d3d5d9e-023f-4b96-a217-fd28bd596a71
0210b2a4-b0b4-4ae3-857f-9504b3769b3a,Note,1,0d3d5d9e-023f-4b96-a217-fd28bd596a71
cb37d594-ab7d-402c-b981-acc7368f55a9,NP200,1,0d3d5d9e-023f-4b96-a217-fd28bd596a71
5fc149d0-a488-4c92-8880-ebcabfbfae3a,NP300,1,0d3d5d9e-023f-4b96-a217-fd28bd596a71
5f923d67-cf95-4a72-8e55-02a6d8e2cbaa,NV200,1,0d3d5d9e-023f-4b96-a217-fd28bd596a71
408d24b3-d467-4423-9312-e333f6e35936,NV300,1,0d3d5d9e-023f-4b96-a217-fd28bd596a71
922fd7e0-bb18-4844-b6d3-58140c6818b3,NV350 Caravan,1,0d3d5d9e-023f-4b96-a217-fd28bd596a71
f4104eab-3017-4515-b636-8db414bcdca4,NX Coupe,1,0d3d5d9e-023f-4b96-a217-fd28bd596a71
97cb8089-a0f1-4ab0-9c7b-27a51f537064,Otti,1,0d3d5d9e-023f-4b96-a217-fd28bd596a71
3b5fa292-970c-4293-8628-373cd23e58dd,Pao,1,0d3d5d9e-023f-4b96-a217-fd28bd596a71
ec015f79-78f2-4fab-bda2-d9caecc54c80,Pathfinder,1,0d3d5d9e-023f-4b96-a217-fd28bd596a71
fb0e524b-e8c0-4293-ada4-77406315750b,Patrol,1,0d3d5d9e-023f-4b96-a217-fd28bd596a71
f57612a9-1a1a-4262-940c-af2a5b3d78b9,Pino,1,0d3d5d9e-023f-4b96-a217-fd28bd596a71
a3554801-9d0b-4fef-97ef-7537611a571c,Pixo,1,0d3d5d9e-023f-4b96-a217-fd28bd596a71
9b577d7e-b892-4c0f-a47a-17238769b108,Prairie,1,0d3d5d9e-023f-4b96-a217-fd28bd596a71
296669b8-efc4-4fe8-8a45-bf9009a2c111,Presage,1,0d3d5d9e-023f-4b96-a217-fd28bd596a71
2a3fd546-8d47-428a-84d6-47732d687b61,Presea,1,0d3d5d9e-023f-4b96-a217-fd28bd596a71
e26b2d29-5636-4360-a71c-e48216266e35,President,1,0d3d5d9e-023f-4b96-a217-fd28bd596a71
031d647d-6aa1-4cdf-ba33-99db97989d2b,Primastar,1,0d3d5d9e-023f-4b96-a217-fd28bd596a71
3531f5b9-b3cb-4540-acb4-bb2774192564,Primera,1,0d3d5d9e-023f-4b96-a217-fd28bd596a71
4f61e375-2c96-403a-80bf-c6938ca16843,Pulsar,1,0d3d5d9e-023f-4b96-a217-fd28bd596a71
7c2409cd-16a9-4cac-aca9-1a8b219206df,Qashqai,1,0d3d5d9e-023f-4b96-a217-fd28bd596a71
1ded81f4-d280-4f1c-b4db-b5ce8df8908e,Qashqai+2,1,0d3d5d9e-023f-4b96-a217-fd28bd596a71
a1e5f591-9fdf-49c1-b4cc-51421fbb7a35,Quest,1,0d3d5d9e-023f-4b96-a217-fd28bd596a71
cfd271af-64cd-4664-8937-1d14e13bbcf9,Rasheen,1,0d3d5d9e-023f-4b96-a217-fd28bd596a71
ed8e2753-f9e0-4de5-91be-18eb95dbf808,R'nessa,1,0d3d5d9e-023f-4b96-a217-fd28bd596a71
535c94c5-33b0-42e9-be9b-b4e58ff27c8f,Rogue,1,0d3d5d9e-023f-4b96-a217-fd28bd596a71
9bbffb9c-a0ce-4396-aec6-09698f560119,Rogue Sport,1,0d3d5d9e-023f-4b96-a217-fd28bd596a71
4983dfad-f08a-4c2d-b532-d117e56e053b,Roox,1,0d3d5d9e-023f-4b96-a217-fd28bd596a71
7bf335e9-a32e-4294-b87c-0b5c27d20a71,Safari,1,0d3d5d9e-023f-4b96-a217-fd28bd596a71
bdc49fd6-1ba6-4f84-842e-3c42b6c7ca7b,Sentra,1,0d3d5d9e-023f-4b96-a217-fd28bd596a71
af924449-106d-4d67-a037-5723110abe20,Serena,1,0d3d5d9e-023f-4b96-a217-fd28bd596a71
3b697790-12b3-4fa7-96c1-3dd55495e265,Silvia,1,0d3d5d9e-023f-4b96-a217-fd28bd596a71
ddec2d0c-0b3f-406e-b053-b092fde1bd06,Skyline,1,0d3d5d9e-023f-4b96-a217-fd28bd596a71
569ad768-5c13-4b8f-b5cd-383ab6a9f8d6,Skyline Crossover,1,0d3d5d9e-023f-4b96-a217-fd28bd596a71
7a373fc1-4d7a-4fbf-bc81-60ca97222f26,Stagea,1,0d3d5d9e-023f-4b96-a217-fd28bd596a71
3488e4c6-be28-43bf-8805-d15e6ba06c85,Stanza,1,0d3d5d9e-023f-4b96-a217-fd28bd596a71
cc7e8e4d-d758-4e32-b5b1-63f3e69351b6,Sunny,1,0d3d5d9e-023f-4b96-a217-fd28bd596a71
f092eee3-147a-48c1-a181-137aa1d3cb4f,Sylphy,1,0d3d5d9e-023f-4b96-a217-fd28bd596a71
7230f6db-db87-4a51-b415-aee70c1c5094,Teana,1,0d3d5d9e-023f-4b96-a217-fd28bd596a71
c66fb505-3b22-4ea1-955a-96e625723fe2,Terra,1,0d3d5d9e-023f-4b96-a217-fd28bd596a71
0fdd7fe2-7b74-401e-a8c1-5389f077a301,Terrano,1,0d3d5d9e-023f-4b96-a217-fd28bd596a71
d12a0cc3-e1b3-4477-b85c-336c036ab85a,Terrano Regulus,1,0d3d5d9e-023f-4b96-a217-fd28bd596a71
74774a84-ea5b-4d21-9b51-c14b8d05256b,Tiida,1,0d3d5d9e-023f-4b96-a217-fd28bd596a71
9a5f8c80-8edc-47cf-8871-d71f8f453921,Tino,1,0d3d5d9e-023f-4b96-a217-fd28bd596a71
a1ce8db0-e61a-44de-9103-c33e51db8b64,Titan,1,0d3d5d9e-023f-4b96-a217-fd28bd596a71
d6379bad-93be-4a47-9e76-9867782f68af,Urvan,1,0d3d5d9e-023f-4b96-a217-fd28bd596a71
bac42504-1741-404e-b6c4-e9ffede22cbb,Vanette,1,0d3d5d9e-023f-4b96-a217-fd28bd596a71
f9b42957-d69c-4c65-9590-30025fc902f1,Versa,1,0d3d5d9e-023f-4b96-a217-fd28bd596a71
79bcce4d-a3d1-4a9c-ac1f-13960b20c325,Versa Note,1,0d3d5d9e-023f-4b96-a217-fd28bd596a71
20f15c7f-62e5-4892-a822-ac3f6d173049,Wingroad,1,0d3d5d9e-023f-4b96-a217-fd28bd596a71
007358bc-c7f2-4b41-b3b0-43a148430bee,Xterra,1,0d3d5d9e-023f-4b96-a217-fd28bd596a71
ea44bf26-4065-43a0-b5d4-42bb82427577,X-Terra,1,0d3d5d9e-023f-4b96-a217-fd28bd596a71
8ec5ef33-bdb3-4bca-8304-def48b718812,X-Trail,1,0d3d5d9e-023f-4b96-a217-fd28bd596a71
33f61d48-2009-4c4e-a911-97eacef6d2c9,Z,1,0d3d5d9e-023f-4b96-a217-fd28bd596a71
4620a66f-c890-404d-b623-ede2f81dab9c,M12 GTO,1,244aa9de-ef6d-4185-8f06-674971708d6c
2d710c2e-cee9-47a6-b2e2-1c345ecd9455,M15,1,244aa9de-ef6d-4185-8f06-674971708d6c
75fbd3c9-affb-406b-8828-7c57499b8664,M600,1,244aa9de-ef6d-4185-8f06-674971708d6c
fc124a8a-7c0c-4f5d-8157-9cdeee7136b5,1,1,e9421a9a-d211-45ec-9af3-a522b31a16a8
c36c2b78-2187-4769-a433-8e24ce2bb587,442,1,306e90b6-a8bc-4175-ac8e-5c5493ac3206
b68c07e2-9d9c-48ff-b87d-08ac81ec82a4,Achieva,1,306e90b6-a8bc-4175-ac8e-5c5493ac3206
4a87f169-320f-4bcf-a3ef-7071a63953fb,Alero,1,306e90b6-a8bc-4175-ac8e-5c5493ac3206
02089467-73aa-4f8b-8671-e2b4bde30bed,Aurora,1,306e90b6-a8bc-4175-ac8e-5c5493ac3206
d54f9f78-234a-42cb-aff7-044a6b408a20,Bravada,1,306e90b6-a8bc-4175-ac8e-5c5493ac3206
5895ed36-0259-4399-8e58-075098471c67,Custom Cruiser,1,306e90b6-a8bc-4175-ac8e-5c5493ac3206
cc9a038c-fedd-4041-83ff-8037dfef6524,Cutlass,1,306e90b6-a8bc-4175-ac8e-5c5493ac3206
b3480e42-5d1d-4cb3-924f-ed1e3bf23a05,Cutlass Calais,1,306e90b6-a8bc-4175-ac8e-5c5493ac3206
2e2493e8-6f51-4f14-bdd6-87186261e4f7,Cutlass Ciera,1,306e90b6-a8bc-4175-ac8e-5c5493ac3206
cb3ef255-33f9-4810-8aa0-0b8e14fcf913,Cutlass Supreme,1,306e90b6-a8bc-4175-ac8e-5c5493ac3206
5f676a1e-67c5-4ec2-8d1e-fb0f939870a1,Delta 88,1,306e90b6-a8bc-4175-ac8e-5c5493ac3206
b642091a-4c18-4b43-8b7d-5d170267e04c,Eighty-Eight,1,306e90b6-a8bc-4175-ac8e-5c5493ac3206
7660b8da-b5c6-47c2-b2ff-b1e503475018,Firenza,1,306e90b6-a8bc-4175-ac8e-5c5493ac3206
b9329df7-9a1a-468c-9e60-a903267eaf5c,Intrigue,1,306e90b6-a8bc-4175-ac8e-5c5493ac3206
48b4758e-73e0-40c4-b009-124763a6ffd0,Ninety-Eight,1,306e90b6-a8bc-4175-ac8e-5c5493ac3206
7a35c0fb-be6a-4b31-bb13-e8af99916140,Omega,1,306e90b6-a8bc-4175-ac8e-5c5493ac3206
692f0444-ad21-409f-8a5b-1c274f5a0d3f,Series 60,1,306e90b6-a8bc-4175-ac8e-5c5493ac3206
574282b7-a6b1-47e4-a288-84c1b6f1760e,Series 70,1,306e90b6-a8bc-4175-ac8e-5c5493ac3206
ade7db96-82e1-4d58-81cb-66bea6d7dca5,Silhouette,1,306e90b6-a8bc-4175-ac8e-5c5493ac3206
f9be15b0-4fce-4c97-a00e-1cbe54f60718,Starfire,1,306e90b6-a8bc-4175-ac8e-5c5493ac3206
00f62eb9-d32e-40fa-bc5f-9a46f3bd043e,Toronado,1,306e90b6-a8bc-4175-ac8e-5c5493ac3206
75402025-0235-4ec9-af1f-ac20e844c65c,Vista Cruiser,1,306e90b6-a8bc-4175-ac8e-5c5493ac3206
1d3d6842-43de-407d-83af-60738265ab9f,C5,1,b35a0222-c0b9-4a89-a232-a2be0a959cdc
e8dfc85b-c2ff-46fa-adb9-96bdab57fcc6,C7,1,b35a0222-c0b9-4a89-a232-a2be0a959cdc
cc09e555-ef2f-4f79-90d8-eb39462c38dd,C9,1,b35a0222-c0b9-4a89-a232-a2be0a959cdc
16d734ac-0e86-47a6-80af-125effbe4e02,E5,1,b35a0222-c0b9-4a89-a232-a2be0a959cdc
841a520b-1cd8-4171-a4b4-f374ad1e8542,S5,1,b35a0222-c0b9-4a89-a232-a2be0a959cdc
f1025ed8-43bd-47d1-8440-cb9040a314ca,S5 GT,1,b35a0222-c0b9-4a89-a232-a2be0a959cdc
5b794433-3999-4bfb-8032-6703f36fb53f,4/8 PS,1,97fe4e48-6e8a-4795-854a-9dea6aaf7990
f56aa506-ca3d-427a-a764-97ccb8be9429,Adam,1,97fe4e48-6e8a-4795-854a-9dea6aaf7990
ad699940-8628-4e66-bb9a-b28d9ce89478,Admiral,1,97fe4e48-6e8a-4795-854a-9dea6aaf7990
216823f3-4bba-45c6-8f72-b58a3d50ea0a,Agila,1,97fe4e48-6e8a-4795-854a-9dea6aaf7990
8462e3d9-8633-404b-850b-7f091d045977,Ampera,1,97fe4e48-6e8a-4795-854a-9dea6aaf7990
7b04ac65-5ed1-4cf3-bec2-7f7283eb0947,Antara,1,97fe4e48-6e8a-4795-854a-9dea6aaf7990
61cb2d91-cf4a-42b5-8173-fb630963546d,Ascona,1,97fe4e48-6e8a-4795-854a-9dea6aaf7990
febe6abc-90af-4747-9a27-2311b6e55523,Astra,1,97fe4e48-6e8a-4795-854a-9dea6aaf7990
b9abf056-5541-453c-92b9-636ef2e4a034,Astra OPC,1,97fe4e48-6e8a-4795-854a-9dea6aaf7990
166816a7-1613-4707-b8a7-6a313542d05c,Calibra,1,97fe4e48-6e8a-4795-854a-9dea6aaf7990
a4033d45-f004-4e06-a3a3-244eb8c65add,Campo,1,97fe4e48-6e8a-4795-854a-9dea6aaf7990
cbcf6c7e-0418-4e08-966f-fc97b5463053,Cascada,1,97fe4e48-6e8a-4795-854a-9dea6aaf7990
20b33867-e647-46a6-83ce-91a718e7f8d8,Combo,1,97fe4e48-6e8a-4795-854a-9dea6aaf7990
e195d243-03f9-4f78-bb25-5f18926b8fe3,Commodore,1,97fe4e48-6e8a-4795-854a-9dea6aaf7990
e9c49552-6e92-482e-80ec-efb6366cec42,Corsa,1,97fe4e48-6e8a-4795-854a-9dea6aaf7990
edfd2d57-3874-4e0d-9f04-4e72ba842afb,Corsa OPC,1,97fe4e48-6e8a-4795-854a-9dea6aaf7990
27d8448f-6e12-436c-8c0d-22b7c4d22a45,Crossland X,1,97fe4e48-6e8a-4795-854a-9dea6aaf7990
a0f816f5-462a-4a23-a78d-9b5e4dba25a6,Diplomat,1,97fe4e48-6e8a-4795-854a-9dea6aaf7990
5c6f3ba1-b421-4e69-ab25-d29bd85507c1,Frontera,1,97fe4e48-6e8a-4795-854a-9dea6aaf7990
ba2e428a-b2d8-4f0f-8ba1-b6b2a1143f09,Grandland,1,97fe4e48-6e8a-4795-854a-9dea6aaf7990
3bef84e7-f8d9-49e5-a9ba-22ca73f904db,GT,1,97fe4e48-6e8a-4795-854a-9dea6aaf7990
7eb3fcfb-5e23-4201-892d-cb6bd74180f5,Insignia,1,97fe4e48-6e8a-4795-854a-9dea6aaf7990
634e6951-99dc-4303-8a75-e160308d9e68,Insignia OPC,1,97fe4e48-6e8a-4795-854a-9dea6aaf7990
61fd587f-c48e-4ae4-bfed-9f95e417edfb,Kadett,1,97fe4e48-6e8a-4795-854a-9dea6aaf7990
f163d3a0-acba-43b4-87f6-0fc2f2b628e0,Kapitan,1,97fe4e48-6e8a-4795-854a-9dea6aaf7990
6a7d923f-962a-45f8-84f1-7304a9dc39c1,Karl,1,97fe4e48-6e8a-4795-854a-9dea6aaf7990
a2a3af8f-ddb1-4206-9f49-86b9800623cc,Lotus Omega,1,97fe4e48-6e8a-4795-854a-9dea6aaf7990
8588c932-f25c-4ac8-bb30-b087dcd0d8dc,Manta,1,97fe4e48-6e8a-4795-854a-9dea6aaf7990
99816f2c-fd73-4099-ab86-e40cf44c90c9,Meriva,1,97fe4e48-6e8a-4795-854a-9dea6aaf7990
3b757f0e-ec49-407f-b603-b5cfb25f7709,Meriva OPC,1,97fe4e48-6e8a-4795-854a-9dea6aaf7990
afa101e7-ae86-4516-9751-95a20c20c621,Mokka,1,97fe4e48-6e8a-4795-854a-9dea6aaf7990
4f2908d5-7b7e-4c5a-a50e-087e5781ab54,Monterey,1,97fe4e48-6e8a-4795-854a-9dea6aaf7990
934b6acc-e633-46cd-bb16-7ea6501d4585,Monza,1,97fe4e48-6e8a-4795-854a-9dea6aaf7990
bfaeae77-a464-42f5-b71d-e112e8c9f4c2,Olympia,1,97fe4e48-6e8a-4795-854a-9dea6aaf7990
89267b84-687e-474b-bfbe-182b28ce223f,Omega,1,97fe4e48-6e8a-4795-854a-9dea6aaf7990
cfda84a7-fe1d-445f-8c58-59b43947b08b,P4,1,97fe4e48-6e8a-4795-854a-9dea6aaf7990
d85aac53-f591-45d6-a45c-5e17f6f25a3a,Rekord,1,97fe4e48-6e8a-4795-854a-9dea6aaf7990
e91604c8-8309-40e0-8fea-683315e91d26,Rocks Electric,1,97fe4e48-6e8a-4795-854a-9dea6aaf7990
6fbf8043-cc24-4278-9403-3e20959d0079,Senator,1,97fe4e48-6e8a-4795-854a-9dea6aaf7990
c085e6bc-3384-4ff9-8741-bca4190edb9a,Signum,1,97fe4e48-6e8a-4795-854a-9dea6aaf7990
ef2e72bb-cdb7-4d1c-af40-ad2b5df6994f,Sintra,1,97fe4e48-6e8a-4795-854a-9dea6aaf7990
bc7e118d-e7ea-4354-aefe-f6fed1f25662,Speedster,1,97fe4e48-6e8a-4795-854a-9dea6aaf7990
ae1ef6f3-1ab3-4c41-ba98-9e6ef5cbd20a,Super Six,1,97fe4e48-6e8a-4795-854a-9dea6aaf7990
6c5fcdc7-4ed7-416d-b0f0-6370e3008f90,Tigra,1,97fe4e48-6e8a-4795-854a-9dea6aaf7990
b28c04c1-88bc-449f-aee5-7c69a7b1668e,Vectra,1,97fe4e48-6e8a-4795-854a-9dea6aaf7990
e1259560-3060-4e1c-825e-bcf89ca695b2,Vectra OPC,1,97fe4e48-6e8a-4795-854a-9dea6aaf7990
c6aeb107-011c-4539-90ae-c9a39042fbc2,Vita,1,97fe4e48-6e8a-4795-854a-9dea6aaf7990
8b925b17-f5d2-4844-aa34-587d29e3d239,Vivaro,1,97fe4e48-6e8a-4795-854a-9dea6aaf7990
d209caee-f187-47fb-b788-0193fa5a4378,Zafira,1,97fe4e48-6e8a-4795-854a-9dea6aaf7990
d1940ccd-2b8f-465d-a31f-46974db02822,Zafira Life,1,97fe4e48-6e8a-4795-854a-9dea6aaf7990
ba7d06bf-2c8d-438d-a1a1-18aef6c7442c,Zafira OPC,1,97fe4e48-6e8a-4795-854a-9dea6aaf7990
076f071f-9cdf-4845-b3ff-db5a3a627af9,3,1,b3d2896d-0350-4d59-961e-ae99fb8f447e
5612b7c8-dfec-4cb4-8d88-c67d0659d63d,Ballet Cat,1,b3d2896d-0350-4d59-961e-ae99fb8f447e
8e93543d-e286-45da-9a82-8b48c7749fb5,Black Cat,1,b3d2896d-0350-4d59-961e-ae99fb8f447e
cbffa63f-188b-4f8e-a6f9-34f438f5397e,Good Cat,1,b3d2896d-0350-4d59-961e-ae99fb8f447e
933cb3ac-04ea-49be-a665-57a3b3ecb58b,iQ,1,b3d2896d-0350-4d59-961e-ae99fb8f447e
b722029f-569a-4c9a-b88a-b200f906a1ff,Lightning Cat,1,b3d2896d-0350-4d59-961e-ae99fb8f447e
438f028f-04f2-42bc-972b-ec40bf167027,SAR (Saloon) Mecha Dragon,1,b3d2896d-0350-4d59-961e-ae99fb8f447e
2c488228-4907-4c86-8fd3-b1725a2477f5,White Cat,1,b3d2896d-0350-4d59-961e-ae99fb8f447e
63e89f94-79c5-4b63-8a6d-31c723fd2c32,1,1,e6c2c64a-0664-4e7a-b2cd-b7edb7f7de5f
aa93a6b1-38dd-4937-bced-fcf06e32eb10,2500 GT,1,fee009f8-a183-4181-b0f2-97e6462d0025
9c43ec29-e123-4543-8ccb-1b87842c26ba,COS1,1,99f48ec0-8953-465e-9ef4-2626e84bdc4d
1b3bb0c5-7ce1-48ad-8281-8dee09b64db7,Cosmos,1,99f48ec0-8953-465e-9ef4-2626e84bdc4d
c0ec1dc1-8a19-485c-a1e8-0c62802c61ec,X5,1,99f48ec0-8953-465e-9ef4-2626e84bdc4d
c2ab569b-70d3-4f24-b034-ec3c1439b2ca,X5 Plus,1,99f48ec0-8953-465e-9ef4-2626e84bdc4d
c743ce55-dc6a-412a-9481-357745eeb96e,X7,1,99f48ec0-8953-465e-9ef4-2626e84bdc4d
6eeed92d-5bff-4e58-94e7-26aea456811b,X7 Plus,1,99f48ec0-8953-465e-9ef4-2626e84bdc4d
8964f53e-eb39-4820-ac75-5feac3844812,Z6,1,99f48ec0-8953-465e-9ef4-2626e84bdc4d
d6bf8b23-bfd9-46dc-bf0a-8266ed619539,Paladin,1,504fec7c-0df5-4f73-b26d-5ec5e25aa503
5ccaa811-c8a6-4a05-b8b9-196bc42055db,Palasso,1,504fec7c-0df5-4f73-b26d-5ec5e25aa503
7899e6dd-99f3-467c-addf-b8fec737b72b,Rich 7,1,504fec7c-0df5-4f73-b26d-5ec5e25aa503
014cebc8-eed8-49b9-8d5e-47e0d359b08d,Z9,1,504fec7c-0df5-4f73-b26d-5ec5e25aa503
448e12c8-f659-4a79-bd85-c1df7aef5af1,Roadster,1,8135f8c2-87fe-42c0-ac08-12293b161489
cee9c45b-261d-40d4-8459-1502a76fa9e6,200/250,1,bd3dc2a0-7fd0-4f4b-b325-57aae76a1d20
5888de09-2750-41ba-93d6-2afe2ed84c7e,Caribbean,1,bd3dc2a0-7fd0-4f4b-b325-57aae76a1d20
429c0ce7-e773-4fab-ae63-dd2751e5be32,Clipper,1,bd3dc2a0-7fd0-4f4b-b325-57aae76a1d20
3910e194-234b-4e86-ab29-0635c0fd8c01,Custom Eight,1,bd3dc2a0-7fd0-4f4b-b325-57aae76a1d20
b6b31a7f-f24d-4194-b2ac-baa78d82776b,One-Ten,1,bd3dc2a0-7fd0-4f4b-b325-57aae76a1d20
f0f8e75a-d608-4fe8-89f3-35d896479876,One-Twenty,1,bd3dc2a0-7fd0-4f4b-b325-57aae76a1d20
62b21a3f-2420-4177-81a6-40e5872691bc,Six,1,bd3dc2a0-7fd0-4f4b-b325-57aae76a1d20
5ccd43f1-ae68-4e27-8c32-18b7d76de7ea,Super Eight,1,bd3dc2a0-7fd0-4f4b-b325-57aae76a1d20
b85926f4-ed91-435a-bccb-a7fdb216686e,Twelve,1,bd3dc2a0-7fd0-4f4b-b325-57aae76a1d20
349e1b7e-fadb-4163-9ae3-693316e9d804,Huayra,1,7d4f48ea-6fa7-4f36-aae2-dc344a2375ae
ca526c4d-23f3-410f-8828-1f4062a21a36,Utopia,1,7d4f48ea-6fa7-4f36-aae2-dc344a2375ae
0c3997c2-6325-475e-aa76-7d8e7b760cb9,Zonda,1,7d4f48ea-6fa7-4f36-aae2-dc344a2375ae
a3c4e5a1-c80d-4f36-b8b8-176f8f8b650e,Esperante,1,6dfc1f3e-68de-40e1-8d8b-1e8dc6e3b57f
5a2b6d5f-e4cb-4140-8ed2-088b659981a6,Roadster,1,6dfc1f3e-68de-40e1-8d8b-1e8dc6e3b57f
edf7ef0e-4059-4fc9-b6e1-baac8002e317,Alza,1,5a6c8c48-7651-4e31-a511-61fb190f1b41
11d9e18d-2926-44f1-a06e-d986178f08fc,Kancil,1,5a6c8c48-7651-4e31-a511-61fb190f1b41
d174596f-aa1d-4a4f-a2c6-ea269db39753,Kelisa,1,5a6c8c48-7651-4e31-a511-61fb190f1b41
a6df791f-734c-4fda-bb43-9784815e577b,Kembara,1,5a6c8c48-7651-4e31-a511-61fb190f1b41
051aa93e-aec5-4fb8-a288-bb155df85cf8,Kenari,1,5a6c8c48-7651-4e31-a511-61fb190f1b41
12ebd673-bf38-4dbd-ba1f-0a8e32e9ba44,MyVi,1,5a6c8c48-7651-4e31-a511-61fb190f1b41
b5103204-d988-412d-a943-2a417fbe1c90,Nautica,1,5a6c8c48-7651-4e31-a511-61fb190f1b41
ed76db57-8bea-4054-960c-028afcf791ba,Viva,1,5a6c8c48-7651-4e31-a511-61fb190f1b41
ed2f3fff-182e-4e9e-9637-bb81df05be2e,1007,1,8e87916f-3123-462b-bf36-ebdddd1ae8c0
dc1bb95e-0e16-4feb-98d9-0850a2bc4872,104,1,8e87916f-3123-462b-bf36-ebdddd1ae8c0
bd95c79f-cdb3-4aac-bdca-f0be9d738242,106,1,8e87916f-3123-462b-bf36-ebdddd1ae8c0
bdb19423-fefc-4cdf-ae80-e36f71aedce0,107,1,8e87916f-3123-462b-bf36-ebdddd1ae8c0
5d6d5ea1-2779-45f7-846c-a6058f76e887,108,1,8e87916f-3123-462b-bf36-ebdddd1ae8c0
f76be3a8-1984-4fa8-8c90-9ca78570f079,2008,1,8e87916f-3123-462b-bf36-ebdddd1ae8c0
669626bc-294b-4529-897f-e6981725329a,201,1,8e87916f-3123-462b-bf36-ebdddd1ae8c0
a785acb3-8ea5-41a7-a423-5e89f6eefc3d,202,1,8e87916f-3123-462b-bf36-ebdddd1ae8c0
51e1252d-264f-4ca4-a546-067b3a26dbef,203,1,8e87916f-3123-462b-bf36-ebdddd1ae8c0
99a9a026-f22a-4b02-8d4c-31add4b6e17b,204,1,8e87916f-3123-462b-bf36-ebdddd1ae8c0
c3321e35-4c6d-471c-ba61-26e1731cc34a,205,1,8e87916f-3123-462b-bf36-ebdddd1ae8c0
8148302e-a3e5-4109-8789-465ed08989bd,205 GTi,1,8e87916f-3123-462b-bf36-ebdddd1ae8c0
5098ac28-ed6b-4858-8ebf-8a27c5618940,206,1,8e87916f-3123-462b-bf36-ebdddd1ae8c0
e9d5d09d-08a2-428f-bc01-c18c50117b4f,207,1,8e87916f-3123-462b-bf36-ebdddd1ae8c0
c0f72e90-51fa-4a29-ba51-74eb272c9797,207i (Iran Khodro),1,8e87916f-3123-462b-bf36-ebdddd1ae8c0
e784573a-8e5f-4564-b5f2-1141ed0dc447,208,1,8e87916f-3123-462b-bf36-ebdddd1ae8c0
66105144-2597-4672-8a7a-f6f4e86504e8,208 GTi,1,8e87916f-3123-462b-bf36-ebdddd1ae8c0
f6bf8498-d8e3-45f7-af8d-1b0e4adbc5db,3008,1,8e87916f-3123-462b-bf36-ebdddd1ae8c0
e0503238-d2be-4342-8d87-1b324c339020,301,1,8e87916f-3123-462b-bf36-ebdddd1ae8c0
87e71b3c-8cc4-457a-b1c6-87e97e9ee661,304,1,8e87916f-3123-462b-bf36-ebdddd1ae8c0
0fda9089-2a93-4806-831c-a3abfe3f68c0,305,1,8e87916f-3123-462b-bf36-ebdddd1ae8c0
89fbf33b-a5fe-495c-a3c6-41ec2c04cbb4,306,1,8e87916f-3123-462b-bf36-ebdddd1ae8c0
d7a2a65e-9747-4d94-9ae9-05931e1a1c48,307,1,8e87916f-3123-462b-bf36-ebdddd1ae8c0
5a20e60b-e68e-4cbc-adcb-17b5f74c4940,308,1,8e87916f-3123-462b-bf36-ebdddd1ae8c0
e9b18cea-f63d-4903-9072-eb8773fb566f,308 GTi,1,8e87916f-3123-462b-bf36-ebdddd1ae8c0
fcce1551-9ba0-4b03-9822-8d36340bb6d0,309,1,8e87916f-3123-462b-bf36-ebdddd1ae8c0
68cc3105-5a44-4c4a-8396-122414071871,4007,1,8e87916f-3123-462b-bf36-ebdddd1ae8c0
9b410710-01a4-43a0-bf71-406f98840132,4008,1,8e87916f-3123-462b-bf36-ebdddd1ae8c0
1d447d8e-e69f-433a-80b5-1337955fefae,402,1,8e87916f-3123-462b-bf36-ebdddd1ae8c0
b1cad131-f98d-441c-bd47-2c7421b1f9bc,403,1,8e87916f-3123-462b-bf36-ebdddd1ae8c0
4c2ff6c4-3f14-4774-9054-56e657ff8466,404,1,8e87916f-3123-462b-bf36-ebdddd1ae8c0
a9f1b200-5333-4dc9-8613-7b76e2b86231,405,1,8e87916f-3123-462b-bf36-ebdddd1ae8c0
4d21d950-529e-4f4d-bad5-0ef25409abe0,406,1,8e87916f-3123-462b-bf36-ebdddd1ae8c0
34c4b882-1eec-453b-99e0-8c109ed55c8c,407,1,8e87916f-3123-462b-bf36-ebdddd1ae8c0
36090fda-bba5-4883-a472-58edc58084d3,408,1,8e87916f-3123-462b-bf36-ebdddd1ae8c0
78d7e27e-1a5f-4706-a048-648ef48f6cb1,5008,1,8e87916f-3123-462b-bf36-ebdddd1ae8c0
ebb26a3b-400a-4446-8b83-a9a2badf95b5,504,1,8e87916f-3123-462b-bf36-ebdddd1ae8c0
cf8c7fae-f191-4355-a53d-8aa021c60384,505,1,8e87916f-3123-462b-bf36-ebdddd1ae8c0
5bf6be13-5a5c-4ab9-8756-6d0449d0f4bb,508,1,8e87916f-3123-462b-bf36-ebdddd1ae8c0
f337bbe4-f685-49d6-b05d-992916e3f93d,604,1,8e87916f-3123-462b-bf36-ebdddd1ae8c0
04871de6-6b97-46e1-82b4-081b39bb5225,605,1,8e87916f-3123-462b-bf36-ebdddd1ae8c0
1e73b9ea-d184-4189-aa60-fb693da90583,607,1,8e87916f-3123-462b-bf36-ebdddd1ae8c0
19b2d94d-a8ab-4dc0-8453-26ab67fb4888,806,1,8e87916f-3123-462b-bf36-ebdddd1ae8c0
2d492804-5385-414c-a55f-fd461542ebdb,807,1,8e87916f-3123-462b-bf36-ebdddd1ae8c0
e56d2158-b072-4451-bbe0-770c9fc2b9b3,Bipper,1,8e87916f-3123-462b-bf36-ebdddd1ae8c0
f0a48274-f651-485e-a828-6554b3b4b137,Expert,1,8e87916f-3123-462b-bf36-ebdddd1ae8c0
88d9f448-0d22-4e88-a05d-6146560fe403,iOn,1,8e87916f-3123-462b-bf36-ebdddd1ae8c0
8ec1362d-7ebf-4da2-8deb-b2aa3ffb2217,Landtrek,1,8e87916f-3123-462b-bf36-ebdddd1ae8c0
421434cc-1049-4851-a274-7ec809b1d8c7,Partner,1,8e87916f-3123-462b-bf36-ebdddd1ae8c0
c0423989-3d72-4655-a6a6-5594c6402597,Pick Up,1,8e87916f-3123-462b-bf36-ebdddd1ae8c0
c9e73afe-44a1-49ac-8fc6-fe338d92429e,RCZ,1,8e87916f-3123-462b-bf36-ebdddd1ae8c0
a5f0f023-4096-4215-abd9-8a1d83056e38,Rifter,1,8e87916f-3123-462b-bf36-ebdddd1ae8c0
5f3b3f20-918a-4043-a564-698fb7365ec2,Traveller,1,8e87916f-3123-462b-bf36-ebdddd1ae8c0
a8fd1f33-d68a-432b-901d-33f2f33a1f3a,Cevennes,1,197cb3d1-7a55-4036-a9ce-0081432439cc
59039f79-ff08-4777-8642-2e9db4e2b0f0,Hemera,1,197cb3d1-7a55-4036-a9ce-0081432439cc
9655e713-5675-40aa-beca-3da3f207e9e5,Speedster II,1,197cb3d1-7a55-4036-a9ce-0081432439cc
df6024fc-4d2e-4524-8a0c-f111b52da513,Porter,1,d5503698-2532-4acd-8142-373917847e4b
e05ad982-0891-482f-90ab-b22e20e1feac,Twelve,1,30c12bd4-1dc8-48fb-b4f2-4d6be4f59555
e2c0a2d7-fb10-4d5f-a759-8fae12f273ba,Acclaim,1,cac4ffa0-ff11-490f-832a-c23ce6b306ad
275d108c-88bd-4929-a644-2b6665390dc4,Barracuda,1,cac4ffa0-ff11-490f-832a-c23ce6b306ad
da1f56c2-0347-4c45-b6c8-1888ccce035a,Breeze,1,cac4ffa0-ff11-490f-832a-c23ce6b306ad
a39e81b0-c750-4558-be87-8b8ff4861a5b,Caravelle,1,cac4ffa0-ff11-490f-832a-c23ce6b306ad
763b94df-7573-4ca1-8b3c-e006ec7aeb5a,Colt Vista,1,cac4ffa0-ff11-490f-832a-c23ce6b306ad
3b6fb0cd-f0bc-4fbb-bf08-e1ad30bad7d9,Cranbrook,1,cac4ffa0-ff11-490f-832a-c23ce6b306ad
83d5d927-7bf9-4b38-bf97-57a5c583c6f8,De Luxe,1,cac4ffa0-ff11-490f-832a-c23ce6b306ad
e624a78e-e5db-4201-a359-7c41a087a0ff,Fury,1,cac4ffa0-ff11-490f-832a-c23ce6b306ad
a44beb20-080e-451c-9cca-adcfe1d4e160,Gran Fury,1,cac4ffa0-ff11-490f-832a-c23ce6b306ad
a97fe7b1-ed40-4dcc-b6df-f70dc082814f,Horizon,1,cac4ffa0-ff11-490f-832a-c23ce6b306ad
de6247e7-455f-400c-972e-d989b49a2fd4,Laser,1,cac4ffa0-ff11-490f-832a-c23ce6b306ad
15102316-5a12-4da3-9d41-b4e45bd73a3d,Neon,1,cac4ffa0-ff11-490f-832a-c23ce6b306ad
2cac11f3-bbdf-49ea-ae3c-bd60f2561637,Prowler,1,cac4ffa0-ff11-490f-832a-c23ce6b306ad
14d98463-9db0-4b44-a0d6-a861e4716df7,Reliant,1,cac4ffa0-ff11-490f-832a-c23ce6b306ad
dfc24d8c-5950-470c-a031-894a4b2e84c8,Road Runner,1,cac4ffa0-ff11-490f-832a-c23ce6b306ad
3c91d89d-ea7b-4407-92d2-3bfdc8a1ada1,Satellite,1,cac4ffa0-ff11-490f-832a-c23ce6b306ad
3dea2ea5-7782-49e1-96db-040a31e7145d,Sundance,1,cac4ffa0-ff11-490f-832a-c23ce6b306ad
866cf229-49d8-4ea9-9935-44234b1beaeb,Turismo,1,cac4ffa0-ff11-490f-832a-c23ce6b306ad
cbb7573c-116d-405a-a6d6-4068c806a94a,Valiant,1,cac4ffa0-ff11-490f-832a-c23ce6b306ad
5323935c-f80b-4b41-9f86-ec4d85dec496,Volare,1,cac4ffa0-ff11-490f-832a-c23ce6b306ad
01761e79-36de-4227-8192-22bc0d4df25d,Voyager,1,cac4ffa0-ff11-490f-832a-c23ce6b306ad
1f3067a5-a9af-4359-a13d-67c522c08baa,1,1,9e757d9a-cb0e-4444-ba04-1d6c6e53cbac
bf7cef50-69a9-4ab6-a3ed-4edb3d862b6e,1,1,991ddc44-d8e3-487a-bf8d-923a7bc0de97
ddd9f5df-c4f9-402f-8546-2d182eca9853,2,1,991ddc44-d8e3-487a-bf8d-923a7bc0de97
74597f3c-ceff-47e4-aca4-20e6f300e1d1,3,1,991ddc44-d8e3-487a-bf8d-923a7bc0de97
1d702f76-c2e2-45e1-bbe3-c21b699bb668,4,1,991ddc44-d8e3-487a-bf8d-923a7bc0de97
f470f0d0-be01-473d-8d91-36f713eb88bb,6000,1,2cbb9a1e-bb5b-40b6-b14b-c9a9c1f28dec
a3ee4b1a-f675-4c28-9be0-5633fbda8ef6,Aztek,1,2cbb9a1e-bb5b-40b6-b14b-c9a9c1f28dec
a652451e-5d1e-4c63-906e-1c243b8f77c6,Bonneville,1,2cbb9a1e-bb5b-40b6-b14b-c9a9c1f28dec
3e58af03-8d69-4f1b-bd4e-b5074566576a,Catalina,1,2cbb9a1e-bb5b-40b6-b14b-c9a9c1f28dec
297fc9e8-8a2b-4922-9d6a-07210beecfed,Fiero,1,2cbb9a1e-bb5b-40b6-b14b-c9a9c1f28dec
22d7ed38-ea41-4675-9a85-a1448029ac3b,Firebird,1,2cbb9a1e-bb5b-40b6-b14b-c9a9c1f28dec
852fb17d-20b7-4342-a447-61bc054600ba,Firefly,1,2cbb9a1e-bb5b-40b6-b14b-c9a9c1f28dec
4aeb1d24-cab1-4d53-808b-ea6ac2956e02,G4,1,2cbb9a1e-bb5b-40b6-b14b-c9a9c1f28dec
ef949a98-f0f0-4d52-a992-73ffe13c7684,G5,1,2cbb9a1e-bb5b-40b6-b14b-c9a9c1f28dec
44847896-7c5a-4294-bcbd-1b4b8fb18929,G6,1,2cbb9a1e-bb5b-40b6-b14b-c9a9c1f28dec
8e1d83d4-c7b3-4c67-be4d-c917569dd895,G8,1,2cbb9a1e-bb5b-40b6-b14b-c9a9c1f28dec
b011dcaa-7d91-4d25-b479-8ede9d87c0da,Grand AM,1,2cbb9a1e-bb5b-40b6-b14b-c9a9c1f28dec
a55feae5-fbd2-4b1f-9548-ee43e2d41148,Grand Prix,1,2cbb9a1e-bb5b-40b6-b14b-c9a9c1f28dec
4cdc1f58-1d76-4d08-bf8e-5ee9c95d3f7b,GTO,1,2cbb9a1e-bb5b-40b6-b14b-c9a9c1f28dec
0906f647-4eba-4216-91b7-b4d88a8d4617,Laurentian,1,2cbb9a1e-bb5b-40b6-b14b-c9a9c1f28dec
230f5cba-a472-4a52-a18f-ab235a921f5c,LeMans,1,2cbb9a1e-bb5b-40b6-b14b-c9a9c1f28dec
a6a7727d-2f58-4481-9bdd-9d1fd01dc400,Montana,1,2cbb9a1e-bb5b-40b6-b14b-c9a9c1f28dec
9c293e2f-f7a2-4005-9751-3ae8b7b9f7f1,Parisienne,1,2cbb9a1e-bb5b-40b6-b14b-c9a9c1f28dec
4f43cf4e-1381-4463-89d8-f182a3033405,Phoenix,1,2cbb9a1e-bb5b-40b6-b14b-c9a9c1f28dec
c776e67e-0b28-4d15-b2eb-8842ed987efe,Solstice,1,2cbb9a1e-bb5b-40b6-b14b-c9a9c1f28dec
6707753a-92b4-423f-a2da-1617d9832a17,Sunbird,1,2cbb9a1e-bb5b-40b6-b14b-c9a9c1f28dec
04eb2a5a-8dc5-4f7c-922f-b0ea7ed53a04,Sunfire,1,2cbb9a1e-bb5b-40b6-b14b-c9a9c1f28dec
8a90d0db-6577-4e82-be68-62a5fe08354d,Sunrunner,1,2cbb9a1e-bb5b-40b6-b14b-c9a9c1f28dec
c099c2bd-8f65-4a56-b678-0131cad4709b,Tempest,1,2cbb9a1e-bb5b-40b6-b14b-c9a9c1f28dec
dcc72e8a-fde3-4bc9-a6d9-ec065ae5291e,Torpedo,1,2cbb9a1e-bb5b-40b6-b14b-c9a9c1f28dec
57c54473-5137-4bce-af8f-d8db36fa2e4d,Torrent,1,2cbb9a1e-bb5b-40b6-b14b-c9a9c1f28dec
36aac7a4-adda-4183-8d1a-28171c0d9dbc,Trans Sport,1,2cbb9a1e-bb5b-40b6-b14b-c9a9c1f28dec
362a7078-95b7-42da-b0a8-27ed800dc0de,Vibe,1,2cbb9a1e-bb5b-40b6-b14b-c9a9c1f28dec
f32644ad-69a3-4362-961c-4fc54e803360,Wave,1,2cbb9a1e-bb5b-40b6-b14b-c9a9c1f28dec
66e476cb-89bd-4f6a-b2fa-6b950003ed79,356,1,c13b9bbc-8e79-4bc0-b30a-5d4c52856f81
71222231-7455-416f-b017-43485ac754ba,718 Spyder,1,c13b9bbc-8e79-4bc0-b30a-5d4c52856f81
91b5cccc-25a9-4046-87ef-a5ae60a00c37,911,1,c13b9bbc-8e79-4bc0-b30a-5d4c52856f81
cebb4422-f8d8-4438-b55c-1d15446fb65b,911 GT2,1,c13b9bbc-8e79-4bc0-b30a-5d4c52856f81
4f6eb88d-9864-42e9-a077-621c804e5b7e,911 GT3,1,c13b9bbc-8e79-4bc0-b30a-5d4c52856f81
c2d68b2d-02b4-49da-b1d8-c69e6745c7e8,911 R,1,c13b9bbc-8e79-4bc0-b30a-5d4c52856f81
52b164e6-b3ac-409d-b06d-67cfb21df6e2,911 S/T,1,c13b9bbc-8e79-4bc0-b30a-5d4c52856f81
374a11d4-f647-46a9-a876-ce65ad039f62,912,1,c13b9bbc-8e79-4bc0-b30a-5d4c52856f81
1467cb18-4d3f-466f-b3c9-6633197489f0,914,1,c13b9bbc-8e79-4bc0-b30a-5d4c52856f81
eea82084-d88e-4642-ba42-39db2645274b,918 Spyder,1,c13b9bbc-8e79-4bc0-b30a-5d4c52856f81
d6dc2943-b52c-4f38-8d0e-4195f407afbe,924,1,c13b9bbc-8e79-4bc0-b30a-5d4c52856f81
b9434864-7f51-4500-81ce-9f1ef110802b,928,1,c13b9bbc-8e79-4bc0-b30a-5d4c52856f81
efaeb348-26a5-4e24-96ed-85c268929452,944,1,c13b9bbc-8e79-4bc0-b30a-5d4c52856f81
20955cd8-5aeb-45ce-ba05-6464ac5d2f40,959,1,c13b9bbc-8e79-4bc0-b30a-5d4c52856f81
eb6004b8-7fd1-46cf-bc39-a2004ac03e61,968,1,c13b9bbc-8e79-4bc0-b30a-5d4c52856f81
aeaf4905-cc18-4206-8032-781a0d237e79,Boxster,1,c13b9bbc-8e79-4bc0-b30a-5d4c52856f81
79d2a9ff-c997-417a-9b3f-4c5bbc434496,Carrera GT,1,c13b9bbc-8e79-4bc0-b30a-5d4c52856f81
9a16727a-e979-4a1e-97a5-dfc8e15ea808,Cayenne,1,c13b9bbc-8e79-4bc0-b30a-5d4c52856f81
9e15327b-73cb-4be6-9982-3a7783d6b89d,Cayman,1,c13b9bbc-8e79-4bc0-b30a-5d4c52856f81
4b95f373-ccbb-4488-be74-cbaaf5907963,Cayman GT4,1,c13b9bbc-8e79-4bc0-b30a-5d4c52856f81
1d7ee985-3ad2-41cf-9916-75dbe2b229ac,Macan,1,c13b9bbc-8e79-4bc0-b30a-5d4c52856f81
e6ce6072-fd0c-4b89-ac76-62783fd55465,Panamera,1,c13b9bbc-8e79-4bc0-b30a-5d4c52856f81
c2ec7c5a-87e9-40a2-9819-0a22a7c14a21,Taycan,1,c13b9bbc-8e79-4bc0-b30a-5d4c52856f81
5a497c5e-6cef-460d-8e66-afac8fbb6dde,118NE,1,11aba5fb-ffd3-49d2-95d6-c1acc0b58af2
efaf09ab-8209-48b9-8a0b-60e7b80ace6f,Padmini,1,11aba5fb-ffd3-49d2-95d6-c1acc0b58af2
e1e20305-57c4-426e-aab2-da3f81bd3616,Багги Type 1,1,1ad3c23a-ba5b-40ef-8884-df74bb1beb3e
72dbe2f4-3fe4-4a4e-b437-2dead352f364,Драгстер,1,1ad3c23a-ba5b-40ef-8884-df74bb1beb3e
710fb2f3-3dcf-4503-aaa9-0d2906d33a99,Дрифт-кар,1,1ad3c23a-ba5b-40ef-8884-df74bb1beb3e
1dd160ca-8a2f-4579-bd29-609f66be6416,Формула,1,1ad3c23a-ba5b-40ef-8884-df74bb1beb3e
e10f555c-53a0-4a33-a295-19a0eaffd4dd,GT & Touring,1,1ad3c23a-ba5b-40ef-8884-df74bb1beb3e
3bdaa9f4-b06e-4e39-beea-aeecc4e33b89,Хот-род и Кастом,1,1ad3c23a-ba5b-40ef-8884-df74bb1beb3e
1584d2eb-a506-4c24-bf3a-3ddae7c4cb62,Offroad,1,1ad3c23a-ba5b-40ef-8884-df74bb1beb3e
66cb9c5f-4501-49f7-b9f7-adc984b4b518,Спортпрототип,1,1ad3c23a-ba5b-40ef-8884-df74bb1beb3e
d2b7bcd9-6af7-4253-b73f-f9b131139c51,Rally/cross,1,1ad3c23a-ba5b-40ef-8884-df74bb1beb3e
f9ab72a2-1fb6-4cef-9528-3577ade6bf8d,Самоделки,1,1ad3c23a-ba5b-40ef-8884-df74bb1beb3e
1ac7929c-4112-49cb-b5f3-1dee766572e9,Shortcut,1,1ad3c23a-ba5b-40ef-8884-df74bb1beb3e
624cc900-47e8-46ec-ad4a-16a5be9b659c,Arena,1,29130229-65ad-487d-90d7-127deaf3525d
b6429de0-c19c-4abf-909b-ea65419557e6,Exora,1,29130229-65ad-487d-90d7-127deaf3525d
a77fa653-6083-426e-9e63-bdb334bc6a79,Gen-2,1,29130229-65ad-487d-90d7-127deaf3525d
254efa42-095e-4971-9138-722941a3af03,Inspira,1,29130229-65ad-487d-90d7-127deaf3525d
db6167fd-032a-4ec6-9167-b29e46839aab,Iriz,1,29130229-65ad-487d-90d7-127deaf3525d
da35312c-e613-4bf3-bf0a-3a8c9e4f7b47,Juara,1,29130229-65ad-487d-90d7-127deaf3525d
e18e014d-c334-4eef-b447-ecd034f385fc,Perdana,1,29130229-65ad-487d-90d7-127deaf3525d
8ee8b9b7-e99b-49c6-b36f-4773bd3d09e0,Persona,1,29130229-65ad-487d-90d7-127deaf3525d
fc74204d-d67e-4dcf-adf3-215afddb2d59,Preve,1,29130229-65ad-487d-90d7-127deaf3525d
7504901f-7375-42cb-82e6-33580bdc9331,Putra,1,29130229-65ad-487d-90d7-127deaf3525d
a0aa2707-5a3d-40b6-8fad-764f6026fa73,Saga,1,29130229-65ad-487d-90d7-127deaf3525d
7790c699-a0e9-4331-a9b1-235ec570bb1a,Satria,1,29130229-65ad-487d-90d7-127deaf3525d
38465086-f316-45b8-b9e2-aa240f04771c,Savvy,1,29130229-65ad-487d-90d7-127deaf3525d
aeb2b758-8f15-4b8d-88bc-8404189cbf15,Tiara,1,29130229-65ad-487d-90d7-127deaf3525d
9565ac65-9dc0-4b66-9800-fa57d9b27bab,Waja,1,29130229-65ad-487d-90d7-127deaf3525d
9e9a3087-2397-466e-b8e0-2c344760bcc4,Wira (400 Series),1,29130229-65ad-487d-90d7-127deaf3525d
1e0db5fc-981c-4590-b960-3f2ffedef0c5,X50,1,29130229-65ad-487d-90d7-127deaf3525d
ec655e0b-7b92-458a-af03-0874148529f0,X70,1,29130229-65ad-487d-90d7-127deaf3525d
2e0846e4-2c67-4c0d-ba6a-e091c01f5740,G-modell,1,5290c661-fe19-4951-8f81-b53f2aa86d9c
d8d3e8a4-52ce-4b00-9cce-e3710c6c19bd,Pinzgauer,1,5290c661-fe19-4951-8f81-b53f2aa86d9c
57985029-000e-45a9-8370-2bccdb85f1c9,GTB,1,fcf4d9fe-97e5-4727-af98-91b3ce9b92a0
6b1cde4e-cda5-41b9-b86e-c9501724d95b,GTE,1,fcf4d9fe-97e5-4727-af98-91b3ce9b92a0
6e1f5f8a-2f55-4a4d-a2ab-3ec11bf4e315,Duoduo,1,446612f8-875b-4518-8e78-e7597cc093d2
899198f9-100d-41c5-8db3-d752528f9600,K50,1,dd73fb1c-7988-4e66-bf12-aaeb2cafe23f
218ae247-46c8-4461-afe3-f569ef6dad1e,Taga H,1,e1d4bd8b-a1ad-467c-9eb1-4c54932666b3
787c129e-4136-4fd3-9d60-191adecef5a8,3,1,132cdf08-d794-47e4-9e0d-3151d26d2739
80c64b95-7fc2-4d6e-8dcd-7daa2da3b48d,5,1,132cdf08-d794-47e4-9e0d-3151d26d2739
ed6db815-de4b-4993-b856-7ebba096f6a9,Mangusta,1,c3b074a9-d3a7-4fd7-86d3-71eb6824d44e
b90b4480-ca20-488f-aaed-18704887c939,RD6,1,bcfbd8f5-9c45-4c2e-b504-8bc24c3095b4
080a4bcf-b68c-4638-8f24-726bf94c8416,Type 62-2,1,4191234e-3c95-4663-8530-344c8994bc92
582c6de9-0f4b-4028-96c0-3cd9d06043d9,1500,1,63acb29f-9c5f-4db3-a3d3-5fa2fce74e86
74c4b247-bde2-4be1-aaba-4c424a61f3ee,ProMaster City,1,63acb29f-9c5f-4db3-a3d3-5fa2fce74e86
8e6dffa7-8df7-4647-8f18-e06e9e6b29d3,Rampage,1,63acb29f-9c5f-4db3-a3d3-5fa2fce74e86
b32b7e4d-dc6c-4884-a4b0-7cf5d8da6757,V1000,1,63acb29f-9c5f-4db3-a3d3-5fa2fce74e86
b919c06d-9d20-4f00-87fb-cc52dac3fa24,Gentra,1,ceccab9b-730e-4831-bbd7-4febd26b50f6
3f77843e-faa0-4b51-b7f7-ab51c7187715,Matiz,1,ceccab9b-730e-4831-bbd7-4febd26b50f6
1b8de015-ef9f-47fe-a984-0a777bf1e479,Nexia R3,1,ceccab9b-730e-4831-bbd7-4febd26b50f6
ecaf0350-f2a7-4337-8478-65dbad3db147,R2,1,ceccab9b-730e-4831-bbd7-4febd26b50f6
2d48839a-5982-4095-a424-bcd09347087a,R4,1,ceccab9b-730e-4831-bbd7-4febd26b50f6
d9603dae-838d-4644-ad9b-927df4de5aff,Magnum,1,62a647ce-3496-4b7d-afd8-fb891d53379e
0c920aa7-3883-4134-8be7-3b42cfa303b8,Scimitar Sabre,1,172f8ef3-2474-4661-8bb8-783cc0d4ee3d
aa31527c-25f6-4c91-a3fc-5771bb846f1a,Tropica Roadster,1,b60302d2-c854-42a0-939f-3701966bcf04
33c9a8bf-47eb-4f0a-b11b-c23cd178d7d6,10,1,852caf6a-2391-4431-9919-47d2a058225f
56887aef-eeb8-4994-a5dc-e9df973a5789,11,1,852caf6a-2391-4431-9919-47d2a058225f
08503c32-454e-4c12-8e3a-4f3ece8a691a,12,1,852caf6a-2391-4431-9919-47d2a058225f
36a412b3-405b-4edb-b4a8-dce98b8c27f2,14,1,852caf6a-2391-4431-9919-47d2a058225f
1f597523-d654-4782-82ce-72433f842842,15,1,852caf6a-2391-4431-9919-47d2a058225f
4d4eb35c-2b25-4243-aa5e-9da22520136a,16,1,852caf6a-2391-4431-9919-47d2a058225f
11e6b75e-d027-4010-b5ee-3dcdd0a07650,17,1,852caf6a-2391-4431-9919-47d2a058225f
0add5940-bfb6-45ca-bef6-6d86b2a87df9,18,1,852caf6a-2391-4431-9919-47d2a058225f
db0c4335-c9e8-4f5d-ae27-5d92bb647796,19,1,852caf6a-2391-4431-9919-47d2a058225f
91b4eb11-7cb1-493a-ae1e-7c67fd5a9422,20,1,852caf6a-2391-4431-9919-47d2a058225f
4bdef93c-158b-4452-ae07-6eaf628c0340,21,1,852caf6a-2391-4431-9919-47d2a058225f
1e8b8d4f-3fbb-4a9b-bd60-8fa672b5af91,25,1,852caf6a-2391-4431-9919-47d2a058225f
6a93329f-263b-4bc5-839f-77f3dcb3437e,30,1,852caf6a-2391-4431-9919-47d2a058225f
7df55bc7-7f6e-453f-be6e-7106c3df6a0e,4,1,852caf6a-2391-4431-9919-47d2a058225f
9c5c142b-1a8b-433f-a74e-5083a523c434,4CV,1,852caf6a-2391-4431-9919-47d2a058225f
6314aa48-0a49-4d79-9c4c-33fb51247cfa,5,1,852caf6a-2391-4431-9919-47d2a058225f
ac3ef3e1-3720-4cd1-8662-5a40c40166cc,6,1,852caf6a-2391-4431-9919-47d2a058225f
86363f2e-d0d4-4c76-a90a-3a9f62688806,8,1,852caf6a-2391-4431-9919-47d2a058225f
cf98a1be-46ec-44e4-a661-82cab7f34091,9,1,852caf6a-2391-4431-9919-47d2a058225f
587c694a-642c-4a0f-950b-22ec6e08553a,Alaskan,1,852caf6a-2391-4431-9919-47d2a058225f
99a9e97b-51c9-4e16-957b-4c82f5800ec6,Arkana,1,852caf6a-2391-4431-9919-47d2a058225f
063c7d55-ae8b-43dd-99c6-e2c9b3132cca,Austral,1,852caf6a-2391-4431-9919-47d2a058225f
9549af26-25a6-4c33-ba38-d23030ca5716,Avantime,1,852caf6a-2391-4431-9919-47d2a058225f
6eb9c35b-2d41-42cc-8719-83640de15afe,Boreal,1,852caf6a-2391-4431-9919-47d2a058225f
d8814e4c-2bb0-4fba-bbbd-f8f758574c90,Captur,1,852caf6a-2391-4431-9919-47d2a058225f
2fe1136a-3d1a-4e05-84dd-f9c3edaaf1ca,Caravelle,1,852caf6a-2391-4431-9919-47d2a058225f
f75bed24-d663-470e-a315-6abaceaff8ce,Celtaquatre,1,852caf6a-2391-4431-9919-47d2a058225f
9ec9582b-5639-4cfd-b624-097d42197fc9,City K-ZE,1,852caf6a-2391-4431-9919-47d2a058225f
6cfd15ca-829b-40b7-ae3f-8fc3162fd6bf,Clio,1,852caf6a-2391-4431-9919-47d2a058225f
8cff0ee1-8d02-4976-8534-714d92292511,Clio RS,1,852caf6a-2391-4431-9919-47d2a058225f
ad5843e2-fedd-476f-8153-f8c49ecb7608,Symbol,1,852caf6a-2391-4431-9919-47d2a058225f
dd92700f-8de5-4b99-b683-7b0555b251cc,Clio V6,1,852caf6a-2391-4431-9919-47d2a058225f
5d737591-c01e-4775-81e2-d1bec97e234e,Dauphine,1,852caf6a-2391-4431-9919-47d2a058225f
892ed915-5515-4fa6-8788-754e57314119,Dokker,1,852caf6a-2391-4431-9919-47d2a058225f
67092d19-9b34-4ac1-b89d-db955e6ce10d,Duster,1,852caf6a-2391-4431-9919-47d2a058225f
dfab7263-20e5-410c-8f04-236e4f8c981f,Espace,1,852caf6a-2391-4431-9919-47d2a058225f
a3b67e95-f860-47d2-bf34-3e7914a48466,Express,1,852caf6a-2391-4431-9919-47d2a058225f
4838eca0-4fbb-4530-81b9-62a823da8528,Floride,1,852caf6a-2391-4431-9919-47d2a058225f
f6313d08-9d1e-4c2d-911f-6045130cbd2f,Fluence,1,852caf6a-2391-4431-9919-47d2a058225f
1bad1e78-559a-4c47-a3ce-96cab906e6e2,Fregate,1,852caf6a-2391-4431-9919-47d2a058225f
6a9982c7-1bc2-4e3a-8cdf-5b704f1b46ba,Fuego,1,852caf6a-2391-4431-9919-47d2a058225f
20588979-83fa-4ce6-b590-51f61797cee0,Grand Koleos,1,852caf6a-2391-4431-9919-47d2a058225f
940f9836-f44c-4a2d-89af-efea5a0587e1,Kadjar,1,852caf6a-2391-4431-9919-47d2a058225f
f88dedc7-b691-4e7c-922a-dab8fe32b357,Kangoo,1,852caf6a-2391-4431-9919-47d2a058225f
6c5dca99-1771-42d7-b20a-3004b36762bc,Kaptur,1,852caf6a-2391-4431-9919-47d2a058225f
40cad6d0-5163-46c3-94fe-440d04b38033,Kardian,1,852caf6a-2391-4431-9919-47d2a058225f
0fc2d05b-d878-4b43-ab67-71bf85f32e47,Koleos,1,852caf6a-2391-4431-9919-47d2a058225f
b3c6b156-75e8-4962-bdb4-178ba9f95d87,KWID,1,852caf6a-2391-4431-9919-47d2a058225f
0b75b313-21f0-4421-ae33-49fa53336bc6,Laguna,1,852caf6a-2391-4431-9919-47d2a058225f
62733e8e-ac9a-4ec5-a5c5-e649c3660ced,Latitude,1,852caf6a-2391-4431-9919-47d2a058225f
d15877f4-cb2e-446f-88b2-c380eacc9347,Lodgy,1,852caf6a-2391-4431-9919-47d2a058225f
3149e4d4-b0b2-4caa-82c1-30a503a2deb3,Logan,1,852caf6a-2391-4431-9919-47d2a058225f
b6dc4d61-6fde-422a-a358-4a1f3c5e8a6a,Lutecia,1,852caf6a-2391-4431-9919-47d2a058225f
2c7f5e09-bf84-4821-a179-6123ccde73a8,Megane,1,852caf6a-2391-4431-9919-47d2a058225f
ecaf45c1-cca7-426a-b23f-25bf37ff3e40,Megane E-Tech,1,852caf6a-2391-4431-9919-47d2a058225f
dbab8f74-e1e6-4e44-97c2-0e697eb31c5c,Megane RS,1,852caf6a-2391-4431-9919-47d2a058225f
ef6ba47c-d249-44bc-af1c-3b5e9975ac2a,Modus,1,852caf6a-2391-4431-9919-47d2a058225f
8fd79a99-e97d-40a7-bf39-982e01b1dfa3,QM6,1,852caf6a-2391-4431-9919-47d2a058225f
efab28bf-c870-4299-a495-f77db5f6decc,Rafale,1,852caf6a-2391-4431-9919-47d2a058225f
b1463f48-b746-4e8d-8169-222b6ef11be4,Rodeo,1,852caf6a-2391-4431-9919-47d2a058225f
42db47f3-4f07-4418-9b3e-7d9b58c66907,Safrane,1,852caf6a-2391-4431-9919-47d2a058225f
6270811c-7030-4d5f-8d4f-3f427895639a,Sandero,1,852caf6a-2391-4431-9919-47d2a058225f
daa5c9e9-c45f-4587-b1be-d8c2a8cac5ee,Sandero RS,1,852caf6a-2391-4431-9919-47d2a058225f
5dff91b2-d609-4b88-a2d9-055481937b67,Scenic,1,852caf6a-2391-4431-9919-47d2a058225f
5d828258-b10c-45bc-809c-219808a5bc0c,Sport Spider,1,852caf6a-2391-4431-9919-47d2a058225f
5629e86b-7d00-4c83-948f-5cf5c2d95382,Symbioz,1,852caf6a-2391-4431-9919-47d2a058225f
51fd8ab4-4f94-4ca6-a4e6-a8d9eaa506ea,Taliant,1,852caf6a-2391-4431-9919-47d2a058225f
bfbd65b5-99d9-409a-a2b2-ba2f163fcbff,Talisman,1,852caf6a-2391-4431-9919-47d2a058225f
f13ea3fd-9751-4c49-9bc3-59bb7c16d754,Trafic,1,852caf6a-2391-4431-9919-47d2a058225f
19b64a74-2585-4896-aa9e-cbde150c12a2,Triber,1,852caf6a-2391-4431-9919-47d2a058225f
05f8728d-6638-431b-a05f-c1cd7a66decc,Twingo,1,852caf6a-2391-4431-9919-47d2a058225f
b6c8ae9f-e23a-4d38-bb20-b78c7d1a4383,Twizy,1,852caf6a-2391-4431-9919-47d2a058225f
4680e458-ce53-423e-a5fb-065581ab66bb,Vel Satis,1,852caf6a-2391-4431-9919-47d2a058225f
7a6eba53-5c0e-4637-aa57-801dfbf09bfb,Vivastella,1,852caf6a-2391-4431-9919-47d2a058225f
decda195-f639-4cba-9ade-b387585d7136,Wind,1,852caf6a-2391-4431-9919-47d2a058225f
5c341a48-160e-4b0a-8b3d-cbb56872673f,ZOE,1,852caf6a-2391-4431-9919-47d2a058225f
672e9a7e-b435-4e7b-a5da-4bfad02d9eed,Arsenal,1,85bbf251-41ed-46c4-8e81-dc067551a303
15f67b68-ab4b-42bc-8a51-87b9c4414d36,Beast,1,85bbf251-41ed-46c4-8e81-dc067551a303
3006640e-9027-4171-a989-a69855771558,Tank,1,85bbf251-41ed-46c4-8e81-dc067551a303
dd50e188-420c-4be8-9574-0f556cc63553,Concept_One,1,d92cbc06-2421-4ec9-9fce-84a79daa72e1
3f60909a-ebd1-458f-891f-99add4b9c550,C Two,1,d92cbc06-2421-4ec9-9fce-84a79daa72e1
7947304c-987a-4b51-a8ca-7423cadad722,Nevera,1,d92cbc06-2421-4ec9-9fce-84a79daa72e1
8c7ef4b3-4b84-4792-8813-238a3dc831c2,Chopster,1,bfa5ff3d-c370-44eb-a46a-b7f2a4affb08
532e3c40-559e-41f6-907c-bb02bd5f1a05,F7,1,1a84fbc2-431e-4e00-bf85-05108790639c
40c3327f-ba19-4dba-832b-17db58f0f900,Marvel R,1,1a84fbc2-431e-4e00-bf85-05108790639c
c2927d93-14fd-4a97-92e3-9e75fec2a300,R7,1,1a84fbc2-431e-4e00-bf85-05108790639c
7e99fff5-a705-4d40-9a39-59ada30f0a7d,R1S,1,970e8d99-114a-4978-b468-1e33c8f84aef
df2b6c9a-ec25-43b4-8f51-2b1b7f2c13ef,R1T,1,970e8d99-114a-4978-b468-1e33c8f84aef
58ba324b-f853-42a1-b795-e61274c6d189,750,1,fac5505c-9e4e-412b-8011-85dd1e50dfdd
74a960b8-1f4d-43c3-9439-b14503570d0b,Clever,1,fac5505c-9e4e-412b-8011-85dd1e50dfdd
668b4725-994f-4995-bc95-aee131f15ae5,D6,1,fac5505c-9e4e-412b-8011-85dd1e50dfdd
2e6a8c40-5919-458d-b9d2-28aef1f183d9,D7,1,fac5505c-9e4e-412b-8011-85dd1e50dfdd
26287084-afdf-49cf-98fb-0498827b4a64,E50,1,fac5505c-9e4e-412b-8011-85dd1e50dfdd
b31fe6ba-8afc-493d-9ec5-8119ca43b22f,i5,1,fac5505c-9e4e-412b-8011-85dd1e50dfdd
78a6beb7-fb6b-48ee-9daa-4ed7ce18b86a,i6,1,fac5505c-9e4e-412b-8011-85dd1e50dfdd
254f069a-7795-43b5-b270-33f178b08263,i6 Max,1,fac5505c-9e4e-412b-8011-85dd1e50dfdd
2d45cfb8-1298-44f8-a9b5-ef0235d0b426,iMAX8,1,fac5505c-9e4e-412b-8011-85dd1e50dfdd
059516ea-7ed5-4c36-b132-c05ee20c5b7e,Marvel X,1,fac5505c-9e4e-412b-8011-85dd1e50dfdd
3008e1d6-283c-4301-ba94-acdad6eaafa0,RX3,1,fac5505c-9e4e-412b-8011-85dd1e50dfdd
96e0ce6e-2be3-479a-bceb-8290f67f35ba,RX3 Pro,1,fac5505c-9e4e-412b-8011-85dd1e50dfdd
6ff61b43-6666-490e-a7bb-70cf1d51b45b,RX5,1,fac5505c-9e4e-412b-8011-85dd1e50dfdd
29a2665b-8371-464f-8106-ac5789391b0c,RX5 Max,1,fac5505c-9e4e-412b-8011-85dd1e50dfdd
c413d175-5761-440a-b287-b37db74fafc9,RX8,1,fac5505c-9e4e-412b-8011-85dd1e50dfdd
59bb2460-73d5-4eab-bf45-e6b0ec2214b2,RX9,1,fac5505c-9e4e-412b-8011-85dd1e50dfdd
24b4caee-29bb-4b48-bb70-ef56ef9b4dc0,Whale,1,fac5505c-9e4e-412b-8011-85dd1e50dfdd
4b72fd80-8ed7-406d-bd10-ab3720ca7bfc,20,1,1600012f-6d49-403b-b57b-30a3667747db
b6bc1748-8015-45ac-b249-27161e931268,20/25,1,1600012f-6d49-403b-b57b-30a3667747db
d8550d74-b723-4f62-aba7-f9ad2c6f53fe,Boat Tail,1,1600012f-6d49-403b-b57b-30a3667747db
4677853c-95e0-4e1c-9b6d-33f7caf345c6,Camargue,1,1600012f-6d49-403b-b57b-30a3667747db
08f0ada4-d0dd-4217-852b-600d27577166,Corniche,1,1600012f-6d49-403b-b57b-30a3667747db
0240023b-b2c2-4ed4-8bfc-5c54e1f63e34,Cullinan,1,1600012f-6d49-403b-b57b-30a3667747db
dd94b9b2-a758-48ce-96d9-3e9ac3749ff8,Dawn,1,1600012f-6d49-403b-b57b-30a3667747db
7f9c22df-e0e2-4a48-8edc-c16806ace0c1,Ghost,1,1600012f-6d49-403b-b57b-30a3667747db
e6517162-5020-4f3a-b9df-7a10ba888e1b,Park Ward,1,1600012f-6d49-403b-b57b-30a3667747db
3ab2c11f-b9f4-4c65-9861-58fa730aa3c3,Phantom,1,1600012f-6d49-403b-b57b-30a3667747db
93e471c8-a3ed-4f38-b945-781f842fb98f,Silver Cloud,1,1600012f-6d49-403b-b57b-30a3667747db
072851ef-557b-4f0c-8475-f73df1074ca2,Silver Ghost,1,1600012f-6d49-403b-b57b-30a3667747db
dab0ef37-db2d-40c2-8a32-f01a39515322,Silver Seraph,1,1600012f-6d49-403b-b57b-30a3667747db
dbef9f65-7a57-4528-b23b-02fbd5d84484,Silver Shadow,1,1600012f-6d49-403b-b57b-30a3667747db
eb32a8bc-4bf8-4817-bd58-59e28939b409,Silver Spirit,1,1600012f-6d49-403b-b57b-30a3667747db
e63f104d-2964-410e-8128-9038dd201d67,Silver Spur,1,1600012f-6d49-403b-b57b-30a3667747db
4e58f621-c329-47bb-b781-af45608b03cd,Silver Wraith,1,1600012f-6d49-403b-b57b-30a3667747db
5063a7cb-2b60-4c98-8763-30a84b6404be,Spectre,1,1600012f-6d49-403b-b57b-30a3667747db
c2ac4f50-6921-4e85-ad68-c59cf7386800,Wraith,1,1600012f-6d49-403b-b57b-30a3667747db
1eda6330-84b1-4a2d-a327-8171b6f64697,Lightning,1,d7344178-af83-4a8a-9d65-5d7eff0f644b
da0aed98-7854-4f5c-8555-ad5d2cfdce32,Concept,1,b7b2bb2d-96f5-4e1b-bc73-6edddb5aa3d5
7ff35708-22d7-45ca-bdd9-b678e6a10a2a,100,1,789a3717-2f81-40ef-a69c-222d6b362080
c61327e1-f02c-40fd-ba66-bf69003d0b3f,14,1,789a3717-2f81-40ef-a69c-222d6b362080
28fc349e-9754-478f-9da4-055bf1fe436c,200,1,789a3717-2f81-40ef-a69c-222d6b362080
003fa035-2ae8-47ba-8963-e2c313757722,25,1,789a3717-2f81-40ef-a69c-222d6b362080
7616cf41-6642-410d-bc97-72f43e1060aa,400,1,789a3717-2f81-40ef-a69c-222d6b362080
22cc437a-6737-4304-9af5-e7208c77611f,45,1,789a3717-2f81-40ef-a69c-222d6b362080
6b9209aa-1893-4616-8b15-644309f4e412,600,1,789a3717-2f81-40ef-a69c-222d6b362080
6f3c99a9-abcf-4179-9231-a791c876f904,75,1,789a3717-2f81-40ef-a69c-222d6b362080
2561fe3e-da4e-4a49-95b5-e61d2e13c845,800,1,789a3717-2f81-40ef-a69c-222d6b362080
844d9951-392e-426f-bbd0-9e3863a122f0,Maestro,1,789a3717-2f81-40ef-a69c-222d6b362080
a56962f5-bb66-4b94-a91d-7607c7501e7d,Metro,1,789a3717-2f81-40ef-a69c-222d6b362080
d71c9031-7b98-4aa3-83ad-2647e0a796c7,Mini,1,789a3717-2f81-40ef-a69c-222d6b362080
44e8454f-0e95-414e-bb41-d5a91c6a7ab0,Montego,1,789a3717-2f81-40ef-a69c-222d6b362080
0fe990ff-1014-45cb-bcaa-332280b64f39,P3,1,789a3717-2f81-40ef-a69c-222d6b362080
5dc593dc-639f-4f8b-9167-4dac62334521,P4,1,789a3717-2f81-40ef-a69c-222d6b362080
ce308764-52f0-45cb-b363-33c15402ca97,P6,1,789a3717-2f81-40ef-a69c-222d6b362080
7d6bbebf-4235-4833-bddd-a922989d6486,SD1,1,789a3717-2f81-40ef-a69c-222d6b362080
2ee0d490-d3e7-41db-b920-ae959dfc82fc,Streetwise,1,789a3717-2f81-40ef-a69c-222d6b362080
14e99a0d-7195-448d-a95c-3ff0bddb528f,1,1,872b5f8e-a5f1-4903-8c80-04b6bb8edeac
daa550c9-7a2a-4b42-9759-3c8a135a0a95,С24,1,a97a0fa2-dc8b-4ded-8636-c0169f6a1afa
3574e637-f297-4a78-953e-60ed5467cd71,600,1,9fe925b5-18cb-4f33-8759-db0f2b513430
5166b645-215b-4e4f-a9c4-9a35bb6d2f35,90,1,9fe925b5-18cb-4f33-8759-db0f2b513430
7c2b9739-60b0-4859-8c0d-bc5de78465c8,900,1,9fe925b5-18cb-4f33-8759-db0f2b513430
cc16dbee-be0f-4ce4-85a9-064a2de718f0,9000,1,9fe925b5-18cb-4f33-8759-db0f2b513430
f212f607-d54c-458a-8b9b-74d8ad69662b,93,1,9fe925b5-18cb-4f33-8759-db0f2b513430
44af2e8f-a379-408d-aa47-0a0c145617f1,95,1,9fe925b5-18cb-4f33-8759-db0f2b513430
60b18412-8ae0-4ce1-8e6b-d217ed53cd5b,96,1,9fe925b5-18cb-4f33-8759-db0f2b513430
80d6c718-df37-45a3-aa8e-dfe3a0e2b40c,99,1,9fe925b5-18cb-4f33-8759-db0f2b513430
fb1bd49c-e3c0-446c-aa4f-abb904c45a40,9-2X,1,9fe925b5-18cb-4f33-8759-db0f2b513430
465d441d-6c23-4140-9392-64d6edf57931,9-3,1,9fe925b5-18cb-4f33-8759-db0f2b513430
ca52c44a-64c7-4963-b664-28ba2e0cac85,9-4X,1,9fe925b5-18cb-4f33-8759-db0f2b513430
7aa61c89-d608-47fc-acad-b3c50db599b1,9-5,1,9fe925b5-18cb-4f33-8759-db0f2b513430
016c15b8-40bc-4fe2-99f8-f2852322de27,9-7X,1,9fe925b5-18cb-4f33-8759-db0f2b513430
1ccc64ed-5ddb-4cd5-9ac1-68f38a7cd3ca,Sonett,1,9fe925b5-18cb-4f33-8759-db0f2b513430
a5de5309-8856-4c2b-906c-ff155813f655,Quick,1,c0263283-936e-4334-8746-6272891e9953
cf42e53c-cdb8-43b5-965e-8b01422d0980,Saina,1,c0263283-936e-4334-8746-6272891e9953
e2c19854-b3d5-4ef8-868d-ac98efb10e3e,Shahin,1,c0263283-936e-4334-8746-6272891e9953
d8fc3981-f523-4875-8932-f13edd851f05,Tiba,1,c0263283-936e-4334-8746-6272891e9953
26c8731b-9190-43dd-9bf0-a9a852b977de,S7,1,ce2f5c5e-0ee1-4c56-9811-424555785b4c
09de3724-68b2-443d-93f6-d3d33e71cb5e,S281,1,ce2f5c5e-0ee1-4c56-9811-424555785b4c
0a85bac0-38ce-4baf-9310-b1aeadb66b56,QM3,1,636c9c59-553d-48ed-b6db-a0143cde0f63
b1d303ac-58e5-452f-b340-c9879e9f9d7d,QM5,1,636c9c59-553d-48ed-b6db-a0143cde0f63
964bf313-11ed-4169-ae59-44ce734d0f1b,QM6,1,636c9c59-553d-48ed-b6db-a0143cde0f63
eb8421c0-d6ef-4d94-ab77-94f9fad3bd6c,SM3,1,636c9c59-553d-48ed-b6db-a0143cde0f63
ed9c2c63-b8d8-46d5-8008-90c17f961291,SM5,1,636c9c59-553d-48ed-b6db-a0143cde0f63
48e923cf-0601-42e8-b81f-1256d9061d98,SM6,1,636c9c59-553d-48ed-b6db-a0143cde0f63
e7b6b1a2-e80e-4cc4-be4b-ff0e7884e029,SM7,1,636c9c59-553d-48ed-b6db-a0143cde0f63
cade4b2b-ed6e-4387-88d7-ea2f90cb5188,XM3,1,636c9c59-553d-48ed-b6db-a0143cde0f63
f09c6a5e-5f65-430c-bbe5-23b357519c7f,Alreem,1,26dfc384-18ab-4340-b75a-0247eff84f6e
a58b7c40-83bb-4b4b-b946-b48dd5298f41,S24,1,26dfc384-18ab-4340-b75a-0247eff84f6e
7dda6c5f-6a63-4811-9958-e4249367e23b,PS-10,1,54739e90-ee70-4cf8-8963-53ea081f83f5
e6c1151f-b7ac-41ac-b8a6-24a469abe9d6,Astra,1,d9737c4f-8177-40a1-b4f4-44b69a8ff0aa
204741b0-5cdc-4991-b8e6-d696b206afa0,Aura,1,d9737c4f-8177-40a1-b4f4-44b69a8ff0aa
0b5eb2b9-d454-44c9-84e1-28acf05baffe,ION,1,d9737c4f-8177-40a1-b4f4-44b69a8ff0aa
c240d9db-4062-4d64-b762-7b67b3e865e5,LS,1,d9737c4f-8177-40a1-b4f4-44b69a8ff0aa
f8eec427-4934-4fed-b477-9a73c0e5a46e,LW,1,d9737c4f-8177-40a1-b4f4-44b69a8ff0aa
00b3452f-d901-4533-a9e6-5a7c7da84410,Outlook,1,d9737c4f-8177-40a1-b4f4-44b69a8ff0aa
6a3d0575-ec9c-41bf-93d3-1dd7f38c255b,Relay,1,d9737c4f-8177-40a1-b4f4-44b69a8ff0aa
50364160-26d0-463a-aaa6-f9384561194b,SC,1,d9737c4f-8177-40a1-b4f4-44b69a8ff0aa
314e4383-4ec8-48f9-bd5a-973efaa448a6,Sky,1,d9737c4f-8177-40a1-b4f4-44b69a8ff0aa
c0b0bcb5-ecc6-4bc1-a874-d2e96056755e,SL,1,d9737c4f-8177-40a1-b4f4-44b69a8ff0aa
dc2b7247-109a-4d7a-ac6b-afa24e67336e,SW,1,d9737c4f-8177-40a1-b4f4-44b69a8ff0aa
979952fe-8d17-44d0-a4f0-624657c7da8c,VUE,1,d9737c4f-8177-40a1-b4f4-44b69a8ff0aa
4aa183b8-321c-4208-94db-5d7ed656f32b,FR-S,1,13acfe7f-b36a-49d2-9dd1-c65b797cbc59
d11fcf0a-3761-46ed-9fd9-9aae887bc2a5,iA,1,13acfe7f-b36a-49d2-9dd1-c65b797cbc59
2f7f3983-a9a8-4612-95c2-ce921a35a187,iM,1,13acfe7f-b36a-49d2-9dd1-c65b797cbc59
edf344ce-3b71-4c44-92e0-e839048f4814,iQ,1,13acfe7f-b36a-49d2-9dd1-c65b797cbc59
2188ee46-37da-4ebd-acd6-c1dc270f8e24,tC,1,13acfe7f-b36a-49d2-9dd1-c65b797cbc59
cc58092d-70d4-42fd-9ee8-a30a78d99715,xA,1,13acfe7f-b36a-49d2-9dd1-c65b797cbc59
5657d7da-500b-4cd8-b7ea-2c5e32982430,xB,1,13acfe7f-b36a-49d2-9dd1-c65b797cbc59
d8fac623-62e2-4f84-b1cb-e7a8985a21be,xD,1,13acfe7f-b36a-49d2-9dd1-c65b797cbc59
a9829f45-69c1-41b3-b4ac-d530d6eb8067,Terra,1,fb42c507-922e-4daa-af25-1ba53879152f
72d4a8d5-bc25-4fe0-9b6d-9ea857ad436c,Traveler,1,fb42c507-922e-4daa-af25-1ba53879152f
2111ea52-9614-4429-a4bc-8b52bafcbe96,Model J,1,7bca3f3e-0ce3-4359-b0bd-f3901fdbe843
2f14ee4f-dd31-47d3-9795-ee53afd9da24,132,1,8c3c0986-7011-47f1-b8cd-f078665cd1cf
92f5cb1b-c7de-4934-a7c5-200271c915f0,133,1,8c3c0986-7011-47f1-b8cd-f078665cd1cf
6e43c13a-037f-4666-a9d9-67f0a4e55287,Alhambra,1,8c3c0986-7011-47f1-b8cd-f078665cd1cf
7d20273f-85a1-4401-8a6c-d866aaabe72a,Altea,1,8c3c0986-7011-47f1-b8cd-f078665cd1cf
029af756-bd3a-4135-8656-be0a14ad11ec,Arona,1,8c3c0986-7011-47f1-b8cd-f078665cd1cf
b467c0a2-1437-4256-946c-d28b698fd0d5,Arosa,1,8c3c0986-7011-47f1-b8cd-f078665cd1cf
e481499b-eec2-4364-896a-af0186976f85,Ateca,1,8c3c0986-7011-47f1-b8cd-f078665cd1cf
f013e759-4f4d-442a-be0f-68a1e30ee35e,Cordoba,1,8c3c0986-7011-47f1-b8cd-f078665cd1cf
242abf96-b2f4-4882-af7c-917b7738364e,Exeo,1,8c3c0986-7011-47f1-b8cd-f078665cd1cf
0ecf3eb7-132d-4c30-a011-88dfa7ab993d,Fura,1,8c3c0986-7011-47f1-b8cd-f078665cd1cf
0d8e7e7f-bc48-4ee8-b4a6-d553075591ae,Ibiza,1,8c3c0986-7011-47f1-b8cd-f078665cd1cf
646da71a-662f-4c64-8c30-4af2499f1317,Ibiza Cupra,1,8c3c0986-7011-47f1-b8cd-f078665cd1cf
b058a71e-b75d-43a6-a3d6-c2ad1f7684c3,Inca,1,8c3c0986-7011-47f1-b8cd-f078665cd1cf
e8cc2917-9e45-4957-9e6f-856249401d0d,Leon,1,8c3c0986-7011-47f1-b8cd-f078665cd1cf
6accac17-cddd-4df4-b064-851996f53750,Leon Cupra,1,8c3c0986-7011-47f1-b8cd-f078665cd1cf
42682ae4-3ca7-4286-89c4-85f42abb7e3e,Malaga,1,8c3c0986-7011-47f1-b8cd-f078665cd1cf
ecf02a29-19b4-4477-afb1-dbc2ac3c8098,Marbella,1,8c3c0986-7011-47f1-b8cd-f078665cd1cf
41e533fb-3dc6-41ef-ab67-98e12e38a913,Mii,1,8c3c0986-7011-47f1-b8cd-f078665cd1cf
341e5ff6-dde0-4498-9960-e399c9f25c5e,Ronda,1,8c3c0986-7011-47f1-b8cd-f078665cd1cf
3510f171-a7ae-4443-a5b1-eda3dbcf1ed8,Tarraco,1,8c3c0986-7011-47f1-b8cd-f078665cd1cf
0f1c1c98-0eb3-4916-9b10-7be99f3b9311,Toledo,1,8c3c0986-7011-47f1-b8cd-f078665cd1cf
7b84bc13-a3a6-43a1-9664-2c3bca4e9e15,M5,1,305b707d-539c-4968-b448-847fde231d6b
f142d430-074e-4bd1-bdd1-971528a360bc,M7,1,305b707d-539c-4968-b448-847fde231d6b
5756d019-e5af-4c81-8a5e-c4424f6afce1,M9,1,305b707d-539c-4968-b448-847fde231d6b
251906a9-dced-4149-8e65-d56f3096049d,SF5,1,305b707d-539c-4968-b448-847fde231d6b
a1ec486a-5894-413e-a326-1ba35065b2f4,C31,1,768988c3-9b78-4d6c-b9b1-a62f370043f2
88c62514-b294-43b4-80a9-611ade5017b9,C32,1,768988c3-9b78-4d6c-b9b1-a62f370043f2
c5a253b5-0d96-482c-97b3-101158f2592f,C51,1,768988c3-9b78-4d6c-b9b1-a62f370043f2
38bccbd3-fb5c-4374-84a2-a7ed3d69f840,C52,1,768988c3-9b78-4d6c-b9b1-a62f370043f2
21ec286d-8834-4b65-aedf-f5a57b64d862,C61,1,768988c3-9b78-4d6c-b9b1-a62f370043f2
0a8a743b-8d5c-4704-8439-e9432f9153b8,C81,1,768988c3-9b78-4d6c-b9b1-a62f370043f2
aa3cb675-e2fd-4dfc-91a2-2685ae4ed20f,Noble,1,4a82faba-e2ad-4ca7-9a60-9e67e6a393ed
91c70962-a255-4ff3-8192-3d7b314acf7f,Sceo,1,4a82faba-e2ad-4ca7-9a60-9e67e6a393ed
fcf61c54-a4c1-4ce3-b516-5b6f8398146c,1300/1500,1,9ec5d9d1-cfd5-47b4-8ed5-7a27f635bb31
182232ad-22ab-4c3b-ac6a-2f3fe0a9ff9d,1307,1,9ec5d9d1-cfd5-47b4-8ed5-7a27f635bb31
2c824e5d-29a4-46f5-9efe-f4b4dfa62e0b,100 Series,1,91257270-f526-43f3-b41f-0264f0a648bc
811d388d-c532-495c-a55b-041e825caba6,"105, 120",1,91257270-f526-43f3-b41f-0264f0a648bc
48ad1756-a66c-49d2-9150-fba49ea17d4e,1200,1,91257270-f526-43f3-b41f-0264f0a648bc
18fc9648-a109-4137-8057-3f6451e283de,Citigo,1,91257270-f526-43f3-b41f-0264f0a648bc
01984729-52e7-47b5-a5d7-d394ea3171a3,Elroq,1,91257270-f526-43f3-b41f-0264f0a648bc
07e1320d-0278-485d-9cde-7ed2c290bc6d,Elroq RS,1,91257270-f526-43f3-b41f-0264f0a648bc
13f7ee52-3b55-4520-8539-441709886f12,Enyaq,1,91257270-f526-43f3-b41f-0264f0a648bc
8b65dd55-ade4-467a-9424-e6f6339bfc6c,Enyaq Coupe,1,91257270-f526-43f3-b41f-0264f0a648bc
f471a84d-7b49-44b7-9c3d-d50a8aa28f56,Enyaq Coupe RS,1,91257270-f526-43f3-b41f-0264f0a648bc
1836189d-7535-4b25-b83a-d33e6e812156,Enyaq RS,1,91257270-f526-43f3-b41f-0264f0a648bc
94b3771f-4d11-4844-aa32-fa21ceb376b2,Fabia,1,91257270-f526-43f3-b41f-0264f0a648bc
4f329512-f238-4c66-aa7a-4d920a240f9b,Fabia RS,1,91257270-f526-43f3-b41f-0264f0a648bc
e61bbf3e-eff7-444c-8ac5-fab1e9527217,Favorit,1,91257270-f526-43f3-b41f-0264f0a648bc
237d7039-6535-4f28-9fa0-5e0ba3a4c5c4,Felicia,1,91257270-f526-43f3-b41f-0264f0a648bc
e94570ef-c99a-423d-82b7-82ffa7d3bd28,Forman,1,91257270-f526-43f3-b41f-0264f0a648bc
425b3c89-5667-422b-bcf2-39662ae217ad,Kamiq,1,91257270-f526-43f3-b41f-0264f0a648bc
267afee4-f8f8-41b0-8b55-a11d4c1b8070,Karoq,1,91257270-f526-43f3-b41f-0264f0a648bc
040f665f-2e44-484a-af3c-7c7778b7ba0c,Kodiaq,1,91257270-f526-43f3-b41f-0264f0a648bc
2115348e-89a0-4b9d-9fc4-7f575958e187,Kodiaq GT,1,91257270-f526-43f3-b41f-0264f0a648bc
069634f7-410b-4463-8cfd-38eb578822b2,Kodiaq RS,1,91257270-f526-43f3-b41f-0264f0a648bc
d5470ee1-b133-45f9-85e5-2efaf76bc41c,Kushaq,1,91257270-f526-43f3-b41f-0264f0a648bc
149e3141-22a3-4349-a681-402e3050c89e,Kylaq,1,91257270-f526-43f3-b41f-0264f0a648bc
c585d9e7-a7a0-40ae-bbf3-0fb596535736,Octavia,1,91257270-f526-43f3-b41f-0264f0a648bc
a1373630-5d34-4c1f-8bf5-87f916cf3c55,Octavia RS,1,91257270-f526-43f3-b41f-0264f0a648bc
dc66d102-6bc5-4c49-80c0-036f2b0ce95e,Popular,1,91257270-f526-43f3-b41f-0264f0a648bc
b912cf58-09e8-446e-ab11-90a3865bc736,Rapid,1,91257270-f526-43f3-b41f-0264f0a648bc
5026c0bc-9e01-4e2c-973f-b18f0f10ef63,Roomster,1,91257270-f526-43f3-b41f-0264f0a648bc
330bc895-cb16-4d42-a5ec-5edfe15a6800,Scala,1,91257270-f526-43f3-b41f-0264f0a648bc
841752f9-e342-4ab0-a2cc-17df2759013a,Slavia,1,91257270-f526-43f3-b41f-0264f0a648bc
2f9618fc-683b-4a68-9683-6305373272ae,Superb,1,91257270-f526-43f3-b41f-0264f0a648bc
c9daade2-79e1-4f81-8043-20a02106c676,Yeti,1,91257270-f526-43f3-b41f-0264f0a648bc
a56bab15-45e8-44f0-bd91-d322b758f2c7,ET5,1,a991d2bf-db55-48b7-bd9d-8406aadeb295
411d412f-9d1f-49c7-bef0-f3513f6944e9,HT-i,1,a991d2bf-db55-48b7-bd9d-8406aadeb295
fb4b67bf-51bb-45e5-aad2-9f8813b1ce89,EV6,1,0304a670-d3ab-429c-81ef-e4050707d83c
02bdedb2-3642-48af-a285-d0c8bff3d286,Forfour,1,9cdbae64-2919-44cd-ab3a-f199cfb95a0c
d19a68be-1f12-492c-a53e-99f9cfc44667,Fortwo,1,9cdbae64-2919-44cd-ab3a-f199cfb95a0c
f04a0598-6633-4c69-946c-5f69d62cf8d1,#1,1,9cdbae64-2919-44cd-ab3a-f199cfb95a0c
0151b52f-940f-4ca7-8ee2-f34f44c8dec2,#3,1,9cdbae64-2919-44cd-ab3a-f199cfb95a0c
bf08db06-5921-4d1d-8599-2c45dbd37d06,#5,1,9cdbae64-2919-44cd-ab3a-f199cfb95a0c
fbba2328-1007-4d73-833e-9042d42377b1,Roadster,1,9cdbae64-2919-44cd-ab3a-f199cfb95a0c
6d48fd57-e857-4536-b91f-bb5e674c0409,С-1Л,1,7d575871-a0d1-4d3c-8191-b97a8dfd5a56
23cc3c7e-52fd-4c62-916d-5e094eeb847b,С-3А,1,7d575871-a0d1-4d3c-8191-b97a8dfd5a56
f7fa2e2a-2c5e-4450-b503-b79099586743,С-3Д,1,7d575871-a0d1-4d3c-8191-b97a8dfd5a56
918ff11b-1cd3-4ad4-bf69-681fdc8227e4,С-3Л,1,7d575871-a0d1-4d3c-8191-b97a8dfd5a56
b5b4e05d-618e-419b-8970-afd2fe52d98f,HC,1,34e675fa-cd09-4cda-9b50-05d1f127c996
c0322419-3d64-4bf3-81e6-18951380919c,HS,1,34e675fa-cd09-4cda-9b50-05d1f127c996
9604be64-66a5-4e81-abc3-163484b208cb,KRS,1,34e675fa-cd09-4cda-9b50-05d1f127c996
e235863f-9f25-4e91-93e1-3533ef93d8c2,KRX,1,34e675fa-cd09-4cda-9b50-05d1f127c996
c84ffdec-dbac-4e10-8e3d-fb1374ac4bf7,SP7,1,adf3a889-415a-4ea3-a453-d1f4453a3fa3
f5a57ff2-403e-4fe2-a855-99f6f65b1b68,ST6,1,adf3a889-415a-4ea3-a453-d1f4453a3fa3
6f42bc40-8369-40bf-a834-f4a9864239b0,ST8,1,adf3a889-415a-4ea3-a453-d1f4453a3fa3
c470dc4f-3efd-4ac6-8b09-fd0e00f41734,ST9,1,adf3a889-415a-4ea3-a453-d1f4453a3fa3
a8814ecd-8f84-4e23-aa4a-6a2b4df42ec3,A5,1,ed4cd2cf-9fbc-4e36-a2c2-af2d87978fe4
7b141b2e-0b0b-44d0-8c86-f151e82d79ff,DX3,1,ed4cd2cf-9fbc-4e36-a2c2-af2d87978fe4
48e960f5-6036-4efc-992f-e2de42219a0f,DX5,1,ed4cd2cf-9fbc-4e36-a2c2-af2d87978fe4
22fa898b-4eba-4636-87c0-63ad2881c4ea,DX7,1,ed4cd2cf-9fbc-4e36-a2c2-af2d87978fe4
53f0da3b-53ee-44e5-9f44-b8e40591de0d,DX8,1,ed4cd2cf-9fbc-4e36-a2c2-af2d87978fe4
8cc75e79-ddbd-4500-8abe-a5292aab20c6,DX8S,1,ed4cd2cf-9fbc-4e36-a2c2-af2d87978fe4
de8d78b1-519e-44c5-ab3f-d8a8343b3bd8,Lioncel,1,ed4cd2cf-9fbc-4e36-a2c2-af2d87978fe4
6c4328ee-d8f3-4a1e-9d93-db19c563e0ab,S06,1,ed4cd2cf-9fbc-4e36-a2c2-af2d87978fe4
cac7a38a-d8c4-4334-ae13-da317df0d957,S07,1,ed4cd2cf-9fbc-4e36-a2c2-af2d87978fe4
e8bf7e76-33d4-4ded-8c18-44f99db02466,S09,1,ed4cd2cf-9fbc-4e36-a2c2-af2d87978fe4
212c28e7-1238-4367-b2b7-879a5dcb4924,Soveran,1,ed4cd2cf-9fbc-4e36-a2c2-af2d87978fe4
c45346b6-8439-4dd9-a6dc-06fa5d1bbb96,V3,1,ed4cd2cf-9fbc-4e36-a2c2-af2d87978fe4
7c1fcbb3-24bc-445f-ab7b-e6bc2ed3d5f0,V5,1,ed4cd2cf-9fbc-4e36-a2c2-af2d87978fe4
2fe26cc3-fd79-432e-aee3-341676fd5fa3,V6 Cross,1,ed4cd2cf-9fbc-4e36-a2c2-af2d87978fe4
cd80baca-feab-4d50-aa12-6c7d248c52df,R42,1,28d30aaf-6fb8-4329-97f3-c91ee6dca4bb
53054d35-57ce-46fd-95ab-38c8d008a72e,C12,1,82e6274c-854d-4eb5-8305-f06e7c2fe2ac
77820c81-edd2-4ef4-9f58-aa0370bb7cf1,C8,1,82e6274c-854d-4eb5-8305-f06e7c2fe2ac
d2eae521-4a5e-425d-861d-1df9ac115f31,Actyon,1,563fbcf4-5200-498c-b99f-28407160bf2c
a59101a6-7798-4999-bc14-c7bba2025737,Actyon Sports,1,563fbcf4-5200-498c-b99f-28407160bf2c
d346c64b-2457-4188-a097-79dabea0e375,Chairman,1,563fbcf4-5200-498c-b99f-28407160bf2c
dfe67dc6-5868-48d5-a2be-ff23b59fe760,Istana,1,563fbcf4-5200-498c-b99f-28407160bf2c
0ec5b12c-fb00-496a-bcd8-daa41189d194,Kallista,1,563fbcf4-5200-498c-b99f-28407160bf2c
9896ac3e-5dd0-459c-be89-9bee72d062c6,Korando,1,563fbcf4-5200-498c-b99f-28407160bf2c
8f1b122a-2204-4edb-a4e3-ed7634f74e65,Korando Family,1,563fbcf4-5200-498c-b99f-28407160bf2c
a3c3861d-3455-4373-ae84-6b6992171c43,Korando Sports,1,563fbcf4-5200-498c-b99f-28407160bf2c
bddb4108-13b8-4402-b88f-0e01e05ebde0,Korando Turismo,1,563fbcf4-5200-498c-b99f-28407160bf2c
36d91635-0107-4c2c-882c-cc7c6784d32c,Kyron,1,563fbcf4-5200-498c-b99f-28407160bf2c
54612303-bf93-46d1-835f-3e503e0a730e,Musso,1,563fbcf4-5200-498c-b99f-28407160bf2c
ae7ce5dd-4b58-42e1-8f37-0232e77356cd,Nomad,1,563fbcf4-5200-498c-b99f-28407160bf2c
a33188f9-7307-4ae6-bfe7-147e60c8e457,Rexton,1,563fbcf4-5200-498c-b99f-28407160bf2c
b605c7da-8040-4628-9441-d45f8161b374,Rexton Sports,1,563fbcf4-5200-498c-b99f-28407160bf2c
f25fed84-178e-4366-b025-d72fcda3d560,Rodius,1,563fbcf4-5200-498c-b99f-28407160bf2c
93d6ec9e-9cae-49d3-b9a1-f711b0fa7957,Stavic,1,563fbcf4-5200-498c-b99f-28407160bf2c
2628d981-ff04-4340-a391-0b4248669142,Tivoli,1,563fbcf4-5200-498c-b99f-28407160bf2c
f715be28-b4f4-4f48-a49c-a94e7329a2b0,XLV,1,563fbcf4-5200-498c-b99f-28407160bf2c
2251635c-3911-4157-8f66-cb3b62de524e,Torres,1,563fbcf4-5200-498c-b99f-28407160bf2c
5f7b6d20-d3e5-429c-8c6d-7d36ad98b62c,S9,1,768cf6c0-47bc-427d-959a-4e86fee04ee0
90bb877b-c72e-4502-bd30-34b30467e250,1500,1,85e0875d-e3cd-4964-9617-dc9e96849d02
c62fcedc-cfcc-44e4-b432-311f0e2843cd,Haflinger,1,85e0875d-e3cd-4964-9617-dc9e96849d02
7992a032-29cf-458e-bdd8-255a3cddc545,Golden Hawk,1,4e466496-e55b-4c73-9cb5-aac0ce240310
275a4796-400f-41e1-bb97-956d6e8f676d,1000,1,3a787571-7f7d-4b1f-9d63-f49204605648
c38691d9-a01f-4585-bf88-0fafd5edf301,360,1,3a787571-7f7d-4b1f-9d63-f49204605648
d44e4fdf-cfdb-4e95-bc08-25516d9b46cd,Alcyone,1,3a787571-7f7d-4b1f-9d63-f49204605648
de37e6bf-d899-4ec0-a2c2-eb9531072ac4,Ascent,1,3a787571-7f7d-4b1f-9d63-f49204605648
e3542f69-e28c-476b-8e30-aed29a1260a1,Tribeca,1,3a787571-7f7d-4b1f-9d63-f49204605648
29d7290a-8dc6-40a4-af8a-5df661ea3efd,Baja,1,3a787571-7f7d-4b1f-9d63-f49204605648
f3f0a49a-1fea-4a4d-83ce-adfe21ab5ec4,Bighorn,1,3a787571-7f7d-4b1f-9d63-f49204605648
85e0ce4d-75c4-4f62-9380-a8f05ec8d000,Bistro,1,3a787571-7f7d-4b1f-9d63-f49204605648
2f04d466-5a47-496c-a358-fd9adbc87e77,Brat,1,3a787571-7f7d-4b1f-9d63-f49204605648
6715ecb1-3847-4f65-9df2-a7ae93874859,BRZ,1,3a787571-7f7d-4b1f-9d63-f49204605648
b65cb78e-3448-4c12-a194-92fe9301cf1a,Chiffon,1,3a787571-7f7d-4b1f-9d63-f49204605648
01e0f1ed-87d5-4f83-b8ff-e65b02776210,Crosstrek,1,3a787571-7f7d-4b1f-9d63-f49204605648
89105141-0216-496a-a0ca-fa2687e8f162,Dex,1,3a787571-7f7d-4b1f-9d63-f49204605648
c556a7f8-3638-4915-885a-159ecf536f51,Dias Wagon,1,3a787571-7f7d-4b1f-9d63-f49204605648
7d530626-b6c1-4b25-a4b3-2b067e7cfbc0,Domingo,1,3a787571-7f7d-4b1f-9d63-f49204605648
a51a459e-9d57-4704-88ae-51482aecc0c3,Exiga,1,3a787571-7f7d-4b1f-9d63-f49204605648
71dbfe8e-c59e-4691-ab22-e55398da949b,Forester,1,3a787571-7f7d-4b1f-9d63-f49204605648
8dc5f444-8777-4075-afd8-0cca7786468c,Impreza,1,3a787571-7f7d-4b1f-9d63-f49204605648
2c93bc42-4df2-43b5-8964-e52aafe00e3c,Impreza WRX,1,3a787571-7f7d-4b1f-9d63-f49204605648
222dc927-ddf5-4f4b-a599-855dfc4784d5,Impreza WRX STi,1,3a787571-7f7d-4b1f-9d63-f49204605648
d3f64509-660b-4c55-af75-f6f1a26a163c,Justy,1,3a787571-7f7d-4b1f-9d63-f49204605648
95eaa949-a54f-4f3d-83ab-1492598b1bca,Legacy,1,3a787571-7f7d-4b1f-9d63-f49204605648
0f9d6c84-98ae-4024-b3b4-c0ceece796fb,Legacy Lancaster,1,3a787571-7f7d-4b1f-9d63-f49204605648
71f26b6a-ca1b-4211-81c7-117a448a37bc,Leone,1,3a787571-7f7d-4b1f-9d63-f49204605648
1eb1ed64-b654-4193-a524-4705bdd190dd,Levorg,1,3a787571-7f7d-4b1f-9d63-f49204605648
a50ae600-512c-40f5-ba32-7d62c17e40ee,Libero,1,3a787571-7f7d-4b1f-9d63-f49204605648
48ba3ebb-0944-466b-9947-bfe615adf515,Lucra,1,3a787571-7f7d-4b1f-9d63-f49204605648
ff7359e6-6d0d-4d71-a1d5-0521ac792261,Outback,1,3a787571-7f7d-4b1f-9d63-f49204605648
7f6e6402-755c-4177-8f79-e2740bd79b26,Pleo,1,3a787571-7f7d-4b1f-9d63-f49204605648
88e4eae3-09a4-4486-90d1-31c0867c1c3a,Pleo Plus,1,3a787571-7f7d-4b1f-9d63-f49204605648
fddd9b71-f5db-436e-b6c5-3d9dfeaaa950,R1,1,3a787571-7f7d-4b1f-9d63-f49204605648
1b013a7c-49c9-4db3-aa4d-44a557ede31e,R2,1,3a787571-7f7d-4b1f-9d63-f49204605648
a174a888-507a-48e9-8d1a-ea7037e8f532,Rex,1,3a787571-7f7d-4b1f-9d63-f49204605648
2c544b88-690f-4cb0-a64f-693e92838667,Sambar,1,3a787571-7f7d-4b1f-9d63-f49204605648
a8aa7182-73ba-457c-a11f-306e08b237ab,Solterra,1,3a787571-7f7d-4b1f-9d63-f49204605648
edefb615-d61e-470c-9a2a-38b2f1eeb822,Stella,1,3a787571-7f7d-4b1f-9d63-f49204605648
8a68d485-a521-430d-b631-9315879662f5,SVX,1,3a787571-7f7d-4b1f-9d63-f49204605648
7a1e9cc2-f8af-4e3f-80ea-02c7bb8dca06,Traviq,1,3a787571-7f7d-4b1f-9d63-f49204605648
f776a9d6-5f0d-434b-ab3e-f285291d16c9,Trezia,1,3a787571-7f7d-4b1f-9d63-f49204605648
d6d98e35-1bc8-4eda-9644-22a5c46633c1,Vivio,1,3a787571-7f7d-4b1f-9d63-f49204605648
711a636f-163c-4cfa-a639-311ca392446e,WRX,1,3a787571-7f7d-4b1f-9d63-f49204605648
3db49bd9-c649-486d-b261-47b221e2cc7b,WRX STi,1,3a787571-7f7d-4b1f-9d63-f49204605648
0eea90fe-0c54-434e-8b9b-301b32f35bd8,XT,1,3a787571-7f7d-4b1f-9d63-f49204605648
d6ee75b7-0e16-4a71-9950-4ceb9d673a41,XV,1,3a787571-7f7d-4b1f-9d63-f49204605648
32bc8526-e6bf-480c-ace2-a08352cd27b9,Across,1,acd28110-4be4-42f8-9342-0e28e581b946
948017c0-70f1-4cf2-b5de-652f05cb60d8,Aerio,1,acd28110-4be4-42f8-9342-0e28e581b946
e9e1cb8a-8bd5-4959-808f-0ac2e1da8f2b,Alto,1,acd28110-4be4-42f8-9342-0e28e581b946
8af9a027-982a-4db9-a66b-cd6c0625de43,Alto Lapin,1,acd28110-4be4-42f8-9342-0e28e581b946
5e7649b3-a6b1-48b7-a8ba-783d64909763,APV,1,acd28110-4be4-42f8-9342-0e28e581b946
4031ed58-8ff1-4d49-b354-9f4da974d3c0,Baleno,1,acd28110-4be4-42f8-9342-0e28e581b946
a05fa6f2-7f3a-49f3-81ca-5b16bb750370,Beidouxing,1,acd28110-4be4-42f8-9342-0e28e581b946
a27e7403-3998-4a38-9ed4-9d8cbfb780c8,Cappuccino,1,acd28110-4be4-42f8-9342-0e28e581b946
ea5a7f8b-f9db-493e-8a4e-a8a5993914ab,Cara,1,acd28110-4be4-42f8-9342-0e28e581b946
e67047e6-a9fb-4d50-85ca-79398c241c5c,Carry,1,acd28110-4be4-42f8-9342-0e28e581b946
1aa71738-6ee6-43c1-98f4-53dfd69829c6,Celerio,1,acd28110-4be4-42f8-9342-0e28e581b946
93110b63-a1d8-4b34-891b-b0fc76a00ccc,Cervo,1,acd28110-4be4-42f8-9342-0e28e581b946
395e6937-4692-4b3b-8c5c-b4988c99b594,Ciaz,1,acd28110-4be4-42f8-9342-0e28e581b946
489ede9d-510e-4269-98aa-fc9c30a0586a,Cultus,1,acd28110-4be4-42f8-9342-0e28e581b946
2757b218-dd93-437b-9a45-dc3d1cdfbe37,DZire,1,acd28110-4be4-42f8-9342-0e28e581b946
58a925b1-236e-43a4-93a6-cd12453c0ac7,Eeco,1,acd28110-4be4-42f8-9342-0e28e581b946
40a9e4d7-6564-420a-aca6-b7f01e33a125,Equator,1,acd28110-4be4-42f8-9342-0e28e581b946
ab101a41-7136-42ec-8c7a-be5bb01e2d6f,Ertiga,1,acd28110-4be4-42f8-9342-0e28e581b946
d4885768-87cf-4c77-828c-c00fdf817e94,Escudo,1,acd28110-4be4-42f8-9342-0e28e581b946
d592377a-d28e-4ea1-8749-8644368b3f90,Esteem,1,acd28110-4be4-42f8-9342-0e28e581b946
9f5608e4-b3f8-4e1d-b13e-c904922cccd0,Every,1,acd28110-4be4-42f8-9342-0e28e581b946
a7cb9248-d878-485c-973a-43ef4cde2907,e Vitara,1,acd28110-4be4-42f8-9342-0e28e581b946
be7fd5f1-a061-4232-a173-2cf143524aad,Forenza,1,acd28110-4be4-42f8-9342-0e28e581b946
99e9cc48-e2a6-4f89-82a4-8f803d0e467f,Fronte,1,acd28110-4be4-42f8-9342-0e28e581b946
430649c5-65aa-4170-8c2e-9d774188cf95,Fronx,1,acd28110-4be4-42f8-9342-0e28e581b946
20e76bbb-86f3-41a9-ba1a-28f8a6b8812e,Grand Vitara,1,acd28110-4be4-42f8-9342-0e28e581b946
954643fc-956d-4e42-a0fd-2521191daef2,Hustler,1,acd28110-4be4-42f8-9342-0e28e581b946
73671bda-0349-4866-9d27-572bc952d18f,Ignis,1,acd28110-4be4-42f8-9342-0e28e581b946
1da4e2ac-3cc6-4921-9dbf-d5373fd16e41,Jimny,1,acd28110-4be4-42f8-9342-0e28e581b946
73ae03c3-50c4-4ce6-bae3-1a828f0477c3,Kei,1,acd28110-4be4-42f8-9342-0e28e581b946
0b62f7f5-0364-41f8-830d-172f8cbc8c0c,Kizashi,1,acd28110-4be4-42f8-9342-0e28e581b946
3bd6b79d-a2be-411a-989f-4c046ca03c7c,Landy,1,acd28110-4be4-42f8-9342-0e28e581b946
84095e7b-53b8-437a-a3f8-9d8426b1461f,Liana,1,acd28110-4be4-42f8-9342-0e28e581b946
5ed630e7-46a0-40db-bdc3-ebe5251ca7ae,MR Wagon,1,acd28110-4be4-42f8-9342-0e28e581b946
2a8db522-0e85-4f57-8876-7659f4a1480f,Palette,1,acd28110-4be4-42f8-9342-0e28e581b946
b40beca2-349b-4c6d-a4ee-ea8b025f60e7,Reno,1,acd28110-4be4-42f8-9342-0e28e581b946
452792d2-6f8a-42c5-bb2b-72e2ca29a3d8,Samurai,1,acd28110-4be4-42f8-9342-0e28e581b946
80278e96-cf3a-4516-b783-0b606ca4da74,Sidekick,1,acd28110-4be4-42f8-9342-0e28e581b946
688233ac-0b8f-4da1-b8dc-8ccdea173007,Solio,1,acd28110-4be4-42f8-9342-0e28e581b946
fb790e98-8f7f-48de-912b-64fc8655ca9e,Spacia,1,acd28110-4be4-42f8-9342-0e28e581b946
fe8e18e5-e12b-447a-afca-3c643b7a4067,Splash,1,acd28110-4be4-42f8-9342-0e28e581b946
89d23112-0f02-4142-b414-f2931842f048,Swace,1,acd28110-4be4-42f8-9342-0e28e581b946
ac6b3604-a35c-48e2-acdb-2953eebd3b27,Swift,1,acd28110-4be4-42f8-9342-0e28e581b946
30b0a8d4-609a-40e9-baab-c3604fd11b13,SX4,1,acd28110-4be4-42f8-9342-0e28e581b946
a549740a-885e-4ab0-bba6-e65903df636e,S-Presso,1,acd28110-4be4-42f8-9342-0e28e581b946
2608a062-67e7-47ff-a841-525371db0d71,Twin,1,acd28110-4be4-42f8-9342-0e28e581b946
e293de8f-b18c-468b-a83f-1d86ee815803,Verona,1,acd28110-4be4-42f8-9342-0e28e581b946
94ddf8d7-ac52-49a6-af51-bf27b536f121,Vitara,1,acd28110-4be4-42f8-9342-0e28e581b946
fbe03c26-9229-4784-bebc-aa897acbcb9a,Wagon R,1,acd28110-4be4-42f8-9342-0e28e581b946
a90bce56-0a12-4e89-b1c7-d591f94b6c35,Wagon R+,1,acd28110-4be4-42f8-9342-0e28e581b946
93f3bbea-7411-4030-956f-2de3282cc83f,Xbee,1,acd28110-4be4-42f8-9342-0e28e581b946
40f6a448-aa61-4055-a265-32b608bd8daa,XL7,1,acd28110-4be4-42f8-9342-0e28e581b946
38c873d8-4b5c-416f-ae2a-7164f3c3a875,X-90,1,acd28110-4be4-42f8-9342-0e28e581b946
9e1937a9-4f50-438b-885d-14278c7fa35a,G01,1,8217340a-16c6-4361-baae-2db3bec34c07
9fbdca1c-7e34-4ace-94ae-0e2fba2daade,G01F,1,8217340a-16c6-4361-baae-2db3bec34c07
41879326-650f-49ce-80b0-5960ecfaf847,G03F,1,8217340a-16c6-4361-baae-2db3bec34c07
f17f5543-5857-4333-9282-b7c4304bd922,G05,1,8217340a-16c6-4361-baae-2db3bec34c07
152c46f0-c461-4032-ba79-52cd94227592,G05 Pro,1,8217340a-16c6-4361-baae-2db3bec34c07
7122988b-c638-41ad-bf74-95ff53113344,Tiger,1,8217340a-16c6-4361-baae-2db3bec34c07
b00b9df4-6e2b-4bfe-9185-25281b69c03f,X3,1,8217340a-16c6-4361-baae-2db3bec34c07
6f38103e-eae8-4c55-a2fd-7d88e979c5d7,Shineray X30,1,8217340a-16c6-4361-baae-2db3bec34c07
d93d2c02-6bf9-4f1b-927d-1ae3f2d4d9cd,X7,1,8217340a-16c6-4361-baae-2db3bec34c07
fc2bdb3a-9d67-4859-9c6f-1e1a2d1d723b,Aquila,1,2773fb32-a3dd-4d99-93fc-45790257538c
28ad3901-1677-48be-9453-6b3727888c68,C10,1,2773fb32-a3dd-4d99-93fc-45790257538c
3b3de477-227b-45b8-9018-dc902ef4eb57,C190,1,2773fb32-a3dd-4d99-93fc-45790257538c
ca768a8f-9dad-4eeb-9b27-83667b07711a,C-30,1,2773fb32-a3dd-4d99-93fc-45790257538c
94321894-cf6e-4f7c-96e5-476df1e378fb,Vega,1,2773fb32-a3dd-4d99-93fc-45790257538c
4e588db0-0942-4418-a111-0945334683ce,Road Partner,1,2773fb32-a3dd-4d99-93fc-45790257538c
d6501aaa-c3a4-4e58-9131-070eab83de6b,Tager,1,2773fb32-a3dd-4d99-93fc-45790257538c
b15d4619-2156-424f-ba09-24b4c64dd74b,1510,1,bd66b79c-8c6d-474a-aa35-b2154295a628
fa302636-429f-4ca3-8789-aeb5f4e0201c,Avenger,1,bd66b79c-8c6d-474a-aa35-b2154295a628
27393988-99c2-485d-ab47-48cfb5d901d0,Horizon,1,bd66b79c-8c6d-474a-aa35-b2154295a628
b4103a9d-c4b8-42af-80da-49c4ddb723b8,Rancho,1,bd66b79c-8c6d-474a-aa35-b2154295a628
4ab284da-2ee9-483e-8644-da0ac367e222,Samba,1,bd66b79c-8c6d-474a-aa35-b2154295a628
f5bb91c6-3ff5-472a-abb0-203944247c6c,Solara,1,bd66b79c-8c6d-474a-aa35-b2154295a628
0319d289-772f-45e7-9c34-c718edb6aaee,Tagora,1,bd66b79c-8c6d-474a-aa35-b2154295a628
769bcb47-b97d-4b4a-b44a-1cd94c3554fe,300,1,6c6683ce-0ff0-4d73-9928-7ea328484743
f719c781-1c10-40a8-837a-38d44afed514,400,1,6c6683ce-0ff0-4d73-9928-7ea328484743
2a525511-19bf-47e4-b9bc-f05c9a067121,500,1,6c6683ce-0ff0-4d73-9928-7ea328484743
d0a8fc4c-719a-407a-872d-97b1f391cef2,700,1,6c6683ce-0ff0-4d73-9928-7ea328484743
5253aa70-2ff7-4db9-91b6-bb91c7974ed7,Aria,1,0a8a9559-0649-4972-937d-325d22af9031
f5137a38-b60a-4ca4-a39f-5b11bd9bd870,Curvv,1,0a8a9559-0649-4972-937d-325d22af9031
a6b4fd38-b911-47c8-8476-2d7b9be2a618,Estate,1,0a8a9559-0649-4972-937d-325d22af9031
58bbd0c0-fda1-420c-8a95-1a55c10ebe58,Indica,1,0a8a9559-0649-4972-937d-325d22af9031
d6330e34-30c1-435a-9a41-7ded1324c7d0,Indigo,1,0a8a9559-0649-4972-937d-325d22af9031
a7711e07-dba8-4552-8d3f-8bf0e096e744,Nano,1,0a8a9559-0649-4972-937d-325d22af9031
24cabed4-8161-4d1b-bd48-7466021cb140,Safari,1,0a8a9559-0649-4972-937d-325d22af9031
630dc15b-815e-41b9-baba-babc674e50e1,Sierra,1,0a8a9559-0649-4972-937d-325d22af9031
a1165992-3d10-407a-8496-983bdfb6248e,Sumo,1,0a8a9559-0649-4972-937d-325d22af9031
4cd40a8e-a93c-46dd-86ef-320e884801da,Sumo Grande,1,0a8a9559-0649-4972-937d-325d22af9031
3d07a291-ff9d-4b0f-a0b5-c9422c9a16a2,Telcoline,1,0a8a9559-0649-4972-937d-325d22af9031
fb072d39-3b6e-4b48-9ce7-651af2a77b88,Xenon,1,0a8a9559-0649-4972-937d-325d22af9031
c010cf05-ce99-42ca-91d9-1c53957f734c,57,1,8d0dae1c-0e92-4761-9330-c6fde9384ea3
cb389094-58a7-483e-aa0c-a68b2eca1203,77,1,8d0dae1c-0e92-4761-9330-c6fde9384ea3
cb2ba730-327a-4687-8f5b-e4ed670778d0,80,1,8d0dae1c-0e92-4761-9330-c6fde9384ea3
fcdff70d-db9d-48ce-aa8d-cd78820597cc,87,1,8d0dae1c-0e92-4761-9330-c6fde9384ea3
7a919d5c-6dcc-4cac-b20d-144afac0240f,T600,1,8d0dae1c-0e92-4761-9330-c6fde9384ea3
0b0a8cda-b6c7-4ff6-ab7b-85cf0ec10221,T603,1,8d0dae1c-0e92-4761-9330-c6fde9384ea3
e583df3a-561a-4765-97c1-24b3dea3f381,T613,1,8d0dae1c-0e92-4761-9330-c6fde9384ea3
97912958-002b-4806-b9d2-11dcd0b9b396,T700,1,8d0dae1c-0e92-4761-9330-c6fde9384ea3
3f8a745c-b897-446f-8f5a-1b5a6050c928,Zero,1,edfdf871-bd82-4e49-8a83-ac045804cfe9
e9ada1f8-8e51-49c6-bbe2-561405cfa3c0,T4,1,0f7592ef-57a8-45f6-8fb8-98959fbc053a
bdab2dc4-2908-4547-9401-7cd44a1d52b7,T7,1,0f7592ef-57a8-45f6-8fb8-98959fbc053a
ec0aca02-fd56-4a5a-a94c-bfdd2076a5c5,T8,1,0f7592ef-57a8-45f6-8fb8-98959fbc053a
ba128ff6-ead9-440a-abd7-5b0b1cf43b6f,Cybertruck,1,bd912c4a-5602-4576-b2c1-b984227367ed
d6868e13-2818-4eef-becd-2acb2c9a24d5,Model 3,1,bd912c4a-5602-4576-b2c1-b984227367ed
68841ff7-ce29-48dd-bb44-61db235dd2f3,Model S,1,bd912c4a-5602-4576-b2c1-b984227367ed
0dec0365-4091-427c-8cdc-2914d2fb5211,Model X,1,bd912c4a-5602-4576-b2c1-b984227367ed
4a11d2e1-b062-4859-9c0e-25d7a9cf0a60,Model Y,1,bd912c4a-5602-4576-b2c1-b984227367ed
32b3b2d1-210a-4b41-86ee-c99a41019137,Roadster,1,bd912c4a-5602-4576-b2c1-b984227367ed
445b3a5b-7afd-48c4-a292-e85cf6abb070,Transformer,1,2f882594-b208-4f36-b524-eb115ba03d32
b3135748-d89d-47c4-bfbd-e4c6358ad2dd,City,1,7d101b22-f4d1-4054-b3f3-391a42df8d12
c8d6b7c6-1497-4dce-962c-3653d2e8eb59,Century,1,fef64b6b-1264-4447-b161-4aa7ff5319d8
7ddc173b-56ba-47d3-b4d7-abf025a15b83,Dragon,1,fef64b6b-1264-4447-b161-4aa7ff5319d8
0f5503bb-0dac-496c-aa6d-1583107b2deb,Admiral,1,8a860031-1fba-45eb-a545-4091d4348db7
c8b4f772-b605-45b6-9465-971880eedad4,Kartal,1,2c573d21-54f2-4b99-941d-0957060f339f
0efdbb4f-4616-458c-96bc-0ac4645cc218,Murat 124,1,2c573d21-54f2-4b99-941d-0957060f339f
42d6a564-9f5d-48c8-a8c7-0ae548045783,Murat 131,1,2c573d21-54f2-4b99-941d-0957060f339f
57942bf5-c816-4dd8-8ccd-06105d746c30,Sahin,1,2c573d21-54f2-4b99-941d-0957060f339f
b6fc227f-8644-46d3-8624-32997eff812e,Serce,1,2c573d21-54f2-4b99-941d-0957060f339f
6e46a1dc-f275-4e3f-8dad-71e6b2d48c0d,2000GT,1,9aec9657-026a-4893-81a4-eb92584d17b9
5e44e273-6c55-4191-8fd1-e5625d3f9c6c,4Runner,1,9aec9657-026a-4893-81a4-eb92584d17b9
c8aa9c54-648d-4055-af14-ea46f682e972,Agya,1,9aec9657-026a-4893-81a4-eb92584d17b9
4f41a2e6-9c98-46a0-af4e-92377d5dab9a,Allex,1,9aec9657-026a-4893-81a4-eb92584d17b9
47ea1459-39ca-4a3f-be95-eee130746c7c,Allion,1,9aec9657-026a-4893-81a4-eb92584d17b9
3ff4e6fb-42d7-485a-92bb-f322dc2fc788,Alphard,1,9aec9657-026a-4893-81a4-eb92584d17b9
7e8a9500-b3eb-47ef-8ab8-a176abf5c5ec,Altezza,1,9aec9657-026a-4893-81a4-eb92584d17b9
25b8909d-07be-4666-9abf-5d9f9bcc98c5,Aqua,1,9aec9657-026a-4893-81a4-eb92584d17b9
298fadac-f060-4b54-81fc-ce101f0bcbec,Aristo,1,9aec9657-026a-4893-81a4-eb92584d17b9
d9c92831-cc9f-4fcc-a786-1718bb86d5df,Aurion,1,9aec9657-026a-4893-81a4-eb92584d17b9
a8ddb94e-c268-4b1e-8508-dc164fcdedc4,Auris,1,9aec9657-026a-4893-81a4-eb92584d17b9
831bc4f2-bdf3-4f27-8216-dae273ef0968,Avalon,1,9aec9657-026a-4893-81a4-eb92584d17b9
31316c57-cb2c-441c-bbfb-8331396a19bc,Avanza,1,9aec9657-026a-4893-81a4-eb92584d17b9
4acb2762-524b-4fb0-b318-c64fcef2b5d7,Avensis,1,9aec9657-026a-4893-81a4-eb92584d17b9
77d6a229-2ddc-4433-9e3f-bbb9bcc19c62,Avensis Verso,1,9aec9657-026a-4893-81a4-eb92584d17b9
fbee45aa-e616-4cca-b531-31cacce57527,Aygo,1,9aec9657-026a-4893-81a4-eb92584d17b9
57af6383-9b3b-47d0-82c9-3087a99d90f0,Aygo X,1,9aec9657-026a-4893-81a4-eb92584d17b9
b324e430-7b61-4a81-bd78-c72d8ac90e4a,bB,1,9aec9657-026a-4893-81a4-eb92584d17b9
11170308-e6f8-4b43-888a-02d6b416c486,Belta,1,9aec9657-026a-4893-81a4-eb92584d17b9
338e997c-70ab-4ab8-8e71-96bd4a21973c,Blade,1,9aec9657-026a-4893-81a4-eb92584d17b9
d85a7325-8bb8-4448-b309-ce0c771e9c6e,Blizzard,1,9aec9657-026a-4893-81a4-eb92584d17b9
39853ed0-9fbc-40d9-80d2-28f2a13e9e2c,Brevis,1,9aec9657-026a-4893-81a4-eb92584d17b9
922567c3-3003-43c4-81fa-7e54a767b72d,bZ,1,9aec9657-026a-4893-81a4-eb92584d17b9
c3c68593-9735-407e-a29c-9d8a17909bf0,bZ3,1,9aec9657-026a-4893-81a4-eb92584d17b9
a02febb6-6ccb-415f-ad62-ed07b097c37f,bZ3C,1,9aec9657-026a-4893-81a4-eb92584d17b9
73a41e3a-025a-40fa-8289-2a1d73d0292b,bZ3X,1,9aec9657-026a-4893-81a4-eb92584d17b9
b75c1558-3c41-49aa-805b-342ac4338600,bZ4X,1,9aec9657-026a-4893-81a4-eb92584d17b9
5ed73804-8331-48bb-baec-babb289109eb,bZ5,1,9aec9657-026a-4893-81a4-eb92584d17b9
6f996b7d-eec7-40ad-8ec1-2a291a6f2f9b,Caldina,1,9aec9657-026a-4893-81a4-eb92584d17b9
9a511577-84fc-49ff-9d54-35d05850618d,Cami,1,9aec9657-026a-4893-81a4-eb92584d17b9
2446c77a-fb19-4082-85e4-5f4b71b17f59,Camry,1,9aec9657-026a-4893-81a4-eb92584d17b9
02b71944-4efe-4c06-a4a3-386189778988,Camry Solara,1,9aec9657-026a-4893-81a4-eb92584d17b9
2685e12c-2e1b-4bdd-aa83-523e1d097d29,Carina,1,9aec9657-026a-4893-81a4-eb92584d17b9
d1a1dc12-7f1e-4993-96b1-8d8f1318b27e,Carina E,1,9aec9657-026a-4893-81a4-eb92584d17b9
2f9d627f-37bc-4205-9743-5c73c05efcfb,Carina ED,1,9aec9657-026a-4893-81a4-eb92584d17b9
7ced3f6a-bdff-4672-80f6-5e7439655bd9,Cavalier,1,9aec9657-026a-4893-81a4-eb92584d17b9
63a051c1-993f-4d9b-a988-422e14c0eb83,Celica,1,9aec9657-026a-4893-81a4-eb92584d17b9
308cdb81-ddf0-4bbb-9fae-b50f0bc1cb55,Celsior,1,9aec9657-026a-4893-81a4-eb92584d17b9
e17828c6-e38f-41af-a5d1-c28c88dd152a,Century,1,9aec9657-026a-4893-81a4-eb92584d17b9
fb23ec42-e5b1-4c82-b9a8-3420ca7734b0,Chaser,1,9aec9657-026a-4893-81a4-eb92584d17b9
8d8d4d0a-7ad6-48ea-9de9-1f00cb440aa7,Classic,1,9aec9657-026a-4893-81a4-eb92584d17b9
9e480263-a6ed-449b-84a0-6931294b5ddd,Comfort,1,9aec9657-026a-4893-81a4-eb92584d17b9
0d088113-2fe7-4aba-8f2f-58226dac8f99,COMS,1,9aec9657-026a-4893-81a4-eb92584d17b9
fa5abfa7-0628-4a18-9026-42772bf49622,Copen,1,9aec9657-026a-4893-81a4-eb92584d17b9
e75e17eb-bf44-4ea2-ae36-23e2d7680926,Corolla,1,9aec9657-026a-4893-81a4-eb92584d17b9
60909cc9-5c9e-4a7c-8a0f-444021e2d38e,Corolla Cross,1,9aec9657-026a-4893-81a4-eb92584d17b9
2a6a36b6-7187-4bf6-8368-0050a3ed401a,Corolla II,1,9aec9657-026a-4893-81a4-eb92584d17b9
225012a4-3f7d-4990-a0a8-6c8ee86597a4,Corolla Levin,1,9aec9657-026a-4893-81a4-eb92584d17b9
daaff0b5-cb8f-48d9-8bf1-ac900cdb6d3f,Corolla Rumion,1,9aec9657-026a-4893-81a4-eb92584d17b9
144ce0c9-2e6d-4903-9395-d7523b6cda7d,Corolla Spacio,1,9aec9657-026a-4893-81a4-eb92584d17b9
cfe71792-e48c-4a92-9dc8-cf0ce32467e2,Corolla Verso,1,9aec9657-026a-4893-81a4-eb92584d17b9
16c84cfe-6686-4dff-be34-81470bcffe13,Corona,1,9aec9657-026a-4893-81a4-eb92584d17b9
98b75e1d-9a8a-4e1b-a1e9-3573ec49548e,Corona EXiV,1,9aec9657-026a-4893-81a4-eb92584d17b9
b408f9c6-477f-4a3f-a4e6-6db65ef606a3,Corsa,1,9aec9657-026a-4893-81a4-eb92584d17b9
7405bc39-9a6b-446b-9f5b-fe24fd438d93,Cressida,1,9aec9657-026a-4893-81a4-eb92584d17b9
ad80cefa-2cef-4b11-b0ac-579b213c5617,Cresta,1,9aec9657-026a-4893-81a4-eb92584d17b9
b190148f-93ff-4961-bead-5181c978d740,Crown,1,9aec9657-026a-4893-81a4-eb92584d17b9
b95aec83-77e2-4be6-9934-7162bccbf338,Crown Kluger,1,9aec9657-026a-4893-81a4-eb92584d17b9
2304dd2f-d648-451b-bc06-86ff502faaa8,Crown Majesta,1,9aec9657-026a-4893-81a4-eb92584d17b9
9f606e5d-ecfc-46c0-954f-5303ca14388e,Curren,1,9aec9657-026a-4893-81a4-eb92584d17b9
9529a2e8-1c87-43d6-b93b-a308d6e777e0,Cynos,1,9aec9657-026a-4893-81a4-eb92584d17b9
de6166f9-c53c-4b4c-811b-c984ee321bd5,C-HR,1,9aec9657-026a-4893-81a4-eb92584d17b9
bcfd62f0-e9e4-4eb2-afbd-13439c1911fb,C-HR+,1,9aec9657-026a-4893-81a4-eb92584d17b9
1dd02544-2b5c-43cc-8446-3eea60335721,Duet,1,9aec9657-026a-4893-81a4-eb92584d17b9
a9c3c42e-0416-4b46-8f40-ae510c0cb528,Echo,1,9aec9657-026a-4893-81a4-eb92584d17b9
b08609e6-648f-4513-928a-2b6e2ea357f0,Esquire,1,9aec9657-026a-4893-81a4-eb92584d17b9
9ec73a0f-15fc-4b9e-9bd3-2d9b4965ba44,Estima,1,9aec9657-026a-4893-81a4-eb92584d17b9
59bd220a-cc20-452c-b285-5ef8848540a5,Etios,1,9aec9657-026a-4893-81a4-eb92584d17b9
f3a08605-d4ea-408a-9045-b7bc3283b9fa,FJ Cruiser,1,9aec9657-026a-4893-81a4-eb92584d17b9
3fcaa28d-7730-47ee-92b3-23f46c726dc2,Fortuner,1,9aec9657-026a-4893-81a4-eb92584d17b9
0096a803-3c8f-4d5d-9109-00b453239fd7,Frontlander,1,9aec9657-026a-4893-81a4-eb92584d17b9
0e8dddb4-0a9b-45db-9cd3-a5bf2175620c,FunCargo,1,9aec9657-026a-4893-81a4-eb92584d17b9
27f3c394-652a-40cc-8ba0-cf9e46aa52bf,Gaia,1,9aec9657-026a-4893-81a4-eb92584d17b9
2533f387-7bf3-4fff-95e3-bddae4f6720b,GR86,1,9aec9657-026a-4893-81a4-eb92584d17b9
a4f9fef3-bc95-4d47-9d77-9ccccad3fd95,Grand HiAce,1,9aec9657-026a-4893-81a4-eb92584d17b9
4549d1e3-87ec-4333-86b8-784d72d737eb,Grand Highlander,1,9aec9657-026a-4893-81a4-eb92584d17b9
ca4f0d9f-a196-4fd1-a856-b6c11aa6af4d,Granvia,1,9aec9657-026a-4893-81a4-eb92584d17b9
87c4416a-0fd7-4bb8-95af-43095fd7391f,GT86,1,9aec9657-026a-4893-81a4-eb92584d17b9
bb6f0c3c-f7bb-463c-bc24-c67b26d4b945,Harrier,1,9aec9657-026a-4893-81a4-eb92584d17b9
9f4a91d8-55f0-49ec-befc-211ecf03e33b,HiAce,1,9aec9657-026a-4893-81a4-eb92584d17b9
ca8ecd7d-c4f0-4190-878c-78a446914e6d,Highlander,1,9aec9657-026a-4893-81a4-eb92584d17b9
65278645-7ce4-4be3-a5b6-b758c0e0f241,Hilux,1,9aec9657-026a-4893-81a4-eb92584d17b9
0f8384a5-c99d-4561-af83-82013494858b,Hilux Surf,1,9aec9657-026a-4893-81a4-eb92584d17b9
66707cd7-2e63-48d7-a278-bbeef09bc032,Innova,1,9aec9657-026a-4893-81a4-eb92584d17b9
2b911df3-99a9-4a39-99c0-f317201984c4,Ipsum,1,9aec9657-026a-4893-81a4-eb92584d17b9
f6bf5e8d-8902-4812-b5bd-a6bceda2e0b0,iQ,1,9aec9657-026a-4893-81a4-eb92584d17b9
188fee3f-6820-4986-ad8b-f3782d2c956b,ISis,1,9aec9657-026a-4893-81a4-eb92584d17b9
9a128a58-3383-4415-ad8c-9a14bee391cd,Ist,1,9aec9657-026a-4893-81a4-eb92584d17b9
aa6a8ecb-7d97-463d-8e6e-53f674a4d396,Izoa,1,9aec9657-026a-4893-81a4-eb92584d17b9
68812c39-3a29-4569-af0e-5c0f522fe9b6,Kluger,1,9aec9657-026a-4893-81a4-eb92584d17b9
40d16e86-c5c0-43f7-8740-1b858567bf73,Land Cruiser,1,9aec9657-026a-4893-81a4-eb92584d17b9
fd5d590f-2c69-4d13-813b-7fe463a217e7,Land Cruiser Prado,1,9aec9657-026a-4893-81a4-eb92584d17b9
227d4150-90d5-48a5-a965-e3f33e2bce1a,Levin,1,9aec9657-026a-4893-81a4-eb92584d17b9
eac97d0a-c9d1-4005-9d23-218d29f54358,Lite Ace,1,9aec9657-026a-4893-81a4-eb92584d17b9
acaa5ea5-1a05-499f-b13f-8e266efb3515,Mark II,1,9aec9657-026a-4893-81a4-eb92584d17b9
3455be40-a805-4a63-80c9-8890063505ca,Mark X,1,9aec9657-026a-4893-81a4-eb92584d17b9
0b8558bd-6e3b-44d0-9fac-2d2760dc8922,Mark X ZiO,1,9aec9657-026a-4893-81a4-eb92584d17b9
f3e0aabb-675e-4974-b95a-6ef3481e86dd,MasterAce Surf,1,9aec9657-026a-4893-81a4-eb92584d17b9
d2fe9cbf-e3bf-4070-b080-1290cb052ab9,Matrix,1,9aec9657-026a-4893-81a4-eb92584d17b9
1a391a96-60f8-425b-9d0d-9cbb805db65c,Mega Cruiser,1,9aec9657-026a-4893-81a4-eb92584d17b9
ecb1224d-b09f-4a9c-a1cd-715edaccb897,Mirai,1,9aec9657-026a-4893-81a4-eb92584d17b9
94cde601-e8bb-4334-8cbc-0b8a261f0dfb,Model F,1,9aec9657-026a-4893-81a4-eb92584d17b9
7fb3ea34-8a43-4156-8687-49379be7f253,MR2,1,9aec9657-026a-4893-81a4-eb92584d17b9
779bd395-036e-43d6-90d1-5a6cc43fc818,MR-S,1,9aec9657-026a-4893-81a4-eb92584d17b9
748ba8ba-74a5-4174-9308-c3fdc1eba33a,Nadia,1,9aec9657-026a-4893-81a4-eb92584d17b9
f2c1f053-9ef6-4599-a892-1b0219ee2a28,Noah,1,9aec9657-026a-4893-81a4-eb92584d17b9
c01a8255-c6e6-4548-b424-77db3bfa95e2,Opa,1,9aec9657-026a-4893-81a4-eb92584d17b9
47f7886a-6170-42f2-b5d3-992e07782f9c,Origin,1,9aec9657-026a-4893-81a4-eb92584d17b9
e26d11de-3a8e-4383-b48e-828d57776316,Paseo,1,9aec9657-026a-4893-81a4-eb92584d17b9
158ffe89-cec3-4bb7-9375-444958f34d8f,Passo,1,9aec9657-026a-4893-81a4-eb92584d17b9
0c3a667f-bcc6-45a4-bec9-ff0ad39efa22,Passo Sette,1,9aec9657-026a-4893-81a4-eb92584d17b9
8fd64938-0b64-41cc-8d93-e4602f01a501,Picnic,1,9aec9657-026a-4893-81a4-eb92584d17b9
ef960e5f-cc71-4efd-81b9-a4bf931b2a1d,Pixis Epoch,1,9aec9657-026a-4893-81a4-eb92584d17b9
dc915ec7-7585-4424-bc10-cf61e9dd2b25,Pixis Joy,1,9aec9657-026a-4893-81a4-eb92584d17b9
1c10718b-ee8c-48a8-a544-f1b6d5b0e9d5,Pixis Mega,1,9aec9657-026a-4893-81a4-eb92584d17b9
bf1bac3f-e6f8-4a8d-a051-6b0678b2603c,Pixis Space,1,9aec9657-026a-4893-81a4-eb92584d17b9
489b0e8f-dce6-41d6-abbb-5bd9099af15c,Pixis Van,1,9aec9657-026a-4893-81a4-eb92584d17b9
e2ba944f-f236-4552-aced-bc09908f6777,Platz,1,9aec9657-026a-4893-81a4-eb92584d17b9
a2fc0cff-d564-46d4-9542-1d2cc10057d8,Porte,1,9aec9657-026a-4893-81a4-eb92584d17b9
a0368285-0fc1-4f99-ad4a-02e4199fe81d,Premio,1,9aec9657-026a-4893-81a4-eb92584d17b9
933cb69e-7ebe-42a1-ba90-8ed1c9ad1a40,Previa,1,9aec9657-026a-4893-81a4-eb92584d17b9
85685bc2-235b-45d3-b5e0-8dc1cb342eb4,Prius,1,9aec9657-026a-4893-81a4-eb92584d17b9
bd8b82af-114a-4fe2-ab41-9802948bc70a,Prius v (+),1,9aec9657-026a-4893-81a4-eb92584d17b9
bb74fd2b-7cc6-4c43-ac5b-35f009a37587,Prius Alpha,1,9aec9657-026a-4893-81a4-eb92584d17b9
fb737051-9a7d-40a6-b61c-79f646732638,Prius c,1,9aec9657-026a-4893-81a4-eb92584d17b9
42aba85c-3763-46b0-8bcb-937776937260,ProAce,1,9aec9657-026a-4893-81a4-eb92584d17b9
974b2727-319e-4900-b7eb-bf5fbd3f0db2,ProAce City,1,9aec9657-026a-4893-81a4-eb92584d17b9
f761fdde-a1eb-4389-9274-7eebb9117dbf,Probox,1,9aec9657-026a-4893-81a4-eb92584d17b9
24c8c9c7-9c7d-4bc7-8277-8e079d2fc3bd,Progres,1,9aec9657-026a-4893-81a4-eb92584d17b9
7099a371-2bca-42e4-9867-ab279a2d0285,Pronard,1,9aec9657-026a-4893-81a4-eb92584d17b9
9a847808-dabd-4229-8bec-a93dcdd50258,Publica,1,9aec9657-026a-4893-81a4-eb92584d17b9
3173cf1e-3ae9-4053-beec-f07da6a48cb3,Ractis,1,9aec9657-026a-4893-81a4-eb92584d17b9
3fa17a25-2500-4191-b6e5-5c66c2b25f11,Raize,1,9aec9657-026a-4893-81a4-eb92584d17b9
00e78435-42ab-48b8-b83e-3126afc8c695,Raum,1,9aec9657-026a-4893-81a4-eb92584d17b9
03ba108a-6889-43d5-b44c-92a4b69e9aef,RAV4,1,9aec9657-026a-4893-81a4-eb92584d17b9
90422138-0866-4f59-af15-92cc01c9799f,Regius,1,9aec9657-026a-4893-81a4-eb92584d17b9
5c534e01-c139-46cc-b04b-8542c16f4561,RegiusAce,1,9aec9657-026a-4893-81a4-eb92584d17b9
e29559ac-e496-4d15-a916-0d0113c9095c,Roomy,1,9aec9657-026a-4893-81a4-eb92584d17b9
fa925051-b7f1-4956-aa8b-4728144893ea,Rush,1,9aec9657-026a-4893-81a4-eb92584d17b9
ade878f2-bd43-4e80-9e1a-d583a3a370fc,Sai,1,9aec9657-026a-4893-81a4-eb92584d17b9
9a76a749-e714-4059-a16c-3f70608ad3ac,Scepter,1,9aec9657-026a-4893-81a4-eb92584d17b9
19b803e2-6e3e-40e6-acab-91291b358d5f,Sequoia,1,9aec9657-026a-4893-81a4-eb92584d17b9
022fdc24-ad2a-490d-9836-5548a4c4536e,Sera,1,9aec9657-026a-4893-81a4-eb92584d17b9
125feede-4830-4b00-8706-2791c253d611,Sienna,1,9aec9657-026a-4893-81a4-eb92584d17b9
3f916d72-5cc5-4251-bff7-3386219de27b,Sienta,1,9aec9657-026a-4893-81a4-eb92584d17b9
950912e0-1d78-4703-a2ca-704182f4b8b7,Soarer,1,9aec9657-026a-4893-81a4-eb92584d17b9
06d6b070-e6da-430b-a117-9482334ecfa0,Soluna,1,9aec9657-026a-4893-81a4-eb92584d17b9
8daad003-ed65-4477-a186-d73021850683,Spade,1,9aec9657-026a-4893-81a4-eb92584d17b9
75864655-453a-4282-a3e9-ea3a7bf5e1d7,Sparky,1,9aec9657-026a-4893-81a4-eb92584d17b9
cd3df5be-864a-446a-81f3-ebf3ae9e223e,Sports 800,1,9aec9657-026a-4893-81a4-eb92584d17b9
4ae620c9-05bd-439a-821a-636f278eff5a,Sprinter,1,9aec9657-026a-4893-81a4-eb92584d17b9
ae76d3e4-7141-40ba-8aee-010d18a5df2d,Sprinter Carib,1,9aec9657-026a-4893-81a4-eb92584d17b9
410b73b5-95a8-4fde-bb70-232ed2c4f08b,Sprinter Marino,1,9aec9657-026a-4893-81a4-eb92584d17b9
e27082d0-37f3-4e7b-9eba-6b5798dc4bee,Sprinter Trueno,1,9aec9657-026a-4893-81a4-eb92584d17b9
81296aeb-7ad4-4185-8793-3ba7d56f149c,Starlet,1,9aec9657-026a-4893-81a4-eb92584d17b9
62c95883-3900-4efe-9c1d-745484de184b,Starlet Cross,1,9aec9657-026a-4893-81a4-eb92584d17b9
381599ea-5e7b-42a7-801d-ca07da2b86b0,Succeed,1,9aec9657-026a-4893-81a4-eb92584d17b9
37bd2ad9-0cfd-4b39-8040-85e3eb89fb69,Supra,1,9aec9657-026a-4893-81a4-eb92584d17b9
fe17d97a-ed7d-4efa-ac46-5b6541d6efbb,Tacoma,1,9aec9657-026a-4893-81a4-eb92584d17b9
f8795b10-2df2-47a7-96bb-06199a51cc8f,Tank,1,9aec9657-026a-4893-81a4-eb92584d17b9
97f62b91-8972-411a-88dc-1e2534a08981,Tercel,1,9aec9657-026a-4893-81a4-eb92584d17b9
836ca969-69c7-44e1-9c2c-1099db4966f8,Touring HiAce,1,9aec9657-026a-4893-81a4-eb92584d17b9
3618505a-7827-44e1-a87f-f8bd2441a45d,Town Ace,1,9aec9657-026a-4893-81a4-eb92584d17b9
c9920736-a38d-4fad-b9ad-6a92a5b06133,Tundra,1,9aec9657-026a-4893-81a4-eb92584d17b9
7ed68d8b-2431-485f-ab30-23073155075d,Urban Cruiser,1,9aec9657-026a-4893-81a4-eb92584d17b9
66a4155e-4179-4a81-81d2-ca6a9da18934,Urban Cruiser Taisor,1,9aec9657-026a-4893-81a4-eb92584d17b9
a04a62d9-62da-461b-8cad-b4c8cea76090,Vanguard,1,9aec9657-026a-4893-81a4-eb92584d17b9
1b1f3866-8fce-4164-953f-eaf3edade9d4,Vellfire,1,9aec9657-026a-4893-81a4-eb92584d17b9
8dcb23f5-f7ce-41b6-96a8-77dd6861741d,Veloz,1,9aec9657-026a-4893-81a4-eb92584d17b9
84bfc15d-4754-4345-abee-a9301cb77108,Venza,1,9aec9657-026a-4893-81a4-eb92584d17b9
2d927f22-563e-4a43-9234-dc7a2f7c568e,Verossa,1,9aec9657-026a-4893-81a4-eb92584d17b9
83499e1a-8165-4667-a2d0-e5856cdf6c9b,Verso,1,9aec9657-026a-4893-81a4-eb92584d17b9
7869ff13-922a-4182-b320-85aef354d4f3,Verso-S,1,9aec9657-026a-4893-81a4-eb92584d17b9
518ffbcc-6242-4afc-a2da-198069567f61,Vios,1,9aec9657-026a-4893-81a4-eb92584d17b9
686feba7-838a-40b2-989f-a20bc1fa6754,Vista,1,9aec9657-026a-4893-81a4-eb92584d17b9
93aa9f67-09a3-44d8-ae8f-d94ab13d2c51,Vitz,1,9aec9657-026a-4893-81a4-eb92584d17b9
50476b37-65e1-4ead-a4bf-4556dda879e0,Voltz,1,9aec9657-026a-4893-81a4-eb92584d17b9
aede0bdb-3c4b-4023-9c1d-6f2fb28bae92,Voxy,1,9aec9657-026a-4893-81a4-eb92584d17b9
0a7c8bcd-f867-41a9-84df-fc41c6c02ff5,Wigo,1,9aec9657-026a-4893-81a4-eb92584d17b9
5ebcb2b5-84d4-45cf-ba12-3103668f14bd,Wildlander,1,9aec9657-026a-4893-81a4-eb92584d17b9
c01e60c8-56f0-467f-a1b5-1c8df15c59bb,WiLL,1,9aec9657-026a-4893-81a4-eb92584d17b9
44bbbc53-02fe-446b-8067-78e5fc464986,WiLL Cypha,1,9aec9657-026a-4893-81a4-eb92584d17b9
2483ccb9-95c5-4045-88ea-4d22802c394a,Windom,1,9aec9657-026a-4893-81a4-eb92584d17b9
34aa372a-e378-4b44-82b1-3ca3800be5ba,Wish,1,9aec9657-026a-4893-81a4-eb92584d17b9
78898a2d-2dcf-4333-b594-4ba9eb745c1b,xA,1,9aec9657-026a-4893-81a4-eb92584d17b9
fe9aa9da-77f5-4fa0-8050-d3e9da5cedad,Yaris,1,9aec9657-026a-4893-81a4-eb92584d17b9
9f5ddc02-5a97-4d24-8a45-f46c3ceb0bef,Yaris Cross,1,9aec9657-026a-4893-81a4-eb92584d17b9
58a573f9-da02-4d67-bb8d-88e3c7c8cc7b,Yaris Verso,1,9aec9657-026a-4893-81a4-eb92584d17b9
55a89507-d5e6-4f85-893a-ba43ed553ed9,Zelas,1,9aec9657-026a-4893-81a4-eb92584d17b9
beb05bb5-3032-43b8-87e2-8d23869f2633,1.1,1,ebc38466-8a64-4fc0-a6f2-ea296bc3678c
19f7e7d2-fb1e-4736-af77-d120389263d5,600,1,ebc38466-8a64-4fc0-a6f2-ea296bc3678c
01004fc5-a6e2-457b-be61-dc8105e4433b,P 601,1,ebc38466-8a64-4fc0-a6f2-ea296bc3678c
bd1b71e4-838b-4dcf-93a7-8e67b790c144,P50,1,ebc38466-8a64-4fc0-a6f2-ea296bc3678c
fc2827a1-bd7b-4cc2-b775-7834b3296c22,Tramontana,1,673329a3-bb89-4164-8c99-2b1f5e8616ab
1c6fb008-49e9-4965-bd18-e6f61e18ed12,Acclaim,1,2735930e-c6a0-4cab-99af-43e169174178
c6224d35-1079-4060-82eb-c612c4ed4c4d,GT6,1,2735930e-c6a0-4cab-99af-43e169174178
e66e3feb-5e43-4959-8abc-32f18d63666d,Spitfire,1,2735930e-c6a0-4cab-99af-43e169174178
7f08f472-1e63-4578-959c-e3766c8a12d9,Stag,1,2735930e-c6a0-4cab-99af-43e169174178
7e317f3a-9dd5-4073-b514-3a639af78167,TR3,1,2735930e-c6a0-4cab-99af-43e169174178
b448076a-a5c2-4836-b3b7-8dd0b2c78d5e,TR4,1,2735930e-c6a0-4cab-99af-43e169174178
3e2b7865-72fb-4132-bf6a-d49c85397234,TR6,1,2735930e-c6a0-4cab-99af-43e169174178
5d256258-f7f9-4180-bf4b-cf964df1b79a,TR7,1,2735930e-c6a0-4cab-99af-43e169174178
717ff817-ebd1-444b-8858-c1d9429f65d8,TR8,1,2735930e-c6a0-4cab-99af-43e169174178
7ff1ad1c-defd-45a3-8c41-8902671ce038,E8,1,9a2efb46-01ea-4b26-8c86-1ea7a50f0360
50f17755-c250-48d9-80bf-66134824d727,E9,1,9a2efb46-01ea-4b26-8c86-1ea7a50f0360
e67c6487-92d0-4b34-ac82-d0c5e5bc7d1a,Emkoo,1,9a2efb46-01ea-4b26-8c86-1ea7a50f0360
474a863c-75d4-4e45-92d4-3024e7a1f7d9,Empow,1,9a2efb46-01ea-4b26-8c86-1ea7a50f0360
f3f20637-c477-4cf9-8ed1-be94421b919d,ES9,1,9a2efb46-01ea-4b26-8c86-1ea7a50f0360
6bb82997-6859-4fee-ba5a-080f72e82a20,GA4 Plus,1,9a2efb46-01ea-4b26-8c86-1ea7a50f0360
64daea8a-0a4e-4ed8-8d95-f42e9f1f9c9a,GA6,1,9a2efb46-01ea-4b26-8c86-1ea7a50f0360
7ae83e34-97a0-49dd-821e-c69d090d9678,GA8,1,9a2efb46-01ea-4b26-8c86-1ea7a50f0360
a52dea99-adb3-4075-af7a-b7dbbddf5e85,GE3,1,9a2efb46-01ea-4b26-8c86-1ea7a50f0360
2572a795-6446-4244-89a2-59d356d75d51,GM6,1,9a2efb46-01ea-4b26-8c86-1ea7a50f0360
0f15ca6a-e4d7-432d-a4db-a98cd5361934,GM8,1,9a2efb46-01ea-4b26-8c86-1ea7a50f0360
6acbdbca-74d0-4987-9757-58788bbe5b31,GS3,1,9a2efb46-01ea-4b26-8c86-1ea7a50f0360
75708bc9-177f-454b-a414-2790ea95b404,GS3 Power,1,9a2efb46-01ea-4b26-8c86-1ea7a50f0360
c946ec3c-2eb4-4f10-9f3c-d707a948bcd4,GS4,1,9a2efb46-01ea-4b26-8c86-1ea7a50f0360
64a5e8b7-a101-4084-a029-8ca498b10c9d,GS4 Max,1,9a2efb46-01ea-4b26-8c86-1ea7a50f0360
a5426268-1081-4fad-8da7-e2a518416874,GS4 Plus,1,9a2efb46-01ea-4b26-8c86-1ea7a50f0360
ac217c3d-f1b4-4940-b33f-83f4bbff4e12,GS8,1,9a2efb46-01ea-4b26-8c86-1ea7a50f0360
3df62551-2dd8-4bc8-b80b-6115b2da44a2,M6,1,9a2efb46-01ea-4b26-8c86-1ea7a50f0360
0b73640c-d937-4002-9847-f314c3ddb418,M6 Max,1,9a2efb46-01ea-4b26-8c86-1ea7a50f0360
bdce3bc8-1d0b-468d-982f-9e26193a4e1a,M6 Pro,1,9a2efb46-01ea-4b26-8c86-1ea7a50f0360
7df64c9c-d332-42d0-8588-b5b1c9622900,M8,1,9a2efb46-01ea-4b26-8c86-1ea7a50f0360
523f0a8b-efda-40da-a53e-0cf8ed710986,S7,1,9a2efb46-01ea-4b26-8c86-1ea7a50f0360
a34f889e-0059-45a2-8fe5-14ba3ec6e758,280,1,b9c1a76d-eda3-447d-985a-69adf45b098c
7931b040-4423-4db7-983e-0487430ad74a,350,1,b9c1a76d-eda3-447d-985a-69adf45b098c
d41cdf5c-2d3b-46bc-a83d-7f93dcd90783,390,1,b9c1a76d-eda3-447d-985a-69adf45b098c
321ac9e0-c4bf-487e-a248-f4f0aebc99ce,400,1,b9c1a76d-eda3-447d-985a-69adf45b098c
8dd6567f-c2c5-48dc-878e-b8e2ebfe55ab,420,1,b9c1a76d-eda3-447d-985a-69adf45b098c
b704d181-7c7a-412e-8ba1-2c239aa61c17,450,1,b9c1a76d-eda3-447d-985a-69adf45b098c
dd523af0-251d-4923-bc83-6d2482280768,Cerbera,1,b9c1a76d-eda3-447d-985a-69adf45b098c
8c8ff16f-7f5f-453d-acb6-212223e0ccad,Chimaera,1,b9c1a76d-eda3-447d-985a-69adf45b098c
c449fa42-d359-46f5-b2d3-f4c9f3ca3ad6,Griffith,1,b9c1a76d-eda3-447d-985a-69adf45b098c
99113de6-a829-4e1f-86af-0e4b4249da08,Sagaris,1,b9c1a76d-eda3-447d-985a-69adf45b098c
cfbf25c5-b4d1-45a9-beea-60ab471c943c,S-Series,1,b9c1a76d-eda3-447d-985a-69adf45b098c
75602b52-6d6e-4f50-86d7-fa255981d6ff,Taimar,1,b9c1a76d-eda3-447d-985a-69adf45b098c
3f2d8b03-af5d-466a-8508-601c02ab17b2,Tamora,1,b9c1a76d-eda3-447d-985a-69adf45b098c
9d2c5735-157b-48c7-8fcb-98d7b606e940,Tasmin,1,b9c1a76d-eda3-447d-985a-69adf45b098c
e6b6a0e6-ca38-40db-91e2-01daef16d84d,Tuscan,1,b9c1a76d-eda3-447d-985a-69adf45b098c
045d7100-e10a-4ac1-91eb-019a60c5b7ab,3151,1,bca80d8c-1b79-4c6b-b094-9dd60b535d40
22c0b264-d71e-428f-ae9a-14ab745e3375,3153,1,bca80d8c-1b79-4c6b-b094-9dd60b535d40
0ffb73ba-73af-460a-929f-4e2f9fab21e6,3159,1,bca80d8c-1b79-4c6b-b094-9dd60b535d40
9be11dbb-1d75-4668-b25f-59908203450d,3160,1,bca80d8c-1b79-4c6b-b094-9dd60b535d40
81947bfe-bb03-4b88-8974-999ffd89375b,3162 Simbir,1,bca80d8c-1b79-4c6b-b094-9dd60b535d40
dd019a01-8edf-4ab5-bd9d-2ec02e0ecf01,469,1,bca80d8c-1b79-4c6b-b094-9dd60b535d40
7ad74619-34bd-44b0-8b0d-b0bd6fa2ac95,Астеро,1,bca80d8c-1b79-4c6b-b094-9dd60b535d40
bfb2f705-f574-4f16-9e59-1f7bb1de6081,Hunter,1,bca80d8c-1b79-4c6b-b094-9dd60b535d40
3b85f493-d5f1-4f4b-85ba-7ef098424a0a,Patriot,1,bca80d8c-1b79-4c6b-b094-9dd60b535d40
fb4f2def-74be-4e9c-8bea-7f4abc4e85d8,Pickup,1,bca80d8c-1b79-4c6b-b094-9dd60b535d40
ba1a4377-63ed-4484-af13-e43070f37f27,Can-Am,1,7ce57712-0ac1-4b59-a061-704cd5040036
3c8d7ded-e4bf-4c90-8a69-1d6e5230195b,GTR,1,7ce57712-0ac1-4b59-a061-704cd5040036
04c4ba7f-cc1c-4e3a-90b0-4eded3e7e557,RS,1,7ce57712-0ac1-4b59-a061-704cd5040036
de0cc5a6-908a-4d51-bcb4-49434a99da15,Adam,1,76dbf9bc-54fd-42d3-ac91-841f4e089099
f111a25d-99ac-4bec-870c-b1434b67b5b9,Ampera,1,76dbf9bc-54fd-42d3-ac91-841f4e089099
96460dca-156a-4c1e-bf57-dd2b0ff000c2,Astra,1,76dbf9bc-54fd-42d3-ac91-841f4e089099
59dd8cce-38f6-442b-8642-2f0fac8ec503,Carlton,1,76dbf9bc-54fd-42d3-ac91-841f4e089099
4dc92af9-5cf4-4e21-a832-66dc1faf3fff,Cavalier,1,76dbf9bc-54fd-42d3-ac91-841f4e089099
52022f9e-54ad-42c7-8b54-b50386d20c31,Chevette,1,76dbf9bc-54fd-42d3-ac91-841f4e089099
7ec50d3d-0319-4072-a926-5d36632a4260,Combo,1,76dbf9bc-54fd-42d3-ac91-841f4e089099
03870304-0df4-4cb2-9c42-acdd6805289c,Corsa,1,76dbf9bc-54fd-42d3-ac91-841f4e089099
e8561c68-1999-4a7c-bb35-7c878777ea0b,Firenza,1,76dbf9bc-54fd-42d3-ac91-841f4e089099
663c76d9-2adc-458d-9437-e4041fb202af,Frontera,1,76dbf9bc-54fd-42d3-ac91-841f4e089099
f7beae94-ecfd-471d-97a0-1f07c60a68c6,Insignia,1,76dbf9bc-54fd-42d3-ac91-841f4e089099
fe268b2e-8cf8-4af3-b198-ee828d3504f5,Lotus Carlton,1,76dbf9bc-54fd-42d3-ac91-841f4e089099
347a72c6-415c-4c70-bc40-8c5d8b3b5992,Meriva,1,76dbf9bc-54fd-42d3-ac91-841f4e089099
84765d4d-c364-45ae-9ccb-6aa8feb0e6b7,Mokka,1,76dbf9bc-54fd-42d3-ac91-841f4e089099
0ae34181-52d3-4e83-8575-a7cff7c2951f,Monaro,1,76dbf9bc-54fd-42d3-ac91-841f4e089099
3743c7f9-60c8-4e13-830a-c7636a5c7b16,Omega,1,76dbf9bc-54fd-42d3-ac91-841f4e089099
297babdc-317b-43c5-bcd8-e7fe3b44ac6f,Royale,1,76dbf9bc-54fd-42d3-ac91-841f4e089099
767a5a41-1adc-4116-a6fe-a0b569210711,Tigra,1,76dbf9bc-54fd-42d3-ac91-841f4e089099
7fad5b80-42a8-4064-9d3e-5e443dfbace2,Vectra,1,76dbf9bc-54fd-42d3-ac91-841f4e089099
bb84e6f3-a6c8-4da0-b57f-0cf88abc7280,Velox,1,76dbf9bc-54fd-42d3-ac91-841f4e089099
5a58ab44-c2d1-4014-802f-947450ac2840,Ventora,1,76dbf9bc-54fd-42d3-ac91-841f4e089099
5b677db1-9091-41cd-bb52-ad0b699c6ed3,Viceroy,1,76dbf9bc-54fd-42d3-ac91-841f4e089099
26a7d9b3-9842-4cda-beec-44108989254b,Victor,1,76dbf9bc-54fd-42d3-ac91-841f4e089099
d38a6b09-30b1-4500-b175-58fa390a964e,Viva,1,76dbf9bc-54fd-42d3-ac91-841f4e089099
cc69d766-7c96-41ee-bf6c-8b52a7b37a61,Vivaro,1,76dbf9bc-54fd-42d3-ac91-841f4e089099
9bca309b-3fd1-4549-9ebc-7d686a67a3ce,VXR8,1,76dbf9bc-54fd-42d3-ac91-841f4e089099
c0b7222f-32d2-4ec4-b222-15e95b9da3c3,Zafira,1,76dbf9bc-54fd-42d3-ac91-841f4e089099
ff8bedab-3a41-4c11-b2a5-0a5ac78acf31,1111 Ока,1,8710e638-ddee-4255-94f0-d86109b057d0
8e7ab9a5-26da-41f9-b1f0-dd8a5ebb7746,2101,1,8710e638-ddee-4255-94f0-d86109b057d0
afa013dd-2885-4dd8-9d76-33f362a6ef1c,2102,1,8710e638-ddee-4255-94f0-d86109b057d0
aa6bf3f3-a51e-4038-b158-c1e26be50309,2103,1,8710e638-ddee-4255-94f0-d86109b057d0
bf001d4f-0c49-4b64-b3d8-b36f9d57691e,2104,1,8710e638-ddee-4255-94f0-d86109b057d0
20a31936-140b-4326-92ca-90ad8d1c0256,2105,1,8710e638-ddee-4255-94f0-d86109b057d0
6c82513e-13a2-4ab1-9a4e-25b4302c09a8,2106,1,8710e638-ddee-4255-94f0-d86109b057d0
ebf62ec5-86e2-4211-b35b-bf06df51531f,2107,1,8710e638-ddee-4255-94f0-d86109b057d0
d19f38b0-ab53-4f41-ba47-48c6a88c55bf,2108,1,8710e638-ddee-4255-94f0-d86109b057d0
a09b85a3-ef78-4e2f-90f9-f368385b0b1a,2109,1,8710e638-ddee-4255-94f0-d86109b057d0
b4fee924-ed07-4133-9ed9-7c8baabf93ee,21099,1,8710e638-ddee-4255-94f0-d86109b057d0
93a9bf9a-00ef-4cf8-aafe-33b9d26f6622,2110,1,8710e638-ddee-4255-94f0-d86109b057d0
cf16c929-6677-4bac-9a31-3da0c74750aa,2111,1,8710e638-ddee-4255-94f0-d86109b057d0
8f611054-a62b-43a6-b29d-56e2334ce482,2112,1,8710e638-ddee-4255-94f0-d86109b057d0
4a70cc86-102f-4fd4-be0e-14f89889bc0e,2113,1,8710e638-ddee-4255-94f0-d86109b057d0
7381f8d1-314b-43c4-b7bc-9587c06f0737,2114,1,8710e638-ddee-4255-94f0-d86109b057d0
3c8930cd-6c02-403c-8121-65820ffe3487,2115,1,8710e638-ddee-4255-94f0-d86109b057d0
d9baf69e-5248-4bc8-9170-88094ad211b5,2120 Надежда,1,8710e638-ddee-4255-94f0-d86109b057d0
f6251f5b-29ae-48c8-986f-3354fafce640,2121 (4x4),1,8710e638-ddee-4255-94f0-d86109b057d0
6aa80f8f-6175-43c5-b33e-71e740e9e89b,2123,1,8710e638-ddee-4255-94f0-d86109b057d0
0f041db7-00da-497e-adf0-f8af60298c63,2129,1,8710e638-ddee-4255-94f0-d86109b057d0
61146bdc-43c2-42ef-9189-9b8ba1a70cfc,2131 (4x4),1,8710e638-ddee-4255-94f0-d86109b057d0
6d134761-3cc5-4633-b63a-9b6333ab6c3b,Priora,1,8710e638-ddee-4255-94f0-d86109b057d0
be7ea77d-f241-4fc4-bb3c-c21bf1f2f2c5,2328,1,8710e638-ddee-4255-94f0-d86109b057d0
cbf52112-4558-4aae-b933-464bfcb0402e,2329,1,8710e638-ddee-4255-94f0-d86109b057d0
8b4b16bd-d8ca-4d53-b38c-572e07213f21,Aura,1,8710e638-ddee-4255-94f0-d86109b057d0
14ad7333-5fe1-4815-b9df-2e069b332d09,Azimut,1,8710e638-ddee-4255-94f0-d86109b057d0
2a91eb02-d807-44b2-b204-9637745a3717,EL Lada,1,8710e638-ddee-4255-94f0-d86109b057d0
6a676789-17a5-41f3-b948-cd728b33e0e1,e-Largus,1,8710e638-ddee-4255-94f0-d86109b057d0
422f31e9-6f60-4036-8f75-50057553bb25,Granta,1,8710e638-ddee-4255-94f0-d86109b057d0
26a0913a-ff09-409d-8e07-c3a0fd7c80c9,Iskra,1,8710e638-ddee-4255-94f0-d86109b057d0
67837008-e6a4-4e7f-b179-f15b4327b5ff,Kalina,1,8710e638-ddee-4255-94f0-d86109b057d0
f6f88beb-578c-4df7-99fe-755b80f57ff0,Largus,1,8710e638-ddee-4255-94f0-d86109b057d0
e7a3650a-d61e-4214-b4fa-ea1b796339f7,Niva,1,8710e638-ddee-4255-94f0-d86109b057d0
7209f1d6-24b9-49ba-a170-37dee229f64b,Niva Legend,1,8710e638-ddee-4255-94f0-d86109b057d0
54a78610-aff0-42b2-b422-7aac789acf6b,Revolution,1,8710e638-ddee-4255-94f0-d86109b057d0
b5683bbd-19a4-4a92-8be8-963c19ca3fb7,Vesta,1,8710e638-ddee-4255-94f0-d86109b057d0
6cfa2c25-1433-44c9-a7cc-3127ff1b0239,XRAY,1,8710e638-ddee-4255-94f0-d86109b057d0
8d08f6e0-a140-4b11-afc1-5086526b7969,X-cross 5,1,8710e638-ddee-4255-94f0-d86109b057d0
9ef775a7-df26-4810-9b22-58cf9c3b7f12,M12,1,11170324-051a-4127-8c25-998bd150c87c
b8334bff-c4cf-4365-856f-c83255e5b9f0,W8 Twin Turbo,1,11170324-051a-4127-8c25-998bd150c87c
28053409-439d-499a-8467-495df320b419,210,1,2af4f666-17e5-44ee-a83d-b291098365be
12eb9c65-07a4-49f3-93d9-c07efab1e31e,260 LM,1,2af4f666-17e5-44ee-a83d-b291098365be
60b608da-be44-4b79-b187-1931a705bcf5,300 Atlantique,1,2af4f666-17e5-44ee-a83d-b291098365be
a6420935-54cf-4ae4-8e2b-e56b942c66c9,400 GT,1,2af4f666-17e5-44ee-a83d-b291098365be
2168a39a-083f-4a65-819a-56d6a7071b0f,D60 Plus,1,86d05a59-0663-4a51-a474-9cce8c11ff32
a6c143f2-bf79-4c60-80a1-68017b248776,VX6,1,86d05a59-0663-4a51-a474-9cce8c11ff32
03af1b55-b36e-4ce8-b41e-e691ee0084e4,V-Online,1,86d05a59-0663-4a51-a474-9cce8c11ff32
1055a8b5-c483-4d8f-be9e-da962766f79f,Bolden,1,df1544f3-7a85-43d6-b9ad-8af05afc02c3
63ad1966-ce99-480a-9807-5384edf3e6be,U70,1,df1544f3-7a85-43d6-b9ad-8af05afc02c3
4613540b-b203-4664-a16d-135813754e67,U70 Pro,1,df1544f3-7a85-43d6-b9ad-8af05afc02c3
a3c299bf-ec8d-432e-b743-70d2f8533215,U75 Plus,1,df1544f3-7a85-43d6-b9ad-8af05afc02c3
dd5e9688-9bf7-42a5-9e62-5e8e36fd1d37,VX7,1,df1544f3-7a85-43d6-b9ad-8af05afc02c3
687d6939-0c88-4df5-9507-835f73cb141d,LUX A2.0,1,9c0ce819-01bb-4cab-8534-af0bc5217a33
b7be3264-bd3d-4342-9f94-eadadbe49cdd,LUX SA2.0,1,9c0ce819-01bb-4cab-8534-af0bc5217a33
f9734d6c-776f-487b-974b-ed2ccbcd1186,VF6,1,9c0ce819-01bb-4cab-8534-af0bc5217a33
2384b2ff-300d-48e6-af35-27e3987dbe3f,VF7,1,9c0ce819-01bb-4cab-8534-af0bc5217a33
22664bd9-61b0-46c6-a899-ef2bc08efde0,VF8,1,9c0ce819-01bb-4cab-8534-af0bc5217a33
0e720551-b06c-4922-a995-bf2d3d9e5a2b,VF9,1,9c0ce819-01bb-4cab-8534-af0bc5217a33
bdfd89ef-95ba-4a37-8b4e-bfc52da1413c,C40,1,980622d3-0b31-439c-8128-3def57b9b4d4
02d464b9-c063-4197-b2a6-18578202f777,K30,1,980622d3-0b31-439c-8128-3def57b9b4d4
8c8215eb-df8c-4891-b00b-28a3f34c787d,K40,1,980622d3-0b31-439c-8128-3def57b9b4d4
af10244f-5ebb-4700-94d2-b6f96e56f795,181,1,3b185d99-02aa-4f01-9c56-7e30315f1bb3
e3d4f1e3-8330-4e0b-ac57-e981b0443596,Amarok,1,3b185d99-02aa-4f01-9c56-7e30315f1bb3
d664d220-c669-40ba-b6ef-2da0c0c7e462,Arteon,1,3b185d99-02aa-4f01-9c56-7e30315f1bb3
36bd80e7-36aa-4e10-a187-4fee9f499c2f,Arteon R,1,3b185d99-02aa-4f01-9c56-7e30315f1bb3
512bb072-2b19-4fdc-8c49-921ca76b9033,Atlas,1,3b185d99-02aa-4f01-9c56-7e30315f1bb3
c1b9e4e3-b112-40aa-ac3c-b58eed03f52b,Atlas Cross Sport,1,3b185d99-02aa-4f01-9c56-7e30315f1bb3
cfe5646f-8c1d-4af6-bff1-00cb462ecbdf,Beetle,1,3b185d99-02aa-4f01-9c56-7e30315f1bb3
006a39f7-647d-4cf8-ab7b-3aa09b21645d,Bora,1,3b185d99-02aa-4f01-9c56-7e30315f1bb3
a603130d-80d9-4fed-8b9c-8f649eaf0f06,Caddy,1,3b185d99-02aa-4f01-9c56-7e30315f1bb3
e15349c1-245e-4e41-862c-5728b66fc41a,California,1,3b185d99-02aa-4f01-9c56-7e30315f1bb3
b3f23258-d959-4da9-a0db-f764e34649ce,Caravelle,1,3b185d99-02aa-4f01-9c56-7e30315f1bb3
0508f914-0690-4eaa-b3ed-df7996bf1397,Corrado,1,3b185d99-02aa-4f01-9c56-7e30315f1bb3
525012ff-f73c-4951-9c4d-da5938fdc7ed,C-Trek,1,3b185d99-02aa-4f01-9c56-7e30315f1bb3
cf045f67-7394-4a14-8e54-5762680fb38e,Derby,1,3b185d99-02aa-4f01-9c56-7e30315f1bb3
61643562-6ed8-42c2-a5d4-ea000f036e70,Eos,1,3b185d99-02aa-4f01-9c56-7e30315f1bb3
582a2a41-9f5b-4c4f-83c9-4d8e1319aadf,EuroVan,1,3b185d99-02aa-4f01-9c56-7e30315f1bb3
0bf75151-41e4-4934-b4bf-bb4124423afd,Fox,1,3b185d99-02aa-4f01-9c56-7e30315f1bb3
bab5f691-84a5-4788-bcfa-cfd42830b251,Gol,1,3b185d99-02aa-4f01-9c56-7e30315f1bb3
0b15b31b-ccd8-4573-ad63-3b64a7c39ac4,Golf,1,3b185d99-02aa-4f01-9c56-7e30315f1bb3
1f07cd1f-4069-4176-b5f5-36cc1c9ee782,Golf Country,1,3b185d99-02aa-4f01-9c56-7e30315f1bb3
1dd1159d-ebd8-40fb-9b1e-a1086811bb04,Golf GTI,1,3b185d99-02aa-4f01-9c56-7e30315f1bb3
32e53aeb-b8bf-4272-8b21-24cb0ca724ee,Golf Plus,1,3b185d99-02aa-4f01-9c56-7e30315f1bb3
7598a33f-78a4-4e7b-b6cb-5e44c0b79f26,Golf R,1,3b185d99-02aa-4f01-9c56-7e30315f1bb3
a039fd96-f4bb-471b-a115-f1e28d05ccbd,Golf R32,1,3b185d99-02aa-4f01-9c56-7e30315f1bb3
ae208897-2dcc-475b-8507-c75f8082c400,Golf Sportsvan,1,3b185d99-02aa-4f01-9c56-7e30315f1bb3
47592f91-7bdd-43c3-8b78-760a9fb0b6f5,ID.3,1,3b185d99-02aa-4f01-9c56-7e30315f1bb3
6c7d6278-288a-4229-bf4d-5822c2256e99,ID.4,1,3b185d99-02aa-4f01-9c56-7e30315f1bb3
2bf23e05-9d21-4bf5-a50a-f192b3d03c8d,ID.5,1,3b185d99-02aa-4f01-9c56-7e30315f1bb3
99f4d0b7-7cef-4eaa-94bc-3702393fe61e,ID.6,1,3b185d99-02aa-4f01-9c56-7e30315f1bb3
963cbf8e-cd15-4a8d-a6b0-1fa9237ae4d6,ID.7,1,3b185d99-02aa-4f01-9c56-7e30315f1bb3
c2055fc7-dead-46f0-bc8c-a4a380de6d38,ID.Buzz,1,3b185d99-02aa-4f01-9c56-7e30315f1bb3
7a6e6a2c-24ea-4ee2-8966-4737999f41cd,ID.Unyx,1,3b185d99-02aa-4f01-9c56-7e30315f1bb3
603ec17b-6601-4bd3-8c58-9562a8718beb,ID.Unyx 06,1,3b185d99-02aa-4f01-9c56-7e30315f1bb3
13c065b5-06d4-427c-810d-f8dfc69a4484,Iltis,1,3b185d99-02aa-4f01-9c56-7e30315f1bb3
c376071b-9ab1-4e6a-a68c-368e3391073e,Jetta,1,3b185d99-02aa-4f01-9c56-7e30315f1bb3
f283e4a4-a2df-497b-964d-7e0455a07993,K70,1,3b185d99-02aa-4f01-9c56-7e30315f1bb3
f28542af-3f77-4699-b2ec-095d51f1e30b,Karmann-Ghia,1,3b185d99-02aa-4f01-9c56-7e30315f1bb3
da66abd6-73df-4071-9865-6fbf6fd44dad,Lamando,1,3b185d99-02aa-4f01-9c56-7e30315f1bb3
6f31db1e-e083-4fbd-af32-a52e4bb5c8a0,Lavida,1,3b185d99-02aa-4f01-9c56-7e30315f1bb3
5f953913-c4d5-40d2-be74-feed0a7fcfe1,Lavida XR,1,3b185d99-02aa-4f01-9c56-7e30315f1bb3
196963de-fa9d-41c2-8651-ae228203c9c8,Lupo,1,3b185d99-02aa-4f01-9c56-7e30315f1bb3
9c6fa614-aebc-4f6e-81dc-e8b5f984fcba,Lupo GTI,1,3b185d99-02aa-4f01-9c56-7e30315f1bb3
f5f5b0c8-24ed-4dd6-bd11-10564fb343f0,Magotan,1,3b185d99-02aa-4f01-9c56-7e30315f1bb3
8b24fe44-e819-4e1d-bc5c-7add33699e6f,Multivan,1,3b185d99-02aa-4f01-9c56-7e30315f1bb3
61429a58-a293-441d-bc43-63c443c17d4c,Parati,1,3b185d99-02aa-4f01-9c56-7e30315f1bb3
42cf2054-c3b0-496d-9f10-b4c4eb924bd5,Passat,1,3b185d99-02aa-4f01-9c56-7e30315f1bb3
ece5cfb3-79ca-4d42-9f09-e773a6f9062e,Passat CC,1,3b185d99-02aa-4f01-9c56-7e30315f1bb3
0d586838-04aa-4a5e-a687-7788ddc131cf,Passat (North America and China),1,3b185d99-02aa-4f01-9c56-7e30315f1bb3
bedd4257-d64c-4293-b9db-15225733b748,Phaeton,1,3b185d99-02aa-4f01-9c56-7e30315f1bb3
5fdf91a6-fa1a-4801-b5a6-31057712fa8d,Phideon,1,3b185d99-02aa-4f01-9c56-7e30315f1bb3
53cc1cd3-3b15-442a-8ee7-a7e8e17f0786,Pointer,1,3b185d99-02aa-4f01-9c56-7e30315f1bb3
130730e6-9d7b-485b-bcfc-006316d4a664,Polo,1,3b185d99-02aa-4f01-9c56-7e30315f1bb3
c6dbdc9d-2256-49e5-a3fc-b60bf27c8a09,Polo GTI,1,3b185d99-02aa-4f01-9c56-7e30315f1bb3
d3eeae71-2be7-452d-b9e3-88d87b4a95b9,Polo R WRC,1,3b185d99-02aa-4f01-9c56-7e30315f1bb3
79e78963-3b91-418f-8d8c-2e3b1587279c,Quantum,1,3b185d99-02aa-4f01-9c56-7e30315f1bb3
82560dec-f956-4479-90f5-ac025a7db793,Rabbit,1,3b185d99-02aa-4f01-9c56-7e30315f1bb3
0b57ee2a-d4f2-4bfe-99e6-c27e0e87a654,Routan,1,3b185d99-02aa-4f01-9c56-7e30315f1bb3
19c324f7-1097-4c98-a899-634e77e651a4,Sagitar,1,3b185d99-02aa-4f01-9c56-7e30315f1bb3
c84ff300-af80-4ca4-9e65-eea358024678,Santana,1,3b185d99-02aa-4f01-9c56-7e30315f1bb3
a9dfd41f-8c50-42ea-b804-fbba0e2527f6,Scirocco,1,3b185d99-02aa-4f01-9c56-7e30315f1bb3
9911318b-72de-4f5e-a20c-3de516eaea2c,Scirocco R,1,3b185d99-02aa-4f01-9c56-7e30315f1bb3
dab42a25-063c-4d9d-992d-5e8da29b9ad0,Sharan,1,3b185d99-02aa-4f01-9c56-7e30315f1bb3
e97d15e4-2626-4b4f-a75a-e6c1cbe6eed1,SpaceFox,1,3b185d99-02aa-4f01-9c56-7e30315f1bb3
99dfa1ba-2e91-4262-b8b4-777e60a83481,Tacqua,1,3b185d99-02aa-4f01-9c56-7e30315f1bb3
802e8119-40d9-4054-8c9d-edf8586cdd6f,Taigo,1,3b185d99-02aa-4f01-9c56-7e30315f1bb3
4f9b622c-d040-41f6-9d1a-752c314dba1e,Taigun,1,3b185d99-02aa-4f01-9c56-7e30315f1bb3
c08efddd-e22e-4b98-ab0b-ac796277b927,Talagon,1,3b185d99-02aa-4f01-9c56-7e30315f1bb3
1dcafb54-a102-4eb1-a942-3a52df795b68,Taos,1,3b185d99-02aa-4f01-9c56-7e30315f1bb3
beea7820-b0dd-4d6f-9ec4-aecf5b8391b7,Taro,1,3b185d99-02aa-4f01-9c56-7e30315f1bb3
9c7488f1-4e30-42e4-8254-a464894e0199,Tavendor,1,3b185d99-02aa-4f01-9c56-7e30315f1bb3
c87ebf5b-94e6-4f13-a1a0-2c60c6179e81,Tayron,1,3b185d99-02aa-4f01-9c56-7e30315f1bb3
0adacdac-9104-48a2-b82d-d4ef9de77fa3,Teramont,1,3b185d99-02aa-4f01-9c56-7e30315f1bb3
a6edd574-3430-4b42-a80e-a5ba7e4ed7e4,Tharu,1,3b185d99-02aa-4f01-9c56-7e30315f1bb3
161272ef-2668-43cf-8a82-d0d3e9be63d6,Tharu XR,1,3b185d99-02aa-4f01-9c56-7e30315f1bb3
5aefe6f0-4a65-4959-9396-5b2126ec5b99,Tiguan,1,3b185d99-02aa-4f01-9c56-7e30315f1bb3
da3a1fb3-7cd1-4edd-b289-377e7733aa97,Tiguan R,1,3b185d99-02aa-4f01-9c56-7e30315f1bb3
b16974ba-fb7d-445e-aa6c-38fe841234d0,Touareg,1,3b185d99-02aa-4f01-9c56-7e30315f1bb3
e507fd0e-246a-4dde-a8eb-f16315e14f51,Touareg R,1,3b185d99-02aa-4f01-9c56-7e30315f1bb3
86bd5085-6dbe-4a01-a7f7-885de99da081,Touran,1,3b185d99-02aa-4f01-9c56-7e30315f1bb3
3187d940-9927-47fa-b623-8a35d5445117,Transporter,1,3b185d99-02aa-4f01-9c56-7e30315f1bb3
412b50de-aa21-4cd2-9bb3-c522923c3867,Type 1,1,3b185d99-02aa-4f01-9c56-7e30315f1bb3
60480985-ec92-4c84-bf3c-6f4afca7ea74,Type 166,1,3b185d99-02aa-4f01-9c56-7e30315f1bb3
3237661b-98f0-4c8a-bd2f-74e07815e038,Type 2,1,3b185d99-02aa-4f01-9c56-7e30315f1bb3
b13e4684-289a-4802-8d69-bb49474e1092,Type 3,1,3b185d99-02aa-4f01-9c56-7e30315f1bb3
e459a704-c332-4036-8839-6b5ec28af541,Type 4,1,3b185d99-02aa-4f01-9c56-7e30315f1bb3
854ef0fb-c029-4e9b-b0b0-4cc43ce36018,Type 82,1,3b185d99-02aa-4f01-9c56-7e30315f1bb3
e5ede299-b4ac-4826-8e82-776be96c128b,T-Cross,1,3b185d99-02aa-4f01-9c56-7e30315f1bb3
8d4bc89f-88ca-40a9-acec-4bbcc30495d6,T-Roc,1,3b185d99-02aa-4f01-9c56-7e30315f1bb3
809ec714-0c6a-4ab6-b9ee-163363c97f35,T-Roc R,1,3b185d99-02aa-4f01-9c56-7e30315f1bb3
1f7e86e9-4fea-419b-8079-7f22e1a4b089,up!,1,3b185d99-02aa-4f01-9c56-7e30315f1bb3
8a7460e8-5484-4559-b812-67b582208dae,Vento,1,3b185d99-02aa-4f01-9c56-7e30315f1bb3
ea4514f2-d8e6-4b30-ab78-e29271db8754,Viloran,1,3b185d99-02aa-4f01-9c56-7e30315f1bb3
e43fe9ef-ce02-4789-9a51-dfeb41717bdf,Voyage,1,3b185d99-02aa-4f01-9c56-7e30315f1bb3
474afdbe-4bf5-45d8-818f-790f424693f6,XL1,1,3b185d99-02aa-4f01-9c56-7e30315f1bb3
4002ab7f-fbed-42d8-bbce-40c522a3f87d,120 Series,1,b2db1924-351f-474d-adac-4cd84538fe2f
e79b4a8b-290b-4f00-9630-c8d79a7bbaf9,140 Series,1,b2db1924-351f-474d-adac-4cd84538fe2f
1bcc1cde-bc0d-4a50-960e-2484440d3545,164,1,b2db1924-351f-474d-adac-4cd84538fe2f
cc3f5104-59e4-445f-a859-8d77d3914e0f,240 Series,1,b2db1924-351f-474d-adac-4cd84538fe2f
fc4bd7c3-80b7-482a-b42c-b786f5e32423,260 Series,1,b2db1924-351f-474d-adac-4cd84538fe2f
36a01f1c-cf42-41f7-bb74-7b83f4dc57ea,300 Series,1,b2db1924-351f-474d-adac-4cd84538fe2f
fda32d25-6892-46e1-9036-dd4c35f9f9f9,440,1,b2db1924-351f-474d-adac-4cd84538fe2f
84e61fce-bb45-47b7-9a8d-3768b8c06088,460,1,b2db1924-351f-474d-adac-4cd84538fe2f
10c7e5fe-c5e1-4825-9e14-aea49fed8f7e,480,1,b2db1924-351f-474d-adac-4cd84538fe2f
0ccdbf1c-02ec-4c20-9cbe-de165faba315,66,1,b2db1924-351f-474d-adac-4cd84538fe2f
9a05a53c-bf7f-4ce3-bddb-4c977d7e85d6,740,1,b2db1924-351f-474d-adac-4cd84538fe2f
3a361017-8873-47ec-808e-1a1d6013459b,760,1,b2db1924-351f-474d-adac-4cd84538fe2f
0661cb7d-ebb0-4e94-a0bd-3cd1f9b54faf,780,1,b2db1924-351f-474d-adac-4cd84538fe2f
231e12c4-0314-454e-8e61-eed30ecedfec,850,1,b2db1924-351f-474d-adac-4cd84538fe2f
98c7fff2-0b75-418a-a26f-3cfd44def871,940,1,b2db1924-351f-474d-adac-4cd84538fe2f
6bfc3f13-6c92-4629-a04e-81424266bac1,960,1,b2db1924-351f-474d-adac-4cd84538fe2f
3c289ba7-7ea3-4281-88a2-ef14b3cc553b,C30,1,b2db1924-351f-474d-adac-4cd84538fe2f
f9d3bdcd-b671-433f-b044-e197a9b48004,C40,1,b2db1924-351f-474d-adac-4cd84538fe2f
931cc468-cae0-4d50-83b8-4edcd75f3762,C70,1,b2db1924-351f-474d-adac-4cd84538fe2f
85b2c5f6-52c4-41e8-ac81-8adbafa2591d,EC40,1,b2db1924-351f-474d-adac-4cd84538fe2f
df0a72c0-28df-4940-a10a-7a1e267a34c8,EM90,1,b2db1924-351f-474d-adac-4cd84538fe2f
04ea04ca-a7bb-4cae-8a69-c16bb6c71b63,ES90,1,b2db1924-351f-474d-adac-4cd84538fe2f
dae3381e-7e18-4489-850a-4eedd07bef93,EX30,1,b2db1924-351f-474d-adac-4cd84538fe2f
42da3b00-37f3-41ce-bdc7-7b4da86e4a0a,EX30 Cross Country,1,b2db1924-351f-474d-adac-4cd84538fe2f
0538577a-e53d-497e-a9aa-b9d6fb913232,EX40,1,b2db1924-351f-474d-adac-4cd84538fe2f
34cef6fa-5af5-4f33-b2e9-acf25ccc3a87,EX90,1,b2db1924-351f-474d-adac-4cd84538fe2f
167d36ce-da9c-4106-b4cd-5574d106b73f,Laplander,1,b2db1924-351f-474d-adac-4cd84538fe2f
eedf1dc1-3b8b-4ede-bfdc-79476bbc8a0d,P1800,1,b2db1924-351f-474d-adac-4cd84538fe2f
b0703cbe-914c-48d6-a81b-3f5080b11c5f,P1900,1,b2db1924-351f-474d-adac-4cd84538fe2f
037273e8-bab2-402b-9860-da33dc855567,PV444,1,b2db1924-351f-474d-adac-4cd84538fe2f
61ddd7d1-f3b9-4a38-98e9-eb146cb937c0,PV544,1,b2db1924-351f-474d-adac-4cd84538fe2f
28506964-16b1-47e7-b40b-e1d51ab6cf48,S40,1,b2db1924-351f-474d-adac-4cd84538fe2f
976969f5-6778-4d65-96b9-fed7eee865da,S60,1,b2db1924-351f-474d-adac-4cd84538fe2f
4a3f0403-5785-413d-9907-88b7817fcc80,S60 Cross Country,1,b2db1924-351f-474d-adac-4cd84538fe2f
a875504f-20ee-420e-b422-30cdf12f8847,S70,1,b2db1924-351f-474d-adac-4cd84538fe2f
ed18c20a-c927-4347-9057-aff1b85bdb17,S80,1,b2db1924-351f-474d-adac-4cd84538fe2f
c52926f9-4174-462f-aa7c-bbcafc0fb7f8,S90,1,b2db1924-351f-474d-adac-4cd84538fe2f
4ffa97a5-501a-45de-b4e5-a9527a344b29,V40,1,b2db1924-351f-474d-adac-4cd84538fe2f
57241fdc-d87c-4480-a66e-4a24dc309094,V40 Cross Country,1,b2db1924-351f-474d-adac-4cd84538fe2f
af0c542f-a6b2-4707-8eef-67fa9fa1ac44,V50,1,b2db1924-351f-474d-adac-4cd84538fe2f
c53d88c9-4ec8-4a77-a448-0564e8224057,V60,1,b2db1924-351f-474d-adac-4cd84538fe2f
1a8ae863-9652-49f3-9936-4cd7629483ae,V60 Cross Country,1,b2db1924-351f-474d-adac-4cd84538fe2f
317b03a3-5a32-4153-ba0d-92dc9e71ab04,V70,1,b2db1924-351f-474d-adac-4cd84538fe2f
749e1eb9-8e3e-4a7c-9e10-2f63eb547d06,V90,1,b2db1924-351f-474d-adac-4cd84538fe2f
250857d9-87bf-4e62-be14-713ee6dbdbfb,V90 Cross Country,1,b2db1924-351f-474d-adac-4cd84538fe2f
e4a1b4b5-a717-43eb-8969-9229c65c1b02,XC40,1,b2db1924-351f-474d-adac-4cd84538fe2f
81c6ebfc-eeb5-49b9-b0a9-e208f75ec561,XC60,1,b2db1924-351f-474d-adac-4cd84538fe2f
81221f28-b41b-4538-9ffe-3d25ae703d19,XC70,1,b2db1924-351f-474d-adac-4cd84538fe2f
412b4d06-23c4-4e83-b377-b10b3059a4f6,XC90,1,b2db1924-351f-474d-adac-4cd84538fe2f
9f759d8b-d26d-44fa-b327-38e6075c2b74,Corda,1,06a90107-523f-410c-be60-7e34eaf7e6fa
b23ab46a-c383-4b54-ba22-a4bc5b1d63e5,Estina,1,06a90107-523f-410c-be60-7e34eaf7e6fa
84caddb3-ecbb-41b4-8822-70896db1c1fe,Tingo,1,06a90107-523f-410c-be60-7e34eaf7e6fa
8cc6e277-f535-4beb-a137-5298900d65d0,Courage,1,938dd2a7-ebe7-47b0-ab56-19f2ae6c7930
e96524f5-3f18-4f94-ae4e-a273f0d92db4,Dream,1,938dd2a7-ebe7-47b0-ab56-19f2ae6c7930
68e33532-65a2-4f0f-a0b2-43521b60d286,Free,1,938dd2a7-ebe7-47b0-ab56-19f2ae6c7930
c82ba54d-6511-478f-8dee-bcddb98ad34a,Passion,1,938dd2a7-ebe7-47b0-ab56-19f2ae6c7930
3165b364-5af3-4710-a39c-b11317cad91b,5,1,02a6be9e-5250-4504-8153-98e7f2c003cc
26b4b548-fdbd-4ef2-b95b-b87748bb5895,W22,1,7f968787-86e3-4382-aa6e-4bcb704e6820
fd3d6268-9e42-45de-b012-b0230bc6015d,W23,1,7f968787-86e3-4382-aa6e-4bcb704e6820
6f613665-9cba-4ae5-a539-79e920c71db5,W50,1,7f968787-86e3-4382-aa6e-4bcb704e6820
4c98bacf-cd19-4a68-b5bd-71ad28860a80,1.3,1,1ee51c6d-0f21-4b81-81d8-5faa48429c4e
54d318ad-2ff1-4d11-ba9a-d94d98bfb975,353,1,1ee51c6d-0f21-4b81-81d8-5faa48429c4e
de35ab67-149d-4a5d-a69f-7402613deaf3,E5,1,47c8bbe3-ecae-405f-9bc7-c666a976cd30
c85c3824-4be4-430d-bbe4-4ddc66729ffd,EX5,1,47c8bbe3-ecae-405f-9bc7-c666a976cd30
47a55806-adc6-4866-9001-2e67538cf206,EX6 Plus,1,47c8bbe3-ecae-405f-9bc7-c666a976cd30
3ca8389d-bfd5-42d2-80c9-3ddbfe072a5d,W6,1,47c8bbe3-ecae-405f-9bc7-c666a976cd30
55d52537-5d5c-4cd2-97f8-8c70aafd6891,SEiGHT,1,f359716d-4984-448c-a58c-76e48f6dae44
0db496f2-f2ce-49a9-b63c-abe56f64758c,SEi & Sport,1,f359716d-4984-448c-a58c-76e48f6dae44
d0d61347-1594-4fa5-b3c1-8c6bf298297e,5,1,31e1a7b2-379d-4586-9d34-ccd89b9a5e6a
12703c1e-fc2d-4d9b-80e8-787c1a0732cf,7,1,31e1a7b2-379d-4586-9d34-ccd89b9a5e6a
6d7c240a-798c-4b5c-b390-65321fe0e130,80,1,31e1a7b2-379d-4586-9d34-ccd89b9a5e6a
bd07bb76-2380-41e9-a95b-ed7182039856,Coffee 01,1,31e1a7b2-379d-4586-9d34-ccd89b9a5e6a
4898dcbf-cc1d-47c2-98cc-dcc7927ec310,Gaoshan (High Mountain),1,31e1a7b2-379d-4586-9d34-ccd89b9a5e6a
bbccf33c-68ae-49b7-8334-a2c5923b2892,Lanshan (Blue Mountain),1,31e1a7b2-379d-4586-9d34-ccd89b9a5e6a
59f5ec3e-722e-489a-a6d2-085e64277331,Latte,1,31e1a7b2-379d-4586-9d34-ccd89b9a5e6a
d9fe805c-faff-4ff6-b6b6-3bf7aa1a5a91,Macchiato,1,31e1a7b2-379d-4586-9d34-ccd89b9a5e6a
eaa03e33-8e49-4e8c-ba22-156443d4994b,Mocca,1,31e1a7b2-379d-4586-9d34-ccd89b9a5e6a
8323b213-d1cf-414c-9987-8cad6befc6a8,VV5,1,31e1a7b2-379d-4586-9d34-ccd89b9a5e6a
d8280d90-a597-4a09-8faf-adab551a693b,VV6,1,31e1a7b2-379d-4586-9d34-ccd89b9a5e6a
0e48269d-455d-494e-a7b8-c7810b5791e4,VV7,1,31e1a7b2-379d-4586-9d34-ccd89b9a5e6a
0b1169db-f884-41bd-b618-4096538096f3,GT,1,2f15630f-bf7a-4cd8-b543-2e9c0b3fc23d
1c5905f9-5ce8-4348-9d28-9f574562d4d8,Roadster,1,2f15630f-bf7a-4cd8-b543-2e9c0b3fc23d
77df509f-939e-4640-80b1-2e93c5cc710d,CJ,1,b689df9b-7989-4733-a96f-570c8f7284df
579a8748-8681-449c-838f-b6615db6210e,Jeepster,1,b689df9b-7989-4733-a96f-570c8f7284df
84f5f753-75d5-4acb-aeee-b8443935743b,MB,1,b689df9b-7989-4733-a96f-570c8f7284df
922c3f63-8b99-4565-b5aa-7e1a98bc7b92,Knight Model 20,1,b689df9b-7989-4733-a96f-570c8f7284df
9a506e94-74a0-4189-bf7e-c95ce0fe0b08,Binguo,1,6c8ba3a3-fcf0-4c19-823d-a4e3f8386c71
30057db1-7695-4aa3-a8e0-ca1275f2273e,Hongguang,1,6c8ba3a3-fcf0-4c19-823d-a4e3f8386c71
f051595c-b514-42da-9b79-d1bc55711398,Hongguang Plus,1,6c8ba3a3-fcf0-4c19-823d-a4e3f8386c71
4c094a1b-c365-486b-bea4-6f333e721def,Hongguang S,1,6c8ba3a3-fcf0-4c19-823d-a4e3f8386c71
694ca1e2-ae2d-43fa-a7a4-f298e5a3fec8,Hongguang V,1,6c8ba3a3-fcf0-4c19-823d-a4e3f8386c71
3cffd217-cb9f-4f0c-b130-d93f205fdc8e,Jiachen,1,6c8ba3a3-fcf0-4c19-823d-a4e3f8386c71
34958c9e-8a20-45a0-b028-7961e53dd435,Mini EV,1,6c8ba3a3-fcf0-4c19-823d-a4e3f8386c71
452c2f45-28f3-4ac0-900c-835ac68f436b,Starlight,1,6c8ba3a3-fcf0-4c19-823d-a4e3f8386c71
df6f701b-a9b9-4b56-8b85-999920052319,Starlight S,1,6c8ba3a3-fcf0-4c19-823d-a4e3f8386c71
7ff6b923-6425-4abd-84fc-09bf6ac16a24,Star Asta,1,6c8ba3a3-fcf0-4c19-823d-a4e3f8386c71
7e4ae488-4f1f-4de1-9872-7d65ced847ee,Sunshine,1,6c8ba3a3-fcf0-4c19-823d-a4e3f8386c71
17817ff2-875b-4dd9-a772-007382e6e672,Victory,1,6c8ba3a3-fcf0-4c19-823d-a4e3f8386c71
8fd624c4-76f0-4516-a7fe-5eae19ed6af5,Xingchi,1,6c8ba3a3-fcf0-4c19-823d-a4e3f8386c71
a23fc23e-d01c-4c08-881b-bb60d4611183,Zhiguan EV,1,6c8ba3a3-fcf0-4c19-823d-a4e3f8386c71
440512c6-4ef1-4549-a359-c2512a729f59,Fenyr Supersport,1,eb6a7145-a5b4-423a-9fce-f732238ad615
22724429-62f5-4def-af3f-c2042c4a3007,Lykan Hypersport,1,eb6a7145-a5b4-423a-9fce-f732238ad615
ffb41355-96e7-4607-b4f9-4dad222dfd8b,X-Cross 7,1,b763effe-6a54-437c-ac0c-80b77a0e891c
910fb380-db61-4660-a89b-40eba3301ca1,X-Cross 8,1,b763effe-6a54-437c-ac0c-80b77a0e891c
e65d978e-fba5-4429-a033-040469365c2e,Yoyo,1,a79178b1-f4ae-4dd3-9182-001cab7529bf
d10aeba2-6a98-4c10-ba90-1cb220a5faa4,SU7,1,f922a57e-9b9a-4b44-b140-071f4859262c
fc7a76b9-225a-4512-8a3d-7e220f0b4576,YU7,1,f922a57e-9b9a-4b44-b140-071f4859262c
7c1779ac-fda0-43fe-bac1-b280eb71c18d,Pickup X3,1,1ab5ade9-39eb-4234-ac37-93702f18c891
10f5ac22-f666-4b48-9705-aee630f93e4f,SR-V X3,1,1ab5ade9-39eb-4234-ac37-93702f18c891
db490363-d093-43ef-8a2b-feec200ea989,SUV X3,1,1ab5ade9-39eb-4234-ac37-93702f18c891
876f8184-6f26-44aa-ad99-61f63da0bf37,G3,1,923d8b5b-ba89-4eca-a74b-2a722e83ced0
4a68e476-7949-4c4d-b873-4af183887f34,G6,1,923d8b5b-ba89-4eca-a74b-2a722e83ced0
6642006d-601d-4a58-b1d0-4d45a6a76b1e,G7,1,923d8b5b-ba89-4eca-a74b-2a722e83ced0
49d71ffa-a915-4c93-9ba9-4ea245ea8a5e,G9,1,923d8b5b-ba89-4eca-a74b-2a722e83ced0
d841c926-9350-4fd0-807a-c7c03a401dd8,Mona M03,1,923d8b5b-ba89-4eca-a74b-2a722e83ced0
83e5bc9e-a5d1-4ba7-9249-dd4f09816b2f,P5,1,923d8b5b-ba89-4eca-a74b-2a722e83ced0
723a5cf2-d19b-4f2e-bb9c-8f7c683b7ff8,P7,1,923d8b5b-ba89-4eca-a74b-2a722e83ced0
14bcb447-334b-4ecc-9a92-e0bc19bf8e07,P7i,1,923d8b5b-ba89-4eca-a74b-2a722e83ced0
6374afb4-75dd-4b85-935a-5821d2dedd34,P7+,1,923d8b5b-ba89-4eca-a74b-2a722e83ced0
35606d52-ca61-4ed7-a8be-375c05bc268e,X9,1,923d8b5b-ba89-4eca-a74b-2a722e83ced0
eb2811f6-2081-4426-857e-1e5287a45af7,EC30,1,5bca64ac-bf40-435b-9ba9-b2fe7a59187b
0c96d561-4a34-444f-8bad-1527db7c5ee6,Spica,1,5bca64ac-bf40-435b-9ba9-b2fe7a59187b
f6b6567a-38a7-4efb-a697-ab559376a46a,T70,1,5bca64ac-bf40-435b-9ba9-b2fe7a59187b
9d907da7-365b-43c8-a9bf-7188d31d698c,7,1,9f9d2537-3dc5-4da1-a52c-64d3436c2a7b
00037594-58ea-4ea4-a5d7-e107287b6e21,8,1,9f9d2537-3dc5-4da1-a52c-64d3436c2a7b
c79e6a8a-8581-40ad-bc47-0697c25e592c,Feeling,1,ddc082a8-971a-45f5-94b1-2babe229f8e2
dc748cdb-7c8b-4d9a-8803-8a9c6c6e1cfc,10,1,87647ce6-97cc-41e6-8575-ec37680b812c
c029f076-5be2-4e28-b763-45bb66e2192d,Florida,1,87647ce6-97cc-41e6-8575-ec37680b812c
c59aa2df-0836-4a4f-a0b5-2c1c7b1bdacb,Skala,1,87647ce6-97cc-41e6-8575-ec37680b812c
3124e622-7c4e-4fac-b8e0-290870b7e843,Yugo,1,87647ce6-97cc-41e6-8575-ec37680b812c
ef6f311c-7fae-465c-bc33-ed1c46a06df4,965,1,20a8b36a-695e-4031-920f-94855f0c13d4
71ab75e1-d905-4e20-a949-92cba7d417d7,966,1,20a8b36a-695e-4031-920f-94855f0c13d4
ffe21f50-51a3-4236-b166-b4130c11b885,968,1,20a8b36a-695e-4031-920f-94855f0c13d4
bce3ab49-bc46-4766-88f7-e36bcacb41ec,Chance,1,20a8b36a-695e-4031-920f-94855f0c13d4
2260e505-ab3c-410e-842b-484d4dba1475,1105 «Дана»,1,20a8b36a-695e-4031-920f-94855f0c13d4
b4b80f31-74e6-4a91-87ba-a2bc2650f6f7,Forza,1,20a8b36a-695e-4031-920f-94855f0c13d4
a836b694-70da-4a60-97cb-6dd39306005f,Sens,1,20a8b36a-695e-4031-920f-94855f0c13d4
98183c26-1cb7-4c1b-8caa-6fd6aec08b5c,1103 «Славута»,1,20a8b36a-695e-4031-920f-94855f0c13d4
9d3ee67c-dc65-4b39-84a7-d6609edaead2,1102 «Таврия»,1,20a8b36a-695e-4031-920f-94855f0c13d4
47a01f11-5a5c-4d2b-877d-63c4f3c4c4dd,Vida,1,20a8b36a-695e-4031-920f-94855f0c13d4
fdce3838-e745-4851-ae72-07948e04da1c,Lanos,1,20a8b36a-695e-4031-920f-94855f0c13d4
d03e8a46-70b8-4620-93df-e8e8eb0afa1f,1,1,4ee11afa-57c1-4ce1-a0a9-05750f357026
8e14b6dd-8e3c-448d-ad4e-034573b028d3,7,1,4ee11afa-57c1-4ce1-a0a9-05750f357026
2b2f7496-15db-4fec-b6f7-9404a62f65ee,9,1,4ee11afa-57c1-4ce1-a0a9-05750f357026
474d53f2-a332-4374-bfc7-7ae6bf8fdefd,7X,1,4ee11afa-57c1-4ce1-a0a9-05750f357026
1605deab-78c6-42ed-9722-a36d629f50a1,9X,1,4ee11afa-57c1-4ce1-a0a9-05750f357026
c21792e4-55a8-480c-bad7-20b2e180ce3a,Mix,1,4ee11afa-57c1-4ce1-a0a9-05750f357026
5730742b-e9cd-4f67-8c5a-9ab60911db68,X,1,4ee11afa-57c1-4ce1-a0a9-05750f357026
c0c5ac4b-bc0b-4349-b476-14a0298f719e,E10,1,a74110f3-641e-4fbc-84e2-010cd466112c
3d443e67-3c22-4699-948c-80fef17bcd3d,Aurora,1,d6678503-cfff-46c1-af03-0b2b85116fb1
4658f7c2-e89f-4d98-a902-bc2e80d64247,ST1,1,d6678503-cfff-46c1-af03-0b2b85116fb1
b75a0167-eade-4c6e-8447-20aef03c99c6,TSR-S,1,d6678503-cfff-46c1-af03-0b2b85116fb1
f7ad59ca-cd49-4a71-862b-8ba4513a1707,Rainbow,1,42afc2cc-7093-484a-9045-2a11d112c3bc
49608e83-78db-4461-90ff-17786628c5a1,MK2,1,02d1b81c-9830-41c3-9337-7b4166d39a9f
6f56c99e-4482-4758-8842-28dcf7350b2e,111,1,11c20393-f327-4ed6-83f6-e0e0316bd382
cc41bae9-6616-4aeb-8f33-29745d3e67b4,114,1,11c20393-f327-4ed6-83f6-e0e0316bd382
0d728020-56d4-488f-93ea-ce563c1fc323,117,1,11c20393-f327-4ed6-83f6-e0e0316bd382
67b96149-d051-4674-87cc-53552c7df4c5,4104,1,11c20393-f327-4ed6-83f6-e0e0316bd382
fe10aa56-933f-4308-953a-b73ef1d95bcd,101,1,898be877-7baf-411b-b751-f9dafb32b535
4e849816-e0ad-422b-9a52-faa9e76ec80b,102,1,898be877-7baf-411b-b751-f9dafb32b535
1cd31a49-ba3f-44a3-9df4-5c44c5f7c5e5,110,1,898be877-7baf-411b-b751-f9dafb32b535
229208c4-b4a0-4eca-b891-443fb1d24f34,Coupa,1,01a41729-6ee4-4821-b0bb-ad1fc1cec5d3
2b2183bc-7637-4b0b-857a-c3b1e5f22ab5,Domy X5,1,01a41729-6ee4-4821-b0bb-ad1fc1cec5d3
21510dd5-450e-4c9d-910f-90f02e7817b6,Domy X7,1,01a41729-6ee4-4821-b0bb-ad1fc1cec5d3
755036f5-d1a0-4a50-bd58-b6857f7419ce,E200,1,01a41729-6ee4-4821-b0bb-ad1fc1cec5d3
547fa634-d0f5-4a01-bb7c-ea6ebf909aff,Nomad (RX6400),1,01a41729-6ee4-4821-b0bb-ad1fc1cec5d3
d2e5221e-db52-4e30-98b4-25f403f6d92d,SR9,1,01a41729-6ee4-4821-b0bb-ad1fc1cec5d3
0ae8bbec-08e0-4b7b-b618-b4927ddbb295,T300,1,01a41729-6ee4-4821-b0bb-ad1fc1cec5d3
c75b3eee-8ed3-4db0-8365-b60fb5dcbac0,T500,1,01a41729-6ee4-4821-b0bb-ad1fc1cec5d3
0de573a5-3869-423f-97c2-336ea9b67b6c,T600,1,01a41729-6ee4-4821-b0bb-ad1fc1cec5d3
4a6d512c-36f2-4ca8-9be4-b8bb9c85ee76,T700,1,01a41729-6ee4-4821-b0bb-ad1fc1cec5d3
02a87ec9-2d04-4740-8b40-1fcf1948a74c,Z100,1,01a41729-6ee4-4821-b0bb-ad1fc1cec5d3
5ceb243c-a3b3-4c0b-97ce-bb12543357c3,Z300,1,01a41729-6ee4-4821-b0bb-ad1fc1cec5d3
8c895c88-c03c-4f45-80fb-f18234175fcb,Admiral,1,e2a13ba4-b62f-4fd6-b9ae-07a69d23c38d
76376f6f-7794-44a4-9f9f-430b42f10a0c,Grandlion,1,e2a13ba4-b62f-4fd6-b9ae-07a69d23c38d
09aca994-a1ab-4066-bd72-46fe24882d25,Grand Tiger,1,e2a13ba4-b62f-4fd6-b9ae-07a69d23c38d
f5349829-8402-4d1f-8b7b-23a18d92bc59,Landmark,1,e2a13ba4-b62f-4fd6-b9ae-07a69d23c38d
fa5c8c8d-bca6-42de-8a40-9468c385ac8a,Terralord,1,e2a13ba4-b62f-4fd6-b9ae-07a69d23c38d
