name,is_restyling,start_year,end_year,id,series_id
Type 937,f,2000,2004,08a8a9a8-8c75-45b7-920a-25558dd5310e,4657fbd6-4ef1-41fa-886b-e331bccaf87a
GTA,f,2003,2006,4cd5a52c-257e-480e-a324-f29be9d81db4,4657fbd6-4ef1-41fa-886b-e331bccaf87a
First Restyling,t,2004,2006,e517ee4f-de07-4bea-8d63-940529550d4e,4657fbd6-4ef1-41fa-886b-e331bccaf87a
Second Restyling,t,2006,2010,2e9aea05-182f-4d79-8726-8161411cd3df,4657fbd6-4ef1-41fa-886b-e331bccaf87a
1,t,1997,2007,fd917a5a-ac4c-4edc-8102-69d6fda54bc1,b65c5ae1-3ea1-48d6-8a6e-ce2410d11d71
1,f,2004,2008,1aa19135-be50-493d-a3fb-e059b49f52f2,8ebcdff2-10da-4cf5-aa61-1d95dfa650d7
1,t,2008,2011,bc291e76-ea42-46ba-aee6-0f3711217d2f,8ebcdff2-10da-4cf5-aa61-1d95dfa650d7
Type 936,f,1998,2003,64a02f34-6768-4f91-9656-80db04d49912,527d1aaf-9f5a-471b-be9d-539811995858
Type 936,t,2003,2007,6f95948b-5070-4e22-8b2a-7575c3ea2b61,527d1aaf-9f5a-471b-be9d-539811995858
1 (Type 939),f,2005,2008,d03fed53-81a7-44dc-b676-7a5d358ecfef,05fdaf4a-7700-4da2-adb8-a2e5587ab53a
1 (Type 939),t,2008,2010,4d330a46-8d1d-4e58-bf14-b71fbdba0145,05fdaf4a-7700-4da2-adb8-a2e5587ab53a
2,f,2015,2019,701b813b-b25e-4888-849f-d5ca0c5e1233,37ba7b61-dde3-45b8-a0ab-c2d1fa9dfceb
2,t,2019,2023,33c8b6e5-f37b-4911-9166-9f378a6e3b23,37ba7b61-dde3-45b8-a0ab-c2d1fa9dfceb
3,f,2012,2016,2ac08d20-d438-491a-a0e5-92a28e7d6e3d,cecfaf44-2318-4fce-afd5-d917644513e1
3,t,2016,2020,00bc2d11-316d-49a1-ab80-3a4499239b2f,cecfaf44-2318-4fce-afd5-d917644513e1
1,f,2003,2006,774aaec4-a9da-4d4f-9169-1bfbb62915f8,283400b2-a0f5-40e9-a90b-e79dfad28bce
1,t,2006,2010,30464fb2-fb2f-48f3-8379-4fd5523d471a,283400b2-a0f5-40e9-a90b-e79dfad28bce
Type 916,f,1994,1998,300319e7-6b44-4e5a-ab14-0eb30d8e4146,39d6cc7c-e615-46e8-a878-d5e59c8a4ae1
Type 916,t,1998,2003,bee63a22-96a4-4589-9f2f-19b9d72505fb,39d6cc7c-e615-46e8-a878-d5e59c8a4ae1
Type 955,f,2009,2013,0dae9be1-606e-4d62-a3a3-7ecf77850398,8141530b-e1eb-4c6d-867f-31541a216c17
Type 955,t,2013,2016,78fa2530-f5f4-4787-ae84-d6033c44a74c,8141530b-e1eb-4c6d-867f-31541a216c17
2,f,1994,1998,3f9be7d8-0bff-4529-917d-dce4d3e304a8,5d1f4f30-1644-455b-897d-fcef13b91660
2,t,1998,2003,c224f067-0942-40b0-87bd-2da198d16aeb,5d1f4f30-1644-455b-897d-fcef13b91660
3,f,2006,2008,cdbaed1d-8527-46f6-8935-383b11f2842b,5d1f4f30-1644-455b-897d-fcef13b91660
3,t,2008,2010,a1e550dd-d7ef-4c6d-a818-0995b1829095,5d1f4f30-1644-455b-897d-fcef13b91660
1,f,2016,2019,20d75e74-3599-41c4-9f02-2c8a7f7e4db1,0560159c-cfe8-49f5-8f6e-0c7307a9702b
1,t,2019,2023,97d7c055-d892-4abb-ad9a-e5a1796d7e7e,0560159c-cfe8-49f5-8f6e-0c7307a9702b
1,f,2022,2025,4c0db1f0-97ae-41c0-8bb1-905778c43a21,ee6495eb-a55e-4e0b-8a7e-3acde93ca49d
1,f,2010,2015,50b6392d-167c-46d0-ae6d-f579bffff558,242b61db-ea8e-40e1-a372-dfbf658740d2
1,t,2015,2018,cc41f2c5-8177-4d99-9ec7-9921b4e45fcf,242b61db-ea8e-40e1-a372-dfbf658740d2
2,f,2018,2020,b2619eeb-783e-4d23-92a4-82efb9aeb03a,242b61db-ea8e-40e1-a372-dfbf658740d2
2,t,2020,2024,6da365b6-6d87-4738-a54c-04604b704f96,242b61db-ea8e-40e1-a372-dfbf658740d2
1,f,1999,2003,35c10dcc-d94c-4de9-8d10-f663a7ccdf93,b018253d-d91f-4278-9f40-93d3cb779a10
1,t,2003,2005,a4e7ec6c-3cf9-4f71-ad10-895654cf808b,b018253d-d91f-4278-9f40-93d3cb779a10
1,f,1996,2003,12e2108e-759b-4cdf-99ff-56b8d47cb8d2,ab607439-b402-4748-a561-ea9395a1277c
2,f,2003,2005,8068c3bb-cd45-4a6e-b36d-c6e527b4b1f2,ab607439-b402-4748-a561-ea9395a1277c
2,t,2006,2013,89d5a922-b6e9-4156-9b4b-9cf8f16f71c2,ab607439-b402-4748-a561-ea9395a1277c
3,f,2012,2016,b05814b8-fbb9-4adf-9516-8d2cf54c9a3d,ab607439-b402-4748-a561-ea9395a1277c
3,t,2016,2020,ec2f3bd1-1c00-48b8-9681-7792809cc29e,ab607439-b402-4748-a561-ea9395a1277c
4,f,2020,2024,742b9467-c8fd-4c1e-a35e-c4f525775f12,ab607439-b402-4748-a561-ea9395a1277c
B5,f,1994,1999,44f242a0-d7b7-4dcf-be0e-971ea9942155,39d10c7b-a0c5-46fa-8f29-4e5a2f4dad08
B5,t,1999,2001,e54b6a3a-8348-4780-802f-431310513e2e,39d10c7b-a0c5-46fa-8f29-4e5a2f4dad08
B6,f,2000,2006,92531ee9-f00e-4f64-b770-08085b69833b,39d10c7b-a0c5-46fa-8f29-4e5a2f4dad08
B7,f,2004,2008,5fcca0c6-7db5-48f2-9ec1-c5fb32672fdf,39d10c7b-a0c5-46fa-8f29-4e5a2f4dad08
B8,f,2007,2011,66d558ef-4e84-470c-9e76-489dfed7427b,39d10c7b-a0c5-46fa-8f29-4e5a2f4dad08
B8,t,2011,2015,53c95f51-11d5-4ce9-82b7-b31440bd1c80,39d10c7b-a0c5-46fa-8f29-4e5a2f4dad08
B9,f,2016,2019,8e66f0b3-1ed4-469a-a921-93916c359f6e,39d10c7b-a0c5-46fa-8f29-4e5a2f4dad08
B9,t,2019,2022,6e97a8f3-0e67-4675-aca1-964dd93ed23b,39d10c7b-a0c5-46fa-8f29-4e5a2f4dad08
B8,f,2009,2011,37d3bf72-4d70-47c2-b64d-6553f51e703f,c4880242-30dd-4c5e-8a60-01e63c6dcaf4
B8,t,2011,2016,cba8177f-e9ac-48d4-88c2-844bb9dce131,c4880242-30dd-4c5e-8a60-01e63c6dcaf4
B9,f,2016,2019,71697eb7-14d7-48f7-a0b8-ef7eda2c905f,c4880242-30dd-4c5e-8a60-01e63c6dcaf4
B9,t,2019,,3c41f9a8-12eb-4e5c-ba19-f014aa72799d,c4880242-30dd-4c5e-8a60-01e63c6dcaf4
1,f,2007,2011,602f0ff6-f08c-4879-a24f-e83625868fb5,3978c612-2f17-4a43-8c17-eda42db0ffda
1,t,2011,2016,7332af16-d8bd-45c4-b933-4eb5ade9396a,3978c612-2f17-4a43-8c17-eda42db0ffda
2,f,2016,2019,aab1d6d5-52f7-4e8d-ad2f-e4f44873decf,3978c612-2f17-4a43-8c17-eda42db0ffda
2,t,2019,2022,d5e53b0a-6c32-46ee-a2a8-6e75f71adb84,3978c612-2f17-4a43-8c17-eda42db0ffda
Sportback 1,t,2009,2016,3f5b55b5-360f-4876-8ac2-e4fa8ba908cb,3978c612-2f17-4a43-8c17-eda42db0ffda
C4,f,1994,1997,adf77c9b-e0d3-4ffd-adf4-c0f5b30ae5bb,21939d93-2b73-48a0-9a3b-ab92e3992225
C5 (4B),f,1997,2001,84ff384b-5d46-4a25-85d3-887d5714343f,21939d93-2b73-48a0-9a3b-ab92e3992225
C5 (4B),t,2001,2005,0afbb78d-991e-44a3-b410-00b8147e37b2,21939d93-2b73-48a0-9a3b-ab92e3992225
C6,f,2004,2008,9b3f2b63-4c37-471d-9164-0d4c846c066d,21939d93-2b73-48a0-9a3b-ab92e3992225
C6,t,2008,2011,619af78b-95a9-4bc0-9c40-7aae61399ca3,21939d93-2b73-48a0-9a3b-ab92e3992225
C7,f,2011,2014,8efa371d-f033-4285-83ce-e976d7751c06,21939d93-2b73-48a0-9a3b-ab92e3992225
C7,t,2014,2018,65aeab47-250a-4f53-8e38-a4dfb51fce77,21939d93-2b73-48a0-9a3b-ab92e3992225
C8,f,2018,2023,69d68315-db56-43fb-afc0-b992e6d1706f,21939d93-2b73-48a0-9a3b-ab92e3992225
C8,t,2023,2025,d461f00c-53dc-4088-8987-6b6b4de96ffb,21939d93-2b73-48a0-9a3b-ab92e3992225
C5,f,1999,2005,26fbea71-d32c-4f37-a1ad-093f587b06ad,ce60cf86-8031-4f08-bc39-175f24766a67
Allroad,f,2006,2008,cbfd12d6-fa20-4048-bf81-dc34fd0a0466,21939d93-2b73-48a0-9a3b-ab92e3992225
Allroad,t,2008,2011,de77faea-9e39-4cd8-ad4e-f1999d14f02e,21939d93-2b73-48a0-9a3b-ab92e3992225
C7,f,2012,2014,d5cbd6d9-8563-4314-aa2a-a8a1d47a7b7c,ce60cf86-8031-4f08-bc39-175f24766a67
C7,t,2014,2018,b033d9fb-4b61-4338-91b6-244399feff56,ce60cf86-8031-4f08-bc39-175f24766a67
C8,t,2019,2022,85ace3b0-a8d8-408d-a5d0-a91de44d7c45,ce60cf86-8031-4f08-bc39-175f24766a67
C7,f,2010,2014,a58a0bb1-f0c9-429e-ba0f-95e8bf99d87f,f2b1ce16-8f77-43f9-bb0a-06fe8b5fff8f
C7,t,2014,2018,b24f733a-3eca-4f44-80c4-dd6db1c81ae5,f2b1ce16-8f77-43f9-bb0a-06fe8b5fff8f
C8,f,2018,2023,e5864f20-8735-4364-85a3-80d7805f0c21,f2b1ce16-8f77-43f9-bb0a-06fe8b5fff8f
C8,t,2023,2025,1523968f-6037-4a69-8815-061e07e0e385,f2b1ce16-8f77-43f9-bb0a-06fe8b5fff8f
S7 (Sport),t,2019,2025,2670707d-0974-4edf-a7f1-b7ad3fcba1b9,f2b1ce16-8f77-43f9-bb0a-06fe8b5fff8f
D2,f,1994,1999,a168cf5e-317b-4838-b9f2-f4ad41edd4d9,b8fe9862-8731-4c29-9b1c-4b9a6691de22
D2,t,1999,2002,38cab2d8-34f9-43cd-965d-a08a8126f491,b8fe9862-8731-4c29-9b1c-4b9a6691de22
D3,f,2002,2005,a2d27b8b-0fe3-4323-ae28-a78b449b98b3,b8fe9862-8731-4c29-9b1c-4b9a6691de22
D3,t,2005,2007,ec22a0a3-bd9d-44ae-9ec2-8611f66f4c02,b8fe9862-8731-4c29-9b1c-4b9a6691de22
S8 D3,f,2006,2007,22cd4eff-66fb-487f-962a-d03b8091f534,b8fe9862-8731-4c29-9b1c-4b9a6691de22
D4,f,2009,2013,50eb8807-0580-4376-b5fa-69f704939679,b8fe9862-8731-4c29-9b1c-4b9a6691de22
D4,t,2013,2017,6aa6fc64-8c4b-4a40-9cbe-d8b8c66c6ab6,b8fe9862-8731-4c29-9b1c-4b9a6691de22
D5,f,2017,2021,155edf7e-fb1d-4968-aad0-49f41c9ced30,b8fe9862-8731-4c29-9b1c-4b9a6691de22
D5,t,2021,2023,4a70370a-2dcb-4e0e-a15b-dced9914dcdd,b8fe9862-8731-4c29-9b1c-4b9a6691de22
1,f,2016,2020,e2ac8a99-415d-43e3-ba3c-d7272fd8ffc3,e5eaa7b7-eed2-48e3-8405-c682436b4b45
1,t,2020,2026,33e018db-170e-4470-9c01-c09c5b6fc0f1,e5eaa7b7-eed2-48e3-8405-c682436b4b45
1,f,2011,2014,2cfe779a-eb90-4da2-962c-7732dbd2d08e,8ac3ee16-a8f4-4033-a665-c8371ee64f36
1,t,2014,2018,5ef482a4-288a-46fe-baa6-63f4e4d506c9,8ac3ee16-a8f4-4033-a665-c8371ee64f36
2,f,2018,2022,73052b86-2bf5-4963-8266-dc3b6cd2c326,8ac3ee16-a8f4-4033-a665-c8371ee64f36
2,t,2020,2022,e04c3e3a-88a6-4e66-8def-7b041689b580,8ac3ee16-a8f4-4033-a665-c8371ee64f36
2,t,2019,2022,d182e1e7-7e89-4b9b-ad4f-ccde29802287,356e9680-75b3-48b1-b73d-3d38cab3eb6d
1,f,2008,2012,e35c2c74-e0e5-4a0d-8000-d87ba2efb785,49b08eae-cc0d-403f-8be1-64b49a66a553
1,t,2012,2017,a14390af-a390-4564-8e09-4e1a460ef6e7,49b08eae-cc0d-403f-8be1-64b49a66a553
2,f,2017,2020,7d72bc80-d6a1-44d7-9224-20805ee86fc9,49b08eae-cc0d-403f-8be1-64b49a66a553
2,t,2020,2022,a5fa5469-60a0-49b3-889a-30fe6bb11f9c,49b08eae-cc0d-403f-8be1-64b49a66a553
FYT,f,2020,,1bbbad55-5e1f-4f87-9bb2-e695d2b4ac4b,a935c372-eb9f-484e-8c97-6f9625740421
1,f,2005,2009,2d631c94-415b-49f3-a805-7796f8d1e433,c8f519fa-8a4a-4ce1-b9b3-9ed3378889c4
1,t,2009,2015,7553e89e-6d52-46ba-957b-598152527d30,c8f519fa-8a4a-4ce1-b9b3-9ed3378889c4
2,f,2015,2019,c97d5d03-6d30-49ef-aa0a-5fc4bbc076a0,c8f519fa-8a4a-4ce1-b9b3-9ed3378889c4
2,t,2019,2024,12aa5a07-7fa8-49b3-9ded-69dc65d731d0,c8f519fa-8a4a-4ce1-b9b3-9ed3378889c4
1,f,2018,2023,886d1ad5-c2d1-4c7a-8392-41a7828b162d,64d24131-c136-467f-8cbe-c1b24d8b2549
1,t,2023,,0b983acb-6e45-498e-aeeb-fda55db0b649,64d24131-c136-467f-8cbe-c1b24d8b2549
1,f,1998,2003,9cef6a65-bf86-4c42-a499-b461635668df,b3ff8b48-eec7-44a2-a223-32311411a16d
1,t,2003,2006,e79f087e-2945-498a-89af-05ee9c75b3d8,b3ff8b48-eec7-44a2-a223-32311411a16d
2,f,2006,2010,d9f4f5e0-c7b8-4d0a-baf7-eed8df3d755e,b3ff8b48-eec7-44a2-a223-32311411a16d
2,t,2010,2014,73e46fa0-132a-492f-8546-b9c2bedc5f69,b3ff8b48-eec7-44a2-a223-32311411a16d
3,f,2014,2018,dcec7a7b-3c8d-4ef8-aaf4-1b61989e3c64,b3ff8b48-eec7-44a2-a223-32311411a16d
3,t,2018,2023,cf7c5147-018c-4531-a8c9-157595dbee27,b3ff8b48-eec7-44a2-a223-32311411a16d
1,f,2024,,c6e8cca2-6124-4e06-b9b8-fa93772b5c94,9ba8c0a7-d431-4fad-9144-24b380ca9b3a
1,f,2023,,7eea4487-a750-4d67-b779-a9ca41ac2a59,33039d3a-002b-483c-8a30-624696831f24
plus,f,2026,,d35f0d5f-b50a-468e-a5cd-fb5f654dca84,33039d3a-002b-483c-8a30-624696831f24
1,f,2024,2025,f82c434f-c3c7-412b-9bae-d98077c740d5,23239a1a-2da0-498a-9528-181f5667bcc2
1,t,2025,,a8442a10-097f-4f7c-aced-9c22e55d7816,23239a1a-2da0-498a-9528-181f5667bcc2
1,f,2012,2016,bf7d2996-2752-4991-8f9a-74ba9e52e902,e1246a32-0915-443b-bf3d-a38068f7c68c
1,t,2016,2022,c77451bf-9ba2-4125-9b1a-90f67448148e,e1246a32-0915-443b-bf3d-a38068f7c68c
1,f,2019,2023,c14ef93c-1eb6-4273-af09-3608bc0136ce,fd6e2dfd-3503-4ad8-8ea8-c3f0c8543c02
1,t,2023,,e53f5310-cb2a-4bc7-8471-b30504bb221f,fd6e2dfd-3503-4ad8-8ea8-c3f0c8543c02
1,f,2007,2012,47862e36-6c03-4e2c-b09b-26f82ca86eb3,c744917f-ab3d-4843-ae27-c8d67672aa79
1,t,2012,2017,ffdd9608-8100-49c3-8f11-6f81075250df,c744917f-ab3d-4843-ae27-c8d67672aa79
2,f,2017,2021,1cc1c5cd-4c9d-4636-84ef-0edab6ff0ba4,c744917f-ab3d-4843-ae27-c8d67672aa79
2,t,2021,2024,e0f7e323-6758-442c-89d7-2010b2267f55,c744917f-ab3d-4843-ae27-c8d67672aa79
3,f,2024,,9650774d-4d8e-4381-bbda-214491f11b86,c744917f-ab3d-4843-ae27-c8d67672aa79
1,f,2016,2018,ca6c541b-085a-43d8-ab25-c8bf2a4c8150,38c6f3f5-b483-4efb-a09a-da64b74cf9f8
1,t,2018,2020,a80599c1-369e-4a79-994d-08944e3e8af2,38c6f3f5-b483-4efb-a09a-da64b74cf9f8
2,f,2020,2024,305d4d26-567d-4775-bf8e-9eb5d698692d,38c6f3f5-b483-4efb-a09a-da64b74cf9f8
2,t,2023,,50f921cd-db8c-4b5e-b9ed-ef2d9c0b6b70,38c6f3f5-b483-4efb-a09a-da64b74cf9f8
2,f,2009,2013,c1c78097-2578-4df6-a9ff-cdfa5932d025,b352901b-0d67-4e30-8110-51a30376c8a2
2,t,2013,2016,8e9d2051-8dd2-4b2a-ac05-6665ecd5f0e4,b352901b-0d67-4e30-8110-51a30376c8a2
3,f,2016,2019,38f93fc8-fbc9-4e35-be62-73aeb958d696,b352901b-0d67-4e30-8110-51a30376c8a2
5,f,2008,2013,56a731fb-77b0-46d9-8684-444b9fe7da5c,260b7e60-2d6f-48c4-8b64-8a3bedb6e135
5,t,2013,2017,5eadafae-b19d-4211-be6c-bb70f9ae2cec,260b7e60-2d6f-48c4-8b64-8a3bedb6e135
1,t,2017,2020,e606422f-5cb3-4c6d-806b-6f192d9c6ce6,260b7e60-2d6f-48c4-8b64-8a3bedb6e135
6,f,2017,2020,0208b957-2774-486d-b094-0ae7d3338b94,260b7e60-2d6f-48c4-8b64-8a3bedb6e135
1,f,2003,2007,607071b4-f476-41ea-baa2-d10c9f9b962f,5984c8ab-9cf2-40e6-a99a-8a622a9970d9
1,f,2001,2005,ae3c882b-a65b-47e0-b8fe-1f5689e0273b,9f9e0c42-52bb-43c9-b1b3-7bb0ecf9ee99
1,t,2005,2007,40a0d2a0-dd8c-414a-983e-6dacca3bc403,9f9e0c42-52bb-43c9-b1b3-7bb0ecf9ee99
1,f,2010,2016,094c2b1c-62e8-4df8-a908-1d0bea707aa2,12f23898-7a4f-45ca-995f-0543956bfbee
I,f,2012,2016,11e78191-9100-4387-a179-15283c91bf39,15d720f8-2a66-413b-b165-bae84f2b51d2
I,t,2017,2019,adb4f9c7-51f8-4cea-9cb4-2a279752dd25,15d720f8-2a66-413b-b165-bae84f2b51d2
1,f,2005,2010,fe3f2d55-dd19-43f9-afb6-3b7e75b1571d,b777fafe-3f7b-4c51-975e-95b280f4e0a5
1,f,2002,2007,5c80aea3-06f8-42b6-8e3a-5a57d0b92ee6,90c0462f-a7c5-42a0-8354-c0dd7d0d80e3
2,f,2007,2014,0ff565ad-7d6f-43e4-9eba-45fd0f0ad8b9,90c0462f-a7c5-42a0-8354-c0dd7d0d80e3
3,f,2014,2016,a72ddcfb-6bd6-48b6-bef9-5851735251a2,90c0462f-a7c5-42a0-8354-c0dd7d0d80e3
3,t,2016,2019,831e36a6-1595-4cd6-8f56-1f594691577e,90c0462f-a7c5-42a0-8354-c0dd7d0d80e3
1 (A2SL),f,2019,2026,a33b185f-a813-44aa-8999-363399fd1084,bc7710c0-8694-4d02-88fc-e8aa58439cf1
1,f,2019,2023,8b28df78-5be5-4c88-9de0-7618abf70cb9,d6afc2a6-e8bc-4314-9538-33bb4186a095
1,t,2023,2026,363c5854-7c5d-4dd3-93f9-c4fd5ebc9f7b,d6afc2a6-e8bc-4314-9538-33bb4186a095
O1SL,f,2016,2018,56cc14ca-197f-41ef-8fbc-9c242b276a56,93dbb5cf-02ed-4abc-943f-63b1f64d33c4
O1SL,t,2018,2023,a2bac32a-841b-4d7b-b0b1-353ed8a84343,93dbb5cf-02ed-4abc-943f-63b1f64d33c4
8,f,1995,2005,fbd5e71a-bb0b-4904-a7ec-05f1481353ec,8461601f-10fb-4aae-946a-cd5b97111a82
1,f,2005,2011,0eb247c3-8f7a-4d8c-88b9-7be7463965da,38aedd16-4ede-41b7-9009-ea98a10e5299
2,f,2001,2006,d446ca44-b9a7-4ad9-b26f-29a072c79e4a,8b5b931d-406f-415f-af56-6f14ca012ebf
3,f,2006,2014,a20b9c27-f151-44b5-b69b-6bfdce829774,8b5b931d-406f-415f-af56-6f14ca012ebf
4,f,2015,2021,3e6309ff-59b0-42c3-8f72-f81402753a61,8b5b931d-406f-415f-af56-6f14ca012ebf
5,f,2021,2022,4c902312-14cd-403f-9c65-772b150a5cd3,8b5b931d-406f-415f-af56-6f14ca012ebf
5,t,2022,,528b4033-9b9b-4343-9685-36c9885f68f3,8b5b931d-406f-415f-af56-6f14ca012ebf
1 (GMX295),f,2004,2007,061327c4-0178-424f-9165-5a7295ec17de,ff171e15-2e69-4512-adf4-d3664e30f0cf
1 (GMX295) Рестайлинг,t,2007,2011,6ca1e5db-fa00-44ec-afb0-710e3ed3409e,ff171e15-2e69-4512-adf4-d3664e30f0cf
1,f,2004,2010,f936422d-14e3-47be-ae4c-e194fe9ccd57,379df3dd-05d1-411f-8996-412b6aeb3e80
2,f,2009,2013,c12b4611-6e47-4078-a7ab-e06faa449854,379df3dd-05d1-411f-8996-412b6aeb3e80
II,t,2013,2017,b12b52a8-3a0d-4726-b011-3050e6e47ce9,379df3dd-05d1-411f-8996-412b6aeb3e80
P1LL,f,2012,2017,77cf8fea-7a71-4823-9866-1af87a36f830,f5f3ba77-7c59-4bb6-98b5-fabff538d91e
P1LL,t,2017,2019,d708b97d-813e-4357-80e2-b21748134ca5,f5f3ba77-7c59-4bb6-98b5-fabff538d91e
1,f,2018,2023,ee3bde3b-4788-4a07-b7f6-722d2df84187,de2766d4-4bb7-4957-a4c3-e96d899b91be
1,t,2023,,1593172f-adf6-4ead-8067-f846c4d41740,de2766d4-4bb7-4957-a4c3-e96d899b91be
1,f,2016,2019,b2d21e4e-d8f0-4d16-bc88-52457c3c087e,e92b1f7a-1f2d-472e-b82b-56849f0846f2
1,t,2020,2022,f397525c-e3fd-4a84-b6ec-d0887f9bea46,e92b1f7a-1f2d-472e-b82b-56849f0846f2
1,f,2019,2022,0f50666c-d4b9-4da0-a2d3-5baebda151fa,25524700-61e4-480b-bd9e-62e3c0da5e91
1,t,2024,,df45bf9d-cfef-4a29-8a30-f308e85c33b3,25524700-61e4-480b-bd9e-62e3c0da5e91
3,f,2017,,4209de66-4dcb-41d3-b0f7-e1eb872c3f90,c9d0d542-41c9-49b9-90ae-66ed5a11b299
1,f,2014,2017,ed9f7f0e-5fac-4e54-92b4-3df67594cab3,8ecf63a6-bce6-4016-a439-c03d26fc3190
1,t,2017,2022,1128fef9-3da5-4d4e-bacf-790de4845169,8ecf63a6-bce6-4016-a439-c03d26fc3190
Plus,f,2019,2024,7ce37604-6388-40b0-8b57-7459403fd0ef,8ecf63a6-bce6-4016-a439-c03d26fc3190
Plus,t,2022,,8b3fe329-caaf-425b-b9c6-a0130b16f7dd,8ecf63a6-bce6-4016-a439-c03d26fc3190
Max 1,f,2026,,39a42bba-4cdf-43a9-8226-929577d1c187,8ecf63a6-bce6-4016-a439-c03d26fc3190
1,f,2017,2018,42efa4ca-6541-43a4-9030-669e9c50d09c,d89565a9-22bf-4310-a9f2-1f1a81a10749
1,t,2019,2024,9e6e8ea3-ca93-4b11-b5f1-dd707baf0ed6,d89565a9-22bf-4310-a9f2-1f1a81a10749
CS55 Plus 1,f,2019,2021,fce4e7fb-ebb1-4406-8490-388cae713aa7,b5ddb01b-b694-4d07-bf14-12b1a8339fc2
1,f,2018,2020,74384c87-409b-4e5a-9891-fb1d601322ce,a330eb17-4c35-45f5-9532-567d1ef9bb12
1,t,2020,2024,acb9773f-102f-470f-be10-5c2ffedea26d,a330eb17-4c35-45f5-9532-567d1ef9bb12
Plus,f,2019,2022,0a2c56ba-928a-4260-9846-6660f32e6916,a330eb17-4c35-45f5-9532-567d1ef9bb12
Plus,t,2023,2024,34e94d24-723c-45ef-9f45-1f71c293c6b9,a330eb17-4c35-45f5-9532-567d1ef9bb12
3,f,2024,2025,966c02fe-07dc-48dc-9bbb-1399c1bc46d3,6588e99e-a7ea-47a9-881f-c955cede6644
3,t,2025,,8068d3f4-767c-4cb7-97ed-1e19a9676c9e,6588e99e-a7ea-47a9-881f-c955cede6644
1,f,2017,2018,99294fff-a105-4521-beaf-738de826f111,11b69880-f027-466c-9b1d-d51e13c50bd2
1,t,2018,2023,eb8694d8-eea2-419d-9019-71d95a5d3b07,11b69880-f027-466c-9b1d-d51e13c50bd2
I,f,2013,2017,1e82e2c5-0a25-4778-8e8f-17bd44893e1f,9a243efd-87d7-4236-a95a-9031d3f1b754
Plus 1,t,2019,,87f3104a-6dd4-4198-a864-444b8900899f,9a243efd-87d7-4236-a95a-9031d3f1b754
Hunter Plus 1,f,2022,,016662d9-714e-4f1a-b69e-27fedbf46f52,e896c75b-f45e-49ea-81e4-a3dd6833d24c
1,f,2023,2024,88d2f534-bf96-4db3-bc58-67751f179575,f5a055db-f058-4ad6-8418-7e12824e01f6
1,t,2025,,dfc7caf7-652b-4a8a-880a-ddc18b061aa5,f5a055db-f058-4ad6-8418-7e12824e01f6
1,f,2014,2017,475b8b9d-22ea-4a96-a19a-619d28563150,44ac9cc1-b9a6-4966-90cd-789e6c278762
CC 1,f,2017,2019,352eb8e1-d145-4c3c-82ae-4c438d3b4dce,44ac9cc1-b9a6-4966-90cd-789e6c278762
CC 1,t,2019,2021,bcc59817-92e4-4e4c-af94-7185abede994,44ac9cc1-b9a6-4966-90cd-789e6c278762
1,f,2020,,27c46751-5287-469d-a516-202168d0078e,fe6f110c-1922-4b2a-b4ef-8cf425b8763e
1,f,2020,2023,c0a90067-ba2b-4b38-9d9a-5db5d877f3bb,595ce127-803a-4464-8aa5-954b1f879dca
1,t,2023,,05fb56b2-4523-4262-9b7a-edf88e47a7f3,595ce127-803a-4464-8aa5-954b1f879dca
1,f,2021,,a8b16a88-5385-4bee-987e-04465f2bcd4d,f5abc21e-a304-4930-8be4-1b2c77fbb760
1,f,2016,2022,7c12d970-0cc2-497e-bec9-89d47fe49c8a,7ca0700e-941e-49c5-9d5a-c15e8abc65cd
1,t,2023,,efb8aab2-11f3-4a60-b26c-23eb4df3a9a0,7ca0700e-941e-49c5-9d5a-c15e8abc65cd
1,f,2023,,2f3c9c6b-a0cb-4f38-8bf2-6f70da8dea9d,793011eb-facc-4cf8-8416-9658d6232ed7
1 (Limited Edition),t,2025,,2ee81844-83df-44a9-afaf-a08eaa4ef219,793011eb-facc-4cf8-8416-9658d6232ed7
1 (T42),f,2023,,d587b2f8-8b32-4007-9032-0b2a7e8b4bf2,7a50a9a8-a039-4574-beb8-bcbcc4c8799e
1 (JC1),f,2022,2024,601ea3d4-d12c-42d8-8c7f-7bd9bab35fc6,9aad9ca0-ce27-4923-973d-e0eae547435b
1 (Restyling),t,2024,,25477076-374d-47d1-9d56-e3b70c713737,9aad9ca0-ce27-4923-973d-e0eae547435b
1,f,2023,,e42fb24b-59c6-4020-a977-32c2bc41fd46,0286d030-ce37-486f-a26b-240d9579218a
1,f,2024,,8a0c7409-ccea-42c9-80a3-1030b4bc5257,b4eb3744-8409-47de-8aef-d1fc6b780969
1,t,2020,,e72849d2-2075-4ccb-8089-f24831bf6a26,d88ac534-63a9-4cef-9523-986767306640
Plus,f,2023,,9c890362-1252-4e86-95d3-837c8b9b5084,e33ad3e8-a003-4025-a69c-15fb12cd7b91
E5,f,2021,,7658b5da-f31a-40ca-934b-26477fa387f3,4e2f2a2d-b1d4-43c3-9693-6e3fa2f12dd0
1,f,2019,,d4fa87d5-9033-4728-9f5a-44eab34ca9db,cc9b1c3e-0b83-4a32-bd62-5f37d361cbbf
1,f,2019,2024,165ba82d-9296-4a70-8397-7ed7dc593fe2,3bddbba8-c2e1-49f3-bbc2-0c2dd8fd2748
1,f,2022,,48278c29-c26f-4409-a5b4-f9a6bed6ac89,1d3d6842-43de-407d-83af-60738265ab9f
S5,f,2022,2026,aff0843c-1159-4b90-9af7-89db4cc68fba,841a520b-1cd8-4171-a4b4-f374ad1e8542
Pro,f,2021,2023,6d1ba894-7c74-4523-bd23-c941e4cf4203,ffffb8c7-9108-484d-9b00-2b946226f404
Pro,t,2024,,471a1274-4b01-4f99-bc72-bd63270ef12d,ffffb8c7-9108-484d-9b00-2b946226f404
2 FL2,f,2017,2019,39b872d2-7c9a-4919-9f46-a5ca529e2c23,ffffb8c7-9108-484d-9b00-2b946226f404
2 FL2,t,2021,,0be31363-9912-4f7e-aa9f-4e4440a2e76a,ffffb8c7-9108-484d-9b00-2b946226f404
2 FL2 (Актуальный),t,2024,,e8d26176-fc3d-4e41-bee5-912a054a3292,ffffb8c7-9108-484d-9b00-2b946226f404
T21,f,2014,2016,97600584-1496-42ec-b814-2a97a6c6ee6f,40e51546-3845-4c7e-ad78-32fe392fa80c
T21,t,2016,2020,3856b364-6995-4ca4-a7d0-709b1c1f55dd,40e51546-3845-4c7e-ad78-32fe392fa80c
Pro,f,2020,,a2dde6eb-a09d-41c0-a291-479796f59ad8,327761c9-d95b-4883-b329-0a7e0426c0a4
Pro Max,f,2022,2024,1966b44d-3a08-40ec-a88c-b9d4171322d0,327761c9-d95b-4883-b329-0a7e0426c0a4
Pro Max,t,2024,,6b27542e-4248-480e-80d1-db467e088d42,327761c9-d95b-4883-b329-0a7e0426c0a4
1,f,2018,2022,e74dbea3-9253-4485-a01f-f81df2a6df3e,e05c7988-8f79-4cfe-8687-e8f584863ba2
1,t,2022,,038fa4e2-2c84-4f42-976b-79d9bdb52345,e05c7988-8f79-4cfe-8687-e8f584863ba2
Pro,f,2021,2024,b1a82b7d-6a24-4419-93ee-a82603df29c1,e05c7988-8f79-4cfe-8687-e8f584863ba2
1 (T1D),f,2022,2023,61b752ce-0c88-4696-b01e-d90d2dc9b32f,6ad5167c-3e46-4941-af4e-70ef16a67cc8
2 (T1D),t,2024,,53f96e1e-b10e-4351-9e46-07c55a49762b,6ad5167c-3e46-4941-af4e-70ef16a67cc8
T200,f,2002,2005,f4985039-0183-4dc4-8ebe-32f88b9ca7f2,71b4cf4e-397a-494c-b1e1-c59efbf5df18
T200,t,2004,2007,bbd1048c-1645-4197-8273-ae43c43cea58,71b4cf4e-397a-494c-b1e1-c59efbf5df18
T250,f,2007,2012,e89c7822-fa91-4852-9891-15d769fc6f05,71b4cf4e-397a-494c-b1e1-c59efbf5df18
T300,f,2012,2015,fe873118-458a-4416-ab63-5c3e61133ad7,71b4cf4e-397a-494c-b1e1-c59efbf5df18
T300,t,2016,2020,69137344-a877-4b15-aa26-f9db798a764f,71b4cf4e-397a-494c-b1e1-c59efbf5df18
5,f,2012,2014,849ff2b0-0122-4fa9-93c7-3fa64454459e,c5e19c32-e02e-4f53-b661-60d18d1cbe53
5,t,2014,2016,d0f200c0-ac6b-401e-a89f-53e59196c0a4,c5e19c32-e02e-4f53-b661-60d18d1cbe53
6,f,2015,2018,a174104a-5253-471a-b933-bf2ed145ff52,c5e19c32-e02e-4f53-b661-60d18d1cbe53
6,t,2017,2023,b98050a0-2699-435a-be83-a0cd91b2a606,c5e19c32-e02e-4f53-b661-60d18d1cbe53
C100,f,2006,2011,d82340b2-5f04-4275-b085-a1985670cc1b,8d5db24c-d7c8-41d6-88a0-66da69a70fcd
C140,f,2011,2015,65de9856-1697-4910-a1ff-c19a4d783c99,8d5db24c-d7c8-41d6-88a0-66da69a70fcd
J300,f,2008,2012,b2030cf3-f681-4571-8c45-f77e15c7003b,ce8125ee-3cc6-4f30-991e-7cf4a813a3f0
J300,t,2012,2016,f16f7ec0-a8a0-4728-aded-8b029f408752,ce8125ee-3cc6-4f30-991e-7cf4a813a3f0
J400,f,2016,2018,f847c9a6-1acd-47f5-97a2-c76038843467,ce8125ee-3cc6-4f30-991e-7cf4a813a3f0
J400,t,2018,2020,1295bc47-27af-4617-8c0e-6252656f0c46,ce8125ee-3cc6-4f30-991e-7cf4a813a3f0
V250,f,2006,2008,e09d4b3f-f266-4905-a395-ca1d97f70d20,4fde7e2f-39f5-4886-9a75-6806a3cee2d6
V250,t,2008,2014,cdff79bd-a1b1-4482-a2b2-d4dc00c1e8db,4fde7e2f-39f5-4886-9a75-6806a3cee2d6
2,f,2009,2015,87c6e0c0-4c21-4a0e-9234-7a7e2f8246d6,a87ee775-e47e-4654-88e3-8448630b8089
2,t,2015,2017,9eece9b9-fc75-458b-ba79-197af7d73903,a87ee775-e47e-4654-88e3-8448630b8089
3,f,2017,2020,e9ecbada-9097-4f19-bc99-9c72098b8d68,a87ee775-e47e-4654-88e3-8448630b8089
3,t,2021,2024,ef1d2788-77ab-4ed5-b29b-355cc82d3433,a87ee775-e47e-4654-88e3-8448630b8089
4,f,2022,,85632697-d18c-4218-ac75-304b1183a8cd,a87ee775-e47e-4654-88e3-8448630b8089
1,f,2004,2006,234ed6a4-99d4-4fd4-911d-0c682dc52a4d,5ad7eb2a-6754-4c7f-b729-877f8280e5e7
J200,f,2002,2014,7ba4bf6b-eca1-488c-8601-86b9ab625e4e,e6d11d69-2f67-4b7f-862a-2de962c92144
T150,f,2002,2017,626539ac-fb12-4cc5-8ebd-a5babe41944d,87bffbfd-5779-4952-b466-f7a7f300cec3
8,f,2011,2013,e03771f5-09b0-4871-a88b-1286257101f5,7a1ed241-5426-430a-a393-b85057562759
8,t,2013,2016,161b54f0-0db6-44fc-a294-07f4bb6337ff,7a1ed241-5426-430a-a393-b85057562759
9,f,2015,2018,fc8344d0-4fe8-4532-a0b8-1da10f21e197,7a1ed241-5426-430a-a393-b85057562759
9,t,2018,,dc99b653-10ee-45f5-8f06-3529eb5cb9af,7a1ed241-5426-430a-a393-b85057562759
1,f,2002,2009,85cdf9f6-cd76-431d-b2ad-a939596422a5,60fa9521-db0c-4d9e-a060-c1846fb1589c
1,t,2009,,03a9252e-86ad-4f08-8a0e-8123973b5606,60fa9521-db0c-4d9e-a060-c1846fb1589c
2,f,2019,2024,af6269d5-1b0e-47c0-961d-35778cbe6d5b,2ad3c9a6-4fa1-4b18-92da-c52850b3feb8
J309,f,2010,2015,a542f345-b714-4a69-8603-7f77a0dd1562,c26bbdcb-19b4-43c0-b1fb-3f304dc57a61
2,f,2005,2010,8e2eb56a-1334-4a9b-885a-dd5467104159,71277389-22ed-4c01-82c8-a949ab0092cb
3,f,2010,2015,7bffdb80-f19e-4cba-9c85-4ef7238ac7ac,71277389-22ed-4c01-82c8-a949ab0092cb
3,t,2016,2018,b5c5ee95-cb09-4887-b699-159f66211c69,71277389-22ed-4c01-82c8-a949ab0092cb
4,f,2015,2018,07308510-ab5f-4e66-a486-69ad0a1b631b,71277389-22ed-4c01-82c8-a949ab0092cb
4,t,2018,2022,7f4fd279-59a7-4305-9145-92edb70d134f,71277389-22ed-4c01-82c8-a949ab0092cb
2,f,1999,2006,d3a7417b-b232-4781-92b9-a864270c82a1,60d3fc47-aa05-4544-a74b-bbb3c6582168
3,f,2006,2014,63a8ce77-e81b-4cd8-8476-c2aac4005906,60d3fc47-aa05-4544-a74b-bbb3c6582168
4,f,2014,2020,b771abc4-d64a-4d04-be54-1e70ac254821,60d3fc47-aa05-4544-a74b-bbb3c6582168
5,f,2021,2023,db394c0b-02e4-4e5a-ac70-83205ec55f1b,60d3fc47-aa05-4544-a74b-bbb3c6582168
5,t,2024,,e8e1641b-7cee-4d81-b549-e9b260bef4a1,60d3fc47-aa05-4544-a74b-bbb3c6582168
1,f,2003,2006,6657b78d-f5f5-493b-9594-85c96c18bf38,981146a1-1299-43f9-bc26-89b599a93e26
1,t,2006,2010,78bf4da1-989b-4b2a-9cfc-f6a8a4305bd1,981146a1-1299-43f9-bc26-89b599a93e26
2,f,2013,2015,3806cb7e-7e54-492a-b212-a9dda90a4280,981146a1-1299-43f9-bc26-89b599a93e26
2,t,2016,,bd900708-fa75-401a-8d6c-9b1cd88461a9,981146a1-1299-43f9-bc26-89b599a93e26
3,f,2019,2022,a8b56560-a52f-4d96-be9b-0e3abe9bfa71,981146a1-1299-43f9-bc26-89b599a93e26
3,t,2023,,1b4d02e6-e767-408f-8906-ced9d66caa21,981146a1-1299-43f9-bc26-89b599a93e26
1,f,2008,2012,abdda080-4346-4e4a-b23c-ad500e7bb1ad,eb794cbe-b1b5-48e5-9ea0-065b4b0eb104
1,t,2012,2017,d627f9a7-b6be-46b1-ab15-65099eaeaacf,eb794cbe-b1b5-48e5-9ea0-065b4b0eb104
2,f,2017,2021,1cf84b72-8150-4df2-ab27-83a7e4f37217,eb794cbe-b1b5-48e5-9ea0-065b4b0eb104
2,t,2021,2024,5faf22f2-0cff-4045-819f-6a9a01ef91e7,eb794cbe-b1b5-48e5-9ea0-065b4b0eb104
3,f,2024,,e4a4af8c-3b65-48a8-9929-488d594de956,eb794cbe-b1b5-48e5-9ea0-065b4b0eb104
1,f,2013,2016,6f8109f0-d8f6-4fdc-be17-8aacca6c523f,87916141-4f34-4e05-9542-1d7033ad2550
1,t,2016,2022,b88a6bee-6eb6-4389-8f81-c98d76b061cf,87916141-4f34-4e05-9542-1d7033ad2550
2,t,2023,,d4ecfdbc-429b-46da-a057-a3eed04774a2,87916141-4f34-4e05-9542-1d7033ad2550
1,f,2012,2015,d761facf-092f-4be6-b364-23487ae4325a,7a6e7422-6475-4274-9b8d-659d97d34ab9
1,t,2015,2021,09df85da-263c-40e5-9ed9-7774ceaf93d3,7a6e7422-6475-4274-9b8d-659d97d34ab9
1,f,2010,2013,343f0e1a-d0f2-4e7c-9235-5d6ce2092bb6,571301e4-111c-4fad-a260-730687224038
1,t,2013,2017,724a15ca-939e-43a5-a3cd-1197485e3c64,571301e4-111c-4fad-a260-730687224038
2,f,2017,2021,4d9e1ae2-1670-4c48-a78f-17ea88796fa3,571301e4-111c-4fad-a260-730687224038
2,t,2021,2023,f4e35b30-92c0-4cf1-b63b-5c93a47e8f0e,571301e4-111c-4fad-a260-730687224038
3,f,2023,,e712fe62-d8f0-4211-93fd-a474fdbcfee4,571301e4-111c-4fad-a260-730687224038
1,f,2021,2022,5d7a4786-c67e-4a9e-ab59-31f63693ba5c,ac66f5a4-82e6-4781-be2d-2e943a443e05
1,t,2022,2025,67b442ef-be16-41e3-bce4-6c269194d5a0,ac66f5a4-82e6-4781-be2d-2e943a443e05
1,f,2012,2016,e8afea7e-97d6-45e7-9e93-a459d15744f2,1de57465-a95b-4874-b86d-205d549ccd9d
1,t,2016,2022,2ac595af-48ee-4722-a012-6a14c0c5ebc4,1de57465-a95b-4874-b86d-205d549ccd9d
1,f,2004,2012,39d3bb0c-67b5-4adc-9960-5a6dac8e1517,a9239ae2-1cb8-41ad-aefb-6106361841c1
2,f,2012,2016,3b64ed7c-9c74-44cb-af5a-2ec834226f8a,a9239ae2-1cb8-41ad-aefb-6106361841c1
2,t,2016,2020,7c6c84ae-a69a-48d4-9efa-7d705aea4d5b,a9239ae2-1cb8-41ad-aefb-6106361841c1
3,f,2020,2022,86af772f-259a-49a9-8fe9-3d79682011df,a9239ae2-1cb8-41ad-aefb-6106361841c1
3,t,2022,2025,ae7d3466-357f-48c5-9020-5608c35077cc,a9239ae2-1cb8-41ad-aefb-6106361841c1
1 MCV,f,2006,2008,c081c76c-b331-4da3-ba14-9684d092dc6e,a9239ae2-1cb8-41ad-aefb-6106361841c1
1 MCV,t,2010,2013,62b98dab-8c45-4356-a4bf-9f1c52ca43b8,a9239ae2-1cb8-41ad-aefb-6106361841c1
2 MCV,f,2013,2016,f7b934b9-852e-49dd-910e-c166f4440113,a9239ae2-1cb8-41ad-aefb-6106361841c1
2 MCV,t,2016,2020,08f241bf-a6b4-429e-bd94-6aa31dd203d7,a9239ae2-1cb8-41ad-aefb-6106361841c1
1,f,2008,2012,8ee80516-2a4f-4b04-bfc8-c43a31546535,f1067ddf-37c1-46bf-b0a9-5539bb1dfec2
2,f,2012,2016,f10dda06-6ef9-4e0a-a9b9-12479ddc643b,f1067ddf-37c1-46bf-b0a9-5539bb1dfec2
2,t,2016,2020,f54ac1b9-88a4-4dd6-829f-597875fb8c3f,f1067ddf-37c1-46bf-b0a9-5539bb1dfec2
3,f,2020,2022,b3beea51-a327-4e02-ab10-0f6ffeebe253,f1067ddf-37c1-46bf-b0a9-5539bb1dfec2
3,t,2022,2025,db1063c9-8a3e-4d05-8ea4-9447ea166c70,f1067ddf-37c1-46bf-b0a9-5539bb1dfec2
1 Stepway,f,2009,2012,308059e4-51f6-4412-be9b-3c9adf660056,f1067ddf-37c1-46bf-b0a9-5539bb1dfec2
2 Stepway,f,2012,2016,1e513893-7708-4c09-b140-5ba0e940f45c,f1067ddf-37c1-46bf-b0a9-5539bb1dfec2
2 Stepway,t,2016,2020,4987dc91-9bc8-4619-a9b5-0fb0f19d32d2,f1067ddf-37c1-46bf-b0a9-5539bb1dfec2
I,f,2014,2019,3fc89b47-ddcd-46db-bcba-56855c898de4,7f8a3932-7d27-4920-8dea-a6c3ac995613
I,t,2019,2020,40513b18-9c54-4229-8a72-b97fb0c41564,7f8a3932-7d27-4920-8dea-a6c3ac995613
1,f,2014,2020,85bb8a95-217c-4205-9f6a-2791b5a875f3,727ef7c7-da1b-48a9-aed4-3ae0ad0623a0
1,f,2016,2018,0383a0cb-f776-4e24-aa1f-bc7ab22bb2aa,77053af6-dcd7-4a60-a556-e64f8d426e18
1,t,2019,,2a259a01-1775-4932-988d-eedce97331d5,77053af6-dcd7-4a60-a556-e64f8d426e18
1,f,2014,2019,9abb62f5-b244-40d4-84bc-adb34ae9bc48,5a214198-8918-4c21-ada8-23aa33ba2352
1,f,2010,2013,ae3b992e-33f0-45e9-b4b2-3ec2ecfe9bd9,b312c246-8f5e-4ee2-8943-98fbbca6360d
1,t,2014,2018,dac67a34-6847-4e6a-9eb9-a0f9c106e71b,b312c246-8f5e-4ee2-8943-98fbbca6360d
1,f,2022,,edf79d44-4da0-4bb1-8465-688b8f2e1a67,83e52c6e-7f60-4947-b886-7714d2d299b4
1,f,2023,,e938635c-2cdf-4e80-971f-4f075a6f75cb,95bf637c-4118-4497-958c-3141c9e5bddb
1,t,2014,2017,fb82eb8c-8495-46ed-aae4-c9e1165b6f12,93bee8ca-e031-4580-902d-375c61e87aa9
1,f,2019,2022,fc3ebad4-0030-4f06-9ecb-f7cdcfdcf05d,ccc9658a-41ac-49af-8e47-cb964e4787ec
1,t,2022,,519a6f8c-373d-4985-a65f-9299be2e1568,ccc9658a-41ac-49af-8e47-cb964e4787ec
GS,t,2020,,7023e481-e95d-4c0f-9ffd-5de1f159fb56,ccc9658a-41ac-49af-8e47-cb964e4787ec
Shine Max,f,2024,,ade61f64-9699-4323-b248-ce3f5ac2f403,b530cbf7-f3f7-4489-8be1-3a44b9fc7956
1,f,2023,,a162645c-ef71-48a0-adc4-1b947af1321a,d6bf8b23-bfd9-46dc-bf0a-8266ed619539
1,f,2019,2022,54611c23-269b-4d72-a692-667f860fb9e8,c285da0a-b457-4cf4-8907-36bdd93634c9
1,t,2022,,ce767420-ca60-4cca-abe1-4e5ab3d0d013,c285da0a-b457-4cf4-8907-36bdd93634c9
1,f,2022,,e5e6ad49-0e36-4641-ba1e-d249c3f56961,614c331d-d910-461a-a156-d1a06bd124f8
1,f,2019,2021,f1b197a3-a490-4928-8f75-52fcf632f5cc,c1dda7a3-7dea-472d-be84-da941207e1f2
1,t,2021,2024,12d8dba2-7d5a-488b-b217-9926d91188cd,c1dda7a3-7dea-472d-be84-da941207e1f2
1,f,2021,2023,9bca66f5-ad24-479c-b4b7-20e5195993d0,e33c327b-d840-45a3-8c4e-64e0f9135f6c
1,t,2024,,1fd45fdd-00c1-4e3d-8e62-47e82bbfe6ba,e33c327b-d840-45a3-8c4e-64e0f9135f6c
II,f,2008,2016,1aeb1cf9-93e3-411c-827b-72010c333da1,d47cae07-001f-441b-a8b8-1f76d987de36
II,t,2016,2020,fb088d03-4670-40ff-b0c7-0c7cab051671,d47cae07-001f-441b-a8b8-1f76d987de36
1,f,2012,2017,e60eea17-a974-4d35-8f1b-665fe4c4b941,aedc457b-08fa-4e4d-85e3-99f370c07af8
1,t,2017,2022,b06db814-a0b4-4438-8d0b-bdef376bda06,aedc457b-08fa-4e4d-85e3-99f370c07af8
1,f,2014,2018,237d9553-1059-4d82-85c8-1757b1b475c9,fd3cb4d6-0945-41e3-84eb-caf81448224c
1,t,2018,2022,19f20628-7789-41b3-b047-db14b006d782,fd3cb4d6-0945-41e3-84eb-caf81448224c
1,f,2002,2005,63048f62-8bca-44ea-bcd7-5b75d2e76a76,681221c1-9c4a-4b94-8e2e-26167cb12a88
1,t,2005,2012,d41127ed-7e84-4a01-bebd-776b9384fbbb,681221c1-9c4a-4b94-8e2e-26167cb12a88
2,f,2007,2014,bbcafebb-1331-4159-8a3a-76c736ed31b4,b7173a24-ef89-4a6f-a496-f5c16101b4b9
2,t,2010,2014,577efa80-6588-4682-bdbb-984c26dd0ca8,b7173a24-ef89-4a6f-a496-f5c16101b4b9
1,f,2000,2005,5ce1817d-3fa1-43ef-b792-e08be513e9a0,ef70199f-a822-4b31-9c48-5601c382d0fb
1,t,2006,2016,a8fdd0eb-f0d2-4df3-b055-fc4192f4df04,ef70199f-a822-4b31-9c48-5601c382d0fb
1,f,2007,2012,37250ef8-e1e7-449b-8884-ed050f09040b,82a2b842-2a87-4acd-aeb9-39c94d9a4cb2
1,t,2012,2018,7482eaac-8192-4de5-93db-52a239f93c6b,82a2b842-2a87-4acd-aeb9-39c94d9a4cb2
2,f,2003,2008,117de137-2617-4ac8-89d7-2d3dcfc069da,41688047-4061-4a21-95f6-7fa2e7dbd24e
2,t,2008,2012,7c251850-a321-4780-945d-6d273891b6d0,41688047-4061-4a21-95f6-7fa2e7dbd24e
2,f,2015,2020,498c6589-8049-44c1-8f5a-ec0ed2319769,e8fce2f1-6f7f-44f6-a6b6-23962f00a7e3
2,t,2020,2026,bd520334-1b30-49c6-a990-fa4957d2fc24,e8fce2f1-6f7f-44f6-a6b6-23962f00a7e3
6,f,2021,,4ae8c32b-22bf-4499-999b-d445b26e794b,af13ad5c-e0ae-438e-a002-a7157f0121fa
1,f,2003,2007,412c05d6-7cd9-4215-9f31-6411134d0bf5,54612a61-5f1c-4872-95c6-498d93f35aca
1,t,2007,2010,2bdce370-dbd0-4f36-9e52-d7e0b430001a,54612a61-5f1c-4872-95c6-498d93f35aca
2,f,2010,2015,37badd1a-deaf-48e3-9487-f38b6a603b61,54612a61-5f1c-4872-95c6-498d93f35aca
2,t,2015,2019,b33d881c-ec88-40be-93dc-a10927abe71d,54612a61-5f1c-4872-95c6-498d93f35aca
2,f,2014,2018,cd61ad49-74e4-422b-b45b-683308a5c4c4,dde2f519-69b2-4cdf-8c30-0b66a427e7f9
2,t,2018,2019,af12c9b6-f60f-4155-9a92-7561aa584ebf,dde2f519-69b2-4cdf-8c30-0b66a427e7f9
2,f,2015,2018,3f4ad455-2f08-4d7a-b38f-cff6a31469ab,3fc7144f-1455-4c07-bff5-979cca875609
2,t,2018,2024,74d56a4f-9c2e-4110-b1c9-e8204235e4a6,3fc7144f-1455-4c07-bff5-979cca875609
1,f,2000,2004,0bb1d2b9-aa5f-4466-8606-8eb2519201bf,afe9f206-96b9-48b3-a8da-14f88401ca14
1,t,2004,2007,90743352-d7e8-4a03-9ada-e844bc2f2c4d,afe9f206-96b9-48b3-a8da-14f88401ca14
2,f,2000,2007,a3dc904e-3f63-493c-9d39-8c02c0be20f1,afe9f206-96b9-48b3-a8da-14f88401ca14
2,t,2008,2009,9593f318-f089-41f8-bf54-311a8675efa1,afe9f206-96b9-48b3-a8da-14f88401ca14
3,f,2012,2016,8b69e9b5-f819-4e80-a13d-feae33ebacd1,afe9f206-96b9-48b3-a8da-14f88401ca14
3,t,2017,2019,5503c09d-7c9b-4139-8eb8-ba5391ddf7ec,afe9f206-96b9-48b3-a8da-14f88401ca14
4,f,2019,2022,0f97a089-fcab-4c3d-ae01-98c091cbce63,afe9f206-96b9-48b3-a8da-14f88401ca14
4,t,2022,,c9ad420a-e68c-48a0-909c-d317c1c85714,afe9f206-96b9-48b3-a8da-14f88401ca14
4,f,2005,2011,6227362a-dc0b-4b6c-a9c1-99eaa7095b1d,063872b4-5eb0-4cd0-b62b-7a40c504f32f
5,f,2010,2017,33d52482-d445-43e1-8180-a8b135c03036,063872b4-5eb0-4cd0-b62b-7a40c504f32f
5,t,2015,2018,20212952-98ac-40e5-8c77-a477b65f2143,063872b4-5eb0-4cd0-b62b-7a40c504f32f
6,f,2019,2024,bb60d3bb-270d-4598-9616-df42d08659ad,063872b4-5eb0-4cd0-b62b-7a40c504f32f
6,t,2024,,41770b72-9f13-4e18-933c-e1b7db74da37,063872b4-5eb0-4cd0-b62b-7a40c504f32f
5,f,2002,2005,912d1e32-6bfe-4044-9052-27b0da4ff08a,0c3b73f1-ea1a-4e62-b898-b27b7f8a88a9
5,t,2005,2008,cfb60a9b-559e-4e95-953a-897823cdc959,0c3b73f1-ea1a-4e62-b898-b27b7f8a88a9
6,f,2008,2012,a80e275b-e6bd-494e-9fe7-6eec4db8e8a1,0c3b73f1-ea1a-4e62-b898-b27b7f8a88a9
6,t,2012,2019,dc99ef42-1590-493e-b855-38bf5bb588d7,0c3b73f1-ea1a-4e62-b898-b27b7f8a88a9
7,f,2017,2021,7cc2bf51-c1d1-4393-b990-ae031a5dc094,0c3b73f1-ea1a-4e62-b898-b27b7f8a88a9
7,t,2021,2023,3752c9fa-175b-4daf-8c5d-672ec10a933f,0c3b73f1-ea1a-4e62-b898-b27b7f8a88a9
1,f,1998,2001,036ad457-d338-4d50-acfd-1f0aaf830ec5,ecb2bb0c-42b8-4ee8-a44f-f147baec7472
1,t,2001,2004,e1526e46-6cc6-4749-a81b-5ddba058507d,ecb2bb0c-42b8-4ee8-a44f-f147baec7472
2,f,2004,2011,a469d826-fe01-4b6d-8062-fd79e1c592fb,ecb2bb0c-42b8-4ee8-a44f-f147baec7472
2,t,2008,2011,febd7822-08bb-44fd-bb6b-ed5d489ffc20,ecb2bb0c-42b8-4ee8-a44f-f147baec7472
3,f,2010,2015,35ddd42c-b33b-4af4-bf5b-d33a38d278a3,ecb2bb0c-42b8-4ee8-a44f-f147baec7472
3,t,2015,2019,6e3d04e1-aef9-4f34-9cd9-1bb1c195b3c3,ecb2bb0c-42b8-4ee8-a44f-f147baec7472
4,t,2018,2025,d0e9c971-ffd3-4b50-b3eb-f66e3159dd8e,ecb2bb0c-42b8-4ee8-a44f-f147baec7472
1 ST,f,2002,2004,c60bc5ef-4fa1-46d0-aee1-6666721fa0bb,ecb2bb0c-42b8-4ee8-a44f-f147baec7472
2 ST,f,2005,2008,9a451c99-07e4-4d20-b0ad-8fa3450db149,ecb2bb0c-42b8-4ee8-a44f-f147baec7472
2 ST,t,2008,2010,e57c06b5-8411-4bce-aa8f-1f91876add34,ecb2bb0c-42b8-4ee8-a44f-f147baec7472
4,f,2019,2022,2b2369fa-1f41-48e5-ba09-0288b82ac0e1,ecb2bb0c-42b8-4ee8-a44f-f147baec7472
1 RS,f,2002,2003,4bf66df6-80cf-4ece-b01e-767b603bf4b5,ecb2bb0c-42b8-4ee8-a44f-f147baec7472
2 RS,f,2009,2010,3935527e-e1d4-4103-9de4-38b064e58656,ecb2bb0c-42b8-4ee8-a44f-f147baec7472
3 RS,f,2016,2018,cd232807-bb9c-4af5-852b-ba81ec3fd929,ecb2bb0c-42b8-4ee8-a44f-f147baec7472
1,f,2002,2005,d5e95be7-c51e-4519-991e-cbef4bc3a96c,68c8d9d2-3592-451b-98d3-fa158b084af8
1,t,2005,2012,104ce6b2-b68e-4cdd-87ec-36b1a426bd94,68c8d9d2-3592-451b-98d3-fa158b084af8
USA 2,f,2012,2016,e59a68fb-0c7c-4b3a-b31e-f2ec9218608e,68c8d9d2-3592-451b-98d3-fa158b084af8
USA 2,t,2017,2020,6979925f-58d1-4680-9e6b-55563e031329,68c8d9d2-3592-451b-98d3-fa158b084af8
2,f,2006,2010,562974e0-a794-4cf4-a10a-13f5cd487f58,8df07468-dfb8-4933-8044-76200189562c
2,t,2010,2014,b8a2713a-05d9-4ad3-ae77-1ca23fc9328c,8df07468-dfb8-4933-8044-76200189562c
3,f,2015,2019,d1ec1f61-1df2-4ec5-9f23-593d038e76bc,8df07468-dfb8-4933-8044-76200189562c
3,t,2019,2023,cb7f6bb4-403c-42ec-add6-fed6c5e6eadb,8df07468-dfb8-4933-8044-76200189562c
1,f,2008,2013,801a79d6-fad3-425f-9f3f-5279c11a44ab,bc043fcd-921f-4f9d-a9bc-1c06fec98a43
2,f,2013,2017,66f7682b-ba15-45b2-bd09-3345a634e915,bc043fcd-921f-4f9d-a9bc-1c06fec98a43
2,t,2017,2019,52a2d3c4-3928-4941-9481-57172725b730,bc043fcd-921f-4f9d-a9bc-1c06fec98a43
3,f,2020,2024,2d2f2b12-3280-4fed-8300-c5a1b6cfdabd,bc043fcd-921f-4f9d-a9bc-1c06fec98a43
3,t,2024,,f46a2b72-7b9f-488f-9065-af393d2e719a,bc043fcd-921f-4f9d-a9bc-1c06fec98a43
3,f,2000,2003,25ca94fb-c053-4c29-9773-e51494e51e6b,97a17b98-2808-4c9a-80bd-e3b449a6260a
3,t,2003,2005,fb59d5f8-da3a-4da4-aca4-837e433a44b0,97a17b98-2808-4c9a-80bd-e3b449a6260a
4,f,2007,2010,cff95fa7-dd21-459f-b411-95308c90f968,97a17b98-2808-4c9a-80bd-e3b449a6260a
4,t,2010,2014,9a02e137-b408-4b0d-a041-7fda30b45168,97a17b98-2808-4c9a-80bd-e3b449a6260a
5,f,2014,2019,979c3701-f886-47f6-b008-79ff3ac06657,97a17b98-2808-4c9a-80bd-e3b449a6260a
5,t,2019,2022,002c702a-274f-437f-8046-30b88fd4ffad,97a17b98-2808-4c9a-80bd-e3b449a6260a
5,f,2004,2008,f3b183f5-7f69-48ae-894b-2e61bdd8960a,64012032-ea0b-4253-9d5b-7d1ae722cd0d
5,t,2008,2014,a830026e-7903-41e9-b217-8824465ad79a,64012032-ea0b-4253-9d5b-7d1ae722cd0d
6,f,2014,2017,32964c4c-fee5-49f3-b9dc-464279610bcc,64012032-ea0b-4253-9d5b-7d1ae722cd0d
6,t,2017,2023,42cf178f-59fa-47e2-8949-75a59e69face,64012032-ea0b-4253-9d5b-7d1ae722cd0d
2,f,2019,2024,c30c3eb7-ac9c-4bf8-8e1f-2761658438ee,5a7a1f0e-879b-482e-b063-008fc6c299c5
2,t,2024,,46618904-068e-4520-a4c9-304e09e4b53f,5a7a1f0e-879b-482e-b063-008fc6c299c5
I,f,2006,2010,34c00b72-39d6-43dc-9854-7f080b0e494b,01c0dde0-96aa-47a7-95e9-c56678226adb
I,t,2010,2014,8fb0d646-efb4-478a-ba34-5305ac8dbde2,01c0dde0-96aa-47a7-95e9-c56678226adb
2,f,2015,2019,408dc21f-5c42-4da9-a963-9b626a460668,01c0dde0-96aa-47a7-95e9-c56678226adb
2,t,2019,2023,6a762348-5ea8-4f1d-9e70-5226bb4a471b,01c0dde0-96aa-47a7-95e9-c56678226adb
1,f,2002,2009,59eb3b00-0a73-4d7b-ad97-f259bcaa3b18,b7fe19ba-5d03-471c-a421-9a9e30e35873
1,t,2009,2013,f73ae6c0-e009-4696-945e-a0e5efd8405c,b7fe19ba-5d03-471c-a421-9a9e30e35873
2,f,2012,2018,5a6b8bf5-7e36-466d-ad33-712f35006acf,b7fe19ba-5d03-471c-a421-9a9e30e35873
2,t,2018,2022,4c83831d-0877-46a8-a8da-c5f2267e2e4a,b7fe19ba-5d03-471c-a421-9a9e30e35873
1,f,2021,,486a0477-e1f7-4511-86a7-20951b1d7746,abd73627-adc1-4943-8447-2befe69cff37
II,f,2023,,9aa8f0ee-dc81-432f-8a0a-c1397301d095,6ba02546-f47f-485e-a2a7-3f8b7d5e0ae5
3,f,2024,,51e93de1-ac1d-42d1-842e-3d26ca4a85b9,070f2688-8cec-4568-8a2f-83eb3794daaa
II,f,2018,2020,4e0b2351-6525-41f1-98fd-3a1877cdae28,dd9508c3-b3b0-4665-a459-dd3991a69e06
II,t,2021,2024,0dc709eb-31bd-40e4-86f5-e7a148a26a72,dd9508c3-b3b0-4665-a459-dd3991a69e06
I,t,2016,2023,c7ded662-1b86-4f53-81b4-0c0ae378a12e,02cfcf34-d26c-44a7-9389-6b0da4c1d1a7
II,f,2021,2023,3f61f987-5128-4ce9-9052-5bfd95bac706,02cfcf34-d26c-44a7-9389-6b0da4c1d1a7
II Dragon,t,2025,,fafe56cf-69f6-4abe-8f80-7c36d57134bd,02cfcf34-d26c-44a7-9389-6b0da4c1d1a7
II,f,2022,,8af4f153-b388-421d-b14a-ad832a528e6a,f388ee79-c9fe-4144-88ab-d10a61fbd06b
1 (NL-3),f,2016,2022,7a0c2250-466c-488b-9d5a-6a38eed034e6,b5986b3f-6dd2-4351-b61d-48bf26ca7287
Pro,f,2019,2021,901d4ef0-668e-4306-9076-9f0897edc2f3,b5986b3f-6dd2-4351-b61d-48bf26ca7287
Pro,t,2021,,ea54f6af-6db5-4019-a05b-9724dd1a534f,b5986b3f-6dd2-4351-b61d-48bf26ca7287
2,t,2022,,4a80c27e-52bf-4902-8d81-c53a2d7fc9dc,b5986b3f-6dd2-4351-b61d-48bf26ca7287
1,f,2024,,9a342afd-e389-4a7e-bb41-69c12c053ead,2844a1c2-cbc7-4646-85d2-920681c864dc
1,f,2020,2023,61b8942c-1b9e-44db-a5e2-338aa7a0503d,1412e508-0679-411d-8e93-c3e0d4a533cc
1,t,2023,2025,46a4c158-fb1c-4411-b5d5-ee8d943d5832,1412e508-0679-411d-8e93-c3e0d4a533cc
EC7 1,f,2009,2016,8ab5e3d4-be78-4f67-842d-b5b60f0c3de7,a3735ddb-5116-420e-af1f-67f33c67aa14
7,f,2014,2018,e4fcf79e-7bc2-4c4a-b2db-4b60ab93b17c,a3735ddb-5116-420e-af1f-67f33c67aa14
7,t,2016,2020,9f5d989c-20f8-41e2-888a-150b961e5d13,a3735ddb-5116-420e-af1f-67f33c67aa14
7 4,f,2022,2023,fe8ecad1-d458-478d-af34-1d226f61bcb3,a3735ddb-5116-420e-af1f-67f33c67aa14
7 4,t,2023,,9a467a86-a523-4fd0-9378-304e730a5bce,a3735ddb-5116-420e-af1f-67f33c67aa14
1,f,2013,2016,20358cad-7f0d-434a-9e3d-5aa75dfd2c9d,3afc9dab-43ef-49d5-bb3d-af881a1ccedb
1,t,2016,2018,fceec6e2-46af-471d-9497-8ea5d87316d2,3afc9dab-43ef-49d5-bb3d-af881a1ccedb
2,f,2018,2022,39b4cd84-a08e-483d-ab64-204dcccf4330,3afc9dab-43ef-49d5-bb3d-af881a1ccedb
GT,f,2015,2019,eae36b55-12e5-4099-a9e5-37d68840c139,a3735ddb-5116-420e-af1f-67f33c67aa14
EM-i 1,f,2024,,b8d093d1-16c7-4996-8c0c-39252084800a,979f23ee-14b4-4974-a573-151b4f37c4a0
1,f,2016,2018,ae3b2116-7ccd-4a31-a683-262864c8c3a7,c563abb8-7e87-4e98-bcbf-294dc8a4b199
1,t,2018,2021,10cad96f-15f2-4733-8a5f-28608af5ac2b,c563abb8-7e87-4e98-bcbf-294dc8a4b199
1,f,2019,2022,7c36ef57-0fed-4d6c-b700-2f933cf599b4,2e0e14d9-7939-490a-84d3-a8c5b3f6f784
1,t,2022,,ca41afb3-5e1f-4be1-80a2-ad49811fda7e,2e0e14d9-7939-490a-84d3-a8c5b3f6f784
1,f,2021,2023,5ecc7f3c-3e85-42bc-8e7e-6d0c51ef165a,43cd50b5-20fc-4bd9-85e0-58a94ca9095d
1,t,2023,,a42c40e7-1cf1-488f-ae8c-f463e86f34f7,43cd50b5-20fc-4bd9-85e0-58a94ca9095d
1,f,2020,2023,8d55dc04-9abe-4c9b-a5b6-2f56e3bcc6c1,ea594591-2c74-4a02-9c4d-def3d052f244
1,t,2022,2023,fb629fe8-8015-4822-a055-77f7c24fd6df,ea594591-2c74-4a02-9c4d-def3d052f244
1,t,2020,2024,af807830-d21e-4738-9c47-9775adfc81fb,45e6c6fb-775b-4839-94b3-660df4c98624
I (FY11),f,2019,2022,7207234c-3d6a-4d2f-9d64-bef2667fee0d,d94ab981-62f5-4028-8c6b-7ed8ca47737e
I (FY11),t,2022,,c46f025d-f649-4f3d-9026-e55903e599de,d94ab981-62f5-4028-8c6b-7ed8ca47737e
1,f,2017,2019,5bf1f03c-4ca5-4b64-87af-2e06213febbf,e53a7b6f-ac3b-4c64-987f-5dadfe81c0b5
1,t,2020,2021,8ef34f88-2f62-4f39-ab66-15fba57cda65,e53a7b6f-ac3b-4c64-987f-5dadfe81c0b5
1,t,2016,2020,a3c2306d-a4bc-4938-9bd3-46104c61fbc5,4bcc134d-ec2d-47b1-a925-2d67d48bdc6d
2,f,2020,2022,c9524b3b-0e5f-4539-87f4-f239ab8beb3c,4bcc134d-ec2d-47b1-a925-2d67d48bdc6d
2,t,2023,,ab628682-3800-485f-943f-c43a8c5d3bdc,4bcc134d-ec2d-47b1-a925-2d67d48bdc6d
1,f,2016,2019,df30acb6-a016-4743-b999-09308303d895,d005df10-c98f-4e5a-845c-c1746d43d709
1,t,2019,2022,3026ea23-13aa-432b-a410-638b4000610c,d005df10-c98f-4e5a-845c-c1746d43d709
2,f,2021,,97472ed4-4a9a-4b43-89fb-860312a5d1ac,d005df10-c98f-4e5a-845c-c1746d43d709
1,f,2020,2024,79e3fdd3-cbd3-4d32-b885-2cba530bcd9d,f18cb4d1-e48e-4aec-a0c9-d42715a07093
1,t,2024,,0543fde5-628a-43e8-ab68-43a18d03845f,f18cb4d1-e48e-4aec-a0c9-d42715a07093
1,f,2020,2023,526f30fd-27cc-4634-afae-308ad7ac613c,7b945749-5d57-442e-a79d-1711407ea766
1,t,2023,,e75065d3-2ae2-4946-8e57-11a4cb6853a2,7b945749-5d57-442e-a79d-1711407ea766
1,f,2006,2012,10ea9842-80ea-41e5-8b69-9e28784726ff,6e26ed59-6543-4c5e-a4d1-248518a382ff
1,t,2012,2017,1ada0c8d-7617-46bc-af11-2272a75e34e9,6e26ed59-6543-4c5e-a4d1-248518a382ff
2,t,2016,2024,50915621-94cc-4720-99be-dcf654e01528,6e26ed59-6543-4c5e-a4d1-248518a382ff
3,f,2024,,ade0bb3a-3280-474c-83b4-83201f68e8ed,6e26ed59-6543-4c5e-a4d1-248518a382ff
2,f,2001,2008,32ccd133-bbc3-42ca-8f82-6f35207daf0c,784b1f34-9c52-46e8-ba85-1d2ef898a450
1,f,2009,2015,d50552d8-9e66-4d5e-8475-7feebaeb1de9,375da5b5-bb6a-480f-aaed-912de603c58f
1,t,2015,2017,35f4f278-3686-4055-8e14-c362e5c9b584,375da5b5-bb6a-480f-aaed-912de603c58f
2,f,2017,2021,91199993-46ce-461f-a4af-213097f43d83,375da5b5-bb6a-480f-aaed-912de603c58f
2,t,2021,2024,99ade255-25a8-4191-aad2-3b1835dc52de,375da5b5-bb6a-480f-aaed-912de603c58f
3,f,2024,,c8ce7f8b-0023-463a-a826-8876fbca435b,375da5b5-bb6a-480f-aaed-912de603c58f
2,f,2000,2006,da80d9bd-7446-44cf-94a4-618caff18b68,f0581a93-ebe2-48c8-ad09-7eae6a585310
3,f,2005,2014,42d889c7-4f40-482b-8759-f2e04b2a22c7,f0581a93-ebe2-48c8-ad09-7eae6a585310
4,f,2014,2019,89dada1c-672d-4ba4-a7ff-84a21f4e82c7,f0581a93-ebe2-48c8-ad09-7eae6a585310
5,f,2020,2023,419ed11d-def8-45ea-a82d-be0c1add5730,f0581a93-ebe2-48c8-ad09-7eae6a585310
5,t,2024,,4cc81c67-2f84-4b10-9f06-3e7feccd8531,f0581a93-ebe2-48c8-ad09-7eae6a585310
1,f,2019,2024,8ce23a5b-4d9a-46d1-bdb0-63ed61404e33,cc3350b3-f457-4341-be9e-f72e52af2e94
1,t,2025,,4f726378-e7af-4a90-8a24-39fc87c39633,cc3350b3-f457-4341-be9e-f72e52af2e94
7,f,2018,2023,3fa13776-759e-4655-9508-067471835d04,b5c754f1-680e-47bf-899e-d35023dfc4ad
3,f,2014,2017,2961d7a3-cc46-4561-b55d-88ed0d641a5e,b93e29c9-c94c-44ce-9efd-ef733cff7988
3,t,2017,2020,46f7653a-8b35-4749-b495-965d1e3e509a,b93e29c9-c94c-44ce-9efd-ef733cff7988
7,f,2002,2005,91182197-a70e-4f0d-ba2a-0a7d4d373ed9,d5a067db-9466-4f97-b72c-a7aef71fafbe
7,t,2005,2008,6e115720-e956-407e-9b63-9c9ba047cdba,d5a067db-9466-4f97-b72c-a7aef71fafbe
8,f,2008,2011,7a8dd0ad-f2d1-4df0-bb22-9e7869bc698a,d5a067db-9466-4f97-b72c-a7aef71fafbe
8,t,2011,2015,2a218ba6-6e6a-4521-9800-bb231843b2d7,d5a067db-9466-4f97-b72c-a7aef71fafbe
9,f,2013,2015,f2f67041-1efa-40ba-b7c8-48c3be98a752,d5a067db-9466-4f97-b72c-a7aef71fafbe
9,t,2015,2017,4ac7efa8-2f73-4620-bb2b-ad98b4a217ad,d5a067db-9466-4f97-b72c-a7aef71fafbe
10,f,2017,2020,bfec2a2f-0e98-4f57-971c-6a34f0b4511f,d5a067db-9466-4f97-b72c-a7aef71fafbe
10,t,2017,2020,3306f170-4e9f-4e4c-94d3-53e7a889e287,d5a067db-9466-4f97-b72c-a7aef71fafbe
7,f,2001,2003,65234033-0bd1-44bf-8ae9-063917ce6bb9,3400e23a-688d-40fd-a25a-5c257ce6f04e
7,t,2003,2006,fc7d66d2-599b-417d-bc6f-609c1ac9cb6b,3400e23a-688d-40fd-a25a-5c257ce6f04e
8,f,2005,2008,9b5b4905-82ac-4d07-a430-813a55245f41,3400e23a-688d-40fd-a25a-5c257ce6f04e
8,t,2008,2012,32fe888b-129a-410b-b1b7-cf1571c89bea,3400e23a-688d-40fd-a25a-5c257ce6f04e
9,f,2012,2015,3050dc65-0f64-4437-baab-344db9a59ff6,3400e23a-688d-40fd-a25a-5c257ce6f04e
9,t,2014,2017,fb26d216-4c76-4e20-8b13-2a632b87d614,3400e23a-688d-40fd-a25a-5c257ce6f04e
10,f,2015,2018,749db093-8908-4a81-a7e1-b9037b7de8be,3400e23a-688d-40fd-a25a-5c257ce6f04e
10,t,2018,2022,fa74c66d-fdc1-4d19-ae06-6805c1a87a9e,3400e23a-688d-40fd-a25a-5c257ce6f04e
1,f,2011,2013,ea46317b-5eba-41c2-90b6-bc82cf111e7a,c22090e6-9b76-42e0-8c6e-849705e48949
1,t,2013,2016,20dc9e15-1465-4b56-b255-4ffed03f0d23,c22090e6-9b76-42e0-8c6e-849705e48949
1,f,1995,1999,b27b37c9-4c64-474c-8809-41218884632e,7dfac987-ce1c-4b8c-a824-b9a6e12119e1
1,t,1999,2001,84fb1eb9-64e4-4315-a007-22567a9e192d,7dfac987-ce1c-4b8c-a824-b9a6e12119e1
2,f,2001,2004,b3c8c0d9-4815-4697-9085-0336308149fc,7dfac987-ce1c-4b8c-a824-b9a6e12119e1
2,t,2004,2006,4ed3b8e0-5693-405c-87ea-6390527a7d1a,7dfac987-ce1c-4b8c-a824-b9a6e12119e1
3,f,2007,2010,4cfd8308-c95e-481c-8c56-25382bccf370,7dfac987-ce1c-4b8c-a824-b9a6e12119e1
3,t,2010,2012,fd0484e8-5896-44f8-a6a6-04c44bd81b8b,7dfac987-ce1c-4b8c-a824-b9a6e12119e1
4,f,2012,2015,e825a8c8-0ad2-43c7-85c7-379538c0a9dc,7dfac987-ce1c-4b8c-a824-b9a6e12119e1
4,t,2015,2018,210daab0-3578-49b9-99b4-3581ead4b9e7,7dfac987-ce1c-4b8c-a824-b9a6e12119e1
5,f,2017,2020,6131c2f0-bba3-41e0-8fbc-9b64645b8bf5,7dfac987-ce1c-4b8c-a824-b9a6e12119e1
5,t,2020,2022,72d95d7e-e099-4962-b66d-2d31cb952881,7dfac987-ce1c-4b8c-a824-b9a6e12119e1
1,f,2002,2006,5548b8bc-5686-4a77-b48c-9aa87d20f112,57ac84b0-c463-4e31-8343-3cacd450ec02
1,t,2006,2008,823135ed-f37d-482e-9733-ad17efd45f7d,57ac84b0-c463-4e31-8343-3cacd450ec02
1,t,1999,2006,e8116d1f-6f92-4c0f-a95e-050fac883ffc,fb7711e9-91f7-4c25-886c-55ba3497c6a1
1 (BE),f,2004,2009,bef62c35-c9f9-4a67-a8da-f1ec39465242,bf76dc7e-6f94-43b3-a036-a5b4a3f62b70
1,f,2002,2008,cdc7f8de-59d4-4cd2-a9ef-c227a693ab66,1250434c-8050-43dd-9f9f-bbe5b1c9bf1c
1,t,2005,2009,08a4c56f-3710-4eda-be1e-d479e6297eee,1250434c-8050-43dd-9f9f-bbe5b1c9bf1c
2,f,2009,2011,0b07b4fd-68bf-4918-a2a5-137bd3a61d77,1250434c-8050-43dd-9f9f-bbe5b1c9bf1c
2,t,2011,2013,58746ca0-e0fb-4791-9053-48477c3b272a,1250434c-8050-43dd-9f9f-bbe5b1c9bf1c
2,f,2008,2011,cbbb5497-9fa0-4126-a311-0364a1e3f727,172557a8-91ce-4607-bb4d-46df488139d7
2,t,2011,2015,6668a9b0-00a3-498c-8c11-a9aa4519d7d6,172557a8-91ce-4607-bb4d-46df488139d7
3,f,2016,2019,41e9943b-4e3a-450d-b7ed-4511fd2a8afe,172557a8-91ce-4607-bb4d-46df488139d7
3,t,2019,2021,82a3257e-3278-4324-a990-da9281e601de,172557a8-91ce-4607-bb4d-46df488139d7
1,f,2002,2007,4d584e67-2d25-4097-a83d-244e3395a876,80fbe8c3-a1ff-4dde-86dc-39404a51c434
1,t,2007,2009,a94d8177-7e97-491d-a6d2-e003b017d937,80fbe8c3-a1ff-4dde-86dc-39404a51c434
1,f,2005,2010,0308f364-944c-412d-97f5-c4f15261c89f,954fb8ae-69cd-4ec5-8c7d-40c2c5d51426
1,f,1994,1999,d92bfbc2-f25a-46c7-974a-9ad6b873c378,60785ca9-4074-4fcf-ba0c-1a66c011932e
2,f,1999,2016,a5cb4e8a-51c0-486f-b4f3-8b995dc3efaf,60785ca9-4074-4fcf-ba0c-1a66c011932e
Accent 3 MC,f,2005,2010,8f3c884b-b43e-4d4c-8bc1-ada86a556f69,cd782f52-1c64-474f-b616-71ff7367ace7
Accent 3 MC,t,2010,2012,9e2538b1-0557-4e1d-8e33-b03ab6986e28,cd782f52-1c64-474f-b616-71ff7367ace7
4,f,2010,2017,c819fc7b-71dd-47c4-8f6f-bf90d87a98ce,60785ca9-4074-4fcf-ba0c-1a66c011932e
5,f,2016,2023,e0905607-9c2f-41c8-9aed-0e2fd4149829,60785ca9-4074-4fcf-ba0c-1a66c011932e
6,f,2023,,b1edaf8c-a533-4cda-8a4d-17228a196f8d,60785ca9-4074-4fcf-ba0c-1a66c011932e
6,t,2026,,f100f6fa-c8d8-4ac0-be5b-d9d32ad730ca,60785ca9-4074-4fcf-ba0c-1a66c011932e
1,t,1997,2014,be5d65dd-96e9-48da-91ac-9ac93516167b,40d3d0e8-5e38-4a36-8f3c-7f3af808d8dc
1,f,2021,,ef653737-204c-4734-b824-30b2a0a38b87,65459751-d693-43c8-839a-c275bee11177
1,f,2021,2024,291385af-74d0-42f1-bc59-32c0e0ca0ed7,2cf7f75b-3f75-4c11-a01b-ffc27acd1114
1,t,2024,,fa0f4652-2ed4-4413-8e44-579a624569cb,2cf7f75b-3f75-4c11-a01b-ffc27acd1114
1,f,2014,2017,6e8e4214-0230-4ccc-a395-d36a6281e78a,21bbdcaf-a600-493f-b24e-fed0b79e4b1a
1,t,2017,2020,11b57fae-6a05-47d2-978c-2824a30f3598,21bbdcaf-a600-493f-b24e-fed0b79e4b1a
2,f,2019,2021,eb1d11a1-02e7-4e7d-b5b8-21b882a13801,21bbdcaf-a600-493f-b24e-fed0b79e4b1a
2,t,2023,,5b1c8efd-2b29-4a28-977f-9afdb5badbd5,21bbdcaf-a600-493f-b24e-fed0b79e4b1a
RD,f,1996,1999,da7c7023-71dd-43f7-973e-ae024ffd4ef5,eff4497e-8d2b-4b0b-85e0-85fe9b0accba
RD,t,1999,2001,8d61aa1a-b1a1-49e8-8531-1f1884187dc6,eff4497e-8d2b-4b0b-85e0-85fe9b0accba
GK,f,2001,2006,34d92f1f-8922-48d1-aa6b-270b87cd97f6,eff4497e-8d2b-4b0b-85e0-85fe9b0accba
GK,t,2006,2008,dd0e4130-3f68-4502-b7c4-daf553977c93,eff4497e-8d2b-4b0b-85e0-85fe9b0accba
J1,f,1990,1993,3d030ca9-72e8-4599-9787-0d385492a859,5a473969-c903-4598-85a3-b9eec2f1d846
J1,t,1993,1995,3066d932-3a3b-432c-9cf0-5a4a718f5f50,5a473969-c903-4598-85a3-b9eec2f1d846
J2,f,1995,1998,fe9f7f02-45cb-4dc9-8c06-45c895547136,5a473969-c903-4598-85a3-b9eec2f1d846
J2,t,1998,2000,ee3c428f-ca00-48b5-b0f3-6d35fc74fd9a,5a473969-c903-4598-85a3-b9eec2f1d846
3,f,2000,2003,50a5d093-bf03-4f59-955b-601a493e5b19,b1918511-bb48-441a-83c1-cec6c689d9fd
3,t,2003,2009,1594c6eb-de2a-42ee-b876-d4b0e17c082f,b1918511-bb48-441a-83c1-cec6c689d9fd
4,f,2006,2011,e878f434-eb5b-4f9d-bb4a-28a669e6f1c7,b1918511-bb48-441a-83c1-cec6c689d9fd
5,f,2011,2013,84e63154-8c90-4fd3-8921-dbb0f77decc1,b1918511-bb48-441a-83c1-cec6c689d9fd
5,t,2013,2016,6d835a47-14b0-4775-973e-971f18c6a5ac,b1918511-bb48-441a-83c1-cec6c689d9fd
6,f,2016,2019,495e4ecd-78bc-4331-b036-4cf279a3776b,b1918511-bb48-441a-83c1-cec6c689d9fd
6,t,2019,,eea1ff00-cd8a-4b96-8883-063da0b5156b,b1918511-bb48-441a-83c1-cec6c689d9fd
7,f,2020,2023,e4701d95-0255-4c60-8868-483a2bcc62e1,b1918511-bb48-441a-83c1-cec6c689d9fd
7,t,2023,,b6510d6a-d041-44d3-8434-d429bba2c33e,b1918511-bb48-441a-83c1-cec6c689d9fd
1,f,1999,2009,711a0e93-c062-4cac-98eb-07afe9c8e0d4,b84d358e-d0ac-4835-b77d-7efd0188d6b1
2,f,2009,2013,52f78ec9-21f5-417b-a375-3ae86cfd031e,b84d358e-d0ac-4835-b77d-7efd0188d6b1
2,t,2013,2017,4903dd40-b722-40bb-b444-ed4c971fdf2a,b84d358e-d0ac-4835-b77d-7efd0188d6b1
1,f,2006,2009,15d91298-6f78-4084-b712-b28a661df636,b8972276-76e8-4128-afb3-4eb215c708f4
1,f,1991,1997,2f071469-eb68-438d-a238-3288774462d8,687fd02a-5364-49bf-b7ab-d5c07ea7d3fb
2,f,1997,2003,254d4aff-71ba-42e7-8625-a8a4afc6772b,687fd02a-5364-49bf-b7ab-d5c07ea7d3fb
1,f,2008,2013,8116eeda-4e0e-4447-939a-d4968a82957e,63f25ac5-5b01-48c0-9890-0ea0da682790
1,t,2011,,54b59977-fae4-4ba3-afc9-35c3efb05e33,63f25ac5-5b01-48c0-9890-0ea0da682790
2,f,2013,2016,cb3de01c-9dea-4565-b5f8-754fd463053c,63f25ac5-5b01-48c0-9890-0ea0da682790
1,f,2009,2012,da4d89dd-63e4-49fd-83f3-d5b04a57b748,dba0fbfe-12b1-4839-a9ab-19c8edd68846
1,t,2013,2014,2e4c2871-efb9-4056-a769-81de2beb8df0,dba0fbfe-12b1-4839-a9ab-19c8edd68846
1,f,2002,2005,ab84b4c5-8d6e-44aa-9e5c-99447277fe33,c56c186e-36ed-4a06-8f75-e7ad719c6f56
1,t,2005,2011,53bcdd01-6dbe-4476-a092-31ce02807710,c56c186e-36ed-4a06-8f75-e7ad719c6f56
3,f,1998,2002,4ce697af-2f5d-4680-baf6-5fd7c1bc236e,c8f9d5f2-cacb-432a-b5f3-85d20cae159c
3,t,2002,2005,460c1901-97e3-4741-ba54-b0b7792532ba,c8f9d5f2-cacb-432a-b5f3-85d20cae159c
4,f,2005,2009,70d72475-eef9-4fd3-96c5-c5b045735c47,c8f9d5f2-cacb-432a-b5f3-85d20cae159c
4,t,2011,2017,a80840eb-058b-4d48-b453-9a62fa088807,c8f9d5f2-cacb-432a-b5f3-85d20cae159c
5,f,2011,2017,e9914460-1e1b-4783-9ec9-4bd14ee1457d,c8f9d5f2-cacb-432a-b5f3-85d20cae159c
5,t,2018,2022,928ccac7-a663-4bef-8fa1-778045c3bd53,c8f9d5f2-cacb-432a-b5f3-85d20cae159c
6,f,2016,2019,954466d6-c43c-4b84-b6ff-4f9e0b40f9eb,c8f9d5f2-cacb-432a-b5f3-85d20cae159c
6,t,2019,2022,3772d810-f56a-4f91-893e-c92d5e3ea7ef,c8f9d5f2-cacb-432a-b5f3-85d20cae159c
7,f,2022,,01ae65ec-39e0-42c0-a016-d5dce3cb38e9,c8f9d5f2-cacb-432a-b5f3-85d20cae159c
1,f,2007,2010,64e15a0e-1002-4e6e-bb50-33173d18e69b,fe4995c4-4b85-4c04-a3c7-ed8a292164de
1,t,2010,2016,142f836c-c39c-4da3-91b2-dfdba0fa2214,fe4995c4-4b85-4c04-a3c7-ed8a292164de
2 (IA),f,2013,2016,626a828c-6207-4fe3-a762-ad2dabd67678,fe4995c4-4b85-4c04-a3c7-ed8a292164de
2 (IA),t,2016,2019,1e6b6aa2-ac61-4dcd-8b67-3ce848f11112,fe4995c4-4b85-4c04-a3c7-ed8a292164de
3,t,2019,2023,4ee9a7c5-421b-4946-9fd7-eac45df5eef5,fe4995c4-4b85-4c04-a3c7-ed8a292164de
1,f,2008,2012,86fae287-5ed3-4d42-ac63-7d6324077a0d,9308959e-8b1e-4dc9-bf91-ee3b59899db8
1,t,2012,2014,c4b44e1c-8d56-4bbd-90bd-6a0be48b28eb,9308959e-8b1e-4dc9-bf91-ee3b59899db8
2,f,2014,2018,5c050123-f6f4-49e7-9434-6982b4905c0f,9308959e-8b1e-4dc9-bf91-ee3b59899db8
2,t,2018,2020,8e29fe8d-f3e6-412c-8f5e-82b2bb981fd1,9308959e-8b1e-4dc9-bf91-ee3b59899db8
3,f,2020,2023,bb1a809e-c15e-4d47-92db-5d33f0c4a76f,9308959e-8b1e-4dc9-bf91-ee3b59899db8
3,t,2023,,79cbf6db-3ed6-4138-b5c5-1341973c9185,9308959e-8b1e-4dc9-bf91-ee3b59899db8
1 (FD),t,2007,2012,cc2f3739-b96e-4ba8-8188-997481af1c23,8ef1c523-a5c8-451b-aef9-7304f3eac4a4
2,f,2011,2015,81a80308-0431-4ab0-8d47-a18fadf73dbb,8ef1c523-a5c8-451b-aef9-7304f3eac4a4
2,t,2015,2017,873655e6-2a96-479c-b9ad-616a94b014c4,8ef1c523-a5c8-451b-aef9-7304f3eac4a4
3 (PD),f,2017,2018,26b38e4f-24f9-429d-80d8-b8bdb27b46af,8ef1c523-a5c8-451b-aef9-7304f3eac4a4
3 (PD),t,2018,2020,ac3b7faa-0b4d-46d5-802b-28feaa56a649,8ef1c523-a5c8-451b-aef9-7304f3eac4a4
3,f,2017,2019,cf6266ac-f69e-49fb-a19f-aef1b3ee4431,fa94ff14-0fbf-4757-9ae5-8d0688ba7c47
3,t,2020,2024,c3898f50-8a72-4d25-af13-3968329b518d,fa94ff14-0fbf-4757-9ae5-8d0688ba7c47
1,f,2011,2015,2f3337c4-3697-471e-ae63-d93ded49bb57,55087bc6-a224-4455-ae5c-0cf407e3aa3a
1,t,2015,2017,0f995f25-4673-4cb7-84b4-275a9f663a60,55087bc6-a224-4455-ae5c-0cf407e3aa3a
1,f,2006,2013,1c6586e1-b189-4b6d-9a34-fa0fc5b34983,a1375dcd-ab52-47cc-93a0-9a2379421c6d
1,t,2011,2015,e8c376a5-065f-4e0b-a186-ecf4a66f5803,a1375dcd-ab52-47cc-93a0-9a2379421c6d
1,f,2017,2020,fead9bf7-286a-40ce-8ce5-919bca0be569,1066e02e-0fe5-4475-a871-fd61755f1c26
1,t,2020,2023,d76a67f9-b2bb-46c8-8044-afaeff64875c,1066e02e-0fe5-4475-a871-fd61755f1c26
2,f,2023,,3688ad4b-72ad-41f5-a69c-5429dfaffe7c,1066e02e-0fe5-4475-a871-fd61755f1c26
1,f,2001,2005,596b1246-9a8f-4f30-aace-7e3438c8a5dd,68c8b3dd-9247-4e66-9651-31bcc7ede09d
1,t,2005,2008,885c80bc-fa29-4f62-a5e0-7d7af157fef6,68c8b3dd-9247-4e66-9651-31bcc7ede09d
1,f,2023,,3e692c43-43a6-477c-b284-d0482e98cfab,0cce12d3-6d48-44f1-8838-0063c3024437
1,f,2018,2022,4dab4573-7b51-422f-ade8-f8a6ee7d5cb1,09607c1c-0cb4-4d19-8514-d36b01c1f233
1,t,2022,2025,8e4d5142-0788-4135-993b-686524395503,09607c1c-0cb4-4d19-8514-d36b01c1f233
2,f,2024,2025,7cc4c1e1-f3b7-42c8-9046-d12e684bd834,09607c1c-0cb4-4d19-8514-d36b01c1f233
Classic,f,2000,2004,a3560bb5-c57f-4c6b-bd89-5b87877f0318,4e904916-2544-42f3-8811-f55ce517c410
Classic,t,2004,2006,cf7a9397-8e9d-4776-bcca-85ed4760f083,4e904916-2544-42f3-8811-f55ce517c410
2,f,2006,2010,ccdb7790-7d62-46c6-afdc-293efc69f119,4e904916-2544-42f3-8811-f55ce517c410
2,t,2010,2012,5a893ee4-7ed4-40ac-ab96-43fc4c3cfeca,4e904916-2544-42f3-8811-f55ce517c410
3,f,2012,2015,681241ef-286a-4a2f-a63a-27747bdd304a,4e904916-2544-42f3-8811-f55ce517c410
3,t,2015,2019,50ff050a-1885-4a50-be27-a0f77e924065,4e904916-2544-42f3-8811-f55ce517c410
4,f,2018,2021,1ad7ad03-f86c-4d58-8b03-10109e9685b8,4e904916-2544-42f3-8811-f55ce517c410
4,t,2020,2024,c8cfe1ff-aefd-4c43-a692-22f01eca4c5d,4e904916-2544-42f3-8811-f55ce517c410
5,f,2023,,b2f7cc11-a0a9-409c-9520-83e438bd3e6d,4e904916-2544-42f3-8811-f55ce517c410
NC,f,2013,2016,c795fede-3e3a-4b3b-9a59-e35f23262384,4e904916-2544-42f3-8811-f55ce517c410
NC,t,2016,2019,20b3543c-5995-4c0c-ab0b-2a764881bbbf,4e904916-2544-42f3-8811-f55ce517c410
2,f,1988,1991,5014d029-113d-425b-8287-4b6bb0c8aa2a,c3b5d054-9857-40bd-838f-02f2665fbc37
2,t,1991,1993,e44ad25b-c6bd-4c0e-b369-5f76891cff6d,c3b5d054-9857-40bd-838f-02f2665fbc37
3,f,1993,1996,b3ee3238-e35b-4821-8a8d-4f11decbfab3,c3b5d054-9857-40bd-838f-02f2665fbc37
3,t,1996,1998,06ba65bb-a82c-4667-93c8-9fe930cc59f6,c3b5d054-9857-40bd-838f-02f2665fbc37
4,f,1998,2001,6267a053-0445-4b76-bfb4-3d2fb368024c,c3b5d054-9857-40bd-838f-02f2665fbc37
4,t,2001,2011,1250ecaa-43a3-4037-89ba-1e09d834792c,c3b5d054-9857-40bd-838f-02f2665fbc37
5,f,2004,2008,e374c891-4eef-462c-b454-f89be65c46de,c3b5d054-9857-40bd-838f-02f2665fbc37
5,t,2008,2010,a604ea6d-014b-43bd-afc9-0759d2e37d5f,c3b5d054-9857-40bd-838f-02f2665fbc37
6,f,2010,2012,f980cf48-cba4-4e29-b933-b99ad10e4aa0,c3b5d054-9857-40bd-838f-02f2665fbc37
7,f,2014,2017,dd7b1536-81f3-4f29-b80c-4b5c19963e14,c3b5d054-9857-40bd-838f-02f2665fbc37
7,t,2017,2020,770b3aaf-b872-4160-adbe-1fc1d74c4c83,c3b5d054-9857-40bd-838f-02f2665fbc37
8,f,2019,2023,efc8e8f0-fe77-4f27-82d6-74b6c06d5957,c3b5d054-9857-40bd-838f-02f2665fbc37
8,t,2023,,018c9482-8b1c-429d-99e2-f6b277cc2256,c3b5d054-9857-40bd-838f-02f2665fbc37
1,f,2010,2014,42f9d5fc-c1db-4ea3-9aec-2b20ce93997d,43490e59-3fa0-41d2-9ec6-a2f315f020d7
1,t,2014,2017,55ebb5dd-604d-4b0d-9657-ec78d8146428,43490e59-3fa0-41d2-9ec6-a2f315f020d7
2,f,2017,2020,369db7a0-ee0b-4f64-ab27-002e68f3eba7,43490e59-3fa0-41d2-9ec6-a2f315f020d7
2,t,2020,,6c88ee14-68c0-422c-b203-055f8db05b57,43490e59-3fa0-41d2-9ec6-a2f315f020d7
A1,f,1997,2004,99ca9c70-85de-4eaf-8ac1-9d8dbf0903fc,a6cab3f4-42b4-48fa-8ddb-960991348015
A1,t,2004,2007,bcf7be2b-f121-41e4-b5c6-87bf51b36dd3,a6cab3f4-42b4-48fa-8ddb-960991348015
Grand Starex 2,f,2007,2013,f7aa3377-894d-4248-b563-0d8dc67ded9d,a6cab3f4-42b4-48fa-8ddb-960991348015
Grand Starex 2,t,2013,2017,7aae4aa3-b6df-4dee-b9ff-734c867f8eb1,a6cab3f4-42b4-48fa-8ddb-960991348015
1 (US4),f,2021,2025,bf82bc9d-4374-44b7-9c49-b1c08c18f9bf,0f92e41f-03c0-4c5e-aaff-a36a662591cf
1 (US4),t,2025,,0ffe0f26-457d-4210-a76a-7bb880ab35dd,0f92e41f-03c0-4c5e-aaff-a36a662591cf
1,f,2001,2004,b835d686-a8f4-4810-85e3-e0f4769dfd4f,01a5d2f5-33ac-406f-a119-f9f11ac9e8e5
1,t,2004,2007,b141b27a-0ba4-4fb7-8896-91d1e9a2b038,01a5d2f5-33ac-406f-a119-f9f11ac9e8e5
1,f,1999,2004,49cdfdda-4972-4259-bd08-ae4945419662,a6eec853-eb23-4439-9a9d-e0849f5d2d42
1,t,2004,2008,afbca808-7293-41ec-a2c7-72eff3f726eb,a6eec853-eb23-4439-9a9d-e0849f5d2d42
1,f,2004,2010,78203af2-8594-4368-8fd2-563d3fced8d9,c6dfbc06-ce69-438b-9773-679601a9e4c2
LM,f,2009,2013,a04fb35a-3aef-4940-ada0-074bf99a72a3,2662ebb0-f37b-4e7a-a143-cb1ae2e5de40
LM,t,2013,2015,a2251930-59c2-41cc-97fa-f78d85409a6d,2662ebb0-f37b-4e7a-a143-cb1ae2e5de40
3,f,2015,2018,1f88fdf0-7583-4b9d-9500-5a448a24524d,c6dfbc06-ce69-438b-9773-679601a9e4c2
3,t,2018,2021,5db8d883-9462-44b2-b458-2e5ea7e05752,c6dfbc06-ce69-438b-9773-679601a9e4c2
4,f,2020,2024,c8897863-e513-4c6d-bca7-3c214656a505,c6dfbc06-ce69-438b-9773-679601a9e4c2
4,t,2023,,2fd2a938-426c-47e1-93e2-a26c35c2c637,c6dfbc06-ce69-438b-9773-679601a9e4c2
1,f,2012,2015,f316a9d7-ee98-4aff-9b69-9e2d6ba07205,b4a075d7-74eb-47d8-bc1a-9e09e45127a6
1,t,2015,2018,26cad9ce-77cd-4cb5-bb41-bb375e8f06e3,b4a075d7-74eb-47d8-bc1a-9e09e45127a6
2,f,2018,2022,ed9c1070-1722-4c94-b0f6-f09a65e651fc,b4a075d7-74eb-47d8-bc1a-9e09e45127a6
1,f,2019,2025,79dd6319-5449-4a26-90f4-036cf14d6b6d,4ebcf7c3-a930-4d56-a027-6229c33d71c3
1,f,2015,2019,68ec23ad-6cbd-4c5e-b178-76827f10dc55,011db66a-15f4-4fde-9d17-238558e35b82
1,f,2014,2015,c20fc743-20df-4a0b-a47e-6090447d346f,986148f7-3027-4d12-89fd-aaac057f14b8
1,f,2014,2017,06b8e0e3-37e0-44ab-b97a-a378d7ae3994,41084e7f-3c0d-45f4-ab65-34da16052952
1,t,2017,2021,b34d8f4c-299f-4286-8e8f-9d98803e351e,41084e7f-3c0d-45f4-ab65-34da16052952
1,f,2014,2015,e8f53ed8-03c9-4e64-9e42-d8e1ba219b95,c0ce97c9-cdaf-4514-bbf5-e4a800438fc8
2,f,2017,2021,2fb01edc-7ff2-457f-b3b8-f00dd1396a15,c0ce97c9-cdaf-4514-bbf5-e4a800438fc8
1,f,2014,2015,ed8c5ca2-f25b-48a6-b8a1-37450a75951b,f6a3f120-9cda-44e0-9d44-ac66f2ade5e7
1,t,2015,2018,194fbabd-a1a9-4832-9c8c-05b8dfd2b61e,f6a3f120-9cda-44e0-9d44-ac66f2ade5e7
1,f,2016,2019,922615e8-0f87-4c30-8f3a-7441083b105f,83f55b14-55e2-438c-a8f9-e752ab6807d5
1,f,2013,2017,f1bfa808-81f5-49ee-99e8-821d19062439,c410ff0a-b9f1-404a-9fd5-0e2b6da3ac2e
1,t,2016,2018,5b906212-84d5-4981-aee7-3d2518b80e34,c410ff0a-b9f1-404a-9fd5-0e2b6da3ac2e
2,f,2018,2022,82043291-12f9-473b-8287-dfc03432c074,c410ff0a-b9f1-404a-9fd5-0e2b6da3ac2e
1,f,2021,2024,8425b00b-0b5c-4e3e-ab82-6cc915b48041,ff4b0aa3-0474-4935-a9ce-94e56e69c107
1,f,2013,2016,5ce261e7-4534-4045-87f6-36721e84d292,7d5e09c8-c90c-4a2c-be85-c8e6786fe465
1,t,2016,2021,e33e8f12-d356-45f6-b7d3-ceb195cfcd24,7d5e09c8-c90c-4a2c-be85-c8e6786fe465
2,f,2021,2024,d5d711c0-f701-41e5-86a0-3a06a8f23039,7d5e09c8-c90c-4a2c-be85-c8e6786fe465
2,t,2025,,898a7eea-f01e-4717-975a-2648897e4a6b,7d5e09c8-c90c-4a2c-be85-c8e6786fe465
1,f,2013,2017,8de4ea5d-193e-47de-9e47-f4958d9802e1,a3275044-5bac-4120-93ec-c6b3aec02b6f
1 (Z62),f,2013,2014,86b1cbcd-6d56-4b74-a57d-5883e4f4ddf3,ec19c633-82fb-45b7-a2f3-ad04ae67fa18
1 (Z62),t,2014,2017,3fca6c6e-9a22-41ea-a862-88aff79635b2,ec19c633-82fb-45b7-a2f3-ad04ae67fa18
35,f,2007,2013,62cade85-3ee3-4435-b81e-c9b3d1246456,4d5c3c78-fbfa-4913-b5f0-09160d879b50
S50,f,2002,2005,b27c22eb-dfdf-4fa6-854f-900c42e576bd,5099d484-7a11-4c76-95b8-489333c1f3a8
S50,t,2006,,10eaed26-8ee8-4a10-8ebc-6e12c2e49101,5099d484-7a11-4c76-95b8-489333c1f3a8
37/50,t,2008,2013,0d5480ca-2e23-4915-8738-4f4216389874,5099d484-7a11-4c76-95b8-489333c1f3a8
35,f,2002,2013,c675451b-4120-4b5a-b6a0-76c6bf42df93,2fac05c0-d9d6-42e2-b038-617386479cf3
4,f,2006,2009,7e4e32d3-b0d5-47b4-ba89-62b28c6d86e8,2fac05c0-d9d6-42e2-b038-617386479cf3
4,t,2010,2013,ee8bdc04-ada2-4b4b-adae-6ce8a8caa94a,2fac05c0-d9d6-42e2-b038-617386479cf3
1,f,2012,,4ceace38-e16c-43db-ba73-2255aecf79a0,9e06743a-3098-419a-8049-8bddf03ba5a1
1,f,1989,2002,d0f91490-7e00-4723-aed7-1fc65477ea66,6d5e55a5-8593-4bc1-a657-5097a2c3f86f
2,f,2002,,b7a45329-dc81-4266-afb6-0332bf0a3112,6d5e55a5-8593-4bc1-a657-5097a2c3f86f
3,t,1990,2013,8dd70554-d43a-4b13-8f81-ba129cd74e1a,6d5e55a5-8593-4bc1-a657-5097a2c3f86f
4,f,2009,,b7bee65a-d266-435e-a54e-59a37328adfc,6d5e55a5-8593-4bc1-a657-5097a2c3f86f
1,f,2004,2007,4e26a3df-9842-48be-8772-d5304cc1e27f,237b9226-ee96-4010-8c14-aa0e8555bfc3
1,t,2007,,57f4ffaa-c451-4f92-b05c-f1adc143dcf9,237b9226-ee96-4010-8c14-aa0e8555bfc3
2,f,2012,2017,9739b2a7-2a3e-4366-9bee-6ffa29646adb,237b9226-ee96-4010-8c14-aa0e8555bfc3
1,f,2016,2020,f5c9a1c3-152f-4c19-9555-310091f20e33,7a684fa3-79ec-4762-9cec-15de09b81be7
1,t,2020,,82cc698a-651c-4007-996b-c8839cf738ef,7a684fa3-79ec-4762-9cec-15de09b81be7
1,f,2015,2019,ed538a1e-cadf-478e-9cad-1e1a4bd4b5e8,35879932-9de1-4d1c-9ab3-52750e390702
1,t,2019,2021,62f2279a-5d0c-4be5-9833-bef499f7e921,35879932-9de1-4d1c-9ab3-52750e390702
2,f,2015,2020,455285e0-0ad6-487d-aab2-5608195840e4,3b11a09b-968c-4054-a21f-1a80683918d9
2,t,2017,2024,62231e99-050a-4338-94ff-69e54ab2af36,3b11a09b-968c-4054-a21f-1a80683918d9
8,f,2009,2015,2a62da66-41b4-4976-a47b-8e36df5949dd,b1f6be99-6418-410b-9871-557cd4e37b99
8,t,2015,2019,e2ea2701-ed74-49ee-acc1-9f9a833ba534,b1f6be99-6418-410b-9871-557cd4e37b99
4,f,2019,2023,c628c8d3-4825-40e9-966b-b1b2a0624ded,1ba92f4c-fe78-474c-a8e1-f1cc89be0119
2,f,2023,,14461b4a-6dc7-456b-b3a7-aeba8d404820,ad932101-d45b-4c6d-9915-eb61a96af216
1,f,2015,2023,3e72760f-f94a-4719-8e94-38b7f16b16e3,5147b5ac-4d0d-42ac-b6cf-97460a4e16c7
1,f,2023,2024,b32c87ef-bb20-4daf-9bc7-3a0acc82215d,a76c5629-c75f-43ff-ae74-e41bb8b7cb90
1,t,2024,,51dc7441-a86f-40ff-a5b3-f679a8982d79,a76c5629-c75f-43ff-ae74-e41bb8b7cb90
1,f,2009,2012,1812cfcf-6f86-43bd-b6a9-ac26192780e6,662f4995-7683-4d81-b2ae-526acf28607d
1,t,2012,2016,20ce8dc4-b6c3-4dbc-9e09-2b599cfd63b6,662f4995-7683-4d81-b2ae-526acf28607d
2,f,2016,2019,44f76c5c-6761-4411-9bbc-80d01870ff07,662f4995-7683-4d81-b2ae-526acf28607d
2,t,2019,2021,099ed83d-4e3c-4ea4-b2d0-9096b25f06e6,662f4995-7683-4d81-b2ae-526acf28607d
2,f,2002,2006,73726a95-3195-4b44-a9ab-6f23926b1bc7,e9205eb0-9ef7-4f95-afa9-ea85566d0029
3,f,2006,2010,de8dc268-d6e0-4944-a406-a97ad433b013,e9205eb0-9ef7-4f95-afa9-ea85566d0029
3,t,2010,2013,bc2d17ab-873c-428f-848f-50888cdb8e55,e9205eb0-9ef7-4f95-afa9-ea85566d0029
4,f,2013,2016,5c871968-f857-419f-bde3-5adba417d323,e9205eb0-9ef7-4f95-afa9-ea85566d0029
4,t,2016,2018,8dd920ff-a556-444a-b0e6-d55386b42e34,e9205eb0-9ef7-4f95-afa9-ea85566d0029
5,f,2021,,cf7f69cd-7b97-4eda-a15c-e74dee00e8bf,e9205eb0-9ef7-4f95-afa9-ea85566d0029
1,f,1998,2002,7c7cc55d-3d2a-48f7-8586-f4a63b2c9638,0feee044-cc72-4352-8949-56f8f45ce085
1,t,2001,2006,8b853f1b-f4b6-487d-8a54-92dbfb6867d8,0feee044-cc72-4352-8949-56f8f45ce085
2,f,2005,2010,03a203b1-6b7d-40fa-b950-5553cc05abf9,0feee044-cc72-4352-8949-56f8f45ce085
2,t,2010,2014,747674d1-cdae-49b6-ab28-80522be0c573,0feee044-cc72-4352-8949-56f8f45ce085
3,f,2014,2018,880a74f3-8a7a-4802-b511-2e4cd09bc685,0feee044-cc72-4352-8949-56f8f45ce085
3,t,2018,2021,6777584c-070d-465c-82bb-b06976d8e06e,0feee044-cc72-4352-8949-56f8f45ce085
4,f,2021,,7b1fba0c-c200-4c1f-a48a-3a7cb6f2118b,0feee044-cc72-4352-8949-56f8f45ce085
1,f,2006,2010,a5c66dcd-b9aa-4244-b27d-7dbc72980fb6,618c117b-326a-45cb-9729-8b9b06670930
1,t,2010,2012,0453e1d9-c0f0-4e55-a779-16090076e2dc,618c117b-326a-45cb-9729-8b9b06670930
2,f,2012,2015,669450e7-fd48-417e-b82a-85b16099e46a,618c117b-326a-45cb-9729-8b9b06670930
2,t,2015,2018,239fb75f-efb2-498f-a6d0-d49b9eb4fa9f,618c117b-326a-45cb-9729-8b9b06670930
3,f,2018,2021,428af0f9-3c83-48df-acc1-b5630f38a7f9,618c117b-326a-45cb-9729-8b9b06670930
3,t,2021,2026,5459b7a8-73c1-4bb0-9584-163675234c0c,618c117b-326a-45cb-9729-8b9b06670930
1,f,2003,2008,0ea8c007-8b86-4d16-8bf2-2001e617f2e1,c7067e27-f9ab-4b4c-a66c-0f3c62a49b83
2,f,2008,2013,8d0ec455-fdb1-4fc1-88ea-2f7c56f05315,c7067e27-f9ab-4b4c-a66c-0f3c62a49b83
3,f,2013,2016,5df6453b-7fca-4ee8-954b-5edfcab1c6ab,c7067e27-f9ab-4b4c-a66c-0f3c62a49b83
3,t,2016,2020,f59b4ed4-2881-4ae1-b0ef-3182af11ac84,c7067e27-f9ab-4b4c-a66c-0f3c62a49b83
4,f,2018,2021,b5822c6e-6af6-407f-b77b-0b0a876a14db,c7067e27-f9ab-4b4c-a66c-0f3c62a49b83
4,t,2021,,2cbd8b45-39e9-4958-b779-4e67dc670b04,c7067e27-f9ab-4b4c-a66c-0f3c62a49b83
1,f,2007,2010,86b43223-377b-4211-bcdb-8b4a3d26038d,6904ef6f-8ae2-4ccb-bb7e-71f33ea89661
1,t,2010,2012,0e4bfeb7-8e14-4514-889b-799321f0cfe9,6904ef6f-8ae2-4ccb-bb7e-71f33ea89661
2,f,2013,2015,6b75d821-e461-4cd5-956e-9d2556e6d7e2,6904ef6f-8ae2-4ccb-bb7e-71f33ea89661
2,t,2015,2018,e72b2767-6bc6-4443-9cf2-a53880060f0a,6904ef6f-8ae2-4ccb-bb7e-71f33ea89661
3,f,2019,2021,b01d0ca8-cab8-420d-953e-db1275f52b99,6904ef6f-8ae2-4ccb-bb7e-71f33ea89661
3,t,2021,2025,36114fe9-017b-4df8-b6d3-6d35bd70ed8b,6904ef6f-8ae2-4ccb-bb7e-71f33ea89661
1,f,2019,2022,e92f6fbf-ae25-4a29-9da9-cadf1d5bf4b9,6ee2aad1-a2b3-473d-a83a-737ce89c7791
1,t,2022,,e059bd55-8383-47ad-8999-fd680506ddc2,6ee2aad1-a2b3-473d-a83a-737ce89c7791
2,f,2024,,0a2d9fc0-4a2b-4736-911e-9bd594627257,ba89c3ab-5211-4856-9ceb-b1a0b15208fb
3,f,2012,2014,a58a317e-08fd-4c0d-8ba9-46676522db73,cee493db-fedd-43d8-8e71-ac531c36d881
3,t,2014,2016,f1c7bf29-0dfa-4b37-8d41-ccfa3b2e03bb,cee493db-fedd-43d8-8e71-ac531c36d881
4,f,2015,2018,e59c91c8-b23c-4de9-bce5-46d2d52f2eb8,cee493db-fedd-43d8-8e71-ac531c36d881
4,t,2018,2020,765d9d3f-79fa-4cdc-a418-cb463806ebc9,cee493db-fedd-43d8-8e71-ac531c36d881
3,t,2019,,7e02f816-a16d-4442-acee-a083ed4debdb,7ac1593f-3915-43b6-a622-fc94373b2712
1,f,2021,,b92d76d0-580d-42e3-9428-51a5a3ca797f,cc5f5417-2ef2-4703-85b7-f1fc8f8bd6ba
1,f,2012,2014,bc693931-6a33-4cf8-9b60-4515282892b1,f0e18d37-c33b-4fe8-9017-11ffa9ce361a
1,t,2014,2015,6b3fde80-f904-4f2f-8e80-2dfd75d817c4,f0e18d37-c33b-4fe8-9017-11ffa9ce361a
2,f,2018,2021,8883160d-8697-486c-911f-6738487487a4,536a2f2b-3eb6-4ef8-b75d-f7a190b34ab3
2,t,2021,,058dfc33-7872-4f0e-9ab5-06cc2a43a80e,536a2f2b-3eb6-4ef8-b75d-f7a190b34ab3
1,f,2000,2002,5a82980e-152d-4202-8843-5d6c7ad1dbfb,13448f23-92d9-4f16-bd30-194e3ce25f67
1,t,2002,2006,b80fd366-944f-4de7-9199-7f1644d927fb,13448f23-92d9-4f16-bd30-194e3ce25f67
2,f,2006,2009,17dd29ec-289b-4536-ba1e-8a38dcaa4a10,13448f23-92d9-4f16-bd30-194e3ce25f67
2,t,2009,2010,0104b7c0-aacf-4bca-bd11-9789b52cbecf,13448f23-92d9-4f16-bd30-194e3ce25f67
1,f,2008,2011,cfacb3ae-e015-4135-a1a8-2c6091eb0ff1,d77b30bd-43fb-4f3c-9079-363f9eb6b65f
1,t,2011,2017,df23bd6d-0abe-49d3-b64e-400dfdbbfe2b,d77b30bd-43fb-4f3c-9079-363f9eb6b65f
2,t,2020,2022,7178028a-4f63-4369-baac-f5842aa7bc22,d77b30bd-43fb-4f3c-9079-363f9eb6b65f
2,f,2021,2025,8b4ba594-d87d-4824-a499-40b235b8839f,a576239b-20b4-42c8-99d3-6c532de0fc2e
2,t,2026,,33db6278-4baa-4882-a8b0-d7c50291ebcd,a576239b-20b4-42c8-99d3-6c532de0fc2e
1,f,2003,2006,16805fae-8f4f-48eb-a805-e69903405ba6,542da52b-fb00-4ce1-911b-6a91f57c66b3
1,t,2006,2010,1e351749-12a8-4ac9-a92d-74290009e23c,542da52b-fb00-4ce1-911b-6a91f57c66b3
1,f,2004,2007,672638aa-2f01-4c5b-823a-55ae68e3b3df,5ed5be47-8459-43bd-952b-bb8f4b3b82d1
1,t,2007,2010,344007a3-f2bf-409d-964f-4fea6d7f05e8,5ed5be47-8459-43bd-952b-bb8f4b3b82d1
2,f,2011,2015,98be0e87-1ac1-49ed-92d3-a1670f71825e,5ed5be47-8459-43bd-952b-bb8f4b3b82d1
2,t,2015,2017,ff8a3cf4-3a36-4826-a6b9-6fb880cd6ada,5ed5be47-8459-43bd-952b-bb8f4b3b82d1
3,f,2017,2019,bfdb8a42-fc39-487e-817f-51de1f93d78f,5ed5be47-8459-43bd-952b-bb8f4b3b82d1
3,t,2020,2024,cd76d6ed-77b7-4e58-960f-c5218276bfae,5ed5be47-8459-43bd-952b-bb8f4b3b82d1
1,f,1999,2005,ccf80762-d753-419d-a6ea-aec0f7d695e4,b1cb3764-33b9-4a12-92bd-b4ea6674cf6d
2,f,2005,2009,c72c1781-e4b4-469c-8732-3daa5605ea0a,b1cb3764-33b9-4a12-92bd-b4ea6674cf6d
2,t,2009,2011,f566a70e-7dec-4e7e-95b9-ed0349ca997a,b1cb3764-33b9-4a12-92bd-b4ea6674cf6d
3,f,2011,2015,dd2da99b-05ad-4440-af5d-5d7472085d46,b1cb3764-33b9-4a12-92bd-b4ea6674cf6d
3,t,2015,2017,9466391b-7808-4a9c-a906-4592facbf516,b1cb3764-33b9-4a12-92bd-b4ea6674cf6d
4,f,2017,2020,082db1fc-0f29-40a3-aadb-a56c2467f1d3,b1cb3764-33b9-4a12-92bd-b4ea6674cf6d
4,t,2020,,6b4731d6-8c17-485b-8aef-9a7280ac50c1,b1cb3764-33b9-4a12-92bd-b4ea6674cf6d
X-Line,f,2017,2020,b4cacd06-6e49-4f04-9cd4-0290dbfd1b5f,b1cb3764-33b9-4a12-92bd-b4ea6674cf6d
X,t,2020,,0c4bbd88-2c12-4f51-8b23-d771ec7c5021,b1cb3764-33b9-4a12-92bd-b4ea6674cf6d
1,f,2019,2022,93bb7677-c9b8-4f24-a6c1-6802a015281f,f9c28168-4883-4be8-8952-eafd6d551403
1,t,2022,,ef56e82f-e511-49dd-942d-d6d630d6308e,f9c28168-4883-4be8-8952-eafd6d551403
1,f,2002,2006,060b8e80-50b2-4025-bb86-4310bc21ea77,b93e29c9-c94c-44ce-9efd-ef733cff7988
1,t,2007,2010,ed42e18e-960a-47ab-b6bd-cc54aa694f67,b93e29c9-c94c-44ce-9efd-ef733cff7988
2,f,2009,2016,d9cf0046-f598-49d3-9ce1-738bac5e4f55,b93e29c9-c94c-44ce-9efd-ef733cff7988
2,t,2012,2020,c770acf1-0f1a-44c1-91be-02694c00b854,b93e29c9-c94c-44ce-9efd-ef733cff7988
4,f,2020,,281c7635-f989-44dd-ad9a-98ac8ff56a2e,b93e29c9-c94c-44ce-9efd-ef733cff7988
1,f,2009,2011,463de88c-80a8-4a11-a802-355e99b4a2d8,4e123d0c-eedf-49c9-8ec1-5c225972fe4c
1,t,2011,2014,938cb2d7-4f26-41a4-b22f-d8a2544bcfd7,4e123d0c-eedf-49c9-8ec1-5c225972fe4c
2,f,2014,2016,bf422044-85b1-4e63-8bd5-0f81abc36d54,4e123d0c-eedf-49c9-8ec1-5c225972fe4c
2,t,2017,2019,406647c7-62c4-4a90-9ede-fbe89d8acc47,4e123d0c-eedf-49c9-8ec1-5c225972fe4c
3,f,2019,2022,a54e3c55-9fcc-4c6c-a9c3-6e6dd0df02e7,4e123d0c-eedf-49c9-8ec1-5c225972fe4c
3,t,2022,2025,73017e0a-49dd-4dcd-a60f-1b71a222ea66,4e123d0c-eedf-49c9-8ec1-5c225972fe4c
1,f,2000,2011,cfc24095-20d4-4ef3-979f-217f15811955,c947222e-fa21-4ef4-b653-648dc63923ec
1,f,1993,1998,a5db9d12-380f-4a2e-8ff0-535add16ad33,23ccdd83-94fb-4708-b91c-f955659cb97f
1,t,1998,2006,86bb2b62-6f63-425a-bedb-7f92289bd8ae,23ccdd83-94fb-4708-b91c-f955659cb97f
2,f,2004,2008,5bf1d65a-f09f-4cc0-87c1-4a763e166ead,23ccdd83-94fb-4708-b91c-f955659cb97f
2,t,2008,2010,1cf0010d-9c3b-4a9b-bf1a-bc4e722a107a,23ccdd83-94fb-4708-b91c-f955659cb97f
3,f,2010,2013,10538a65-eacd-44ce-a1f4-eac3ef9102ab,23ccdd83-94fb-4708-b91c-f955659cb97f
3,t,2014,2016,e43451cb-526e-4f1d-8018-8dcd8b03c451,23ccdd83-94fb-4708-b91c-f955659cb97f
4,f,2015,2018,eba4927f-dd9c-4438-b7e5-ba092ada9bf1,23ccdd83-94fb-4708-b91c-f955659cb97f
4,t,2018,2021,639405b0-7ba5-4c44-973f-06ddda2fdfc1,23ccdd83-94fb-4708-b91c-f955659cb97f
5,t,2021,2022,f7ce3325-08a1-432c-836e-5493ab7e9331,23ccdd83-94fb-4708-b91c-f955659cb97f
1,f,2017,2020,fc32c246-3cb9-4014-8431-5882c88b92cb,da2b4421-40b6-47a4-b9ff-cf6cef70a512
1,t,2020,2023,f125d69d-c927-445f-a04b-e6ff5b3ebfde,da2b4421-40b6-47a4-b9ff-cf6cef70a512
1,f,2017,2020,77a508b1-58c8-416e-bf90-7fe101b8f58b,85a3e922-480c-413c-aabd-2feefb43de09
1,t,2020,,a610f95d-90ac-4bf0-850e-7b7934a79e28,85a3e922-480c-413c-aabd-2feefb43de09
1,f,2019,2022,8cef73a0-5b7d-46c9-909f-a9e1ff128b8d,ce66f0ec-edc2-4d23-bb88-cdf21510b232
1,t,2022,2025,2bd0a8f0-27a7-492b-96bc-17fbadb4a4e9,ce66f0ec-edc2-4d23-bb88-cdf21510b232
2,f,2025,,265b90f0-0414-4490-9846-687a782828e4,ce66f0ec-edc2-4d23-bb88-cdf21510b232
1,f,2011,2015,13f73762-6065-4eec-ad77-e51204db964a,896797f4-8e86-49f8-b726-9e9f9af1e9f5
1,t,2015,2017,c43b2e6b-2ebe-4e7a-9935-21dc0fe053b1,896797f4-8e86-49f8-b726-9e9f9af1e9f5
3,f,2008,2011,2b9a7de2-9ed6-4274-8570-9c4cfc084749,deedfcc2-dcdd-4c27-b9f4-054854d851fa
3,t,2011,2014,c10e6724-3517-4c3d-8583-9992e9672eb7,deedfcc2-dcdd-4c27-b9f4-054854d851fa
1,f,1998,2005,409869a0-421b-4573-ae9e-598e6436bf50,e43f94ea-29da-4ba6-84eb-7523217e490a
1,f,2001,2009,6d7cddcd-8259-43f7-9d9d-5c820ae6649d,a49d310e-cc90-410f-991b-08d31655966d
3,f,2011,2015,0cbd69d7-ee82-40e0-bf5b-563186e07d3c,2f89a0c6-f621-4b27-b1e9-20ca35327cea
3,t,2015,2021,ac894a3d-c5a9-40a6-ae06-b536a8db4484,2f89a0c6-f621-4b27-b1e9-20ca35327cea
1,f,2016,,52bd9f00-0735-445b-8cd2-be32408e5ea9,c54b41b1-2225-49da-a2b4-81b7b60e6861
320,f,2011,,42045210-907b-4f2f-8f2e-f69e5cbc2bdb,6bf23930-8f3f-40f8-8952-aa96a6ede7cf
330,f,2013,,48c04555-6539-4143-9e18-d724c1a86fd8,6bf23930-8f3f-40f8-8952-aa96a6ede7cf
620,f,2010,2015,0e6b5009-d6e7-43f5-8f4a-6e831f18938a,331d580c-5e43-4144-a3b1-f52d50562fc7
630,t,2014,2016,b8cf28fb-2cf4-4e2c-9717-9a3650acd613,331d580c-5e43-4144-a3b1-f52d50562fc7
2,f,2015,,23cebf94-a85c-4db2-96c2-74afe19b223b,331d580c-5e43-4144-a3b1-f52d50562fc7
X50,f,2014,2019,81b842dc-10ef-41ea-9a3b-3d9edb426904,902e4522-5fb3-4313-94f0-5876cbd4efeb
1,f,2011,2015,649b5731-2e46-477f-bd2b-8ecdd636f829,d32d297b-5d7d-4e71-91e4-c6259d314f01
1,t,2015,2016,1c079808-57a5-4237-9226-af86d8374959,d32d297b-5d7d-4e71-91e4-c6259d314f01
1,f,2018,2020,318cac86-7864-4dfb-ba66-261f855d182d,6e825a06-522d-41f7-a7a9-9bc3185242b5
3,f,2013,2016,8566de62-34ea-4aec-b09c-5828f44eece2,779191e7-8ded-4004-bd26-8c8a21e9f967
3,t,2016,2020,097d704f-457e-433f-9b70-ec894bfd49ff,779191e7-8ded-4004-bd26-8c8a21e9f967
1,f,2022,,29509004-8fc8-4c17-9226-f1bb899af033,9be86e7d-9df0-47ee-a8f2-ed378bd117d2
1,f,2016,2020,8f4cc859-73cb-4111-b549-92a1b3e74f7a,6113a5c7-4395-4b42-82cb-4f4f7b00801f
1,t,2020,2024,4c186d5d-f461-4e21-9fa5-e66258d4689b,6113a5c7-4395-4b42-82cb-4f4f7b00801f
6,f,2013,2016,a923d2a2-a2af-404d-b73e-0ab0f894d067,a8164aa4-c46a-497e-826a-1c579eee5d65
6,t,2016,2020,22687850-8563-4ca3-817d-dc4b688cc863,a8164aa4-c46a-497e-826a-1c579eee5d65
II,f,2007,2010,b07d9f89-3f88-41b5-9c1d-3d617dffcb05,a2523e87-1ce9-4a78-bd67-623d76a1e081
II,t,2010,2014,5422345b-0478-426e-b166-cd7f2decd55c,a2523e87-1ce9-4a78-bd67-623d76a1e081
II,f,2009,2011,f08e6930-21e2-416d-845c-fb1cf8ac3ba1,794a29c7-6f6f-41c3-9ad3-39835a342e71
II,t,2011,2013,ae183131-ddc5-46e1-b9a4-320c0a665d4f,794a29c7-6f6f-41c3-9ad3-39835a342e71
III,f,2013,2016,23a7bee4-8c15-45f7-b4df-19c5a1bc48e8,794a29c7-6f6f-41c3-9ad3-39835a342e71
III,t,2016,2019,5add6cb2-19d1-4c48-850d-ccc10c71b6c9,794a29c7-6f6f-41c3-9ad3-39835a342e71
II,f,2007,2010,d65f845c-ab6b-418b-bfd6-1f7551a4f542,4de07773-6b71-4854-8df4-3caa453c8e26
II,t,2010,2012,26fdcfaf-abb8-45ff-90db-839e336aedba,4de07773-6b71-4854-8df4-3caa453c8e26
III (GJ),f,2012,2015,6765a0a5-fc77-4402-bba2-38f6ad77654d,4de07773-6b71-4854-8df4-3caa453c8e26
III (GJ),t,2015,2018,f7398b9c-659d-49d7-98cb-05581a0f4157,4de07773-6b71-4854-8df4-3caa453c8e26
1,f,2014,2018,cadde126-daa1-4686-8482-b5bbb07ded54,a7688f4f-6790-45e6-a8ea-4668c394b0b6
1,t,2018,,67fe7e16-8bce-4fa3-898f-1f5fde80e349,a7688f4f-6790-45e6-a8ea-4668c394b0b6
1,f,2012,2015,dc0bd09c-ca2d-4a3a-8ac3-d4d9eb86454c,ed58544b-b054-4ba0-9938-22acb2a6831c
1,t,2015,2017,fb5a4316-bf3b-4d07-b480-3ba1ca5dd439,ed58544b-b054-4ba0-9938-22acb2a6831c
2,f,2016,2021,4c419508-0623-432c-9843-9530a3a97fe9,ed58544b-b054-4ba0-9938-22acb2a6831c
2,t,2021,,ec122979-fe9a-45c6-b30d-03490faf564d,ed58544b-b054-4ba0-9938-22acb2a6831c
1,f,2006,2010,6d440876-ae0e-4902-8efa-f63de4166f4b,8d98e51e-fc46-4dfa-a734-fed2084f94a4
1,t,2009,2012,a4b17798-5560-4507-9c1c-22342e8d08e2,8d98e51e-fc46-4dfa-a734-fed2084f94a4
1,f,2008,2009,8c9d586e-3805-4063-bc20-df8259c68aaf,eaccd2d4-c261-4a4c-9d27-ced4473644f9
1,t,2009,2012,246c24a9-d262-43cd-b235-ba509a28e286,eaccd2d4-c261-4a4c-9d27-ced4473644f9
2,f,2017,2021,ddab2a16-b718-41c8-a8ca-959238170c05,eaccd2d4-c261-4a4c-9d27-ced4473644f9
2,t,2021,2022,5dbc043f-ed8a-4d80-8ee4-1948b923a385,eaccd2d4-c261-4a4c-9d27-ced4473644f9
1,f,2010,2012,30b7f631-352c-45a4-8d0e-3ae50f31a318,e51412e0-9dd4-4873-94d8-4ae99b5ef5ea
1,t,2012,2016,9e307086-a227-42f4-9066-3bb57e2698d0,e51412e0-9dd4-4873-94d8-4ae99b5ef5ea
1,f,1995,1999,890ba656-95c5-4234-9be7-ca64d24699f4,922979c9-7115-4168-a0dc-da71a54aa4f0
1,t,1999,2004,1b82caec-4091-4b6a-b1ad-96c58e90349d,922979c9-7115-4168-a0dc-da71a54aa4f0
6,f,2004,2009,ccd005e5-1316-4cb5-954d-b0652dd87c7e,1a367774-0a69-4ac3-9809-8fac69f5ef1f
6,t,2009,2011,d9b13820-f8a0-4c31-b089-4341e6a582dd,1a367774-0a69-4ac3-9809-8fac69f5ef1f
1,f,2007,2018,a1412548-64b3-4511-9245-56c91e6a83de,c487a525-9502-4e57-89f0-14f71ed4dc36
1,t,2018,2025,a03e23a0-aaca-4ae7-9976-c81dc12ab172,c487a525-9502-4e57-89f0-14f71ed4dc36
3,f,1999,2002,f45cfc3e-dc9b-4dc6-a228-98da4f8ae6af,0630c0fb-9125-4aa3-8321-a6f640abbbef
3,t,2002,2005,66b83a65-95f9-44db-93e9-5cc82202e3f0,0630c0fb-9125-4aa3-8321-a6f640abbbef
4,f,2005,2008,ca82d975-d945-4157-aa1f-1b2ab9e73b08,0630c0fb-9125-4aa3-8321-a6f640abbbef
4,t,2008,2011,d3196839-cf8d-49ab-85f3-d39746d2e7a3,0630c0fb-9125-4aa3-8321-a6f640abbbef
1 (GK),f,2017,2021,86a1c6e6-5d5f-4ecb-a3e2-020645a987f8,15632f02-e387-45c8-8ac1-0756aa29ea66
1 (GK),t,2020,2022,911c6f05-e958-4695-9d8d-a02adc5740d1,15632f02-e387-45c8-8ac1-0756aa29ea66
1,f,2003,2006,06bdfd68-3a77-48df-b6fd-a99962713c34,25b01a49-4b1d-402c-9182-d61cd9d4569f
1,t,2006,2009,608c2cc4-5ac4-4d57-9f71-85b2795aadaf,25b01a49-4b1d-402c-9182-d61cd9d4569f
9,f,2003,2006,08a4a86d-4f6e-428e-8109-ce52103993d0,7788b43a-3adf-4d64-9684-97a24f2c67bc
9,t,2006,2008,712d895e-caef-4173-9f23-a7f3e2ea6031,7788b43a-3adf-4d64-9684-97a24f2c67bc
1,f,2003,2011,1f32b829-fd31-4e16-8e23-a6c4a24fd5c0,5eed9689-8439-41b8-a5c4-2bea9a70faf2
9,f,2000,2003,35c6e71c-dfd2-4e37-8213-9cadb2237c6a,752fc969-5c2d-430e-a560-7a6131515f24
9,t,2003,2010,63427ee5-1cbe-4ee3-a6bf-8203dc00e6ba,752fc969-5c2d-430e-a560-7a6131515f24
10,f,2007,2011,2715d5b9-9391-4227-bd1a-80ebb17ee320,752fc969-5c2d-430e-a560-7a6131515f24
10,t,2011,2017,16a4674e-2efe-44d4-9f7c-c318e6716d03,752fc969-5c2d-430e-a560-7a6131515f24
4,f,2006,2014,f834fcca-41ad-4ef6-85ff-860961707ebd,e7b15eca-0da2-4db2-9061-af75fb5e9fc8
4,t,2014,2016,7591c6fc-36d7-4bf4-aca3-8a0398bff166,e7b15eca-0da2-4db2-9061-af75fb5e9fc8
5,f,2014,2018,c2873a76-4d2e-43b7-809a-74f0d3367105,e7b15eca-0da2-4db2-9061-af75fb5e9fc8
5,t,2019,2024,d05eeecb-f418-4827-8952-b78ec5e050ba,e7b15eca-0da2-4db2-9061-af75fb5e9fc8
6,f,2023,,f1772118-506a-46d3-88b7-cc62d35ae99a,e7b15eca-0da2-4db2-9061-af75fb5e9fc8
1,f,2003,2007,cd927d93-9fbf-4287-98e6-bd6a9407e3b4,cb46950b-e8ae-404f-8f81-3f657f76f7af
2,f,2007,2010,445a8afa-e7b0-4725-a9a9-d5e45c63f49b,cb46950b-e8ae-404f-8f81-3f657f76f7af
2,t,2010,2012,135e30ca-58bd-4888-9af6-627b1cd8b1bb,cb46950b-e8ae-404f-8f81-3f657f76f7af
3,f,2012,2014,767f484a-997d-4504-b674-c40bd9376eec,cb46950b-e8ae-404f-8f81-3f657f76f7af
3,t,2014,2016,de766d61-27b1-4b28-abed-41315feca35a,cb46950b-e8ae-404f-8f81-3f657f76f7af
4,t,2021,,7707fba1-a90a-491c-aa28-23bd94a0bd2d,cb46950b-e8ae-404f-8f81-3f657f76f7af
2 (V30),f,1991,1997,a075ab97-a032-4c59-8ea3-1b5337e3b0d3,df952bbf-3ce4-4c13-a99e-e6c03420b8fb
2 (V30),t,1997,2012,fb9768d5-8f89-466c-9f02-93e040bd3f45,df952bbf-3ce4-4c13-a99e-e6c03420b8fb
III,f,1999,2003,38bf2a95-5924-4f61-8e7d-fbd0fde509a7,df952bbf-3ce4-4c13-a99e-e6c03420b8fb
III,t,2003,2006,060aab41-f505-4dd4-a46a-0d043a520d1f,df952bbf-3ce4-4c13-a99e-e6c03420b8fb
4,f,2006,2011,4b1455a5-71bb-4a5e-b324-4418a4af6c6e,df952bbf-3ce4-4c13-a99e-e6c03420b8fb
4,t,2011,2014,d46b09c0-65f7-4236-bd6d-69e8b3e966a3,df952bbf-3ce4-4c13-a99e-e6c03420b8fb
1,f,1996,2004,622be59c-4c89-459c-8e8f-47ea892134eb,89659458-8c6a-4789-a93a-f2c6ce0376fc
1,t,2004,2009,44c18234-f103-45a5-a01a-ebcacdcd957d,89659458-8c6a-4789-a93a-f2c6ce0376fc
2,f,2008,2013,aab21249-6f35-4d4f-94b7-0fc02eafd51f,89659458-8c6a-4789-a93a-f2c6ce0376fc
2,t,2013,2017,3fc34e82-7c18-4824-9b13-78cc7eb5f17b,89659458-8c6a-4789-a93a-f2c6ce0376fc
3,f,2015,2019,968f4bf4-b1de-41d0-b690-ea08423b4b2b,89659458-8c6a-4789-a93a-f2c6ce0376fc
3,t,2019,2024,049bd0dc-bb95-42a2-b088-8248365855ec,89659458-8c6a-4789-a93a-f2c6ce0376fc
1,f,2017,2020,88a8f0ca-12a5-4741-8ed2-7e68804d59b8,74664940-c4a7-478e-8387-464a8dfc08c3
1,t,2021,,6a6b9b7a-e411-4ca0-b87b-db3d91fa3f2e,74664940-c4a7-478e-8387-464a8dfc08c3
1,f,2022,,78eea049-591e-4790-80e3-ca6c2c081779,9874a9db-fe52-4ccf-837d-a098e49051e3
1,f,2024,2025,686616cc-9658-4678-bf8e-2df7aabd4069,c5c7d72c-1714-4f9d-a23f-359aabf2769a
2,f,2000,2003,0e84da7e-a2d8-491d-b29e-0115120e45f4,8f240f57-bd1d-4991-9378-37f76acf64f2
2,t,2002,2007,c86a76d3-7f0f-4168-8cf2-40692602447a,8f240f57-bd1d-4991-9378-37f76acf64f2
B10,f,2006,2012,0a5c2360-c2aa-4e0e-a97b-c5fac7da7385,d7224468-afdb-485d-9ed2-c6b9fb55160a
G15,f,2013,2019,4e6a7510-1481-4e3b-857f-9763b2f0a0d4,8f240f57-bd1d-4991-9378-37f76acf64f2
1,f,2000,2003,d01583eb-b441-49d1-b5f3-7f9314ab1d10,c44deafa-3330-4c5b-a6cd-40759a512975
1,t,2003,2006,b4ad9c77-b842-403f-81f7-90ea242f218b,c44deafa-3330-4c5b-a6cd-40759a512975
1,f,2010,2014,6b008b89-07fa-49ee-a8fe-a4b15524cebc,bd285fc5-06ee-4ea6-a558-feecd2170dc1
1,t,2014,2019,5595b601-4382-4273-8ac2-f15c098680f8,bd285fc5-06ee-4ea6-a558-feecd2170dc1
4,f,1994,2000,9fa98e50-76e8-4d10-97b6-e008aff7af48,bdbdd529-d359-4ddb-96a8-f91c7fa4d1c3
5,f,1999,2006,ce69094e-3f5d-4e3b-9d05-7f429394a847,bdbdd529-d359-4ddb-96a8-f91c7fa4d1c3
2,f,1992,2000,30db72c2-24ee-4159-bfdf-f588e0fda61a,77c27a9f-ad3b-4416-858d-3fd27d0bfbe5
2,t,2000,2003,089d35a7-6d8a-4c83-bba9-0c46ea32cc68,77c27a9f-ad3b-4416-858d-3fd27d0bfbe5
3,f,2002,2007,7f4fd295-a828-4a25-838a-25891efa475f,77c27a9f-ad3b-4416-858d-3fd27d0bfbe5
3,t,2007,2010,1c7536da-5f2f-4fee-9131-c56fc1ce471a,77c27a9f-ad3b-4416-858d-3fd27d0bfbe5
1 (Z50),f,2002,2009,4828d7ba-583d-41ed-8a53-2d867e77be37,9894bc0a-37de-4ef3-9ef8-4d08e3a8f785
2,f,2009,2010,4672445c-9ae0-470d-90fd-71958977b8bb,9894bc0a-37de-4ef3-9ef8-4d08e3a8f785
2,t,2010,2016,acf70351-4e5f-48bc-b0de-13510b7dccae,9894bc0a-37de-4ef3-9ef8-4d08e3a8f785
3,f,2016,2022,2cc9dd2b-a03e-41d8-8882-19a28f960392,9894bc0a-37de-4ef3-9ef8-4d08e3a8f785
3,t,2018,2024,2027abee-bee7-4d11-afae-70bb379609a0,9894bc0a-37de-4ef3-9ef8-4d08e3a8f785
4,f,2024,,5814cd06-9edd-4610-af8d-99f00add78ad,9894bc0a-37de-4ef3-9ef8-4d08e3a8f785
1,f,2004,2008,ff623d90-fc1a-4b28-80ec-40d4b7e4694f,0210b2a4-b0b4-4ae3-857f-9504b3769b3a
1,t,2008,2013,2d1d31eb-bc11-4041-aba7-d1ec119e1bce,0210b2a4-b0b4-4ae3-857f-9504b3769b3a
2,f,2012,2016,f86d23f5-56dc-48ea-aee4-bb1d26effb79,0210b2a4-b0b4-4ae3-857f-9504b3769b3a
2,t,2016,2020,6e6d2159-368b-4e19-bd25-f82d3161e3c3,0210b2a4-b0b4-4ae3-857f-9504b3769b3a
4,f,1987,1998,a7eb03b1-7782-41b1-b569-3bd2924acd59,fb0e524b-e8c0-4293-ada4-77406315750b
5,f,1997,2004,8534cca5-8a27-473e-9ef3-223c188fa30d,fb0e524b-e8c0-4293-ada4-77406315750b
5,t,2004,2010,cd60458a-e998-4ad5-a3bc-e017d63aeafc,fb0e524b-e8c0-4293-ada4-77406315750b
Y62,f,2012,2014,85ef54eb-c964-48ba-93a9-233c7e279708,fb0e524b-e8c0-4293-ada4-77406315750b
Y62,t,2014,2017,e516f614-0884-4648-aa07-629b8c009a77,fb0e524b-e8c0-4293-ada4-77406315750b
2,f,1995,1999,63492f09-04f8-498e-977d-04a913bba0f7,ec015f79-78f2-4fab-bda2-d9caecc54c80
2,t,1999,2004,70bd090b-e64c-4e95-9fbd-c714db74ee56,ec015f79-78f2-4fab-bda2-d9caecc54c80
3,f,2006,2010,e231dcc5-aff2-473e-8024-8e29e4d33a48,ec015f79-78f2-4fab-bda2-d9caecc54c80
3,t,2010,2014,95fe8c8b-619d-4cd4-aa5f-428cf15c0612,ec015f79-78f2-4fab-bda2-d9caecc54c80
4,f,2014,2017,fe06b5b9-24f9-4a9c-9d17-bba3100ba44d,ec015f79-78f2-4fab-bda2-d9caecc54c80
4,t,2016,2021,b79a6067-02a3-425e-b65f-a2adaf8ba97d,ec015f79-78f2-4fab-bda2-d9caecc54c80
5,f,2021,2025,4f50c3ab-6fa5-40f5-8a9a-4bf075e15187,ec015f79-78f2-4fab-bda2-d9caecc54c80
5,t,2025,,c1a33d6e-8cec-4c26-9e39-b68ef1f621e2,ec015f79-78f2-4fab-bda2-d9caecc54c80
2,f,1996,1999,9718f8c9-e12d-4cc9-836d-61f91510a62e,3531f5b9-b3cb-4540-acb4-bb2774192564
2,t,1999,2002,caec9eec-e106-4326-a171-5ee91849e4a6,3531f5b9-b3cb-4540-acb4-bb2774192564
3,f,2001,2008,e3e6a1dd-109c-47f9-99c0-4116f4d3e1e7,3531f5b9-b3cb-4540-acb4-bb2774192564
1,f,2006,2013,a24c417b-3e03-4595-ab82-5f1b1bb3b7cb,7c2409cd-16a9-4cac-aca9-1a8b219206df
2,f,2014,2019,9ecb1c43-5449-42e4-9eb4-28dad80f5508,7c2409cd-16a9-4cac-aca9-1a8b219206df
2,t,2019,2022,87ef4641-8321-44e3-9812-a0982b2b80b4,7c2409cd-16a9-4cac-aca9-1a8b219206df
3,f,2021,2024,36f6c09a-f2cb-4aa5-bdee-03ff330475d6,7c2409cd-16a9-4cac-aca9-1a8b219206df
3,t,2024,,e27ae3e9-05bf-407c-bd16-e9356aeeb9e2,7c2409cd-16a9-4cac-aca9-1a8b219206df
7,f,2014,2017,d22f1416-8982-4f9d-8a10-fe523c528256,bdc49fd6-1ba6-4f84-842e-3c42b6c7ca7b
7,t,2016,2021,443e1106-5f57-4f5a-ab22-03b3c031ba90,bdc49fd6-1ba6-4f84-842e-3c42b6c7ca7b
1,f,2003,2005,2184c73a-1314-48ae-a388-6ea0579ac545,7230f6db-db87-4a51-b415-aee70c1c5094
1,t,2005,2008,239e7ec0-432c-49f2-9f66-6b3c28d5b114,7230f6db-db87-4a51-b415-aee70c1c5094
2,f,2008,2011,68e504ef-4c58-4ee8-a7c0-0a876bfa24b8,7230f6db-db87-4a51-b415-aee70c1c5094
2,t,2011,2014,d068f5ab-d746-4e5c-93eb-0bfad3b54c56,7230f6db-db87-4a51-b415-aee70c1c5094
3,f,2013,2020,ccf15978-ec10-4354-839c-8c852274e254,7230f6db-db87-4a51-b415-aee70c1c5094
II,f,1993,1996,3b120119-35fa-4149-9152-87c7c05d3dc8,0fdd7fe2-7b74-401e-a8c1-5389f077a301
II,t,1996,1999,9bc8c05f-1e36-4e35-9b29-6edc17a28a55,0fdd7fe2-7b74-401e-a8c1-5389f077a301
3,f,2014,,b1d086cd-1b49-4ff8-acba-fb65d86a8bc7,0fdd7fe2-7b74-401e-a8c1-5389f077a301
1,f,2007,2010,05520708-d83a-4ca3-9303-1d885250a14f,74774a84-ea5b-4d21-9b51-c14b8d05256b
1,t,2010,2014,b9cad208-7f4f-4237-b494-cb80c4ab24cb,74774a84-ea5b-4d21-9b51-c14b8d05256b
2,f,2015,2016,4c2274ab-b098-4148-bd79-659ec7de52a0,74774a84-ea5b-4d21-9b51-c14b8d05256b
T30,f,2000,2003,6078212f-dd49-4ac7-9878-4b48d1113f91,8ec5ef33-bdb3-4bca-8304-def48b718812
T30,t,2003,2007,8c04b8b4-8916-49ff-aa19-b1ebff52c254,8ec5ef33-bdb3-4bca-8304-def48b718812
2,f,2007,2011,2d5e6765-0878-4e21-a252-3333b8f8793c,8ec5ef33-bdb3-4bca-8304-def48b718812
2,t,2011,2014,bbf52862-5cd5-41e6-97fe-e38472a7309e,8ec5ef33-bdb3-4bca-8304-def48b718812
3,f,2014,2018,9b7091bf-2968-46e6-b9e4-f1ef0ac8da20,8ec5ef33-bdb3-4bca-8304-def48b718812
3,t,2018,2022,5fb96a92-146e-42da-b6a8-033185c18e6c,8ec5ef33-bdb3-4bca-8304-def48b718812
4,f,2021,2022,e4b6a49d-0339-460d-8f40-b3c58e77bd7a,8ec5ef33-bdb3-4bca-8304-def48b718812
4,t,2022,,fa0eb77c-3481-4ae2-a01f-c58b74015ab3,8ec5ef33-bdb3-4bca-8304-def48b718812
A (M13),f,2012,2013,bcf3f762-0131-4575-9faa-48e6aa72d48d,f56aa506-ca3d-427a-a764-97ccb8be9429
A (M13),t,2014,2017,c6c90c59-ff40-41f7-8a56-ba4ac77a243a,f56aa506-ca3d-427a-a764-97ccb8be9429
A (H00),f,2000,2003,2330814f-c9a6-408d-8312-dd4a98530d8e,216823f3-4bba-45c6-8f72-b58a3d50ea0a
A (H00),t,2003,2007,a82d12ee-335d-4f37-a314-a660072d59e5,216823f3-4bba-45c6-8f72-b58a3d50ea0a
B,f,2007,2014,3a552a61-5e9e-45d1-90a9-ee07a28a7fa0,216823f3-4bba-45c6-8f72-b58a3d50ea0a
A,f,2006,2011,6348c8a8-d5db-4ee6-8049-c2f2e2dc7fc8,7b04ac65-5ed1-4cf3-bec2-7f7283eb0947
A,t,2011,2015,ca121460-a8e5-450e-a4a9-bdd4fd0fd191,7b04ac65-5ed1-4cf3-bec2-7f7283eb0947
F,f,1991,1994,c5b6de97-61a1-4fb0-8b2c-3cce77838289,febe6abc-90af-4747-9a27-2311b6e55523
F,t,1994,2000,b3f1b927-6256-4be5-8111-dad90e737819,febe6abc-90af-4747-9a27-2311b6e55523
G,f,1998,2002,983e2dd2-316a-4ba4-b17c-f1d4521a8be6,febe6abc-90af-4747-9a27-2311b6e55523
G,t,2002,2005,a3dbe856-7b57-41e3-9591-0d2c2d349e52,febe6abc-90af-4747-9a27-2311b6e55523
H,f,2004,2007,fd906667-5f7b-4f14-a4d2-ab2820982725,febe6abc-90af-4747-9a27-2311b6e55523
H,t,2007,2014,f487ea53-fa66-4eab-866a-07c2c313aa47,febe6abc-90af-4747-9a27-2311b6e55523
J,f,2009,2012,b1bb14e6-6525-4f9f-820f-a82dccc61348,febe6abc-90af-4747-9a27-2311b6e55523
J,t,2013,2014,86680abf-02b8-45b9-8119-aa8b7fb424c7,febe6abc-90af-4747-9a27-2311b6e55523
A,f,1989,1994,e4db3782-dbf4-4a34-b31e-8cc18db06bee,166816a7-1613-4707-b8a7-6a313542d05c
A,t,1994,1997,c5fa009a-715e-4b94-ab2f-fa2a85516699,166816a7-1613-4707-b8a7-6a313542d05c
A,f,2013,2019,5c344ad6-7e25-4111-9274-95786320c297,cbcf6c7e-0418-4e08-966f-fc97b5463053
B,f,1993,1997,fa5e1328-ca60-48c3-9489-2124f6a1b230,20b33867-e647-46a6-83ce-91a718e7f8d8
B,t,1997,2001,3b7d3fb8-a23f-464d-b515-ee4b4e823b0f,20b33867-e647-46a6-83ce-91a718e7f8d8
C,f,2001,2003,b9465412-a21a-48fb-9c0d-812428f3b752,20b33867-e647-46a6-83ce-91a718e7f8d8
C,t,2003,2011,a0e7130e-2737-4dff-8ce8-9c219c30881d,20b33867-e647-46a6-83ce-91a718e7f8d8
B,f,1993,1997,d77e480b-991f-4c77-8f7e-bf50e08b34a4,e9c49552-6e92-482e-80ec-efb6366cec42
B,t,1997,2000,e9754f28-bf38-483e-a00d-b929379b2a4d,e9c49552-6e92-482e-80ec-efb6366cec42
C,f,2000,2003,fd119ec9-49cd-40b2-8487-27583f2c92c2,e9c49552-6e92-482e-80ec-efb6366cec42
C,t,2003,2006,4e49dde8-63db-46f6-b102-79ed6dcaff1c,e9c49552-6e92-482e-80ec-efb6366cec42
D,f,2006,2014,2605d2b2-fd91-4eb1-b78c-13b95a7460c9,e9c49552-6e92-482e-80ec-efb6366cec42
A,f,1991,1995,9a18540e-a7d9-496a-9b31-0054de166888,5c6f3ba1-b421-4e69-ab25-d29bd85507c1
A,t,1995,1998,639b210d-149a-4bb9-a77e-bbe55ff77448,5c6f3ba1-b421-4e69-ab25-d29bd85507c1
B,f,1998,2001,8f919a97-caa5-48c4-bd45-82480a02ec58,5c6f3ba1-b421-4e69-ab25-d29bd85507c1
B,t,2001,2004,f80b419a-5d89-41d8-9dce-424a6680d716,5c6f3ba1-b421-4e69-ab25-d29bd85507c1
A,f,2015,2019,dde6bedd-ecd5-4594-aa3d-34c67ecea24d,6a7d923f-962a-45f8-84f1-7304a9dc39c1
A,f,2003,2006,51f6cb41-9f0c-47d5-93f3-f22d502c05f8,99816f2c-fd73-4099-ab86-e40cf44c90c9
A,t,2006,2010,2245f6e0-fa08-4c27-a63e-b79e8cd5a390,99816f2c-fd73-4099-ab86-e40cf44c90c9
B,f,2010,2014,beaf05e1-2352-451d-955e-a8930442add7,99816f2c-fd73-4099-ab86-e40cf44c90c9
B,t,2014,2017,425b7887-64a5-45fa-91cb-6063a5cf1c17,99816f2c-fd73-4099-ab86-e40cf44c90c9
A,f,2012,2015,7b3b83e8-5659-4927-b956-77bb64354eda,afa101e7-ae86-4516-9751-95a20c20c621
A,t,2016,2019,79477183-e3b5-4e1b-81bc-a8e38eb408a6,afa101e7-ae86-4516-9751-95a20c20c621
B,f,1994,1999,90db897c-06ec-4a93-946b-1c2acc91ed62,89267b84-687e-474b-bfbe-182b28ce223f
B,t,1999,2003,946c83f3-e966-42ec-9e5a-e869c32b9c61,89267b84-687e-474b-bfbe-182b28ce223f
B,f,1987,1989,ce5b3760-2101-4954-9c57-4eeffd62eb30,6fbf8043-cc24-4278-9403-3e20959d0079
B,t,1989,1993,fd03eb93-5d46-4518-8fe2-3a442bfebaab,6fbf8043-cc24-4278-9403-3e20959d0079
A,f,2003,2005,eb50eb83-7e9a-44f1-aded-9ae013c0aae0,c085e6bc-3384-4ff9-8741-bca4190edb9a
A,t,2005,2008,6e917296-e3a0-44ba-8803-fd759777661f,c085e6bc-3384-4ff9-8741-bca4190edb9a
A,f,1996,1999,d6e34a81-30e0-4528-a5b5-0ad50659bf1d,ef2e72bb-cdb7-4d1c-af40-ad2b5df6994f
A,f,1994,2001,8d0df39c-36c5-4bfe-9e7f-e3347a0bde26,6c5fcdc7-4ed7-416d-b0f0-6370e3008f90
B,f,2004,2009,b7acadc1-b6df-4ad1-8103-127f8d4882ab,6c5fcdc7-4ed7-416d-b0f0-6370e3008f90
A,f,1988,1992,0def5ad2-ae46-4d68-a31b-c7147990f339,b28c04c1-88bc-449f-aee5-7c69a7b1668e
A,t,1992,1995,c6a78710-b215-4fcc-9977-a7e8b75007e2,b28c04c1-88bc-449f-aee5-7c69a7b1668e
B,f,1995,1999,d9e32c62-472f-43d9-b73b-49692f1dffb8,b28c04c1-88bc-449f-aee5-7c69a7b1668e
B,t,1999,2002,916c57fc-77be-4e02-8e82-d43ccc2f188a,b28c04c1-88bc-449f-aee5-7c69a7b1668e
C,f,2002,2005,13876ffb-b0c9-45b4-a27d-4bce983c9975,b28c04c1-88bc-449f-aee5-7c69a7b1668e
C,t,2005,2008,355df985-f523-4c67-b4b9-d9bf5641c488,b28c04c1-88bc-449f-aee5-7c69a7b1668e
A,f,1999,2003,b1698011-ab6d-42eb-818d-e7f36556907a,d209caee-f187-47fb-b788-0193fa5a4378
A,t,2003,2005,38ec429a-2000-4f17-8f86-4667b87cb1ef,d209caee-f187-47fb-b788-0193fa5a4378
C,f,2011,2016,fe4a7517-a12c-46ff-bea3-86714de6d5dc,d209caee-f187-47fb-b788-0193fa5a4378
C,t,2016,2019,700878fd-77eb-4d46-a425-bbd94f8b243e,d209caee-f187-47fb-b788-0193fa5a4378
986,f,1996,2002,a5011e9e-ecd4-4ed5-b603-2fe169dc8ed6,aeaf4905-cc18-4206-8032-781a0d237e79
986,t,2002,2004,ea87681e-a720-4a70-9606-eb7914b69498,aeaf4905-cc18-4206-8032-781a0d237e79
2,f,2004,2008,24ac2831-9674-44b1-bf9c-320ac2db2318,aeaf4905-cc18-4206-8032-781a0d237e79
2,t,2008,2012,e68dfb8a-5542-4c32-9931-5a67726f2067,aeaf4905-cc18-4206-8032-781a0d237e79
3,f,2012,2016,3eef7c30-77d5-4276-b22c-62a1414f8871,aeaf4905-cc18-4206-8032-781a0d237e79
1,f,2002,2007,919f500e-69b9-41e1-ae75-67d9b1ca2fe8,9a16727a-e979-4a1e-97a5-dfc8e15ea808
1,t,2007,2010,4bf39358-dbf6-4350-8e22-678037252d09,9a16727a-e979-4a1e-97a5-dfc8e15ea808
2,f,2010,2014,b37ea81c-7f75-4d31-aac4-c0544a86c8c7,9a16727a-e979-4a1e-97a5-dfc8e15ea808
2,t,2014,2018,b50b5173-0e86-44f8-8812-a78dd4b00e1c,9a16727a-e979-4a1e-97a5-dfc8e15ea808
3,f,2017,2022,9f270367-a669-488b-b72a-23e615670a18,9a16727a-e979-4a1e-97a5-dfc8e15ea808
3,t,2023,,272e2d93-8399-4121-b218-a4d3b2aa7f9d,9a16727a-e979-4a1e-97a5-dfc8e15ea808
3 Coupe,f,2019,2022,2e871a09-3089-4fe2-aa6d-072b53c2c9a3,9a16727a-e979-4a1e-97a5-dfc8e15ea808
3 Coupe,t,2023,,cb822e8d-352d-4c55-97fe-c5259f98bcc3,9a16727a-e979-4a1e-97a5-dfc8e15ea808
1,f,2005,2009,f55c6113-984e-4ed3-bc77-b5e2c8db7087,9e15327b-73cb-4be6-9982-3a7783d6b89d
1,t,2009,2012,07594dc6-affc-4d81-b0e5-a67c60d0e7ae,9e15327b-73cb-4be6-9982-3a7783d6b89d
2,f,2012,2016,90c17281-e6a9-45fc-9f90-2b2eb593a4c5,9e15327b-73cb-4be6-9982-3a7783d6b89d
1,f,2014,2018,7de2e053-4aed-4a4d-b723-3f21e37ffc2b,1d7ee985-3ad2-41cf-9916-75dbe2b229ac
1,t,2018,2021,77582603-339f-4c5a-81bc-4e1437ae1540,1d7ee985-3ad2-41cf-9916-75dbe2b229ac
1,f,2009,2013,20800197-2950-40e3-ab54-aa0238a34547,e6ce6072-fd0c-4b89-ac76-62783fd55465
1,t,2013,2016,bb3b28ad-5036-4533-9afc-7700274502b5,e6ce6072-fd0c-4b89-ac76-62783fd55465
2,f,2016,2020,2c616b87-cea8-45d4-919a-9eeccc10c7f3,e6ce6072-fd0c-4b89-ac76-62783fd55465
2,t,2020,2024,317c208b-90fd-46ad-9112-692e6c012269,e6ce6072-fd0c-4b89-ac76-62783fd55465
3,f,2023,,38585e09-47b9-486e-b0de-94750170baa4,e6ce6072-fd0c-4b89-ac76-62783fd55465
1,t,2018,,5def559d-8ab0-4961-b06c-d2d67a51c39e,99a9e97b-51c9-4e16-957b-4c82f5800ec6
1,f,2001,2003,de729833-b674-4bba-a322-9ba564e53cec,9549af26-25a6-4c33-ba38-d23030ca5716
1,f,2013,2017,0d3e69d0-0175-41e3-94cb-3bc8ec72738c,d8814e4c-2bb0-4fba-bbbd-f8f758574c90
1,t,2017,2019,90880af8-5958-4dc8-8d14-d25cf6d0d556,d8814e4c-2bb0-4fba-bbbd-f8f758574c90
2,f,2019,2023,fe9ab3e0-b5a7-40a7-836e-af8583bd6429,d8814e4c-2bb0-4fba-bbbd-f8f758574c90
2,t,2024,,66b43054-9036-4dd8-acd8-a32642c32559,d8814e4c-2bb0-4fba-bbbd-f8f758574c90
1,f,1990,1994,6b94e736-f078-4418-a1af-3a296cb7d98b,6cfd15ca-829b-40b7-ae3f-8fc3162fd6bf
1,t,1994,1996,416b33da-7af7-4668-97e7-c4b4430b027e,6cfd15ca-829b-40b7-ae3f-8fc3162fd6bf
2,f,1998,2003,63790694-ffe0-486c-b36c-ac06b7fbff80,6cfd15ca-829b-40b7-ae3f-8fc3162fd6bf
2,t,2006,2012,7272f28c-1b08-4564-8028-23503d1a62b2,6cfd15ca-829b-40b7-ae3f-8fc3162fd6bf
3,f,2005,2009,38c4cf71-5339-42ee-92a1-218254b9d63f,6cfd15ca-829b-40b7-ae3f-8fc3162fd6bf
3,t,2009,2014,a4849903-a9ba-494c-a481-cda9d3087f14,6cfd15ca-829b-40b7-ae3f-8fc3162fd6bf
4,f,2012,2016,ed133b0b-ebe5-4427-bef8-f2d8a381b245,6cfd15ca-829b-40b7-ae3f-8fc3162fd6bf
4,t,2016,2020,c57153f2-1780-4e9a-adc8-44b5f2aa123a,6cfd15ca-829b-40b7-ae3f-8fc3162fd6bf
5,f,2019,2020,8bc11b7b-63b6-4128-84fb-cb4bd623b9bc,6cfd15ca-829b-40b7-ae3f-8fc3162fd6bf
5,t,2023,,ec91b9d0-6ba8-4f09-90bc-ab8ceb063f3d,6cfd15ca-829b-40b7-ae3f-8fc3162fd6bf
1,f,2012,2016,5556a3fe-9f21-4fcc-a206-2cb4183db11b,892ed915-5515-4fa6-8788-754e57314119
1,t,2017,2020,ceeb79c8-d391-427a-bcd3-9fff77b9fc63,892ed915-5515-4fa6-8788-754e57314119
Stepway,f,2014,2016,69d20645-70df-4626-9ad5-33d247eb52dd,892ed915-5515-4fa6-8788-754e57314119
Stepway,t,2016,2021,8a03e39b-ddf5-4a43-b29e-c7f3b07202b1,892ed915-5515-4fa6-8788-754e57314119
1,f,2009,2014,bae8a52b-ce91-4ece-9302-145e9b6052bf,67092d19-9b34-4ac1-b89d-db955e6ce10d
1,t,2015,,aae8035f-c183-4aae-bf77-9798b785c4cd,67092d19-9b34-4ac1-b89d-db955e6ce10d
2,f,2021,,53f21042-160c-4622-948f-d85bc589b881,67092d19-9b34-4ac1-b89d-db955e6ce10d
3,f,1996,2000,5086e004-70a1-42cb-af66-bd4cc1913e54,dfab7263-20e5-410c-8f04-236e4f8c981f
3,t,2000,2002,9b4ce6b1-ae13-4c35-92c2-4d0ad6e45704,dfab7263-20e5-410c-8f04-236e4f8c981f
4,f,2002,2006,61ea4192-9fe8-4b48-815d-364393c710f6,dfab7263-20e5-410c-8f04-236e4f8c981f
4,t,2006,2010,4de5b3f4-639e-4973-bdca-f12462446cb9,dfab7263-20e5-410c-8f04-236e4f8c981f
5,f,2015,2019,ab69a75e-655f-4474-a3b1-97ead46b91ab,dfab7263-20e5-410c-8f04-236e4f8c981f
5,t,2019,2023,1d2aac41-5006-43a4-867c-523422245984,dfab7263-20e5-410c-8f04-236e4f8c981f
1,f,1985,1991,123a9a6e-eb36-43e7-9dc4-cb06a3b48617,a3b67e95-f860-47d2-bf34-3e7914a48466
1,t,1991,1994,dc5e15f2-14f7-44d1-a99b-f9816482dbca,a3b67e95-f860-47d2-bf34-3e7914a48466
2,f,2021,2024,cf689083-ca8f-4bee-a640-dcb5b822f283,a3b67e95-f860-47d2-bf34-3e7914a48466
L38,f,2010,2013,09d95f73-3022-4de3-bc0c-674f903b49a2,f6313d08-9d1e-4c2d-911f-6045130cbd2f
L38,t,2013,2017,25968f4a-c0bb-48c2-bfbe-1fbad22fbc70,f6313d08-9d1e-4c2d-911f-6045130cbd2f
1,f,2015,2018,c16d2b1d-e283-4ef5-9323-617f33f3a530,940f9836-f44c-4a2d-89af-efea5a0587e1
1,t,2018,2022,7c2bbc33-37f6-4d23-a2cb-6cd311f9e284,940f9836-f44c-4a2d-89af-efea5a0587e1
1,f,1997,2003,bb5cbd2e-aa77-482e-9656-cf737c148068,f88dedc7-b691-4e7c-922a-dab8fe32b357
1,t,2003,2009,79851ec7-cf08-4660-abba-9f365ec30f89,f88dedc7-b691-4e7c-922a-dab8fe32b357
2,f,2010,2013,c83172bf-0f22-4f28-8890-a0a9751bd64c,f88dedc7-b691-4e7c-922a-dab8fe32b357
2,t,2013,2016,7027eea3-b1c6-4829-b200-8f66326d7613,f88dedc7-b691-4e7c-922a-dab8fe32b357
3,f,2020,,0a663d7c-8948-49d3-b711-71c909dea302,f88dedc7-b691-4e7c-922a-dab8fe32b357
1,f,2016,2019,2feca137-9360-4dd7-8346-56d1912b1791,6c5dca99-1771-42d7-b20a-3004b36762bc
1 (Reстайлинг),t,2020,,f1fc23b7-f8b7-4ca7-ba84-8c85a1e20b60,6c5dca99-1771-42d7-b20a-3004b36762bc
1,f,2007,2011,dc4e4d61-fed4-4c49-b777-15024fcf1f2d,0fc2d05b-d878-4b43-ab67-71bf85f32e47
1,t,2013,2016,db345ac7-96e3-4d6a-9e08-1875bccb8373,0fc2d05b-d878-4b43-ab67-71bf85f32e47
2,f,2016,2017,4e0de45d-fa0a-4dc8-804a-f7fa21e14baa,0fc2d05b-d878-4b43-ab67-71bf85f32e47
2,t,2019,2020,88daeb77-4cf5-4edc-8643-e196d523ad95,0fc2d05b-d878-4b43-ab67-71bf85f32e47
1,f,1993,1998,8130998c-baf3-4434-891a-267ccb6ccf9a,0b75b313-21f0-4421-ae33-49fa53336bc6
1,t,1998,2001,6917224a-c7ad-463b-9d87-7e203c34cb46,0b75b313-21f0-4421-ae33-49fa53336bc6
2,f,2000,2005,e57eee9d-c0ca-4102-a8c9-c533573a48c9,0b75b313-21f0-4421-ae33-49fa53336bc6
2,t,2005,2007,8f9829ff-859c-45da-8a67-4c7bb503beaa,0b75b313-21f0-4421-ae33-49fa53336bc6
3,f,2007,2010,63a04c87-b4b7-46a7-a8b8-4ed64cd79eab,0b75b313-21f0-4421-ae33-49fa53336bc6
3,t,2010,2015,a69b80bd-88c9-455e-8e00-6629403029d3,0b75b313-21f0-4421-ae33-49fa53336bc6
1,f,2010,2013,3af7af0e-e9d6-4b25-ae28-6de45b552343,62733e8e-ac9a-4ec5-a5c5-e649c3660ced
1,t,2014,2015,a8f07187-8a33-4163-a394-e2b43a6af1e9,62733e8e-ac9a-4ec5-a5c5-e649c3660ced
1,f,2012,2016,36b257f3-3830-4f62-9c86-b1d55edbc313,d15877f4-cb2e-446f-88b2-c380eacc9347
1,t,2016,2022,ef5e5006-56ae-4290-b433-3d0643f8b46c,d15877f4-cb2e-446f-88b2-c380eacc9347
1,f,2004,2008,82a384d1-10ad-4d58-ac2e-2ca3710eb872,3149e4d4-b0b2-4caa-82c1-30a503a2deb3
1,t,2008,2013,fd458e62-4887-4a2c-a150-16f00b07e3b6,3149e4d4-b0b2-4caa-82c1-30a503a2deb3
2,f,2014,2018,990cc9d4-c15e-4b8a-b4af-3f629975d9b5,3149e4d4-b0b2-4caa-82c1-30a503a2deb3
2,t,2018,2022,763148c8-cc77-4bd0-9dd8-6465ec292ecd,3149e4d4-b0b2-4caa-82c1-30a503a2deb3
Stepway,f,2018,2022,88c4a834-f592-4d67-a624-da271c462be2,3149e4d4-b0b2-4caa-82c1-30a503a2deb3
1,f,1995,2003,c1811568-9e6b-481b-b86f-83d4e1caaac2,2c7f5e09-bf84-4821-a179-6123ccde73a8
1,t,1999,2003,c593c744-1733-4b69-a1f6-3b884aeb8bb6,2c7f5e09-bf84-4821-a179-6123ccde73a8
2,f,2002,2005,4629c35a-c0b6-486a-b08d-efc992d18c93,2c7f5e09-bf84-4821-a179-6123ccde73a8
2,t,2005,2009,c2f4048d-3a7e-4335-bdfb-e8ac1d448c40,2c7f5e09-bf84-4821-a179-6123ccde73a8
3,f,2008,2012,4165bf82-00c5-43f8-b514-a2023e901307,2c7f5e09-bf84-4821-a179-6123ccde73a8
3,t,2012,2014,122047f2-eb54-45f2-8651-86eeb058eea1,2c7f5e09-bf84-4821-a179-6123ccde73a8
4,f,2016,2020,9486afa2-828f-434c-808d-a685f85732a6,2c7f5e09-bf84-4821-a179-6123ccde73a8
4,t,2020,2023,32c4d11b-52f3-4a2e-94c3-0436d189b118,2c7f5e09-bf84-4821-a179-6123ccde73a8
1,f,2004,2008,0df5a86a-5dcf-4c17-8e00-ab5e01909379,ef6ba47c-d249-44bc-af1c-3b5e9975ac2a
1,t,2008,2012,9cd6c6ec-93b4-4733-8e17-36b8214b65de,ef6ba47c-d249-44bc-af1c-3b5e9975ac2a
1,f,2008,2014,6ba343f7-65d2-4750-abe4-660948e3fb82,6270811c-7030-4d5f-8d4f-3f427895639a
2,f,2014,2018,5069f750-1595-4a98-ba1e-01b6c9126197,6270811c-7030-4d5f-8d4f-3f427895639a
2,t,2018,2022,8a1ef70f-d4fd-4948-857e-172b320761c7,6270811c-7030-4d5f-8d4f-3f427895639a
Stepway 1,f,2010,2014,35dca770-2be0-4183-aa77-22c216cf5956,6270811c-7030-4d5f-8d4f-3f427895639a
1,f,1992,1996,47e28d1b-d7bb-498f-b47e-0a406ab4555e,42db47f3-4f07-4418-9b3e-7d9b58c66907
1,t,1996,2000,c77b9486-5288-4df5-aa79-9f71b46d66b3,42db47f3-4f07-4418-9b3e-7d9b58c66907
1,f,1996,1999,009a3965-cced-4ddc-8595-655c8072589c,5dff91b2-d609-4b88-a2d9-055481937b67
1,t,1999,2003,832944c6-0643-4730-acfb-477bc74256ea,5dff91b2-d609-4b88-a2d9-055481937b67
2,f,2003,2006,3114d72b-858b-4415-8e0c-8c69592de7a8,5dff91b2-d609-4b88-a2d9-055481937b67
2,t,2006,2009,ad9c4cfe-eaa8-4981-9567-3ad60c730a24,5dff91b2-d609-4b88-a2d9-055481937b67
3,f,2009,2012,0cceddf1-c3b7-484a-9cc2-b5ebde496055,5dff91b2-d609-4b88-a2d9-055481937b67
3,t,2012,2013,cc6ef034-c9c2-43af-a1e2-aeba4ccb85aa,5dff91b2-d609-4b88-a2d9-055481937b67
4,f,2016,2022,e9b94421-c7f6-4ab4-ac5d-39accb0e530c,5dff91b2-d609-4b88-a2d9-055481937b67
RX4,t,2000,2003,b50cd725-cd96-4935-a0ab-54f6718aa793,5dff91b2-d609-4b88-a2d9-055481937b67
1,f,1999,2002,6a142aba-0943-4d5a-ab9b-0e69288320f5,ad5843e2-fedd-476f-8153-f8c49ecb7608
1,t,2002,2008,b4bc7250-e091-4279-97b9-2bb47392a3f5,ad5843e2-fedd-476f-8153-f8c49ecb7608
2,t,2008,2012,4c13a10e-955b-49f4-998c-ad54246c5ea4,ad5843e2-fedd-476f-8153-f8c49ecb7608
1,f,2015,2020,38bf4b55-880d-4951-a550-f6ad69734de2,bfbd65b5-99d9-409a-a2b2-ba2f163fcbff
1,t,2020,2022,20228f4d-ddf0-4369-abf8-2213e47696c7,bfbd65b5-99d9-409a-a2b2-ba2f163fcbff
2,f,2001,2006,6287a49f-791a-463b-9416-5dfa6d46de8d,f13ea3fd-9751-4c49-9bc3-59bb7c16d754
2,t,2006,2014,c657f672-af2a-4794-a7ca-856e89b77147,f13ea3fd-9751-4c49-9bc3-59bb7c16d754
3,f,2014,2019,cebdc77d-987a-4391-9dbb-ae7e7be51b46,f13ea3fd-9751-4c49-9bc3-59bb7c16d754
3,t,2019,2021,c11bd129-e80e-4159-a12c-7814aa61c064,f13ea3fd-9751-4c49-9bc3-59bb7c16d754
1 (C06),f,1993,1998,c3f4420e-3456-4555-83dd-b88bbea35c29,05f8728d-6638-431b-a05f-c1cd7a66decc
1 (C06),t,1998,2007,331f9699-24df-4233-80aa-67462de598e5,05f8728d-6638-431b-a05f-c1cd7a66decc
2,f,2007,2014,1d853074-2b76-44dd-8d43-7a309e425ae8,05f8728d-6638-431b-a05f-c1cd7a66decc
2,t,2011,2014,b3b46c05-91e1-43f6-abd1-360738420490,05f8728d-6638-431b-a05f-c1cd7a66decc
3,f,2014,2019,88be3cdf-3e2b-44ce-aa2a-a92d178c2d1b,05f8728d-6638-431b-a05f-c1cd7a66decc
3,t,2019,,af09dc31-2543-4bc7-95b7-b32f0e6cd977,05f8728d-6638-431b-a05f-c1cd7a66decc
1,f,2002,2005,e9befb45-8577-4745-9a18-36a5ccf07574,4680e458-ce53-423e-a5fb-065581ab66bb
1,t,2005,2009,115ac986-a430-47e4-900e-411a711a2fb2,4680e458-ce53-423e-a5fb-065581ab66bb
1,f,2010,2013,869f9df9-9305-492e-8bde-0bc4bb77876c,decda195-f639-4cba-9ade-b387585d7136
2 (K100),f,1996,1998,53cdac2b-f1a8-4b9a-93f3-c818020a986b,9896ac3e-5dd0-459c-be89-9bee72d062c6
2 (K100),t,1998,2004,5343d8b5-05c7-4dde-a08f-764f97ed3cb0,9896ac3e-5dd0-459c-be89-9bee72d062c6
C,f,2010,2013,c7c5609b-dd4a-4840-ba35-a0489ef3f530,9896ac3e-5dd0-459c-be89-9bee72d062c6
C,t,2013,2017,d14ea5a7-66e2-48b2-a85b-bebd2d098eda,9896ac3e-5dd0-459c-be89-9bee72d062c6
4,f,2019,2023,58111a3e-957c-4c12-adb2-3a7bec73ab5d,9896ac3e-5dd0-459c-be89-9bee72d062c6
1,f,2006,2007,1709abab-31b6-4bd0-8572-ffbf4d974a8e,36d91635-0107-4c2c-882c-cc7c6784d32c
1,t,2007,2016,df4b372b-f9e8-40e8-ab7d-8a08207e34f6,36d91635-0107-4c2c-882c-cc7c6784d32c
2,f,2017,2020,8d883ca1-889f-48b5-b808-7b9d06e35e73,a33188f9-7307-4ae6-bfe7-147e60c8e457
2,t,2020,2023,7cc6a235-b113-45ba-bcaa-dd71e6ef232a,a33188f9-7307-4ae6-bfe7-147e60c8e457
1,f,2015,2017,40172391-009c-4cbd-9a8a-f596825be5c7,2628d981-ff04-4340-a391-0b4248669142
1,t,2017,2019,823f4f34-9709-4bdc-8bab-c12f3761abec,2628d981-ff04-4340-a391-0b4248669142
1,f,2022,2023,4d1276a9-4315-4f17-9187-991b69698054,2251635c-3911-4157-8f66-cb3b62de524e
2,f,2013,2015,b86cdc95-a894-4e0e-a095-033610bcfb5d,6e43c13a-037f-4666-a9d9-67f0a4e55287
2,t,2015,2020,d9dcc204-1860-4b57-b2de-aadc94b52408,6e43c13a-037f-4666-a9d9-67f0a4e55287
1,f,2004,2009,7d5658ee-ee3c-45cb-aa9c-68c8d74c3601,7d20273f-85a1-4401-8a6c-d866aaabe72a
1,t,2009,2015,51ac75f1-1b75-429e-bb56-5dd7dd2111d4,7d20273f-85a1-4401-8a6c-d866aaabe72a
Freetrack 1,f,2007,2009,d1958a8c-1238-498a-91f5-11d0221431d5,7d20273f-85a1-4401-8a6c-d866aaabe72a
Freetrack 1,t,2009,2015,bc2b23ca-0c3e-4bd4-87fb-1139adb73232,7d20273f-85a1-4401-8a6c-d866aaabe72a
1,f,2017,2021,50d02386-7e7f-4b87-a511-5be019a6b66e,029af756-bd3a-4135-8656-be0a14ad11ec
1,t,2021,,5039ca56-36e7-48b5-8f88-5fbc1942a3b2,029af756-bd3a-4135-8656-be0a14ad11ec
1,f,2016,2018,2eaa79e8-125f-4231-baac-2a9113f51d1e,e481499b-eec2-4364-896a-af0186976f85
1,t,2018,2020,c1727cc1-4db1-4e9d-8ab7-c8eba4f6015e,e481499b-eec2-4364-896a-af0186976f85
1 (3R),f,2008,2011,8c581e38-7369-4d8f-992c-d50574602891,242abf96-b2f4-4882-af7c-917b7738364e
1 (3R),t,2011,2013,62a8592f-51f4-4c3f-a133-32f08b74846b,242abf96-b2f4-4882-af7c-917b7738364e
4,f,2008,2012,a09306ca-0eab-492d-bd70-6dd8d9ce5cec,0d8e7e7f-bc48-4ee8-b4a6-d553075591ae
4,t,2012,2015,b3889f68-7982-4771-aae9-5c4d6e804d2c,0d8e7e7f-bc48-4ee8-b4a6-d553075591ae
5,f,2017,2021,8285bb02-7c19-47ea-a8dc-4409337bd26d,0d8e7e7f-bc48-4ee8-b4a6-d553075591ae
5,t,2021,,b75ab4ba-0efd-46be-ad22-a6ffe08d8032,0d8e7e7f-bc48-4ee8-b4a6-d553075591ae
2,f,2005,2009,c905b79b-486a-441a-be5a-1b15d038727a,e8cc2917-9e45-4957-9e6f-856249401d0d
2,t,2009,2013,5939c913-73f9-47d8-8f62-85ad03859edb,e8cc2917-9e45-4957-9e6f-856249401d0d
3,f,2012,2016,beee023c-de5a-4553-9b91-142a8bd151aa,e8cc2917-9e45-4957-9e6f-856249401d0d
3,t,2016,2020,03ee9615-cfd9-4f61-aaa8-7f4d23f60c2a,e8cc2917-9e45-4957-9e6f-856249401d0d
4,f,2020,,a852214f-27a6-4cd8-85f6-cfc1ed3de42c,e8cc2917-9e45-4957-9e6f-856249401d0d
1,f,2018,2019,ce2a5c4f-937d-4477-8f96-e075b2aabcc2,3510f171-a7ae-4443-a5b1-eda3dbcf1ed8
1,t,2020,,4150e29f-bfb3-4489-bb93-fa27e0513e41,3510f171-a7ae-4443-a5b1-eda3dbcf1ed8
3,f,2004,2006,b3dbb87d-ead0-431a-af40-367678d047b9,0f1c1c98-0eb3-4916-9b10-7be99f3b9311
3,t,2006,2009,9b4b25c3-4cbd-4a51-b2e7-7278352db509,0f1c1c98-0eb3-4916-9b10-7be99f3b9311
4,f,2012,2015,d3afbe3f-b181-419e-a572-538df62166d5,0f1c1c98-0eb3-4916-9b10-7be99f3b9311
4,t,2015,2019,111ffd39-f9be-4d9f-b49d-2b2335ef7931,0f1c1c98-0eb3-4916-9b10-7be99f3b9311
1,f,2011,2017,9c271091-c1ec-4acd-b64f-649217f34ac8,18fc9648-a109-4137-8057-3f6451e283de
1,t,2017,2019,2c392998-e286-4d62-bd4d-3c4122ccf93f,18fc9648-a109-4137-8057-3f6451e283de
1,f,1999,2004,d79cb9fc-86fd-4468-ad44-f45ddf6d04e1,94b3771f-4d11-4844-aa32-fa21ceb376b2
1,t,2004,2008,7d9ac871-13a8-4c18-b905-21358f4d2e98,94b3771f-4d11-4844-aa32-fa21ceb376b2
2,f,2007,2010,af1d594d-ea8e-4767-909d-0ae7e567cc35,94b3771f-4d11-4844-aa32-fa21ceb376b2
2,t,2010,2015,af7b79f7-eaab-495f-9650-6f85c8cb38d0,94b3771f-4d11-4844-aa32-fa21ceb376b2
3,f,2014,2018,0d424c8a-5fd9-43a0-8357-3772919ed163,94b3771f-4d11-4844-aa32-fa21ceb376b2
3,t,2018,2021,ba4fe3b1-e24a-4dfd-8c7e-075d770cdd13,94b3771f-4d11-4844-aa32-fa21ceb376b2
4,f,2021,,6d1b0593-c301-4132-98a9-0904cc785166,94b3771f-4d11-4844-aa32-fa21ceb376b2
1,f,2019,,e977202a-3426-421b-a98b-059dbe439808,425b3c89-5667-422b-bcf2-39662ae217ad
1,f,2017,2019,7d0f195f-28ff-4518-98b9-bf26864cfbb7,267afee4-f8f8-41b0-8b55-a11d4c1b8070
1,t,2021,,dda10d84-ea1d-40be-831a-9fefbc360a6c,267afee4-f8f8-41b0-8b55-a11d4c1b8070
1,f,2016,2021,0eca131c-9b31-44f8-bf59-37c8c9d180b7,040f665f-2e44-484a-af3c-7c7778b7ba0c
1,t,2021,2023,cb8e372e-235e-4981-80eb-8027f4b55c46,040f665f-2e44-484a-af3c-7c7778b7ba0c
2,t,2016,,dc511998-bdfe-4d9e-aa35-c2e3818a5eae,040f665f-2e44-484a-af3c-7c7778b7ba0c
1,f,1996,2000,bbd9e2f7-8b46-47b0-8233-a234a1c80e10,c585d9e7-a7a0-40ae-bbf3-0fb596535736
1,t,2000,2010,3b452651-10e2-4d36-80fc-ce5e9a383c78,c585d9e7-a7a0-40ae-bbf3-0fb596535736
2,f,2004,2008,d6cb7492-9db8-44a4-a1ca-1d72d3f22a1d,c585d9e7-a7a0-40ae-bbf3-0fb596535736
2,t,2008,2013,ddc0668d-1aa8-4f46-b32d-4e45303c3a75,c585d9e7-a7a0-40ae-bbf3-0fb596535736
3,f,2013,2017,ccfd885f-3562-4986-b892-f6567901b13d,c585d9e7-a7a0-40ae-bbf3-0fb596535736
3,t,2017,2020,307e1700-0dcf-442b-9dd9-acf93e39ad10,c585d9e7-a7a0-40ae-bbf3-0fb596535736
4,f,2019,2022,4e4fff78-507a-472d-a451-e4baf86de0b3,c585d9e7-a7a0-40ae-bbf3-0fb596535736
1,f,2014,2017,8ee562b6-a9a1-4894-a63e-c3bb64e606c6,b912cf58-09e8-446e-ab11-90a3865bc736
1,t,2017,2020,f8d8aca3-69ef-4ac5-b921-7bad051e15eb,b912cf58-09e8-446e-ab11-90a3865bc736
2,t,2019,,7cc6a028-c6e3-45a6-9d92-5292878f0375,b912cf58-09e8-446e-ab11-90a3865bc736
1,f,2006,2010,86abeb65-f6e6-4c1c-82ed-7668120690c9,5026c0bc-9e01-4e2c-973f-b18f0f10ef63
1,t,2010,2015,1a215622-05cc-44a9-9b47-ffdbe5835f9e,5026c0bc-9e01-4e2c-973f-b18f0f10ef63
1,f,2018,,4e68d9a9-3d5b-40a6-a2de-18c512f1e2b2,330bc895-cb16-4d42-a5ec-5edfe15a6800
1,f,2001,2006,aac0565b-5b3c-4cf4-b9ef-f0e8ee1a1eca,2f9618fc-683b-4a68-9683-6305373272ae
1,t,2006,2008,21c7b03c-0fc2-487c-8b7e-e320e5544201,2f9618fc-683b-4a68-9683-6305373272ae
2,f,2008,2013,fec55736-9b2c-4cd6-aa16-468aa7d7f1f9,2f9618fc-683b-4a68-9683-6305373272ae
2,t,2013,2015,3dacb188-d0ec-4b04-87a0-65cc111896cf,2f9618fc-683b-4a68-9683-6305373272ae
3,f,2015,2019,0d278d69-6e99-467f-8eb4-7b8bc96d8968,2f9618fc-683b-4a68-9683-6305373272ae
3,t,2019,,cfdcc534-de71-4ba3-9701-802a3b6d0960,2f9618fc-683b-4a68-9683-6305373272ae
I,f,2009,2013,779d071b-68a6-4659-b358-449e0dbf2866,c9daade2-79e1-4f81-8043-20a02106c676
I,t,2013,2017,849e4a7e-c8f4-4779-9c3a-ec9323e7ccaa,c9daade2-79e1-4f81-8043-20a02106c676
1,f,2018,2022,26b3c87a-5782-43e3-b4eb-7a38a79745de,de37e6bf-d899-4ec0-a2c2-eb9531072ac4
1,t,2022,,205da787-1381-444f-a509-b3fa5ad73d74,de37e6bf-d899-4ec0-a2c2-eb9531072ac4
3,f,2008,2010,defef6ac-24a6-47ae-b4cd-b4b78060478e,71dbfe8e-c59e-4691-ab22-e55398da949b
3,t,2010,2013,91527b36-e22c-46e5-b411-1d11986b7834,71dbfe8e-c59e-4691-ab22-e55398da949b
4,f,2013,2016,c525b07c-9787-4efd-96d0-9e3f159cc6b1,71dbfe8e-c59e-4691-ab22-e55398da949b
4,t,2016,2019,abe094e2-9126-4186-99a7-9b0c6a5ca034,71dbfe8e-c59e-4691-ab22-e55398da949b
5,f,2018,2021,2f032ec6-9daa-4c52-bee5-840920e5947b,71dbfe8e-c59e-4691-ab22-e55398da949b
5,t,2021,2022,a451f1b7-51bd-44d6-b426-06b094780398,71dbfe8e-c59e-4691-ab22-e55398da949b
3,f,2007,2012,68eea381-cc8c-42e5-b51b-7acebf2355b0,8dc5f444-8777-4075-afd8-0cca7786468c
4,f,2011,2014,4a57a365-52bf-4e35-a374-9a0d366eae7f,8dc5f444-8777-4075-afd8-0cca7786468c
4,t,2014,2017,0ab380d8-7b96-4def-891a-6586c37169f2,8dc5f444-8777-4075-afd8-0cca7786468c
5,f,2016,2019,4bf5c244-fc0a-4d27-bed4-e2f2e02482d6,8dc5f444-8777-4075-afd8-0cca7786468c
5,t,2019,2023,f01f49ca-3378-442e-be70-92c328786af8,8dc5f444-8777-4075-afd8-0cca7786468c
6,f,2014,2017,51db3b65-2cc8-4972-9f45-e02132dddf4f,95eaa949-a54f-4f3d-83ab-1492598b1bca
6,t,2017,2021,90bfb224-d73c-4f7f-814c-7d29ab61e5b0,95eaa949-a54f-4f3d-83ab-1492598b1bca
7,f,2019,2022,112caf38-c22f-4617-9932-5bcfaeef730c,95eaa949-a54f-4f3d-83ab-1492598b1bca
7,t,2022,2025,84e25e82-e2d5-4cfe-8352-01a56d162c20,95eaa949-a54f-4f3d-83ab-1492598b1bca
1,f,2014,2017,1080a6ec-fff5-4e73-b11c-bd75a9672f31,1eb1ed64-b654-4193-a524-4705bdd190dd
1,t,2017,2020,82e514b0-1a04-4218-92c3-771a0f91bede,1eb1ed64-b654-4193-a524-4705bdd190dd
2,f,2014,2023,6aedbafb-fae4-451a-a3f3-fe753e73655d,1eb1ed64-b654-4193-a524-4705bdd190dd
2 Layback,t,2023,,a8ed4daf-f429-470c-859e-363f1aa531cd,1eb1ed64-b654-4193-a524-4705bdd190dd
5,f,2014,2017,d392a3a7-40e7-4879-95c1-01b1ddae3f5e,ff7359e6-6d0d-4d71-a1d5-0521ac792261
5,t,2017,2021,41c25565-deba-414d-b940-36f5fd2fd3a7,ff7359e6-6d0d-4d71-a1d5-0521ac792261
6,f,2019,2022,1373f8be-187f-4426-9145-7e0ba369bcf9,ff7359e6-6d0d-4d71-a1d5-0521ac792261
6,t,2022,,ec760c55-9d37-4f8a-aa37-5b8b37934444,ff7359e6-6d0d-4d71-a1d5-0521ac792261
1,f,2005,2007,d9253d49-edc5-42d3-b970-af1c41406708,e3542f69-e28c-476b-8e30-aed29a1260a1
1,t,2008,2014,33dab803-d644-44a4-900f-2939355ed2ac,e3542f69-e28c-476b-8e30-aed29a1260a1
1,f,2011,2016,a10f289a-140b-4922-981e-fb48a2e1371d,d6ee75b7-0e16-4a71-9950-4ceb9d673a41
1,t,2016,2017,b60b862d-22f9-4cc3-a225-67ee1dd835bc,d6ee75b7-0e16-4a71-9950-4ceb9d673a41
2,f,2017,2021,2bd30fa8-a3bc-4e62-9dd2-404c35d8d91a,d6ee75b7-0e16-4a71-9950-4ceb9d673a41
2,t,2021,2022,e6e96915-82be-4e15-bef3-7b589e008dff,d6ee75b7-0e16-4a71-9950-4ceb9d673a41
8,f,2014,2021,aa5a150e-1e26-4cbd-8b21-9400720ad089,e9e1cb8a-8bd5-4959-808f-0ac2e1da8f2b
1,f,1998,2005,6d8a6d1f-743c-4fe1-881c-03c1af6085f2,20e76bbb-86f3-41a9-ba1a-28f8a6b8812e
2,f,2005,2008,542323ec-2d62-4708-b61f-0ef874c2eb2a,20e76bbb-86f3-41a9-ba1a-28f8a6b8812e
2,t,2008,2012,d7726fba-d310-4c8f-9c01-9f7ff3a1974b,20e76bbb-86f3-41a9-ba1a-28f8a6b8812e
3,f,1998,2005,6d6626ae-abc3-40bf-8337-f0415515ddb7,1da4e2ac-3cc6-4921-9dbf-d5373fd16e41
3,t,2005,2012,0b3fa55b-c9ec-4155-a6db-ca86f322512f,1da4e2ac-3cc6-4921-9dbf-d5373fd16e41
4,f,2018,,b64e386b-5d4c-4909-90bc-ed133d929bbf,1da4e2ac-3cc6-4921-9dbf-d5373fd16e41
2,f,2004,2007,1ca3172d-5744-4fd1-a47e-8131f55dd7b7,73671bda-0349-4866-9d27-572bc952d18f
1,f,2001,2004,7da82410-2407-4989-a864-dcea26383d02,84095e7b-53b8-437a-a3f8-9d8426b1461f
1,t,2004,2007,270ebfc0-220f-4d21-84ef-c63173ca1b36,84095e7b-53b8-437a-a3f8-9d8426b1461f
3,f,2015,2018,3df04c87-9a90-4be1-9ec7-f5dee5c5adfd,688233ac-0b8f-4da1-b8dc-8ccdea173007
3,t,2018,2020,6ee898a0-036f-46c1-a86b-6ef0844d9968,688233ac-0b8f-4da1-b8dc-8ccdea173007
1,f,2010,2012,da481429-1128-47de-b536-c4debc1d3197,fe8e18e5-e12b-447a-afca-3c643b7a4067
1,t,2012,2015,ab08b6b4-8d69-4f50-85c8-0bbdeb25839c,fe8e18e5-e12b-447a-afca-3c643b7a4067
1,f,2006,2014,e02df6ba-0631-4ef5-8aed-bc9b940ecafd,30b0a8d4-609a-40e9-baab-c3604fd11b13
1,t,2009,2014,4c91f44a-ae7b-4941-a320-b271abc36fde,30b0a8d4-609a-40e9-baab-c3604fd11b13
2,f,2013,2016,9b91aa4f-40ce-406f-aa92-b129f3a30d5a,30b0a8d4-609a-40e9-baab-c3604fd11b13
2,t,2016,2021,1d1bc40b-500e-4518-8618-03ca3bdfe7c2,30b0a8d4-609a-40e9-baab-c3604fd11b13
3,f,2004,2008,7a2ddcf6-036b-4f93-80ad-3808e7f233a9,ac6b3604-a35c-48e2-acdb-2953eebd3b27
3,t,2008,2010,b498699e-f3a6-4028-9c2e-3f69d022e1dd,ac6b3604-a35c-48e2-acdb-2953eebd3b27
4,f,2010,2013,89ac01d6-057d-43cc-9b8b-0abcf098d8c4,ac6b3604-a35c-48e2-acdb-2953eebd3b27
4,t,2013,2017,6a4ac1d3-10a9-4370-b6a9-cd396e51c863,ac6b3604-a35c-48e2-acdb-2953eebd3b27
4,f,2015,2018,a0264459-32e0-47d8-9d76-a8a22b59710c,94ddf8d7-ac52-49a6-af51-bf27b536f121
4,t,2019,2022,1541c6d9-6611-469a-bfab-f4ae833b6bf8,94ddf8d7-ac52-49a6-af51-bf27b536f121
XL7,f,2000,2003,da850a46-f246-4d1b-b68d-024bdc4ea95c,20e76bbb-86f3-41a9-ba1a-28f8a6b8812e
XL7,t,2003,2006,65b69de0-d5cf-4073-add3-62efe8b75db1,20e76bbb-86f3-41a9-ba1a-28f8a6b8812e
2,f,2006,2009,e68b89c8-3c68-4bda-9c62-aee00b0ec07f,40f6a448-aa61-4055-a265-32b608bd8daa
1,f,2001,2004,40176983-779d-4560-8b84-218b3049b56f,47ea1459-39ca-4a3f-be95-eee130746c7c
1,t,2004,2007,9718e498-f217-4e00-af7f-6ec1cc22f8bd,47ea1459-39ca-4a3f-be95-eee130746c7c
2,f,2007,2010,cabcd9f3-b5dd-42d9-9cca-aa6500a8747f,47ea1459-39ca-4a3f-be95-eee130746c7c
2,t,2010,2016,0173970e-4902-4140-84c0-7ceea072f49d,47ea1459-39ca-4a3f-be95-eee130746c7c
1,f,2006,2010,52e8cde3-ea1b-4dda-9eb2-44ab783ef191,a8ddb94e-c268-4b1e-8508-dc164fcdedc4
1,t,2010,2012,97a3574a-8458-4b3c-9d38-31ff1f98b913,a8ddb94e-c268-4b1e-8508-dc164fcdedc4
2,f,2012,2015,d89ecd5d-2899-4396-bca8-4e8369d87278,a8ddb94e-c268-4b1e-8508-dc164fcdedc4
2,t,2015,2019,3406ef71-73c3-4fa3-b794-3d3a280934eb,a8ddb94e-c268-4b1e-8508-dc164fcdedc4
JDM 1,f,2006,2009,37e966a5-b192-4927-a6a0-e9d41d0783b5,a8ddb94e-c268-4b1e-8508-dc164fcdedc4
JDM 1,t,2009,2012,d24eda77-57f7-4cff-bf13-2039136b5492,a8ddb94e-c268-4b1e-8508-dc164fcdedc4
JDM 2,f,2012,2015,4df34e1d-dd12-41f9-be54-f8734c0b1f6a,a8ddb94e-c268-4b1e-8508-dc164fcdedc4
JDM 2,t,2015,2018,e5ba5bdf-bfa3-411c-a119-56426b4a3d5b,a8ddb94e-c268-4b1e-8508-dc164fcdedc4
2,f,2003,2006,79dfad84-9e09-40f9-bd7f-f2bacde75baf,4acb2762-524b-4fb0-b318-c64fcef2b5d7
2,t,2006,2009,64b86170-1b70-4be0-be8b-c0d8bcf355f7,4acb2762-524b-4fb0-b318-c64fcef2b5d7
3,f,2009,2011,0875f4fd-5803-45b3-a33e-6c25a053138c,4acb2762-524b-4fb0-b318-c64fcef2b5d7
3,t,2011,2015,7835d9e4-afa7-4d0e-94fd-c08f6358c091,4acb2762-524b-4fb0-b318-c64fcef2b5d7
JDM 1,f,2006,2009,51a8a620-e52f-4618-b780-73b32d67a760,338e997c-70ab-4ab8-8e71-96bd4a21973c
JDM 1,t,2009,2012,eb35f03a-1a1d-4ce4-87af-73e41b1de105,338e997c-70ab-4ab8-8e71-96bd4a21973c
5,f,2001,2004,b2da634a-e1d8-4c2c-a62a-a98190149843,2446c77a-fb19-4082-85e4-5f4b71b17f59
5,t,2004,2006,78105b00-8cc4-4835-a644-20768f468dfe,2446c77a-fb19-4082-85e4-5f4b71b17f59
6,f,2006,2009,9ec1cc54-9755-4420-b994-483536c29855,2446c77a-fb19-4082-85e4-5f4b71b17f59
6,t,2009,2011,90f22c7d-78d2-4524-85d6-e83a9480b56c,2446c77a-fb19-4082-85e4-5f4b71b17f59
7,f,2011,2014,096aabaa-250c-4d79-9d0b-f09227c94d1b,2446c77a-fb19-4082-85e4-5f4b71b17f59
7,t,2014,2018,9b335cf3-1e1c-496b-bfed-aec998cecf11,2446c77a-fb19-4082-85e4-5f4b71b17f59
8,f,2017,2020,6cd1687e-c32b-4a5f-ac70-f843556376f2,2446c77a-fb19-4082-85e4-5f4b71b17f59
8,t,2020,2025,7eb6db6b-f41c-46c3-a289-b6dfc30f0e0c,2446c77a-fb19-4082-85e4-5f4b71b17f59
9,f,2023,,dca39e2e-ebc9-491c-a1c5-f495f3396646,2446c77a-fb19-4082-85e4-5f4b71b17f59
1,f,2016,2019,e5cc7a5e-c377-40f5-b24e-e7a8e209200c,de6166f9-c53c-4b4c-811b-c984ee321bd5
1,t,2019,2023,31165778-5f83-4943-b946-2ba1f05ba68f,de6166f9-c53c-4b4c-811b-c984ee321bd5
9,f,2001,2007,22559914-8ecc-476e-a0a4-153f5b3d20bb,e75e17eb-bf44-4ea2-ae36-23e2d7680926
9,t,2004,2007,9fcf1471-1ec9-4185-858a-b515b81b85d7,e75e17eb-bf44-4ea2-ae36-23e2d7680926
10,f,2007,2010,773a388f-d22b-4b99-b35e-9e1bd089e391,e75e17eb-bf44-4ea2-ae36-23e2d7680926
10,t,2010,2013,50941e3b-9a8b-4131-8d83-210858e15c63,e75e17eb-bf44-4ea2-ae36-23e2d7680926
11,f,2013,2016,10b53d12-5323-4fe7-b06f-40f908d56f02,e75e17eb-bf44-4ea2-ae36-23e2d7680926
11,t,2016,2019,74d7804b-09b8-4760-b1db-4e1ecf7f2fe1,e75e17eb-bf44-4ea2-ae36-23e2d7680926
12,f,2019,2022,8dac7d28-34ef-4035-bd3e-3deb571b0275,e75e17eb-bf44-4ea2-ae36-23e2d7680926
12,t,2022,2025,989eb715-7ecb-4563-9e38-536aeab03cdd,e75e17eb-bf44-4ea2-ae36-23e2d7680926
USA 9 / E130,f,2002,2005,afde6a9d-b24e-4533-b31d-4e96be9ebf3d,e75e17eb-bf44-4ea2-ae36-23e2d7680926
USA 9 / E130,t,2005,2008,70a91218-c983-4882-ac46-712d95ecf68e,e75e17eb-bf44-4ea2-ae36-23e2d7680926
USA 10,f,2008,2010,18067f53-3254-4582-b424-130f44b8f4bd,e75e17eb-bf44-4ea2-ae36-23e2d7680926
USA 10,t,2010,2013,1b9b2ecc-8c33-43c6-96a2-0642258a15de,e75e17eb-bf44-4ea2-ae36-23e2d7680926
USA 11 (E170),f,2013,2016,b9b346e1-59c6-4212-b633-7c693a2d0ab8,e75e17eb-bf44-4ea2-ae36-23e2d7680926
USA 11 (E170),t,2016,2019,896cb76b-6aa2-41f1-90c5-6da5abe45ab8,e75e17eb-bf44-4ea2-ae36-23e2d7680926
Allex 1,f,2001,2002,e8b9b4b8-d6a0-4f45-970f-5ba8d8254915,e75e17eb-bf44-4ea2-ae36-23e2d7680926
Allex 1,t,2002,2004,5ddeb218-8c7b-48dd-8bf4-3c2e07697b42,e75e17eb-bf44-4ea2-ae36-23e2d7680926
Axio 1,f,2006,2008,483afffb-2739-4286-bc9f-3de3fda470ca,e75e17eb-bf44-4ea2-ae36-23e2d7680926
Axio 1,t,2008,2012,8dad2de8-f390-47c5-8da5-c89f5a8ce80e,e75e17eb-bf44-4ea2-ae36-23e2d7680926
1,f,2020,,2ddc2473-66cf-4f58-b90d-ce135d47cbd6,60909cc9-5c9e-4a7c-8a0f-444021e2d38e
Fielder,f,2000,2002,56617d5c-33c1-4ce4-a4a3-3e8f17d0db1b,e75e17eb-bf44-4ea2-ae36-23e2d7680926
Fielder,t,2002,2004,d02142ae-25ff-4fbf-aaa3-8504e6afbf99,e75e17eb-bf44-4ea2-ae36-23e2d7680926
Fielder 2 (E140),f,2006,2008,2c589d69-0318-45e4-a1d0-798b73b1e647,e75e17eb-bf44-4ea2-ae36-23e2d7680926
Fielder 2 (E140),t,2008,2012,64843023-26d7-4b6b-a5d3-68bfcc5cb40b,e75e17eb-bf44-4ea2-ae36-23e2d7680926
Rumion 1,f,2007,2009,37582b1c-d013-4fbc-a9ce-831d117dcadd,e75e17eb-bf44-4ea2-ae36-23e2d7680926
Rumion 1,t,2009,2015,9199b8e5-db3d-46da-a48a-71b10397cf5a,e75e17eb-bf44-4ea2-ae36-23e2d7680926
Runx 1 (E120),f,2001,2002,e88ed277-85ec-4a7c-a86b-3c93da4e48d7,e75e17eb-bf44-4ea2-ae36-23e2d7680926
Runx 1 (E120),t,2002,2004,a6477ae6-fca5-4586-823d-b6fc5db7448d,e75e17eb-bf44-4ea2-ae36-23e2d7680926
1,f,1997,1999,bdb859bd-0b0d-42e9-ba35-2c7c7daa597a,144ce0c9-2e6d-4903-9395-d7523b6cda7d
1,t,1999,2001,cb0a703a-487d-484b-8e4a-3841d69f6bde,144ce0c9-2e6d-4903-9395-d7523b6cda7d
Spacio 2,f,2001,2003,44cfd42b-091a-4521-98cf-785a99133d15,e75e17eb-bf44-4ea2-ae36-23e2d7680926
Spacio 2,t,2003,2007,f754aff1-a3ca-4f5c-bf64-c32e871853c6,e75e17eb-bf44-4ea2-ae36-23e2d7680926
1,f,2001,2004,47ca98d6-cc2c-4f9b-8a29-79dfa6dc9d59,cfe71792-e48c-4a92-9dc8-cf0ce32467e2
2,f,2004,2007,e764da96-3e8e-4b79-a28d-ba38d5ba653c,cfe71792-e48c-4a92-9dc8-cf0ce32467e2
2,t,2007,2009,848912ed-9e2d-4559-92ef-48b9346fe695,cfe71792-e48c-4a92-9dc8-cf0ce32467e2
3,f,2009,2012,30621910-c420-42ba-9ea4-4cab29b6935c,83499e1a-8165-4667-a2d0-e5856cdf6c9b
3,t,2012,2018,3e3bd40d-a496-4727-81ba-2dfcc8af30a0,83499e1a-8165-4667-a2d0-e5856cdf6c9b
1,f,2014,2017,d0e63759-5ec5-4cef-9734-19db53c6b0ad,b08609e6-648f-4513-928a-2b6e2ea357f0
1,t,2017,2021,90531c93-36b2-4aa8-be27-04647c62fc36,b08609e6-648f-4513-928a-2b6e2ea357f0
1,f,2004,2008,5866f474-b4a3-4de9-8912-49a547832ddb,3fcaa28d-7730-47ee-92b3-23f46c726dc2
1,t,2008,2015,5ca7c8b5-5cb3-4749-971b-9cdbf8a1b3b4,3fcaa28d-7730-47ee-92b3-23f46c726dc2
2,f,2017,2020,27b4010f-e931-49f6-bcc6-3a92c2cb81c8,3fcaa28d-7730-47ee-92b3-23f46c726dc2
2,t,2020,2022,336b54da-e227-4f68-85e1-5f1399d5a6d2,3fcaa28d-7730-47ee-92b3-23f46c726dc2
1,f,1999,2002,67dedefc-eb8d-48f2-9708-7433b90bd81e,0e8dddb4-0a9b-45db-9cd3-a5bf2175620c
1,t,2002,2005,3e213cb0-f638-434a-9ee2-ace025665e7a,0e8dddb4-0a9b-45db-9cd3-a5bf2175620c
2,f,2003,2013,d5b08dac-e1ab-4bdd-96fc-cccb66b370f6,bb6f0c3c-f7bb-463c-bc24-c67b26d4b945
3,f,2013,2017,59972574-254c-4380-bccb-8d13ca3c1291,bb6f0c3c-f7bb-463c-bc24-c67b26d4b945
3,t,2017,2020,14ecb8b5-c377-4c3e-b6c1-255f6a5c8894,bb6f0c3c-f7bb-463c-bc24-c67b26d4b945
2,f,2007,2013,f4543b1d-bbf6-4a40-8014-7d95cd96af0d,ca8ecd7d-c4f0-4190-878c-78a446914e6d
2,t,2010,2013,3919e577-a281-4ab7-becb-b308af2da98d,ca8ecd7d-c4f0-4190-878c-78a446914e6d
3,f,2013,2016,baa63d12-a3e9-45e1-a6bb-2cb2451b0386,ca8ecd7d-c4f0-4190-878c-78a446914e6d
3,t,2016,2020,0732e15b-8e41-40bf-a6b4-05a01486ba8c,ca8ecd7d-c4f0-4190-878c-78a446914e6d
4,f,2019,2022,744c2132-670b-4c80-81e1-ce90bf52d88a,ca8ecd7d-c4f0-4190-878c-78a446914e6d
1,f,2004,2007,d1b9819e-6647-4430-b35c-1f190fbf2406,188fee3f-6820-4986-ad8b-f3782d2c956b
1,t,2007,2009,34f9cb6c-d94f-4ad2-8b99-480fc846c720,188fee3f-6820-4986-ad8b-f3782d2c956b
1,f,2002,2005,36ef4620-097b-4bed-82b0-81cd0dfb2ee1,9a128a58-3383-4415-ad8c-9a14bee391cd
1,t,2005,2007,84bfce4f-9a1c-4c5c-8f1d-633cd71f0528,9a128a58-3383-4415-ad8c-9a14bee391cd
2,f,2007,2016,8a2792d9-e0d1-49a4-ab2a-23ee0874f560,9a128a58-3383-4415-ad8c-9a14bee391cd
200,f,2007,2012,3677e534-84f8-4f3f-b4ef-2e4bc30e97cf,40d16e86-c5c0-43f7-8740-1b858567bf73
200,t,2012,2015,9387b91f-cb1f-4213-ac42-95633c8b42ca,40d16e86-c5c0-43f7-8740-1b858567bf73
300,f,2021,,b298d99b-99ee-4e49-abe7-2f36fdb38ba7,40d16e86-c5c0-43f7-8740-1b858567bf73
120 (J120),f,2002,2007,31611327-effc-4ae0-841c-4d54387a0316,fd5d590f-2c69-4d13-813b-7fe463a217e7
120 (J120),t,2007,2009,98ee6a61-83cb-427b-a91c-ac9a00a33637,fd5d590f-2c69-4d13-813b-7fe463a217e7
150,f,2009,2013,fb5594dd-dc9c-47c1-a7b8-b5da9d3ee68c,fd5d590f-2c69-4d13-813b-7fe463a217e7
150,t,2013,2017,803bb028-9c6c-41f4-a3cb-cd5cf4e62363,fd5d590f-2c69-4d13-813b-7fe463a217e7
250 (J250),t,2023,,5a8e75e3-ce3c-47a1-a6d4-abf89555ecb0,fd5d590f-2c69-4d13-813b-7fe463a217e7
1,f,2002,2004,ab9900e3-7eb2-4fa4-ab18-67cdf6a01ca6,d2fe9cbf-e3bf-4070-b080-1290cb052ab9
1,t,2004,2007,8ebcad72-f59d-4552-b3df-a9a322d2d08a,d2fe9cbf-e3bf-4070-b080-1290cb052ab9
2,f,2008,2011,82232968-5b74-4073-9205-7afdb382ac17,d2fe9cbf-e3bf-4070-b080-1290cb052ab9
2,t,2011,2014,357b6f63-9dff-41b5-b859-820a20e84464,d2fe9cbf-e3bf-4070-b080-1290cb052ab9
1,f,2001,2007,2e59772a-0165-4883-a4c8-283422ce5b8b,f2c1f053-9ef6-4599-a892-1b0219ee2a28
2 (R70),f,2007,2010,76c6279f-7b8d-4357-bf37-c08c22f2a0f7,f2c1f053-9ef6-4599-a892-1b0219ee2a28
2 (R70),t,2010,2014,348c1a85-6186-4444-8652-26c5b01045d0,f2c1f053-9ef6-4599-a892-1b0219ee2a28
3,f,2014,2017,31f84df4-7884-45d9-954f-44727d996423,f2c1f053-9ef6-4599-a892-1b0219ee2a28
3,t,2017,2021,bc5bc9b6-c04c-4723-bb72-5c52097e7ea5,f2c1f053-9ef6-4599-a892-1b0219ee2a28
4,f,2022,2025,8eb4ceaa-553c-4c5d-b2fa-e2fdc48a1ad6,f2c1f053-9ef6-4599-a892-1b0219ee2a28
4,t,2026,,bfaa999f-2e17-4c33-9753-d1a7be770476,f2c1f053-9ef6-4599-a892-1b0219ee2a28
1,f,2000,2002,66373164-ed55-404c-8c37-14a0a7c42f9c,c01a8255-c6e6-4548-b424-77db3bfa95e2
1,t,2002,2005,f258b06c-a313-4444-81a0-a254f14a1282,c01a8255-c6e6-4548-b424-77db3bfa95e2
2,t,2010,2016,29d5327f-5dd1-4242-9e51-c4814cf64758,158ffe89-cec3-4bb7-9375-444958f34d8f
3,f,2016,2018,69d7111c-dbc0-4639-844d-4dde3d51b509,158ffe89-cec3-4bb7-9375-444958f34d8f
3,t,2018,2023,cd32f36e-9b04-4057-8c42-7641b5963c09,158ffe89-cec3-4bb7-9375-444958f34d8f
1,f,2001,2004,7af952b9-acad-408a-b3d9-f0206ed730ce,a0368285-0fc1-4f99-ad4a-02e4199fe81d
1,t,2004,2007,f64a93d0-71d3-44a3-bc3f-08158b1d066c,a0368285-0fc1-4f99-ad4a-02e4199fe81d
2,f,2007,2010,91c8db28-488e-4cc1-a617-0b6718cc15bc,a0368285-0fc1-4f99-ad4a-02e4199fe81d
2,t,2010,2016,42b20ace-c09b-46b1-87e8-a0ec483d6a85,a0368285-0fc1-4f99-ad4a-02e4199fe81d
1,f,2002,2014,1106fae6-5dd2-4e77-98e6-bb1ed97edb45,f761fdde-a1eb-4389-9274-7eebb9117dbf
2,f,2014,,ca1e9a9b-1a48-4d35-9912-2361d578a67d,f761fdde-a1eb-4389-9274-7eebb9117dbf
2,t,2025,,73d21f03-dfa0-4d1a-a6c0-fad057c14a0e,f761fdde-a1eb-4389-9274-7eebb9117dbf
1,f,2005,2007,5c5befd0-979c-4ef8-818b-bed250b2466d,3173cf1e-3ae9-4053-beec-f07da6a48cb3
1,t,2007,2010,930414eb-4da3-49ea-bde7-ac4746cb6918,3173cf1e-3ae9-4053-beec-f07da6a48cb3
2,f,2010,2014,54f9b38e-8bf8-4ee9-86a9-b82042c885c5,3173cf1e-3ae9-4053-beec-f07da6a48cb3
2,t,2014,2016,2c2c8457-25b3-40cb-97ce-516dd341227b,3173cf1e-3ae9-4053-beec-f07da6a48cb3
1,f,2019,,7ac22486-f104-422c-95c2-42e4a20e6fcf,3fa17a25-2500-4191-b6e5-5c66c2b25f11
1,f,1994,1998,7b6d985a-d79a-4341-8bff-96e0fc672600,03ba108a-6889-43d5-b44c-92a4b69e9aef
1,t,1998,2000,77527024-6e2a-4112-9b08-8591f3768539,03ba108a-6889-43d5-b44c-92a4b69e9aef
2,f,2000,2003,10040c76-e119-4f8e-a252-c9a0845423e1,03ba108a-6889-43d5-b44c-92a4b69e9aef
2,t,2003,2006,2a8834b2-b92e-4545-989e-7b5bdf56fbff,03ba108a-6889-43d5-b44c-92a4b69e9aef
3,f,2005,2008,79b985f2-0db2-4fd8-8085-99c9c671da34,03ba108a-6889-43d5-b44c-92a4b69e9aef
3,t,2008,2012,065243a5-8992-4e2d-9513-67f9b5a1ff4e,03ba108a-6889-43d5-b44c-92a4b69e9aef
4,f,2012,2015,0c454073-efea-48d2-8387-bb90c05f1e0f,03ba108a-6889-43d5-b44c-92a4b69e9aef
4,t,2015,2018,86659432-e3e5-4da2-bbe8-3787e250469d,03ba108a-6889-43d5-b44c-92a4b69e9aef
5,f,2018,2025,2afb3343-534c-4f28-80aa-1bcf68ac0521,03ba108a-6889-43d5-b44c-92a4b69e9aef
6,f,2025,,3bdaf56f-7b2d-4269-9595-6aedd47c0eb9,03ba108a-6889-43d5-b44c-92a4b69e9aef
1,f,2016,,efee7a7b-3e8e-4bf6-9d2f-bb711e45660c,e29559ac-e496-4d15-a916-0d0113c9095c
1,t,2020,,892667fc-4951-4e99-87b2-2c9f7f8b8943,e29559ac-e496-4d15-a916-0d0113c9095c
2,f,2017,,e5e3b16e-2dcb-4475-96cd-542c5f824dbc,fa925051-b7f1-4956-aa8b-4728144893ea
1,f,2003,2006,4c674934-0cae-427e-b217-6e8647b0baa7,3f916d72-5cc5-4251-bff7-3386219de27b
1,t,2006,2010,c6b4b562-2410-43ed-8533-894aad74aaeb,3f916d72-5cc5-4251-bff7-3386219de27b
2,f,2015,2018,6eeb7955-b746-48b6-a935-5db21eeaa6a3,3f916d72-5cc5-4251-bff7-3386219de27b
2,t,2018,2022,ccd63716-c607-4929-b9d7-3727b99a8c8f,3f916d72-5cc5-4251-bff7-3386219de27b
1,f,2002,2014,39502071-801e-4f55-8ccc-411621a8109d,381599ea-5e7b-42a7-801d-ca07da2b86b0
2,f,2014,2020,21607576-326d-472c-ae4b-989b554cf33b,381599ea-5e7b-42a7-801d-ca07da2b86b0
1,f,2016,2020,cfa9f6e8-00ef-4c00-a154-fa733502efbd,f8795b10-2df2-47a7-96bb-06199a51cc8f
2,f,2006,2009,22026502-dabc-4111-b00d-52bcb6ee9fac,c9920736-a38d-4fad-b9ad-6a92a5b06133
2,t,2009,2013,727e5edf-7311-4b82-a555-62aaf62dcfec,c9920736-a38d-4fad-b9ad-6a92a5b06133
1,f,2008,2012,a3976912-9a11-40db-9519-a6d09b9976cf,84bfc15d-4754-4345-abee-a9301cb77108
1,t,2013,2016,e6a680a6-5e52-4ea8-91e5-cc69bd9fc8e7,84bfc15d-4754-4345-abee-a9301cb77108
1,f,1999,2002,66317d69-5fee-41ae-be41-a534f299a1e7,93aa9f67-09a3-44d8-ae8f-d94ab13d2c51
1,t,2002,2005,de8d2789-fcaa-4475-b670-48f907aa3a35,93aa9f67-09a3-44d8-ae8f-d94ab13d2c51
2,f,2005,2007,5859d4af-725a-49be-9b05-55e1c6b61551,93aa9f67-09a3-44d8-ae8f-d94ab13d2c51
2,t,2007,2010,86501093-9dd5-466f-921f-8d7d030e020c,93aa9f67-09a3-44d8-ae8f-d94ab13d2c51
3,f,2010,2014,786e54f1-5ece-424e-81e5-03dbe3bd6cc4,93aa9f67-09a3-44d8-ae8f-d94ab13d2c51
3,t,2014,2017,1fc8eb63-46df-4c46-a7e2-dee3facf6b72,93aa9f67-09a3-44d8-ae8f-d94ab13d2c51
1,f,1999,2005,9784c6c3-7788-4f03-9340-19488c4c9d46,fe9aa9da-77f5-4fa0-8050-d3e9da5cedad
2,f,2005,2009,eeb8b310-b086-4921-83e7-87ff7d5cdcd8,fe9aa9da-77f5-4fa0-8050-d3e9da5cedad
2,t,2009,2011,462895a0-98c1-4647-a596-ed90ad2b8be4,fe9aa9da-77f5-4fa0-8050-d3e9da5cedad
3,f,2011,2014,f1712591-1c47-48be-bb7d-ca6bd0a08b43,fe9aa9da-77f5-4fa0-8050-d3e9da5cedad
3,t,2014,2017,93abcb14-1ff6-4b0d-8933-badc34719ec1,fe9aa9da-77f5-4fa0-8050-d3e9da5cedad
4,f,2020,,f5d7b9f2-068d-4247-99b8-ab4a1f9e243f,fe9aa9da-77f5-4fa0-8050-d3e9da5cedad
4,t,2021,,10c6f122-d085-437b-b7ad-1efc9b8cccfd,fe9aa9da-77f5-4fa0-8050-d3e9da5cedad
1,f,2020,,3c775b19-821d-492a-b1ad-222447085451,9f5ddc02-5a97-4d24-8a45-f46c3ceb0bef
1,f,1999,2003,95eebb2c-8f81-4f2f-b75d-debe205c2fea,58a573f9-da02-4d67-bb8d-88e3c7c8cc7b
1,t,2003,2005,58ead47b-51ab-4846-9936-29634673843a,58a573f9-da02-4d67-bb8d-88e3c7c8cc7b
1,f,2003,2005,34cc7e25-425e-4144-b835-e9a59bac0068,34aa372a-e378-4b44-82b1-3ca3800be5ba
1,t,2005,2009,10ea8a9b-eaaf-46a0-be57-e006ddca8781,34aa372a-e378-4b44-82b1-3ca3800be5ba
2,f,2009,2012,7d427931-241c-47a1-98b3-ea6381394a6f,34aa372a-e378-4b44-82b1-3ca3800be5ba
2,t,2012,2017,415de5f5-7328-4972-9570-cef490e4dc96,34aa372a-e378-4b44-82b1-3ca3800be5ba
1,f,2021,2024,e96f6e98-845d-412d-a174-f324c71ffb5c,e96524f5-3f18-4f94-ae4e-a273f0d92db4
1,t,2024,2025,b24c12ff-4d47-4b0a-8a78-5c98acacdff6,e96524f5-3f18-4f94-ae4e-a273f0d92db4
1,f,2022,2024,7b551972-533b-4aea-8258-35b7da8527bf,68e33532-65a2-4f0f-a0b2-43521b60d286
1,t,2024,2025,13f2ea29-af8b-4009-9f43-305a25095bbf,68e33532-65a2-4f0f-a0b2-43521b60d286
1,f,2023,,5b7e6d5b-e61e-4591-b43b-1dd8248f515d,c82ba54d-6511-478f-8dee-bcddb98ad34a
1,f,2005,2014,42a98f1c-d0e8-4a5e-bdfe-06ed915d62a8,3b85f493-d5f1-4f4b-85ba-7ef098424a0a
1,t,2014,2016,9066fded-4abb-4bcb-a22f-93d816c6b0d6,3b85f493-d5f1-4f4b-85ba-7ef098424a0a
